FROM_COMP,FROM_CONN,TO_COMP,TO_CONN
front_left_top_prop_vert,MOTOR_CONNECTOR_CS_IN,front_left_top_motor_vert,Prop_Connector
Orient,ORIENTCONN,fuselage,ORIENT
rear_right_wing_battery,PowerBus,vert_system_battery_controller_800V,BatteryPower
rear_right_wing_battery,Battery_Connector_2_out,rear_right_wing,Battery_Connector_2
rear_left_bot_prop_vert_1,MOTOR_CONNECTOR_CS_IN,rear_left_bot_motor_vert_1,Prop_Connector
ctr_top_prop_vert,MOTOR_CONNECTOR_CS_IN,ctr_top_motor_vert,Prop_Connector
rear_ctr_naca_mount,End_Connector_2,rear_right_wing,Connector_2
rear_ctr_naca_mount,End_Connector_1,rear_left_wing,Connector_1
rear_ctr_naca_mount,Bottom_Connector,center_rear_struct_cyl,TOP_CONNECTOR
vert_system_battery_controller_800V,BatteryPower,rear_right_wing_battery,PowerBus
vert_system_battery_controller_800V,BatteryPower,rear_left_wing_battery,PowerBus
vert_system_battery_controller_800V,MotorPower,rear_right_top_motor_vert_1,MotorPower
vert_system_battery_controller_800V,MotorPower,ctr_top_motor_vert,MotorPower
vert_system_battery_controller_800V,MotorPower,front_right_motor_fwd,MotorPower
vert_system_battery_controller_800V,MotorPower,rear_left_top_motor_vert_2,MotorPower
vert_system_battery_controller_800V,MotorPower,rear_right_bot_motor_vert_1,MotorPower
vert_system_battery_controller_800V,MotorPower,rear_left_bot_motor_vert_1,MotorPower
vert_system_battery_controller_800V,MotorPower,rear_left_top_motor_vert_1,MotorPower
vert_system_battery_controller_800V,MotorPower,front_right_bot_motor_vert,MotorPower
vert_system_battery_controller_800V,MotorPower,front_left_motor_fwd,MotorPower
vert_system_battery_controller_800V,MotorPower,rear_left_bot_motor_vert_2,MotorPower
vert_system_battery_controller_800V,MotorPower,front_left_top_motor_vert,MotorPower
vert_system_battery_controller_800V,MotorPower,front_left_bot_motor_vert,MotorPower
vert_system_battery_controller_800V,MotorPower,rear_right_bot_motor_vert_2,MotorPower
vert_system_battery_controller_800V,MotorPower,front_right_top_motor_vert,MotorPower
vert_system_battery_controller_800V,MotorPower,rear_right_top_motor_vert_2,MotorPower
vert_system_battery_controller_800V,MotorPower,ctr_bot_motor_vert,MotorPower
vert_system_battery_controller_800V,MotorPower,front_ctr_top_motor_vert,MotorPower
ctr_top_motor_vert,MotorPower,vert_system_battery_controller_800V,MotorPower
ctr_top_motor_vert,Prop_Connector,ctr_top_prop_vert,MOTOR_CONNECTOR_CS_IN
ctr_top_motor_vert,Base_Connector,center_fwd_struct_cyl,TOP_CONNECTOR
Passenger1,Connector,fuselage,SEAT_1_CONNECTOR
rear_left_bot_motor_vert_2,MotorPower,vert_system_battery_controller_800V,MotorPower
rear_left_bot_motor_vert_2,Base_Connector,rear_left_cyl_mount,BOTTOM_CONNECTOR
rear_left_bot_motor_vert_2,Prop_Connector,rear_left_bot_prop_vert_2,MOTOR_CONNECTOR_CS_IN
front_right_bot_prop_vert,MOTOR_CONNECTOR_CS_IN,front_right_bot_motor_vert,Prop_Connector
ctr_bot_motor_vert,Prop_Connector,ctr_bot_prop_vert,MOTOR_CONNECTOR_CS_IN
ctr_bot_motor_vert,MotorPower,vert_system_battery_controller_800V,MotorPower
ctr_bot_motor_vert,Base_Connector,center_fwd_struct_cyl,BOTTOM_CONNECTOR
front_right_motor_fwd,Base_Connector,front_right_flip_adapter,FRONT_CONNECTOR
front_right_motor_fwd,MotorPower,vert_system_battery_controller_800V,MotorPower
front_right_motor_fwd,Prop_Connector,front_right_prop_fwd,MOTOR_CONNECTOR_CS_IN
front_ctr_top_motor_vert,Prop_Connector,front_ctr_top_prop_vert,MOTOR_CONNECTOR_CS_IN
front_ctr_top_motor_vert,Base_Connector,fuselage,TOP_CONNECTOR
front_ctr_top_motor_vert,MotorPower,vert_system_battery_controller_800V,MotorPower
front_left_cyl_mount,BOTTOM_CONNECTOR,front_left_bot_motor_vert,Base_Connector
front_left_cyl_mount,FRONT_CONNECTOR,front_left_flip_adapter,REAR_CONNECTOR
front_left_cyl_mount,TOP_CONNECTOR,front_left_top_motor_vert,Base_Connector
front_left_cyl_mount,RIGHT_CONNECTOR,front_left_wing,Connector_2
rear_left_motor_cyl_mount,BOTTOM_CONNECTOR,rear_left_bot_motor_vert_1,Base_Connector
rear_left_motor_cyl_mount,FRONT_CONNECTOR,rear_left_flip_adapter,FRONT_CONNECTOR
rear_left_motor_cyl_mount,TOP_CONNECTOR,rear_left_top_motor_vert_1,Base_Connector
rear_left_bot_prop_vert_2,MOTOR_CONNECTOR_CS_IN,rear_left_bot_motor_vert_2,Prop_Connector
rear_right_bot_motor_vert_2,Base_Connector,rear_right_cyl_mount,BOTTOM_CONNECTOR
rear_right_bot_motor_vert_2,MotorPower,vert_system_battery_controller_800V,MotorPower
rear_right_bot_motor_vert_2,Prop_Connector,rear_right_bot_prop_vert_2,MOTOR_CONNECTOR_CS_IN
rear_left_wing_battery,Battery_Connector_1_out,rear_left_wing,Battery_Connector_1
rear_left_wing_battery,PowerBus,vert_system_battery_controller_800V,BatteryPower
front_right_prop_fwd,MOTOR_CONNECTOR_CS_IN,front_right_motor_fwd,Prop_Connector
front_right_top_motor_vert,Prop_Connector,front_right_top__prop_vert,MOTOR_CONNECTOR_CS_IN
front_right_top_motor_vert,Base_Connector,front_right_cyl_mount,TOP_CONNECTOR
front_right_top_motor_vert,MotorPower,vert_system_battery_controller_800V,MotorPower
fuselage,TOP_CONNECTOR,front_ctr_top_motor_vert,Base_Connector
fuselage,SEAT_2_CONNECTOR,Passenger2,Connector
fuselage,ORIENT,Orient,ORIENTCONN
fuselage,SEAT_1_CONNECTOR,Passenger1,Connector
fuselage,REAR_CONNECTOR,center_fwd_struct_cyl,FRONT_CONNECTOR
fuselage,BOTTOM_CONNECTOR,front_ctr_naca_mount,Bottom_Connector
rear_left_top_motor_vert_1,MotorPower,vert_system_battery_controller_800V,MotorPower
rear_left_top_motor_vert_1,Base_Connector,rear_left_motor_cyl_mount,TOP_CONNECTOR
rear_left_top_motor_vert_1,Prop_Connector,rear_left_top_prop_vert_1,MOTOR_CONNECTOR_CS_IN
rear_left_cyl_mount,RIGHT_CONNECTOR,rear_left_wing,Connector_2
rear_left_cyl_mount,BOTTOM_CONNECTOR,rear_left_bot_motor_vert_2,Base_Connector
rear_left_cyl_mount,FRONT_CONNECTOR,rear_left_flip_adapter,REAR_CONNECTOR
rear_left_cyl_mount,TOP_CONNECTOR,rear_left_top_motor_vert_2,Base_Connector
front_left_motor_fwd,Base_Connector,front_left_flip_adapter,FRONT_CONNECTOR
front_left_motor_fwd,MotorPower,vert_system_battery_controller_800V,MotorPower
front_left_motor_fwd,Prop_Connector,front_left_prop_fwd,MOTOR_CONNECTOR_CS_IN
rear_left_top_prop_vert_2,MOTOR_CONNECTOR_CS_IN,rear_left_top_motor_vert_2,Prop_Connector
rear_right_bot_prop_vert_1,MOTOR_CONNECTOR_CS_IN,rear_right_bot_motor_vert_1,Prop_Connector
rear_right_flip_adapter,FRONT_CONNECTOR,rear_right_motor_cyl_mount,FRONT_CONNECTOR
rear_right_flip_adapter,REAR_CONNECTOR,rear_right_cyl_mount,FRONT_CONNECTOR
front_right_wing,Connector_1,front_right_cyl_mount,LEFT_CONNECTOR
front_right_wing,Connector_2,front_ctr_naca_mount,End_Connector_1
rear_left_bot_motor_vert_1,Prop_Connector,rear_left_bot_prop_vert_1,MOTOR_CONNECTOR_CS_IN
rear_left_bot_motor_vert_1,Base_Connector,rear_left_motor_cyl_mount,BOTTOM_CONNECTOR
rear_left_bot_motor_vert_1,MotorPower,vert_system_battery_controller_800V,MotorPower
rear_right_top_prop_vert_2,MOTOR_CONNECTOR_CS_IN,rear_right_top_motor_vert_2,Prop_Connector
ctr_bot_prop_vert,MOTOR_CONNECTOR_CS_IN,ctr_bot_motor_vert,Prop_Connector
rear_left_flip_adapter,FRONT_CONNECTOR,rear_left_motor_cyl_mount,FRONT_CONNECTOR
rear_left_flip_adapter,REAR_CONNECTOR,rear_left_cyl_mount,FRONT_CONNECTOR
rear_right_top_motor_vert_2,MotorPower,vert_system_battery_controller_800V,MotorPower
rear_right_top_motor_vert_2,Prop_Connector,rear_right_top_prop_vert_2,MOTOR_CONNECTOR_CS_IN
rear_right_top_motor_vert_2,Base_Connector,rear_right_cyl_mount,TOP_CONNECTOR
front_ctr_naca_mount,Bottom_Connector,fuselage,BOTTOM_CONNECTOR
front_ctr_naca_mount,End_Connector_2,front_left_wing,Connector_1
front_ctr_naca_mount,End_Connector_1,front_right_wing,Connector_2
rear_left_top_prop_vert_1,MOTOR_CONNECTOR_CS_IN,rear_left_top_motor_vert_1,Prop_Connector
Passenger2,Connector,fuselage,SEAT_2_CONNECTOR
front_left_flip_adapter,REAR_CONNECTOR,front_left_cyl_mount,FRONT_CONNECTOR
front_left_flip_adapter,FRONT_CONNECTOR,front_left_motor_fwd,Base_Connector
front_left_top_motor_vert,Base_Connector,front_left_cyl_mount,TOP_CONNECTOR
front_left_top_motor_vert,MotorPower,vert_system_battery_controller_800V,MotorPower
front_left_top_motor_vert,Prop_Connector,front_left_top_prop_vert,MOTOR_CONNECTOR_CS_IN
rear_left_top_motor_vert_2,Prop_Connector,rear_left_top_prop_vert_2,MOTOR_CONNECTOR_CS_IN
rear_left_top_motor_vert_2,MotorPower,vert_system_battery_controller_800V,MotorPower
rear_left_top_motor_vert_2,Base_Connector,rear_left_cyl_mount,TOP_CONNECTOR
front_ctr_top_prop_vert,MOTOR_CONNECTOR_CS_IN,front_ctr_top_motor_vert,Prop_Connector
front_left_bot_motor_vert,Prop_Connector,front_left_bot_prop_vert,MOTOR_CONNECTOR_CS_IN
front_left_bot_motor_vert,MotorPower,vert_system_battery_controller_800V,MotorPower
front_left_bot_motor_vert,Base_Connector,front_left_cyl_mount,BOTTOM_CONNECTOR
front_right_top__prop_vert,MOTOR_CONNECTOR_CS_IN,front_right_top_motor_vert,Prop_Connector
rear_right_motor_cyl_mount,BOTTOM_CONNECTOR,rear_right_bot_motor_vert_1,Base_Connector
rear_right_motor_cyl_mount,FRONT_CONNECTOR,rear_right_flip_adapter,FRONT_CONNECTOR
rear_right_motor_cyl_mount,TOP_CONNECTOR,rear_right_top_motor_vert_1,Base_Connector
front_left_bot_prop_vert,MOTOR_CONNECTOR_CS_IN,front_left_bot_motor_vert,Prop_Connector
front_left_prop_fwd,MOTOR_CONNECTOR_CS_IN,front_left_motor_fwd,Prop_Connector
rear_left_wing,Connector_1,rear_ctr_naca_mount,End_Connector_1
rear_left_wing,Battery_Connector_1,rear_left_wing_battery,Battery_Connector_1_out
rear_left_wing,Connector_2,rear_left_cyl_mount,RIGHT_CONNECTOR
front_right_bot_motor_vert,MotorPower,vert_system_battery_controller_800V,MotorPower
front_right_bot_motor_vert,Base_Connector,front_right_cyl_mount,BOTTOM_CONNECTOR
front_right_bot_motor_vert,Prop_Connector,front_right_bot_prop_vert,MOTOR_CONNECTOR_CS_IN
front_right_cyl_mount,LEFT_CONNECTOR,front_right_wing,Connector_1
front_right_cyl_mount,BOTTOM_CONNECTOR,front_right_bot_motor_vert,Base_Connector
front_right_cyl_mount,TOP_CONNECTOR,front_right_top_motor_vert,Base_Connector
front_right_cyl_mount,FRONT_CONNECTOR,front_right_flip_adapter,REAR_CONNECTOR
rear_right_wing,Battery_Connector_2,rear_right_wing_battery,Battery_Connector_2_out
rear_right_wing,Connector_1,rear_right_cyl_mount,LEFT_CONNECTOR
rear_right_wing,Connector_2,rear_ctr_naca_mount,End_Connector_2
front_right_flip_adapter,FRONT_CONNECTOR,front_right_motor_fwd,Base_Connector
front_right_flip_adapter,REAR_CONNECTOR,front_right_cyl_mount,FRONT_CONNECTOR
rear_right_top_prop_vert_1,MOTOR_CONNECTOR_CS_IN,rear_right_top_motor_vert_1,Prop_Connector
center_rear_struct_cyl,BOTTOM_CONNECTOR,rudder,Connector_1
center_rear_struct_cyl,FRONT_CONNECTOR,center_fwd_struct_cyl,REAR_CONNECTOR
center_rear_struct_cyl,TOP_CONNECTOR,rear_ctr_naca_mount,Bottom_Connector
rear_right_cyl_mount,FRONT_CONNECTOR,rear_right_flip_adapter,REAR_CONNECTOR
rear_right_cyl_mount,LEFT_CONNECTOR,rear_right_wing,Connector_1
rear_right_cyl_mount,TOP_CONNECTOR,rear_right_top_motor_vert_2,Base_Connector
rear_right_cyl_mount,BOTTOM_CONNECTOR,rear_right_bot_motor_vert_2,Base_Connector
rear_right_bot_prop_vert_2,MOTOR_CONNECTOR_CS_IN,rear_right_bot_motor_vert_2,Prop_Connector
rear_right_bot_motor_vert_1,Base_Connector,rear_right_motor_cyl_mount,BOTTOM_CONNECTOR
rear_right_bot_motor_vert_1,MotorPower,vert_system_battery_controller_800V,MotorPower
rear_right_bot_motor_vert_1,Prop_Connector,rear_right_bot_prop_vert_1,MOTOR_CONNECTOR_CS_IN
rudder,Connector_1,center_rear_struct_cyl,BOTTOM_CONNECTOR
front_left_wing,Connector_2,front_left_cyl_mount,RIGHT_CONNECTOR
front_left_wing,Connector_1,front_ctr_naca_mount,End_Connector_2
center_fwd_struct_cyl,REAR_CONNECTOR,center_rear_struct_cyl,FRONT_CONNECTOR
center_fwd_struct_cyl,BOTTOM_CONNECTOR,ctr_bot_motor_vert,Base_Connector
center_fwd_struct_cyl,FRONT_CONNECTOR,fuselage,REAR_CONNECTOR
center_fwd_struct_cyl,TOP_CONNECTOR,ctr_top_motor_vert,Base_Connector
rear_right_top_motor_vert_1,MotorPower,vert_system_battery_controller_800V,MotorPower
rear_right_top_motor_vert_1,Prop_Connector,rear_right_top_prop_vert_1,MOTOR_CONNECTOR_CS_IN
rear_right_top_motor_vert_1,Base_Connector,rear_right_motor_cyl_mount,TOP_CONNECTOR
