[
  {
    "DESIGN_PARAM": "Param_19",
    "DESIGN_PARAM_VAL": "-350",
    "COMPONENT_NAME": "front_right_cyl_mount",
    "COMPONENT_PARAM": "TOP_CONN_DISP"
  },
  {
    "DESIGN_PARAM": "Param_19",
    "DESIGN_PARAM_VAL": "-350",
    "COMPONENT_NAME": "front_left_cyl_mount",
    "COMPONENT_PARAM": "TOP_CONN_DISP"
  },
  {
    "DESIGN_PARAM": "Param_19",
    "DESIGN_PARAM_VAL": "-350",
    "COMPONENT_NAME": "front_right_cyl_mount",
    "COMPONENT_PARAM": "BOTTOM_CONN_DISP"
  },
  {
    "DESIGN_PARAM": "Param_19",
    "DESIGN_PARAM_VAL": "-350",
    "COMPONENT_NAME": "front_left_cyl_mount",
    "COMPONENT_PARAM": "BOTTOM_CONN_DISP"
  },
  {
    "DESIGN_PARAM": "Param_12",
    "DESIGN_PARAM_VAL": "12",
    "COMPONENT_NAME": "rear_left_wing_battery",
    "COMPONENT_PARAM": "THICKNESS"
  },
  {
    "DESIGN_PARAM": "Param_12",
    "DESIGN_PARAM_VAL": "12",
    "COMPONENT_NAME": "rear_ctr_naca_mount",
    "COMPONENT_PARAM": "THICKNESS"
  },
  {
    "DESIGN_PARAM": "Param_12",
    "DESIGN_PARAM_VAL": "12",
    "COMPONENT_NAME": "rear_right_wing_battery",
    "COMPONENT_PARAM": "THICKNESS"
  },
  {
    "DESIGN_PARAM": "Param_12",
    "DESIGN_PARAM_VAL": "12",
    "COMPONENT_NAME": "rear_right_wing",
    "COMPONENT_PARAM": "THICKNESS"
  },
  {
    "DESIGN_PARAM": "Param_12",
    "DESIGN_PARAM_VAL": "12",
    "COMPONENT_NAME": "rear_left_wing",
    "COMPONENT_PARAM": "THICKNESS"
  },
  {
    "DESIGN_PARAM": "Param_24",
    "DESIGN_PARAM_VAL": "-220",
    "COMPONENT_NAME": "rear_left_cyl_mount",
    "COMPONENT_PARAM": "BOTTOM_CONN_DISP"
  },
  {
    "DESIGN_PARAM": "Param_24",
    "DESIGN_PARAM_VAL": "-220",
    "COMPONENT_NAME": "rear_left_cyl_mount",
    "COMPONENT_PARAM": "TOP_CONN_DISP"
  },
  {
    "DESIGN_PARAM": "Param_24",
    "DESIGN_PARAM_VAL": "-220",
    "COMPONENT_NAME": "rear_right_cyl_mount",
    "COMPONENT_PARAM": "TOP_CONN_DISP"
  },
  {
    "DESIGN_PARAM": "Param_24",
    "DESIGN_PARAM_VAL": "-220",
    "COMPONENT_NAME": "rear_right_cyl_mount",
    "COMPONENT_PARAM": "BOTTOM_CONN_DISP"
  },
  {
    "DESIGN_PARAM": "DownCWFacing_Spin",
    "DESIGN_PARAM_VAL": "1",
    "COMPONENT_NAME": "rear_left_bot_prop_vert_2",
    "COMPONENT_PARAM": "Direction"
  },
  {
    "DESIGN_PARAM": "DownCWFacing_Spin",
    "DESIGN_PARAM_VAL": "1",
    "COMPONENT_NAME": "front_left_bot_prop_vert",
    "COMPONENT_PARAM": "Direction"
  },
  {
    "DESIGN_PARAM": "DownCWFacing_Spin",
    "DESIGN_PARAM_VAL": "1",
    "COMPONENT_NAME": "rear_left_bot_prop_vert_1",
    "COMPONENT_PARAM": "Direction"
  },
  {
    "DESIGN_PARAM": "Param_25",
    "DESIGN_PARAM_VAL": "500",
    "COMPONENT_NAME": "rear_left_cyl_mount",
    "COMPONENT_PARAM": "RIGHT_CONN_DISP"
  },
  {
    "DESIGN_PARAM": "Param_25",
    "DESIGN_PARAM_VAL": "500",
    "COMPONENT_NAME": "rear_right_cyl_mount",
    "COMPONENT_PARAM": "LEFT_CONN_DISP"
  },
  {
    "DESIGN_PARAM": "UpFacingCCW_PropType",
    "DESIGN_PARAM_VAL": "-1",
    "COMPONENT_NAME": "front_ctr_top_prop_vert",
    "COMPONENT_PARAM": "Prop_type"
  },
  {
    "DESIGN_PARAM": "UpFacingCCW_PropType",
    "DESIGN_PARAM_VAL": "-1",
    "COMPONENT_NAME": "front_left_top_prop_vert",
    "COMPONENT_PARAM": "Prop_type"
  },
  {
    "DESIGN_PARAM": "UpFacingCCW_PropType",
    "DESIGN_PARAM_VAL": "-1",
    "COMPONENT_NAME": "rear_left_top_prop_vert_1",
    "COMPONENT_PARAM": "Prop_type"
  },
  {
    "DESIGN_PARAM": "UpFacingCCW_PropType",
    "DESIGN_PARAM_VAL": "-1",
    "COMPONENT_NAME": "rear_left_top_prop_vert_2",
    "COMPONENT_PARAM": "Prop_type"
  },
  {
    "DESIGN_PARAM": "Param_5",
    "DESIGN_PARAM_VAL": "2000",
    "COMPONENT_NAME": "fuselage",
    "COMPONENT_PARAM": "LENGTH"
  },
  {
    "DESIGN_PARAM": "Param_4",
    "DESIGN_PARAM_VAL": "100",
    "COMPONENT_NAME": "center_fwd_struct_cyl",
    "COMPONENT_PARAM": "PORT_THICKNESS"
  },
  {
    "DESIGN_PARAM": "Param_4",
    "DESIGN_PARAM_VAL": "100",
    "COMPONENT_NAME": "front_ctr_naca_mount",
    "COMPONENT_PARAM": "PORT_THICKNESS"
  },
  {
    "DESIGN_PARAM": "Param_4",
    "DESIGN_PARAM_VAL": "100",
    "COMPONENT_NAME": "rear_ctr_naca_mount",
    "COMPONENT_PARAM": "PORT_THICKNESS"
  },
  {
    "DESIGN_PARAM": "Param_4",
    "DESIGN_PARAM_VAL": "100",
    "COMPONENT_NAME": "fuselage",
    "COMPONENT_PARAM": "PORT_THICKNESS"
  },
  {
    "DESIGN_PARAM": "Param_1",
    "DESIGN_PARAM_VAL": "1000",
    "COMPONENT_NAME": "rudder",
    "COMPONENT_PARAM": "CHORD_1"
  },
  {
    "DESIGN_PARAM": "Param_1",
    "DESIGN_PARAM_VAL": "1000",
    "COMPONENT_NAME": "rudder",
    "COMPONENT_PARAM": "CHORD_2"
  },
  {
    "DESIGN_PARAM": "Param_1",
    "DESIGN_PARAM_VAL": "1000",
    "COMPONENT_NAME": "front_right_wing",
    "COMPONENT_PARAM": "CHORD_2"
  },
  {
    "DESIGN_PARAM": "Param_1",
    "DESIGN_PARAM_VAL": "1000",
    "COMPONENT_NAME": "front_left_wing",
    "COMPONENT_PARAM": "CHORD_2"
  },
  {
    "DESIGN_PARAM": "Param_1",
    "DESIGN_PARAM_VAL": "1000",
    "COMPONENT_NAME": "front_ctr_naca_mount",
    "COMPONENT_PARAM": "CHORD"
  },
  {
    "DESIGN_PARAM": "Param_1",
    "DESIGN_PARAM_VAL": "1000",
    "COMPONENT_NAME": "front_left_wing",
    "COMPONENT_PARAM": "CHORD_1"
  },
  {
    "DESIGN_PARAM": "Param_1",
    "DESIGN_PARAM_VAL": "1000",
    "COMPONENT_NAME": "front_right_wing",
    "COMPONENT_PARAM": "CHORD_1"
  },
  {
    "DESIGN_PARAM": "DownFacingCCW_PropType",
    "DESIGN_PARAM_VAL": "1",
    "COMPONENT_NAME": "rear_right_bot_prop_vert_1",
    "COMPONENT_PARAM": "Prop_type"
  },
  {
    "DESIGN_PARAM": "DownFacingCCW_PropType",
    "DESIGN_PARAM_VAL": "1",
    "COMPONENT_NAME": "front_right_bot_prop_vert",
    "COMPONENT_PARAM": "Prop_type"
  },
  {
    "DESIGN_PARAM": "DownFacingCCW_PropType",
    "DESIGN_PARAM_VAL": "1",
    "COMPONENT_NAME": "rear_right_bot_prop_vert_2",
    "COMPONENT_PARAM": "Prop_type"
  },
  {
    "DESIGN_PARAM": "DownFacingCCW_PropType",
    "DESIGN_PARAM_VAL": "1",
    "COMPONENT_NAME": "ctr_bot_prop_vert",
    "COMPONENT_PARAM": "Prop_type"
  },
  {
    "DESIGN_PARAM": "UpFacingCW_Spin",
    "DESIGN_PARAM_VAL": "1",
    "COMPONENT_NAME": "rear_right_top_prop_vert_2",
    "COMPONENT_PARAM": "Direction"
  },
  {
    "DESIGN_PARAM": "UpFacingCW_Spin",
    "DESIGN_PARAM_VAL": "1",
    "COMPONENT_NAME": "ctr_top_prop_vert",
    "COMPONENT_PARAM": "Direction"
  },
  {
    "DESIGN_PARAM": "UpFacingCW_Spin",
    "DESIGN_PARAM_VAL": "1",
    "COMPONENT_NAME": "front_right_top__prop_vert",
    "COMPONENT_PARAM": "Direction"
  },
  {
    "DESIGN_PARAM": "UpFacingCW_Spin",
    "DESIGN_PARAM_VAL": "1",
    "COMPONENT_NAME": "rear_right_top_prop_vert_1",
    "COMPONENT_PARAM": "Direction"
  },
  {
    "DESIGN_PARAM": "Param_13",
    "DESIGN_PARAM_VAL": "7000",
    "COMPONENT_NAME": "rear_left_wing",
    "COMPONENT_PARAM": "LOAD"
  },
  {
    "DESIGN_PARAM": "Param_13",
    "DESIGN_PARAM_VAL": "7000",
    "COMPONENT_NAME": "rear_right_wing",
    "COMPONENT_PARAM": "LOAD"
  },
  {
    "DESIGN_PARAM": "Param_21",
    "DESIGN_PARAM_VAL": "-210",
    "COMPONENT_NAME": "fuselage",
    "COMPONENT_PARAM": "SEAT_2_LR"
  },
  {
    "DESIGN_PARAM": "Param_20",
    "DESIGN_PARAM_VAL": "210",
    "COMPONENT_NAME": "fuselage",
    "COMPONENT_PARAM": "SEAT_1_LR"
  },
  {
    "DESIGN_PARAM": "FwdFacingCW_Spin",
    "DESIGN_PARAM_VAL": "1",
    "COMPONENT_NAME": "front_right_prop_fwd",
    "COMPONENT_PARAM": "Direction"
  },
  {
    "DESIGN_PARAM": "Param_17",
    "DESIGN_PARAM_VAL": "2200",
    "COMPONENT_NAME": "rear_right_cyl_mount",
    "COMPONENT_PARAM": "LENGTH"
  },
  {
    "DESIGN_PARAM": "Param_17",
    "DESIGN_PARAM_VAL": "2200",
    "COMPONENT_NAME": "rear_left_cyl_mount",
    "COMPONENT_PARAM": "LENGTH"
  },
  {
    "DESIGN_PARAM": "Param_26",
    "DESIGN_PARAM_VAL": "790",
    "COMPONENT_NAME": "fuselage",
    "COMPONENT_PARAM": "SEAT_1_FB"
  },
  {
    "DESIGN_PARAM": "Param_26",
    "DESIGN_PARAM_VAL": "790",
    "COMPONENT_NAME": "fuselage",
    "COMPONENT_PARAM": "SEAT_2_FB"
  },
  {
    "DESIGN_PARAM": "UpFacingCW_PropType",
    "DESIGN_PARAM_VAL": "1",
    "COMPONENT_NAME": "rear_right_top_prop_vert_2",
    "COMPONENT_PARAM": "Prop_type"
  },
  {
    "DESIGN_PARAM": "UpFacingCW_PropType",
    "DESIGN_PARAM_VAL": "1",
    "COMPONENT_NAME": "rear_right_top_prop_vert_1",
    "COMPONENT_PARAM": "Prop_type"
  },
  {
    "DESIGN_PARAM": "UpFacingCW_PropType",
    "DESIGN_PARAM_VAL": "1",
    "COMPONENT_NAME": "ctr_top_prop_vert",
    "COMPONENT_PARAM": "Prop_type"
  },
  {
    "DESIGN_PARAM": "UpFacingCW_PropType",
    "DESIGN_PARAM_VAL": "1",
    "COMPONENT_NAME": "front_right_top__prop_vert",
    "COMPONENT_PARAM": "Prop_type"
  },
  {
    "DESIGN_PARAM": "Param_23",
    "DESIGN_PARAM_VAL": "-250",
    "COMPONENT_NAME": "rear_right_motor_cyl_mount",
    "COMPONENT_PARAM": "BOTTOM_CONN_DISP"
  },
  {
    "DESIGN_PARAM": "Param_23",
    "DESIGN_PARAM_VAL": "-250",
    "COMPONENT_NAME": "rear_left_motor_cyl_mount",
    "COMPONENT_PARAM": "TOP_CONN_DISP"
  },
  {
    "DESIGN_PARAM": "Param_23",
    "DESIGN_PARAM_VAL": "-250",
    "COMPONENT_NAME": "rear_left_motor_cyl_mount",
    "COMPONENT_PARAM": "BOTTOM_CONN_DISP"
  },
  {
    "DESIGN_PARAM": "Param_23",
    "DESIGN_PARAM_VAL": "-250",
    "COMPONENT_NAME": "rear_right_motor_cyl_mount",
    "COMPONENT_PARAM": "TOP_CONN_DISP"
  },
  {
    "DESIGN_PARAM": "Param_16",
    "DESIGN_PARAM_VAL": "150",
    "COMPONENT_NAME": "front_left_cyl_mount",
    "COMPONENT_PARAM": "PORT_THICKNESS"
  },
  {
    "DESIGN_PARAM": "Param_16",
    "DESIGN_PARAM_VAL": "150",
    "COMPONENT_NAME": "front_right_cyl_mount",
    "COMPONENT_PARAM": "PORT_THICKNESS"
  },
  {
    "DESIGN_PARAM": "Param_6",
    "DESIGN_PARAM_VAL": "1520",
    "COMPONENT_NAME": "fuselage",
    "COMPONENT_PARAM": "SPHERE_DIAMETER"
  },
  {
    "DESIGN_PARAM": "Param_22",
    "DESIGN_PARAM_VAL": "1000",
    "COMPONENT_NAME": "rear_right_motor_cyl_mount",
    "COMPONENT_PARAM": "LENGTH"
  },
  {
    "DESIGN_PARAM": "Param_22",
    "DESIGN_PARAM_VAL": "1000",
    "COMPONENT_NAME": "rear_left_motor_cyl_mount",
    "COMPONENT_PARAM": "LENGTH"
  },
  {
    "DESIGN_PARAM": "Param_9",
    "DESIGN_PARAM_VAL": "150",
    "COMPONENT_NAME": "fuselage",
    "COMPONENT_PARAM": "FLOOR_HEIGHT"
  },
  {
    "DESIGN_PARAM": "Param_14",
    "DESIGN_PARAM_VAL": "8500",
    "COMPONENT_NAME": "rear_left_wing",
    "COMPONENT_PARAM": "SPAN"
  },
  {
    "DESIGN_PARAM": "Param_14",
    "DESIGN_PARAM_VAL": "8500",
    "COMPONENT_NAME": "rear_left_wing_battery",
    "COMPONENT_PARAM": "SPAN"
  },
  {
    "DESIGN_PARAM": "Param_14",
    "DESIGN_PARAM_VAL": "8500",
    "COMPONENT_NAME": "rear_right_wing",
    "COMPONENT_PARAM": "SPAN"
  },
  {
    "DESIGN_PARAM": "Param_14",
    "DESIGN_PARAM_VAL": "8500",
    "COMPONENT_NAME": "rear_right_wing_battery",
    "COMPONENT_PARAM": "SPAN"
  },
  {
    "DESIGN_PARAM": "DownFacingCW_PropType",
    "DESIGN_PARAM_VAL": "-1",
    "COMPONENT_NAME": "rear_left_bot_prop_vert_2",
    "COMPONENT_PARAM": "Prop_type"
  },
  {
    "DESIGN_PARAM": "DownFacingCW_PropType",
    "DESIGN_PARAM_VAL": "-1",
    "COMPONENT_NAME": "front_left_bot_prop_vert",
    "COMPONENT_PARAM": "Prop_type"
  },
  {
    "DESIGN_PARAM": "DownFacingCW_PropType",
    "DESIGN_PARAM_VAL": "-1",
    "COMPONENT_NAME": "rear_left_bot_prop_vert_1",
    "COMPONENT_PARAM": "Prop_type"
  },
  {
    "DESIGN_PARAM": "Param_11",
    "DESIGN_PARAM_VAL": "3000",
    "COMPONENT_NAME": "rear_right_wing",
    "COMPONENT_PARAM": "CHORD_1"
  },
  {
    "DESIGN_PARAM": "Param_11",
    "DESIGN_PARAM_VAL": "3000",
    "COMPONENT_NAME": "rear_left_wing_battery",
    "COMPONENT_PARAM": "CHORD_1"
  },
  {
    "DESIGN_PARAM": "Param_11",
    "DESIGN_PARAM_VAL": "3000",
    "COMPONENT_NAME": "rear_left_wing_battery",
    "COMPONENT_PARAM": "CHORD_2"
  },
  {
    "DESIGN_PARAM": "Param_11",
    "DESIGN_PARAM_VAL": "3000",
    "COMPONENT_NAME": "rear_ctr_naca_mount",
    "COMPONENT_PARAM": "CHORD"
  },
  {
    "DESIGN_PARAM": "Param_11",
    "DESIGN_PARAM_VAL": "3000",
    "COMPONENT_NAME": "rear_left_wing",
    "COMPONENT_PARAM": "CHORD_1"
  },
  {
    "DESIGN_PARAM": "Param_11",
    "DESIGN_PARAM_VAL": "3000",
    "COMPONENT_NAME": "rear_right_wing_battery",
    "COMPONENT_PARAM": "CHORD_1"
  },
  {
    "DESIGN_PARAM": "Param_11",
    "DESIGN_PARAM_VAL": "3000",
    "COMPONENT_NAME": "rear_left_wing",
    "COMPONENT_PARAM": "CHORD_2"
  },
  {
    "DESIGN_PARAM": "Param_11",
    "DESIGN_PARAM_VAL": "3000",
    "COMPONENT_NAME": "rear_right_wing_battery",
    "COMPONENT_PARAM": "CHORD_2"
  },
  {
    "DESIGN_PARAM": "Param_11",
    "DESIGN_PARAM_VAL": "3000",
    "COMPONENT_NAME": "center_rear_struct_cyl",
    "COMPONENT_PARAM": "LENGTH"
  },
  {
    "DESIGN_PARAM": "Param_11",
    "DESIGN_PARAM_VAL": "3000",
    "COMPONENT_NAME": "rear_right_wing",
    "COMPONENT_PARAM": "CHORD_2"
  },
  {
    "DESIGN_PARAM": "Param_8",
    "DESIGN_PARAM_VAL": "275",
    "COMPONENT_NAME": "fuselage",
    "COMPONENT_PARAM": "MIDDLE_LENGTH"
  },
  {
    "DESIGN_PARAM": "Param_7",
    "DESIGN_PARAM_VAL": "300",
    "COMPONENT_NAME": "front_right_cyl_mount",
    "COMPONENT_PARAM": "DIAMETER"
  },
  {
    "DESIGN_PARAM": "Param_7",
    "DESIGN_PARAM_VAL": "300",
    "COMPONENT_NAME": "rear_right_flip_adapter",
    "COMPONENT_PARAM": "DIAMETER"
  },
  {
    "DESIGN_PARAM": "Param_7",
    "DESIGN_PARAM_VAL": "300",
    "COMPONENT_NAME": "center_fwd_struct_cyl",
    "COMPONENT_PARAM": "DIAMETER"
  },
  {
    "DESIGN_PARAM": "Param_7",
    "DESIGN_PARAM_VAL": "300",
    "COMPONENT_NAME": "front_left_flip_adapter",
    "COMPONENT_PARAM": "DIAMETER"
  },
  {
    "DESIGN_PARAM": "Param_7",
    "DESIGN_PARAM_VAL": "300",
    "COMPONENT_NAME": "front_left_cyl_mount",
    "COMPONENT_PARAM": "DIAMETER"
  },
  {
    "DESIGN_PARAM": "Param_7",
    "DESIGN_PARAM_VAL": "300",
    "COMPONENT_NAME": "rear_left_flip_adapter",
    "COMPONENT_PARAM": "DIAMETER"
  },
  {
    "DESIGN_PARAM": "Param_7",
    "DESIGN_PARAM_VAL": "300",
    "COMPONENT_NAME": "front_right_flip_adapter",
    "COMPONENT_PARAM": "DIAMETER"
  },
  {
    "DESIGN_PARAM": "Param_7",
    "DESIGN_PARAM_VAL": "300",
    "COMPONENT_NAME": "fuselage",
    "COMPONENT_PARAM": "TAIL_DIAMETER"
  },
  {
    "DESIGN_PARAM": "Param_7",
    "DESIGN_PARAM_VAL": "300",
    "COMPONENT_NAME": "rear_left_cyl_mount",
    "COMPONENT_PARAM": "DIAMETER"
  },
  {
    "DESIGN_PARAM": "Param_7",
    "DESIGN_PARAM_VAL": "300",
    "COMPONENT_NAME": "rear_left_motor_cyl_mount",
    "COMPONENT_PARAM": "DIAMETER"
  },
  {
    "DESIGN_PARAM": "Param_7",
    "DESIGN_PARAM_VAL": "300",
    "COMPONENT_NAME": "rear_right_cyl_mount",
    "COMPONENT_PARAM": "DIAMETER"
  },
  {
    "DESIGN_PARAM": "Param_7",
    "DESIGN_PARAM_VAL": "300",
    "COMPONENT_NAME": "rear_right_motor_cyl_mount",
    "COMPONENT_PARAM": "DIAMETER"
  },
  {
    "DESIGN_PARAM": "Param_7",
    "DESIGN_PARAM_VAL": "300",
    "COMPONENT_NAME": "center_rear_struct_cyl",
    "COMPONENT_PARAM": "DIAMETER"
  },
  {
    "DESIGN_PARAM": "Param_15",
    "DESIGN_PARAM_VAL": "1000",
    "COMPONENT_NAME": "front_left_cyl_mount",
    "COMPONENT_PARAM": "LENGTH"
  },
  {
    "DESIGN_PARAM": "Param_15",
    "DESIGN_PARAM_VAL": "1000",
    "COMPONENT_NAME": "front_right_cyl_mount",
    "COMPONENT_PARAM": "LENGTH"
  },
  {
    "DESIGN_PARAM": "NACA",
    "DESIGN_PARAM_VAL": "4512",
    "COMPONENT_NAME": "front_right_wing",
    "COMPONENT_PARAM": "NACA_Profile"
  },
  {
    "DESIGN_PARAM": "NACA",
    "DESIGN_PARAM_VAL": "4512",
    "COMPONENT_NAME": "rear_left_wing",
    "COMPONENT_PARAM": "NACA_Profile"
  },
  {
    "DESIGN_PARAM": "NACA",
    "DESIGN_PARAM_VAL": "4512",
    "COMPONENT_NAME": "rear_right_wing",
    "COMPONENT_PARAM": "NACA_Profile"
  },
  {
    "DESIGN_PARAM": "NACA",
    "DESIGN_PARAM_VAL": "4512",
    "COMPONENT_NAME": "front_left_wing",
    "COMPONENT_PARAM": "NACA_Profile"
  },
  {
    "DESIGN_PARAM": "Rear_Mount_Side",
    "DESIGN_PARAM_VAL": "2",
    "COMPONENT_NAME": "rear_right_wing_battery",
    "COMPONENT_PARAM": "MOUNT_SIDE"
  },
  {
    "DESIGN_PARAM": "Param_10",
    "DESIGN_PARAM_VAL": "2500",
    "COMPONENT_NAME": "center_fwd_struct_cyl",
    "COMPONENT_PARAM": "LENGTH"
  },
  {
    "DESIGN_PARAM": "DownFacingCCW_Spin",
    "DESIGN_PARAM_VAL": "-1",
    "COMPONENT_NAME": "rear_right_bot_prop_vert_2",
    "COMPONENT_PARAM": "Direction"
  },
  {
    "DESIGN_PARAM": "DownFacingCCW_Spin",
    "DESIGN_PARAM_VAL": "-1",
    "COMPONENT_NAME": "ctr_bot_prop_vert",
    "COMPONENT_PARAM": "Direction"
  },
  {
    "DESIGN_PARAM": "DownFacingCCW_Spin",
    "DESIGN_PARAM_VAL": "-1",
    "COMPONENT_NAME": "rear_right_bot_prop_vert_1",
    "COMPONENT_PARAM": "Direction"
  },
  {
    "DESIGN_PARAM": "DownFacingCCW_Spin",
    "DESIGN_PARAM_VAL": "-1",
    "COMPONENT_NAME": "front_right_bot_prop_vert",
    "COMPONENT_PARAM": "Direction"
  },
  {
    "DESIGN_PARAM": "Voltage1",
    "DESIGN_PARAM_VAL": "350",
    "COMPONENT_NAME": "rear_right_wing_battery",
    "COMPONENT_PARAM": "VOLTAGE_REQUEST"
  },
  {
    "DESIGN_PARAM": "Voltage1",
    "DESIGN_PARAM_VAL": "350",
    "COMPONENT_NAME": "rear_left_wing_battery",
    "COMPONENT_PARAM": "VOLTAGE_REQUEST"
  },
  {
    "DESIGN_PARAM": "Param_2",
    "DESIGN_PARAM_VAL": "12",
    "COMPONENT_NAME": "front_ctr_naca_mount",
    "COMPONENT_PARAM": "THICKNESS"
  },
  {
    "DESIGN_PARAM": "Param_2",
    "DESIGN_PARAM_VAL": "12",
    "COMPONENT_NAME": "front_right_wing",
    "COMPONENT_PARAM": "THICKNESS"
  },
  {
    "DESIGN_PARAM": "Param_2",
    "DESIGN_PARAM_VAL": "12",
    "COMPONENT_NAME": "front_left_wing",
    "COMPONENT_PARAM": "THICKNESS"
  },
  {
    "DESIGN_PARAM": "Param_2",
    "DESIGN_PARAM_VAL": "12",
    "COMPONENT_NAME": "rudder",
    "COMPONENT_PARAM": "THICKNESS"
  },
  {
    "DESIGN_PARAM": "Param_0",
    "DESIGN_PARAM_VAL": "3000",
    "COMPONENT_NAME": "front_right_wing",
    "COMPONENT_PARAM": "SPAN"
  },
  {
    "DESIGN_PARAM": "Param_0",
    "DESIGN_PARAM_VAL": "3000",
    "COMPONENT_NAME": "front_left_wing",
    "COMPONENT_PARAM": "SPAN"
  },
  {
    "DESIGN_PARAM": "Param_0",
    "DESIGN_PARAM_VAL": "3000",
    "COMPONENT_NAME": "rudder",
    "COMPONENT_PARAM": "SPAN"
  },
  {
    "DESIGN_PARAM": "NACA_2",
    "DESIGN_PARAM_VAL": "0012",
    "COMPONENT_NAME": "rudder",
    "COMPONENT_PARAM": "NACA_Profile"
  },
  {
    "DESIGN_PARAM": "FwdFacingCCW_Spin",
    "DESIGN_PARAM_VAL": "-1",
    "COMPONENT_NAME": "front_left_prop_fwd",
    "COMPONENT_PARAM": "Direction"
  },
  {
    "DESIGN_PARAM": "Param_27",
    "DESIGN_PARAM_VAL": "-1000",
    "COMPONENT_NAME": "center_rear_struct_cyl",
    "COMPONENT_PARAM": "BOTTOM_CONN_DISP"
  },
  {
    "DESIGN_PARAM": "Param_18",
    "DESIGN_PARAM_VAL": "6",
    "COMPONENT_NAME": "rear_right_wing_battery",
    "COMPONENT_PARAM": "VOLUME_PERCENT"
  },
  {
    "DESIGN_PARAM": "Param_18",
    "DESIGN_PARAM_VAL": "6",
    "COMPONENT_NAME": "rear_left_wing_battery",
    "COMPONENT_PARAM": "VOLUME_PERCENT"
  },
  {
    "DESIGN_PARAM": "FwdFacingCCW_PropType",
    "DESIGN_PARAM_VAL": "-1",
    "COMPONENT_NAME": "front_left_prop_fwd",
    "COMPONENT_PARAM": "Prop_type"
  },
  {
    "DESIGN_PARAM": "FwdFacingCW_PropType",
    "DESIGN_PARAM_VAL": "1",
    "COMPONENT_NAME": "front_right_prop_fwd",
    "COMPONENT_PARAM": "Prop_type"
  },
  {
    "DESIGN_PARAM": "UpFacingCCW_Spin",
    "DESIGN_PARAM_VAL": "-1",
    "COMPONENT_NAME": "rear_left_top_prop_vert_2",
    "COMPONENT_PARAM": "Direction"
  },
  {
    "DESIGN_PARAM": "UpFacingCCW_Spin",
    "DESIGN_PARAM_VAL": "-1",
    "COMPONENT_NAME": "rear_left_top_prop_vert_1",
    "COMPONENT_PARAM": "Direction"
  },
  {
    "DESIGN_PARAM": "UpFacingCCW_Spin",
    "DESIGN_PARAM_VAL": "-1",
    "COMPONENT_NAME": "front_ctr_top_prop_vert",
    "COMPONENT_PARAM": "Direction"
  },
  {
    "DESIGN_PARAM": "UpFacingCCW_Spin",
    "DESIGN_PARAM_VAL": "-1",
    "COMPONENT_NAME": "front_left_top_prop_vert",
    "COMPONENT_PARAM": "Direction"
  },
  {
    "DESIGN_PARAM": "Param_3",
    "DESIGN_PARAM_VAL": "1000",
    "COMPONENT_NAME": "front_right_wing",
    "COMPONENT_PARAM": "LOAD"
  },
  {
    "DESIGN_PARAM": "Param_3",
    "DESIGN_PARAM_VAL": "1000",
    "COMPONENT_NAME": "front_left_wing",
    "COMPONENT_PARAM": "LOAD"
  },
  {
    "DESIGN_PARAM": "Param_3",
    "DESIGN_PARAM_VAL": "1000",
    "COMPONENT_NAME": "rudder",
    "COMPONENT_PARAM": "LOAD"
  }
]
