DESIGN_PARAM,DESIGN_PARAM_VAL,COMPONENT_NAME,COMPONENT_PARAM
Param_19,-350,front_right_cyl_mount,TOP_CONN_DISP
Param_19,-350,front_left_cyl_mount,TOP_CONN_DISP
Param_19,-350,front_right_cyl_mount,BOTTOM_CONN_DISP
Param_19,-350,front_left_cyl_mount,BOTTOM_CONN_DISP
Param_12,12,rear_left_wing_battery,THICKNESS
Param_12,12,rear_ctr_naca_mount,THICKNESS
Param_12,12,rear_right_wing_battery,THICKNESS
Param_12,12,rear_right_wing,THICKNESS
Param_12,12,rear_left_wing,THICKNESS
Param_24,-220,rear_left_cyl_mount,BOTTOM_CONN_DISP
Param_24,-220,rear_left_cyl_mount,TOP_CONN_DISP
Param_24,-220,rear_right_cyl_mount,TOP_CONN_DISP
Param_24,-220,rear_right_cyl_mount,BOTTOM_CONN_DISP
DownCWFacing_Spin,1,rear_left_bot_prop_vert_2,Direction
DownCWFacing_Spin,1,front_left_bot_prop_vert,Direction
DownCWFacing_Spin,1,rear_left_bot_prop_vert_1,Direction
Param_25,500,rear_left_cyl_mount,RIGHT_CONN_DISP
Param_25,500,rear_right_cyl_mount,LEFT_CONN_DISP
UpFacingCCW_PropType,-1,front_ctr_top_prop_vert,Prop_type
UpFacingCCW_PropType,-1,front_left_top_prop_vert,Prop_type
UpFacingCCW_PropType,-1,rear_left_top_prop_vert_1,Prop_type
UpFacingCCW_PropType,-1,rear_left_top_prop_vert_2,Prop_type
Param_5,2000,fuselage,LENGTH
Param_4,100,center_fwd_struct_cyl,PORT_THICKNESS
Param_4,100,front_ctr_naca_mount,PORT_THICKNESS
Param_4,100,rear_ctr_naca_mount,PORT_THICKNESS
Param_4,100,fuselage,PORT_THICKNESS
Param_1,1000,rudder,CHORD_1
Param_1,1000,rudder,CHORD_2
Param_1,1000,front_right_wing,CHORD_2
Param_1,1000,front_left_wing,CHORD_2
Param_1,1000,front_ctr_naca_mount,CHORD
Param_1,1000,front_left_wing,CHORD_1
Param_1,1000,front_right_wing,CHORD_1
DownFacingCCW_PropType,1,rear_right_bot_prop_vert_1,Prop_type
DownFacingCCW_PropType,1,front_right_bot_prop_vert,Prop_type
DownFacingCCW_PropType,1,rear_right_bot_prop_vert_2,Prop_type
DownFacingCCW_PropType,1,ctr_bot_prop_vert,Prop_type
UpFacingCW_Spin,1,rear_right_top_prop_vert_2,Direction
UpFacingCW_Spin,1,ctr_top_prop_vert,Direction
UpFacingCW_Spin,1,front_right_top__prop_vert,Direction
UpFacingCW_Spin,1,rear_right_top_prop_vert_1,Direction
Param_13,7000,rear_left_wing,LOAD
Param_13,7000,rear_right_wing,LOAD
Param_21,-210,fuselage,SEAT_2_LR
Param_20,210,fuselage,SEAT_1_LR
FwdFacingCW_Spin,1,front_right_prop_fwd,Direction
Param_17,2200,rear_right_cyl_mount,LENGTH
Param_17,2200,rear_left_cyl_mount,LENGTH
Param_26,790,fuselage,SEAT_1_FB
Param_26,790,fuselage,SEAT_2_FB
UpFacingCW_PropType,1,rear_right_top_prop_vert_2,Prop_type
UpFacingCW_PropType,1,rear_right_top_prop_vert_1,Prop_type
UpFacingCW_PropType,1,ctr_top_prop_vert,Prop_type
UpFacingCW_PropType,1,front_right_top__prop_vert,Prop_type
Param_23,-250,rear_right_motor_cyl_mount,BOTTOM_CONN_DISP
Param_23,-250,rear_left_motor_cyl_mount,TOP_CONN_DISP
Param_23,-250,rear_left_motor_cyl_mount,BOTTOM_CONN_DISP
Param_23,-250,rear_right_motor_cyl_mount,TOP_CONN_DISP
Param_16,150,front_left_cyl_mount,PORT_THICKNESS
Param_16,150,front_right_cyl_mount,PORT_THICKNESS
Param_6,1520,fuselage,SPHERE_DIAMETER
Param_22,1000,rear_right_motor_cyl_mount,LENGTH
Param_22,1000,rear_left_motor_cyl_mount,LENGTH
Param_9,150,fuselage,FLOOR_HEIGHT
Param_14,8500,rear_left_wing,SPAN
Param_14,8500,rear_left_wing_battery,SPAN
Param_14,8500,rear_right_wing,SPAN
Param_14,8500,rear_right_wing_battery,SPAN
DownFacingCW_PropType,-1,rear_left_bot_prop_vert_2,Prop_type
DownFacingCW_PropType,-1,front_left_bot_prop_vert,Prop_type
DownFacingCW_PropType,-1,rear_left_bot_prop_vert_1,Prop_type
Param_11,3000,rear_right_wing,CHORD_1
Param_11,3000,rear_left_wing_battery,CHORD_1
Param_11,3000,rear_left_wing_battery,CHORD_2
Param_11,3000,rear_ctr_naca_mount,CHORD
Param_11,3000,rear_left_wing,CHORD_1
Param_11,3000,rear_right_wing_battery,CHORD_1
Param_11,3000,rear_left_wing,CHORD_2
Param_11,3000,rear_right_wing_battery,CHORD_2
Param_11,3000,center_rear_struct_cyl,LENGTH
Param_11,3000,rear_right_wing,CHORD_2
Param_8,275,fuselage,MIDDLE_LENGTH
Param_7,300,front_right_cyl_mount,DIAMETER
Param_7,300,rear_right_flip_adapter,DIAMETER
Param_7,300,center_fwd_struct_cyl,DIAMETER
Param_7,300,front_left_flip_adapter,DIAMETER
Param_7,300,front_left_cyl_mount,DIAMETER
Param_7,300,rear_left_flip_adapter,DIAMETER
Param_7,300,front_right_flip_adapter,DIAMETER
Param_7,300,fuselage,TAIL_DIAMETER
Param_7,300,rear_left_cyl_mount,DIAMETER
Param_7,300,rear_left_motor_cyl_mount,DIAMETER
Param_7,300,rear_right_cyl_mount,DIAMETER
Param_7,300,rear_right_motor_cyl_mount,DIAMETER
Param_7,300,center_rear_struct_cyl,DIAMETER
Param_15,1000,front_left_cyl_mount,LENGTH
Param_15,1000,front_right_cyl_mount,LENGTH
NACA,4512,front_right_wing,NACA_Profile
NACA,4512,rear_left_wing,NACA_Profile
NACA,4512,rear_right_wing,NACA_Profile
NACA,4512,front_left_wing,NACA_Profile
Rear_Mount_Side,2,rear_right_wing_battery,MOUNT_SIDE
Param_10,2500,center_fwd_struct_cyl,LENGTH
DownFacingCCW_Spin,-1,rear_right_bot_prop_vert_2,Direction
DownFacingCCW_Spin,-1,ctr_bot_prop_vert,Direction
DownFacingCCW_Spin,-1,rear_right_bot_prop_vert_1,Direction
DownFacingCCW_Spin,-1,front_right_bot_prop_vert,Direction
Voltage1,350,rear_right_wing_battery,VOLTAGE_REQUEST
Voltage1,350,rear_left_wing_battery,VOLTAGE_REQUEST
Param_2,12,front_ctr_naca_mount,THICKNESS
Param_2,12,front_right_wing,THICKNESS
Param_2,12,front_left_wing,THICKNESS
Param_2,12,rudder,THICKNESS
Param_0,3000,front_right_wing,SPAN
Param_0,3000,front_left_wing,SPAN
Param_0,3000,rudder,SPAN
NACA_2,0012,rudder,NACA_Profile
FwdFacingCCW_Spin,-1,front_left_prop_fwd,Direction
Param_27,-1000,center_rear_struct_cyl,BOTTOM_CONN_DISP
Param_18,6,rear_right_wing_battery,VOLUME_PERCENT
Param_18,6,rear_left_wing_battery,VOLUME_PERCENT
FwdFacingCCW_PropType,-1,front_left_prop_fwd,Prop_type
FwdFacingCW_PropType,1,front_right_prop_fwd,Prop_type
UpFacingCCW_Spin,-1,rear_left_top_prop_vert_2,Direction
UpFacingCCW_Spin,-1,rear_left_top_prop_vert_1,Direction
UpFacingCCW_Spin,-1,front_ctr_top_prop_vert,Direction
UpFacingCCW_Spin,-1,front_left_top_prop_vert,Direction
Param_3,1000,front_right_wing,LOAD
Param_3,1000,front_left_wing,LOAD
Param_3,1000,rudder,LOAD
