{
  "extra": {
    "generator_version": "2022-05-23"
  },
  "name": "design_43_2d80cab3_5ec9_43fe_beb4_de752836e136",
  "parameters": [
    {
      "parameter_name": "FuselageDualSeat_14_TAIL_DIAMETER",
      "value": "300.0",
      "component_properties": [
        {
          "component_name": "FuselageDualSeat_14_1",
          "component_property": "TAIL_DIAMETER"
        }
      ]
    },
    {
      "parameter_name": "SideMountedPropArmSegment_20_LENGTH",
      "value": "1383.8802676330074",
      "component_properties": [
        {
          "component_name": "StraightArm_57_1",
          "component_property": "LENGTH"
        },
        {
          "component_name": "StraightArm_57_2",
          "component_property": "LENGTH"
        }
      ]
    },
    {
      "parameter_name": "WingWithBatteryMain_9_CHORD_INNER",
      "value": "2760.7553615838065",
      "component_properties": [
        {
          "component_name": "Wing_23_1",
          "component_property": "CHORD_1"
        },
        {
          "component_name": "Battery_45_1",
          "component_property": "CHORD_1"
        },
        {
          "component_name": "Wing_23_2",
          "component_property": "CHORD_2"
        },
        {
          "component_name": "Battery_46_1",
          "component_property": "CHORD_2"
        }
      ]
    },
    {
      "parameter_name": "WingPair_14_CHORD_OUTER",
      "value": "993.4556807387819",
      "component_properties": [
        {
          "component_name": "Wing_22_1",
          "component_property": "CHORD_2"
        },
        {
          "component_name": "Battery_43_1",
          "component_property": "CHORD_2"
        },
        {
          "component_name": "Wing_22_2",
          "component_property": "CHORD_1"
        },
        {
          "component_name": "Battery_44_1",
          "component_property": "CHORD_1"
        }
      ]
    },
    {
      "parameter_name": "WingWithBatteryMain_9_FLAP_BIAS",
      "value": "0.2694996193915651",
      "component_properties": [
        {
          "component_name": "Wing_23_1",
          "component_property": "FLAP_BIAS"
        },
        {
          "component_name": "Wing_23_2",
          "component_property": "FLAP_BIAS"
        }
      ]
    },
    {
      "parameter_name": "TailWingWithPropArm_9_TAIL_LENGTH",
      "value": "1543.0249610569285",
      "component_properties": [
        {
          "component_name": "StraightArm_59_1",
          "component_property": "LENGTH"
        }
      ]
    },
    {
      "parameter_name": "TailWingWithPropArm_9_PROP_SEGMENT_LENGTH",
      "value": "908.3140261956432",
      "component_properties": [
        {
          "component_name": "StraightArm_60_1",
          "component_property": "LENGTH"
        }
      ]
    },
    {
      "parameter_name": "PosPropDir",
      "value": "1",
      "component_properties": [
        {
          "component_name": "Propeller_2",
          "component_property": "Direction"
        },
        {
          "component_name": "Propeller_4",
          "component_property": "Direction"
        },
        {
          "component_name": "Propeller_5",
          "component_property": "Direction"
        },
        {
          "component_name": "Propeller_7",
          "component_property": "Direction"
        },
        {
          "component_name": "Propeller_9",
          "component_property": "Direction"
        },
        {
          "component_name": "Propeller_12",
          "component_property": "Direction"
        },
        {
          "component_name": "Propeller_14",
          "component_property": "Direction"
        },
        {
          "component_name": "Propeller_16",
          "component_property": "Direction"
        },
        {
          "component_name": "Propeller_17",
          "component_property": "Direction"
        },
        {
          "component_name": "Propeller_18",
          "component_property": "Direction"
        },
        {
          "component_name": "Propeller_20",
          "component_property": "Direction"
        },
        {
          "component_name": "Propeller_22",
          "component_property": "Direction"
        }
      ]
    },
    {
      "parameter_name": "FuselageDualSeat_14_SEAT_1_LR",
      "value": "-210.0",
      "component_properties": [
        {
          "component_name": "FuselageDualSeat_14_1",
          "component_property": "SEAT_1_LR"
        }
      ]
    },
    {
      "parameter_name": "FrontBackPropArmMulti_20_PROP_OFFSET",
      "value": "709.821590559138",
      "component_properties": [
        {
          "component_name": "StraightArm_58_1",
          "component_property": "TOP_CONN_DISP"
        },
        {
          "component_name": "StraightArm_58_1",
          "component_property": "BOTTOM_CONN_DISP"
        },
        {
          "component_name": "StraightArm_58_1",
          "component_property": "LEFT_CONN_DISP"
        },
        {
          "component_name": "StraightArm_58_1",
          "component_property": "RIGHT_CONN_DISP"
        },
        {
          "component_name": "StraightArm_58_2",
          "component_property": "TOP_CONN_DISP"
        },
        {
          "component_name": "StraightArm_58_2",
          "component_property": "BOTTOM_CONN_DISP"
        },
        {
          "component_name": "StraightArm_58_2",
          "component_property": "LEFT_CONN_DISP"
        },
        {
          "component_name": "StraightArm_58_2",
          "component_property": "RIGHT_CONN_DISP"
        },
        {
          "component_name": "StraightArm_58_3",
          "component_property": "TOP_CONN_DISP"
        },
        {
          "component_name": "StraightArm_58_3",
          "component_property": "BOTTOM_CONN_DISP"
        },
        {
          "component_name": "StraightArm_58_3",
          "component_property": "LEFT_CONN_DISP"
        },
        {
          "component_name": "StraightArm_58_3",
          "component_property": "RIGHT_CONN_DISP"
        },
        {
          "component_name": "StraightArm_58_4",
          "component_property": "TOP_CONN_DISP"
        },
        {
          "component_name": "StraightArm_58_4",
          "component_property": "BOTTOM_CONN_DISP"
        },
        {
          "component_name": "StraightArm_58_4",
          "component_property": "LEFT_CONN_DISP"
        },
        {
          "component_name": "StraightArm_58_4",
          "component_property": "RIGHT_CONN_DISP"
        }
      ]
    },
    {
      "parameter_name": "WingPair_15_AILERON_BIAS",
      "value": "0.770046519956156",
      "component_properties": [
        {
          "component_name": "Wing_24_1",
          "component_property": "AILERON_BIAS"
        },
        {
          "component_name": "Wing_24_2",
          "component_property": "AILERON_BIAS"
        }
      ]
    },
    {
      "parameter_name": "ControlChannelAuto",
      "value": "-1",
      "component_properties": [
        {
          "component_name": "Motor_2",
          "component_property": "CONTROL_CHANNEL"
        },
        {
          "component_name": "Motor_1",
          "component_property": "CONTROL_CHANNEL"
        },
        {
          "component_name": "Motor_3",
          "component_property": "CONTROL_CHANNEL"
        },
        {
          "component_name": "Motor_4",
          "component_property": "CONTROL_CHANNEL"
        },
        {
          "component_name": "Motor_6",
          "component_property": "CONTROL_CHANNEL"
        },
        {
          "component_name": "Motor_5",
          "component_property": "CONTROL_CHANNEL"
        },
        {
          "component_name": "Motor_7",
          "component_property": "CONTROL_CHANNEL"
        },
        {
          "component_name": "Motor_8",
          "component_property": "CONTROL_CHANNEL"
        },
        {
          "component_name": "Motor_9",
          "component_property": "CONTROL_CHANNEL"
        },
        {
          "component_name": "Motor_10",
          "component_property": "CONTROL_CHANNEL"
        },
        {
          "component_name": "Motor_12",
          "component_property": "CONTROL_CHANNEL"
        },
        {
          "component_name": "Motor_11",
          "component_property": "CONTROL_CHANNEL"
        },
        {
          "component_name": "Motor_13",
          "component_property": "CONTROL_CHANNEL"
        },
        {
          "component_name": "Motor_14",
          "component_property": "CONTROL_CHANNEL"
        },
        {
          "component_name": "Motor_15",
          "component_property": "CONTROL_CHANNEL"
        },
        {
          "component_name": "Motor_16",
          "component_property": "CONTROL_CHANNEL"
        },
        {
          "component_name": "Motor_17",
          "component_property": "CONTROL_CHANNEL"
        },
        {
          "component_name": "Motor_19",
          "component_property": "CONTROL_CHANNEL"
        },
        {
          "component_name": "Motor_18",
          "component_property": "CONTROL_CHANNEL"
        },
        {
          "component_name": "Motor_20",
          "component_property": "CONTROL_CHANNEL"
        },
        {
          "component_name": "Motor_21",
          "component_property": "CONTROL_CHANNEL"
        },
        {
          "component_name": "Motor_22",
          "component_property": "CONTROL_CHANNEL"
        },
        {
          "component_name": "Motor_23",
          "component_property": "CONTROL_CHANNEL"
        },
        {
          "component_name": "Motor_24",
          "component_property": "CONTROL_CHANNEL"
        }
      ]
    },
    {
      "parameter_name": "NegPropType",
      "value": "-1",
      "component_properties": [
        {
          "component_name": "Propeller_6",
          "component_property": "Prop_type"
        },
        {
          "component_name": "Propeller_5",
          "component_property": "Prop_type"
        },
        {
          "component_name": "Propeller_7",
          "component_property": "Prop_type"
        },
        {
          "component_name": "Propeller_8",
          "component_property": "Prop_type"
        },
        {
          "component_name": "Propeller_9",
          "component_property": "Prop_type"
        },
        {
          "component_name": "Propeller_10",
          "component_property": "Prop_type"
        },
        {
          "component_name": "Propeller_19",
          "component_property": "Prop_type"
        },
        {
          "component_name": "Propeller_18",
          "component_property": "Prop_type"
        },
        {
          "component_name": "Propeller_20",
          "component_property": "Prop_type"
        },
        {
          "component_name": "Propeller_21",
          "component_property": "Prop_type"
        },
        {
          "component_name": "Propeller_22",
          "component_property": "Prop_type"
        },
        {
          "component_name": "Propeller_23",
          "component_property": "Prop_type"
        },
        {
          "component_name": "Propeller_24",
          "component_property": "Prop_type"
        }
      ]
    },
    {
      "parameter_name": "NACA_4512_THICKNESS",
      "value": "12",
      "component_properties": [
        {
          "component_name": "Wing_23_1",
          "component_property": "THICKNESS"
        },
        {
          "component_name": "Battery_45_1",
          "component_property": "THICKNESS"
        },
        {
          "component_name": "Wing_23_2",
          "component_property": "THICKNESS"
        },
        {
          "component_name": "Battery_46_1",
          "component_property": "THICKNESS"
        }
      ]
    },
    {
      "parameter_name": "WingPair_14_SPAN",
      "value": "7967.029200781811",
      "component_properties": [
        {
          "component_name": "Wing_22_1",
          "component_property": "SPAN"
        },
        {
          "component_name": "Battery_43_1",
          "component_property": "SPAN"
        },
        {
          "component_name": "Wing_22_2",
          "component_property": "SPAN"
        },
        {
          "component_name": "Battery_44_1",
          "component_property": "SPAN"
        }
      ]
    },
    {
      "parameter_name": "FuselageDualSeat_14_SEAT_2_LR",
      "value": "210.0",
      "component_properties": [
        {
          "component_name": "FuselageDualSeat_14_1",
          "component_property": "SEAT_2_LR"
        }
      ]
    },
    {
      "parameter_name": "SideMountedPropArmSegment_20_OFFSET",
      "value": "958.7673784963071",
      "component_properties": [
        {
          "component_name": "StraightArm_57_1",
          "component_property": "TOP_CONN_DISP"
        },
        {
          "component_name": "StraightArm_57_1",
          "component_property": "BOTTOM_CONN_DISP"
        },
        {
          "component_name": "StraightArm_57_1",
          "component_property": "LEFT_CONN_DISP"
        },
        {
          "component_name": "StraightArm_57_1",
          "component_property": "RIGHT_CONN_DISP"
        },
        {
          "component_name": "StraightArm_57_2",
          "component_property": "TOP_CONN_DISP"
        },
        {
          "component_name": "StraightArm_57_2",
          "component_property": "BOTTOM_CONN_DISP"
        },
        {
          "component_name": "StraightArm_57_2",
          "component_property": "LEFT_CONN_DISP"
        },
        {
          "component_name": "StraightArm_57_2",
          "component_property": "RIGHT_CONN_DISP"
        }
      ]
    },
    {
      "parameter_name": "WingWithBatteryMain_9_AILERON_BIAS",
      "value": "0.1667083829762107",
      "component_properties": [
        {
          "component_name": "Wing_23_1",
          "component_property": "AILERON_BIAS"
        },
        {
          "component_name": "Wing_23_2",
          "component_property": "AILERON_BIAS"
        }
      ]
    },
    {
      "parameter_name": "FuselageDualSeat_14_LENGTH",
      "value": "2000.0",
      "component_properties": [
        {
          "component_name": "FuselageDualSeat_14_1",
          "component_property": "LENGTH"
        }
      ]
    },
    {
      "parameter_name": "TailWingWithPropArm_9_TAIL_FIRST_LENGTH",
      "value": "1174.1288748547079",
      "component_properties": [
        {
          "component_name": "StraightArmNoSides_9_1",
          "component_property": "LENGTH"
        }
      ]
    },
    {
      "parameter_name": "PosPropType",
      "value": "1",
      "component_properties": [
        {
          "component_name": "Propeller_2",
          "component_property": "Prop_type"
        },
        {
          "component_name": "Propeller_1",
          "component_property": "Prop_type"
        },
        {
          "component_name": "Propeller_3",
          "component_property": "Prop_type"
        },
        {
          "component_name": "Propeller_4",
          "component_property": "Prop_type"
        },
        {
          "component_name": "Propeller_12",
          "component_property": "Prop_type"
        },
        {
          "component_name": "Propeller_11",
          "component_property": "Prop_type"
        },
        {
          "component_name": "Propeller_13",
          "component_property": "Prop_type"
        },
        {
          "component_name": "Propeller_14",
          "component_property": "Prop_type"
        },
        {
          "component_name": "Propeller_15",
          "component_property": "Prop_type"
        },
        {
          "component_name": "Propeller_16",
          "component_property": "Prop_type"
        },
        {
          "component_name": "Propeller_17",
          "component_property": "Prop_type"
        }
      ]
    },
    {
      "parameter_name": "WingWithBatteryMain_9_VOLUME_PERCENT",
      "value": "8.875685378015376",
      "component_properties": [
        {
          "component_name": "Battery_45_1",
          "component_property": "VOLUME_PERCENT"
        },
        {
          "component_name": "Battery_46_1",
          "component_property": "VOLUME_PERCENT"
        }
      ]
    },
    {
      "parameter_name": "FrontBackPropArmMulti_19_PROP_SEGMENT_LENGTH",
      "value": "803.2848366301114",
      "component_properties": [
        {
          "component_name": "StraightArm_56_1",
          "component_property": "LENGTH"
        },
        {
          "component_name": "StraightArm_56_2",
          "component_property": "LENGTH"
        }
      ]
    },
    {
      "parameter_name": "WingPair_14_FLAP_BIAS",
      "value": "0.27231503187664274",
      "component_properties": [
        {
          "component_name": "Wing_22_1",
          "component_property": "FLAP_BIAS"
        },
        {
          "component_name": "Wing_22_2",
          "component_property": "FLAP_BIAS"
        }
      ]
    },
    {
      "parameter_name": "WingPair_15_CHORD_OUTER",
      "value": "1249.4942797537178",
      "component_properties": [
        {
          "component_name": "Wing_24_1",
          "component_property": "CHORD_2"
        },
        {
          "component_name": "Battery_47_1",
          "component_property": "CHORD_2"
        },
        {
          "component_name": "Wing_24_2",
          "component_property": "CHORD_1"
        },
        {
          "component_name": "Battery_48_1",
          "component_property": "CHORD_1"
        }
      ]
    },
    {
      "parameter_name": "WingPair_15_FLAP_BIAS",
      "value": "0.6317157567893119",
      "component_properties": [
        {
          "component_name": "Wing_24_1",
          "component_property": "FLAP_BIAS"
        },
        {
          "component_name": "Wing_24_2",
          "component_property": "FLAP_BIAS"
        }
      ]
    },
    {
      "parameter_name": "WingPair_14_TAPER_OFFSET",
      "value": "0",
      "component_properties": [
        {
          "component_name": "Wing_22_1",
          "component_property": "TAPER_OFFSET"
        },
        {
          "component_name": "Battery_43_1",
          "component_property": "TAPER_OFFSET"
        },
        {
          "component_name": "Wing_22_2",
          "component_property": "TAPER_OFFSET"
        },
        {
          "component_name": "Battery_44_1",
          "component_property": "TAPER_OFFSET"
        }
      ]
    },
    {
      "parameter_name": "WingWithBatteryMain_9_SPAN",
      "value": "6950.214020620693",
      "component_properties": [
        {
          "component_name": "Wing_23_1",
          "component_property": "SPAN"
        },
        {
          "component_name": "Battery_45_1",
          "component_property": "SPAN"
        },
        {
          "component_name": "Wing_23_2",
          "component_property": "SPAN"
        },
        {
          "component_name": "Battery_46_1",
          "component_property": "SPAN"
        }
      ]
    },
    {
      "parameter_name": "FuselageDualSeat_14_MIDDLE_LENGTH",
      "value": "275.0",
      "component_properties": [
        {
          "component_name": "FuselageDualSeat_14_1",
          "component_property": "MIDDLE_LENGTH"
        }
      ]
    },
    {
      "parameter_name": "WingPair_15_LOAD",
      "value": "6202.605973008414",
      "component_properties": [
        {
          "component_name": "Wing_24_1",
          "component_property": "LOAD"
        },
        {
          "component_name": "Wing_24_2",
          "component_property": "LOAD"
        }
      ]
    },
    {
      "parameter_name": "FrontBackPropArmMulti_19_PROP_OFFSET",
      "value": "377.8160003198451",
      "component_properties": [
        {
          "component_name": "StraightArm_56_1",
          "component_property": "TOP_CONN_DISP"
        },
        {
          "component_name": "StraightArm_56_1",
          "component_property": "BOTTOM_CONN_DISP"
        },
        {
          "component_name": "StraightArm_56_1",
          "component_property": "LEFT_CONN_DISP"
        },
        {
          "component_name": "StraightArm_56_1",
          "component_property": "RIGHT_CONN_DISP"
        },
        {
          "component_name": "StraightArm_56_2",
          "component_property": "TOP_CONN_DISP"
        },
        {
          "component_name": "StraightArm_56_2",
          "component_property": "BOTTOM_CONN_DISP"
        },
        {
          "component_name": "StraightArm_56_2",
          "component_property": "LEFT_CONN_DISP"
        },
        {
          "component_name": "StraightArm_56_2",
          "component_property": "RIGHT_CONN_DISP"
        }
      ]
    },
    {
      "parameter_name": "Wing_23_NACA_Profile",
      "value": "4512",
      "component_properties": [
        {
          "component_name": "Wing_23_1",
          "component_property": "NACA_Profile"
        },
        {
          "component_name": "Wing_23_2",
          "component_property": "NACA_Profile"
        }
      ]
    },
    {
      "parameter_name": "RightMountSide",
      "value": "2",
      "component_properties": [
        {
          "component_name": "Battery_44_1",
          "component_property": "MOUNT_SIDE"
        },
        {
          "component_name": "Battery_46_1",
          "component_property": "MOUNT_SIDE"
        },
        {
          "component_name": "Battery_48_1",
          "component_property": "MOUNT_SIDE"
        }
      ]
    },
    {
      "parameter_name": "SideMountedPropArmSegment_19_LENGTH",
      "value": "690.3053942153915",
      "component_properties": [
        {
          "component_name": "StraightArm_55_1",
          "component_property": "LENGTH"
        },
        {
          "component_name": "StraightArm_55_2",
          "component_property": "LENGTH"
        }
      ]
    },
    {
      "parameter_name": "NegPropDir",
      "value": "-1",
      "component_properties": [
        {
          "component_name": "Propeller_1",
          "component_property": "Direction"
        },
        {
          "component_name": "Propeller_3",
          "component_property": "Direction"
        },
        {
          "component_name": "Propeller_6",
          "component_property": "Direction"
        },
        {
          "component_name": "Propeller_8",
          "component_property": "Direction"
        },
        {
          "component_name": "Propeller_10",
          "component_property": "Direction"
        },
        {
          "component_name": "Propeller_11",
          "component_property": "Direction"
        },
        {
          "component_name": "Propeller_13",
          "component_property": "Direction"
        },
        {
          "component_name": "Propeller_15",
          "component_property": "Direction"
        },
        {
          "component_name": "Propeller_19",
          "component_property": "Direction"
        },
        {
          "component_name": "Propeller_21",
          "component_property": "Direction"
        },
        {
          "component_name": "Propeller_23",
          "component_property": "Direction"
        },
        {
          "component_name": "Propeller_24",
          "component_property": "Direction"
        }
      ]
    },
    {
      "parameter_name": "WingWithBatteryMain_9_TAPER_OFFSET",
      "value": "0",
      "component_properties": [
        {
          "component_name": "Wing_23_1",
          "component_property": "TAPER_OFFSET"
        },
        {
          "component_name": "Battery_45_1",
          "component_property": "TAPER_OFFSET"
        },
        {
          "component_name": "Wing_23_2",
          "component_property": "TAPER_OFFSET"
        },
        {
          "component_name": "Battery_46_1",
          "component_property": "TAPER_OFFSET"
        }
      ]
    },
    {
      "parameter_name": "FrontBackPropArmMulti_20_PROP_SEGMENT_LENGTH",
      "value": "1383.6109279578764",
      "component_properties": [
        {
          "component_name": "StraightArm_58_1",
          "component_property": "LENGTH"
        },
        {
          "component_name": "StraightArm_58_2",
          "component_property": "LENGTH"
        },
        {
          "component_name": "StraightArm_58_3",
          "component_property": "LENGTH"
        },
        {
          "component_name": "StraightArm_58_4",
          "component_property": "LENGTH"
        }
      ]
    },
    {
      "parameter_name": "WingPair_14_LOAD",
      "value": "6223.689852474275",
      "component_properties": [
        {
          "component_name": "Wing_22_1",
          "component_property": "LOAD"
        },
        {
          "component_name": "Wing_22_2",
          "component_property": "LOAD"
        }
      ]
    },
    {
      "parameter_name": "FuselageDualSeat_14_SEAT_1_FB",
      "value": "790.0",
      "component_properties": [
        {
          "component_name": "FuselageDualSeat_14_1",
          "component_property": "SEAT_1_FB"
        }
      ]
    },
    {
      "parameter_name": "Wing_22_NACA_Profile",
      "value": "6509",
      "component_properties": [
        {
          "component_name": "Wing_22_1",
          "component_property": "NACA_Profile"
        },
        {
          "component_name": "Wing_22_2",
          "component_property": "NACA_Profile"
        }
      ]
    },
    {
      "parameter_name": "WingPair_15_VOLUME_PERCENT",
      "value": "51.892971742964754",
      "component_properties": [
        {
          "component_name": "Battery_47_1",
          "component_property": "VOLUME_PERCENT"
        },
        {
          "component_name": "Battery_48_1",
          "component_property": "VOLUME_PERCENT"
        }
      ]
    },
    {
      "parameter_name": "WingPair_15_SPAN",
      "value": "11814.529798981073",
      "component_properties": [
        {
          "component_name": "Wing_24_1",
          "component_property": "SPAN"
        },
        {
          "component_name": "Battery_47_1",
          "component_property": "SPAN"
        },
        {
          "component_name": "Wing_24_2",
          "component_property": "SPAN"
        },
        {
          "component_name": "Battery_48_1",
          "component_property": "SPAN"
        }
      ]
    },
    {
      "parameter_name": "FuselageDualSeat_14_SPHERE_DIAMETER",
      "value": "1520.0",
      "component_properties": [
        {
          "component_name": "FuselageDualSeat_14_1",
          "component_property": "SPHERE_DIAMETER"
        }
      ]
    },
    {
      "parameter_name": "WingWithBatteryMain_9_LOAD",
      "value": "7850.566615119795",
      "component_properties": [
        {
          "component_name": "Wing_23_1",
          "component_property": "LOAD"
        },
        {
          "component_name": "Wing_23_2",
          "component_property": "LOAD"
        }
      ]
    },
    {
      "parameter_name": "TailWingWithPropArm_9_PROP_OFFSET",
      "value": "732.894948740719",
      "component_properties": [
        {
          "component_name": "StraightArm_60_1",
          "component_property": "TOP_CONN_DISP"
        },
        {
          "component_name": "StraightArm_60_1",
          "component_property": "BOTTOM_CONN_DISP"
        },
        {
          "component_name": "StraightArm_60_1",
          "component_property": "LEFT_CONN_DISP"
        },
        {
          "component_name": "StraightArm_60_1",
          "component_property": "RIGHT_CONN_DISP"
        }
      ]
    },
    {
      "parameter_name": "WingPair_15_TAPER_OFFSET",
      "value": "0",
      "component_properties": [
        {
          "component_name": "Wing_24_1",
          "component_property": "TAPER_OFFSET"
        },
        {
          "component_name": "Battery_47_1",
          "component_property": "TAPER_OFFSET"
        },
        {
          "component_name": "Wing_24_2",
          "component_property": "TAPER_OFFSET"
        },
        {
          "component_name": "Battery_48_1",
          "component_property": "TAPER_OFFSET"
        }
      ]
    },
    {
      "parameter_name": "WingPair_14_AILERON_BIAS",
      "value": "0.11653957697483225",
      "component_properties": [
        {
          "component_name": "Wing_22_1",
          "component_property": "AILERON_BIAS"
        },
        {
          "component_name": "Wing_22_2",
          "component_property": "AILERON_BIAS"
        }
      ]
    },
    {
      "parameter_name": "TailWingWithPropArm_9_TAIL_WING_OFFSET",
      "value": "0.0",
      "component_properties": [
        {
          "component_name": "StraightArm_59_1",
          "component_property": "TOP_CONN_DISP"
        },
        {
          "component_name": "StraightArm_59_1",
          "component_property": "BOTTOM_CONN_DISP"
        },
        {
          "component_name": "StraightArm_59_1",
          "component_property": "LEFT_CONN_DISP"
        },
        {
          "component_name": "StraightArm_59_1",
          "component_property": "RIGHT_CONN_DISP"
        }
      ]
    },
    {
      "parameter_name": "NACA_6509_THICKNESS",
      "value": "9",
      "component_properties": [
        {
          "component_name": "NACAPortConnector_1",
          "component_property": "THICKNESS"
        },
        {
          "component_name": "Wing_22_1",
          "component_property": "THICKNESS"
        },
        {
          "component_name": "Battery_43_1",
          "component_property": "THICKNESS"
        },
        {
          "component_name": "Wing_22_2",
          "component_property": "THICKNESS"
        },
        {
          "component_name": "Battery_44_1",
          "component_property": "THICKNESS"
        }
      ]
    },
    {
      "parameter_name": "WingWithBatteryMain_9_CHORD_OUTER",
      "value": "699.9144718204511",
      "component_properties": [
        {
          "component_name": "Wing_23_1",
          "component_property": "CHORD_2"
        },
        {
          "component_name": "Battery_45_1",
          "component_property": "CHORD_2"
        },
        {
          "component_name": "Wing_23_2",
          "component_property": "CHORD_1"
        },
        {
          "component_name": "Battery_46_1",
          "component_property": "CHORD_1"
        }
      ]
    },
    {
      "parameter_name": "GLOBAL_VOLTAGE",
      "value": "802.9000000000001",
      "component_properties": [
        {
          "component_name": "Battery_43_1",
          "component_property": "VOLTAGE_REQUEST"
        },
        {
          "component_name": "Battery_44_1",
          "component_property": "VOLTAGE_REQUEST"
        },
        {
          "component_name": "Battery_45_1",
          "component_property": "VOLTAGE_REQUEST"
        },
        {
          "component_name": "Battery_46_1",
          "component_property": "VOLTAGE_REQUEST"
        },
        {
          "component_name": "Battery_47_1",
          "component_property": "VOLTAGE_REQUEST"
        },
        {
          "component_name": "Battery_48_1",
          "component_property": "VOLTAGE_REQUEST"
        }
      ]
    },
    {
      "parameter_name": "WingPair_14_CHORD_INNER",
      "value": "3964.266882059413",
      "component_properties": [
        {
          "component_name": "NACAPortConnector_1",
          "component_property": "CHORD"
        },
        {
          "component_name": "Wing_22_1",
          "component_property": "CHORD_1"
        },
        {
          "component_name": "Battery_43_1",
          "component_property": "CHORD_1"
        },
        {
          "component_name": "Wing_22_2",
          "component_property": "CHORD_2"
        },
        {
          "component_name": "Battery_44_1",
          "component_property": "CHORD_2"
        }
      ]
    },
    {
      "parameter_name": "FuselageDualSeat_14_SEAT_2_FB",
      "value": "790.0",
      "component_properties": [
        {
          "component_name": "FuselageDualSeat_14_1",
          "component_property": "SEAT_2_FB"
        }
      ]
    },
    {
      "parameter_name": "Wing_24_NACA_Profile",
      "value": "6506",
      "component_properties": [
        {
          "component_name": "Wing_24_1",
          "component_property": "NACA_Profile"
        },
        {
          "component_name": "Wing_24_2",
          "component_property": "NACA_Profile"
        }
      ]
    },
    {
      "parameter_name": "FuselageDualSeat_14_FLOOR_HEIGHT",
      "value": "150.0",
      "component_properties": [
        {
          "component_name": "FuselageDualSeat_14_1",
          "component_property": "FLOOR_HEIGHT"
        }
      ]
    },
    {
      "parameter_name": "NACA_6506_THICKNESS",
      "value": "6",
      "component_properties": [
        {
          "component_name": "NACAPortConnector_2",
          "component_property": "THICKNESS"
        },
        {
          "component_name": "Wing_24_1",
          "component_property": "THICKNESS"
        },
        {
          "component_name": "Battery_47_1",
          "component_property": "THICKNESS"
        },
        {
          "component_name": "Wing_24_2",
          "component_property": "THICKNESS"
        },
        {
          "component_name": "Battery_48_1",
          "component_property": "THICKNESS"
        }
      ]
    },
    {
      "parameter_name": "WingPair_15_CHORD_INNER",
      "value": "2537.062978924838",
      "component_properties": [
        {
          "component_name": "NACAPortConnector_2",
          "component_property": "CHORD"
        },
        {
          "component_name": "Wing_24_1",
          "component_property": "CHORD_1"
        },
        {
          "component_name": "Battery_47_1",
          "component_property": "CHORD_1"
        },
        {
          "component_name": "Wing_24_2",
          "component_property": "CHORD_2"
        },
        {
          "component_name": "Battery_48_1",
          "component_property": "CHORD_2"
        }
      ]
    },
    {
      "parameter_name": "OrientAngle",
      "value": "0.0",
      "component_properties": [
        {
          "component_name": "Orient",
          "component_property": "Z_ANGLE"
        }
      ]
    },
    {
      "parameter_name": "SideMountedPropArmSegment_19_OFFSET",
      "value": "420.19828340704635",
      "component_properties": [
        {
          "component_name": "StraightArm_55_1",
          "component_property": "TOP_CONN_DISP"
        },
        {
          "component_name": "StraightArm_55_1",
          "component_property": "BOTTOM_CONN_DISP"
        },
        {
          "component_name": "StraightArm_55_1",
          "component_property": "LEFT_CONN_DISP"
        },
        {
          "component_name": "StraightArm_55_1",
          "component_property": "RIGHT_CONN_DISP"
        },
        {
          "component_name": "StraightArm_55_2",
          "component_property": "TOP_CONN_DISP"
        },
        {
          "component_name": "StraightArm_55_2",
          "component_property": "BOTTOM_CONN_DISP"
        },
        {
          "component_name": "StraightArm_55_2",
          "component_property": "LEFT_CONN_DISP"
        },
        {
          "component_name": "StraightArm_55_2",
          "component_property": "RIGHT_CONN_DISP"
        }
      ]
    },
    {
      "parameter_name": "LeftMountSide",
      "value": "1",
      "component_properties": [
        {
          "component_name": "Battery_43_1",
          "component_property": "MOUNT_SIDE"
        },
        {
          "component_name": "Battery_45_1",
          "component_property": "MOUNT_SIDE"
        },
        {
          "component_name": "Battery_47_1",
          "component_property": "MOUNT_SIDE"
        }
      ]
    },
    {
      "parameter_name": "WingPair_14_VOLUME_PERCENT",
      "value": "58.92337398704196",
      "component_properties": [
        {
          "component_name": "Battery_43_1",
          "component_property": "VOLUME_PERCENT"
        },
        {
          "component_name": "Battery_44_1",
          "component_property": "VOLUME_PERCENT"
        }
      ]
    }
  ],
  "components": [
    {
      "component_instance": "BatteryController_14_1",
      "component_type": "BatteryController",
      "component_choice": "BatteryController"
    },
    {
      "component_instance": "Battery_43_1",
      "component_type": "Battery",
      "component_choice": "VitalyBeta"
    },
    {
      "component_instance": "Battery_44_1",
      "component_type": "Battery",
      "component_choice": "VitalyBeta"
    },
    {
      "component_instance": "Battery_45_1",
      "component_type": "Battery",
      "component_choice": "VitalyBeta"
    },
    {
      "component_instance": "Battery_46_1",
      "component_type": "Battery",
      "component_choice": "VitalyBeta"
    },
    {
      "component_instance": "Battery_47_1",
      "component_type": "Battery",
      "component_choice": "VitalyBeta"
    },
    {
      "component_instance": "Battery_48_1",
      "component_type": "Battery",
      "component_choice": "VitalyBeta"
    },
    {
      "component_instance": "FuselageDualSeat_14_1",
      "component_type": "Fuselage",
      "component_choice": "FUSE_SPHERE_CYL_CONE"
    },
    {
      "component_instance": "Motor_1",
      "component_type": "Motor",
      "component_choice": "MAGiDRIVE300"
    },
    {
      "component_instance": "Motor_10",
      "component_type": "Motor",
      "component_choice": "MAGiDRIVE300"
    },
    {
      "component_instance": "Motor_11",
      "component_type": "Motor",
      "component_choice": "MAGiDRIVE300"
    },
    {
      "component_instance": "Motor_12",
      "component_type": "Motor",
      "component_choice": "MAGiDRIVE300"
    },
    {
      "component_instance": "Motor_13",
      "component_type": "Motor",
      "component_choice": "MAGiDRIVE300"
    },
    {
      "component_instance": "Motor_14",
      "component_type": "Motor",
      "component_choice": "MAGiDRIVE300"
    },
    {
      "component_instance": "Motor_15",
      "component_type": "Motor",
      "component_choice": "MAGiDRIVE300"
    },
    {
      "component_instance": "Motor_16",
      "component_type": "Motor",
      "component_choice": "MAGiDRIVE300"
    },
    {
      "component_instance": "Motor_17",
      "component_type": "Motor",
      "component_choice": "MAGiDRIVE300"
    },
    {
      "component_instance": "Motor_18",
      "component_type": "Motor",
      "component_choice": "MAGiDRIVE300"
    },
    {
      "component_instance": "Motor_19",
      "component_type": "Motor",
      "component_choice": "MAGiDRIVE300"
    },
    {
      "component_instance": "Motor_2",
      "component_type": "Motor",
      "component_choice": "MAGiDRIVE300"
    },
    {
      "component_instance": "Motor_20",
      "component_type": "Motor",
      "component_choice": "MAGiDRIVE300"
    },
    {
      "component_instance": "Motor_21",
      "component_type": "Motor",
      "component_choice": "MAGiDRIVE300"
    },
    {
      "component_instance": "Motor_22",
      "component_type": "Motor",
      "component_choice": "MAGiDRIVE300"
    },
    {
      "component_instance": "Motor_23",
      "component_type": "Motor",
      "component_choice": "MAGiDRIVE300"
    },
    {
      "component_instance": "Motor_24",
      "component_type": "Motor",
      "component_choice": "MAGiDRIVE300"
    },
    {
      "component_instance": "Motor_3",
      "component_type": "Motor",
      "component_choice": "MAGiDRIVE300"
    },
    {
      "component_instance": "Motor_4",
      "component_type": "Motor",
      "component_choice": "MAGiDRIVE300"
    },
    {
      "component_instance": "Motor_5",
      "component_type": "Motor",
      "component_choice": "MAGiDRIVE300"
    },
    {
      "component_instance": "Motor_6",
      "component_type": "Motor",
      "component_choice": "MAGiDRIVE300"
    },
    {
      "component_instance": "Motor_7",
      "component_type": "Motor",
      "component_choice": "MAGiDRIVE300"
    },
    {
      "component_instance": "Motor_8",
      "component_type": "Motor",
      "component_choice": "MAGiDRIVE300"
    },
    {
      "component_instance": "Motor_9",
      "component_type": "Motor",
      "component_choice": "MAGiDRIVE300"
    },
    {
      "component_instance": "NACAPortConnector_1",
      "component_type": "NACA_Port_Connector",
      "component_choice": "naca_connector"
    },
    {
      "component_instance": "NACAPortConnector_2",
      "component_type": "NACA_Port_Connector",
      "component_choice": "naca_connector"
    },
    {
      "component_instance": "Orient",
      "component_type": "Orient",
      "component_choice": "Orient"
    },
    {
      "component_instance": "Passenger_1",
      "component_type": "Passenger",
      "component_choice": "Passenger"
    },
    {
      "component_instance": "Passenger_2",
      "component_type": "Passenger",
      "component_choice": "Passenger"
    },
    {
      "component_instance": "Propeller_1",
      "component_type": "Propeller",
      "component_choice": "55x10_3_2000_51_820"
    },
    {
      "component_instance": "Propeller_10",
      "component_type": "Propeller",
      "component_choice": "55x10_3_2000_51_820"
    },
    {
      "component_instance": "Propeller_11",
      "component_type": "Propeller",
      "component_choice": "55x10_3_2000_51_820"
    },
    {
      "component_instance": "Propeller_12",
      "component_type": "Propeller",
      "component_choice": "55x10_3_2000_51_820"
    },
    {
      "component_instance": "Propeller_13",
      "component_type": "Propeller",
      "component_choice": "55x10_3_2000_51_820"
    },
    {
      "component_instance": "Propeller_14",
      "component_type": "Propeller",
      "component_choice": "55x10_3_2000_51_820"
    },
    {
      "component_instance": "Propeller_15",
      "component_type": "Propeller",
      "component_choice": "55x10_3_2000_51_820"
    },
    {
      "component_instance": "Propeller_16",
      "component_type": "Propeller",
      "component_choice": "55x10_3_2000_51_820"
    },
    {
      "component_instance": "Propeller_17",
      "component_type": "Propeller",
      "component_choice": "55x10_3_2000_51_820"
    },
    {
      "component_instance": "Propeller_18",
      "component_type": "Propeller",
      "component_choice": "55x10_3_2000_51_820"
    },
    {
      "component_instance": "Propeller_19",
      "component_type": "Propeller",
      "component_choice": "55x10_3_2000_51_820"
    },
    {
      "component_instance": "Propeller_2",
      "component_type": "Propeller",
      "component_choice": "55x10_3_2000_51_820"
    },
    {
      "component_instance": "Propeller_20",
      "component_type": "Propeller",
      "component_choice": "55x10_3_2000_51_820"
    },
    {
      "component_instance": "Propeller_21",
      "component_type": "Propeller",
      "component_choice": "55x10_3_2000_51_820"
    },
    {
      "component_instance": "Propeller_22",
      "component_type": "Propeller",
      "component_choice": "55x10_3_2000_51_820"
    },
    {
      "component_instance": "Propeller_23",
      "component_type": "Propeller",
      "component_choice": "55x10_3_2000_51_820"
    },
    {
      "component_instance": "Propeller_24",
      "component_type": "Propeller",
      "component_choice": "55x10_3_2000_51_820"
    },
    {
      "component_instance": "Propeller_3",
      "component_type": "Propeller",
      "component_choice": "55x10_3_2000_51_820"
    },
    {
      "component_instance": "Propeller_4",
      "component_type": "Propeller",
      "component_choice": "55x10_3_2000_51_820"
    },
    {
      "component_instance": "Propeller_5",
      "component_type": "Propeller",
      "component_choice": "55x10_3_2000_51_820"
    },
    {
      "component_instance": "Propeller_6",
      "component_type": "Propeller",
      "component_choice": "55x10_3_2000_51_820"
    },
    {
      "component_instance": "Propeller_7",
      "component_type": "Propeller",
      "component_choice": "55x10_3_2000_51_820"
    },
    {
      "component_instance": "Propeller_8",
      "component_type": "Propeller",
      "component_choice": "55x10_3_2000_51_820"
    },
    {
      "component_instance": "Propeller_9",
      "component_type": "Propeller",
      "component_choice": "55x10_3_2000_51_820"
    },
    {
      "component_instance": "StraightArmNoSides_9_1",
      "component_type": "Cylinder",
      "component_choice": "PORTED_CYL"
    },
    {
      "component_instance": "StraightArm_55_1",
      "component_type": "Cylinder",
      "component_choice": "PORTED_CYL"
    },
    {
      "component_instance": "StraightArm_55_2",
      "component_type": "Cylinder",
      "component_choice": "PORTED_CYL"
    },
    {
      "component_instance": "StraightArm_56_1",
      "component_type": "Cylinder",
      "component_choice": "PORTED_CYL"
    },
    {
      "component_instance": "StraightArm_56_2",
      "component_type": "Cylinder",
      "component_choice": "PORTED_CYL"
    },
    {
      "component_instance": "StraightArm_57_1",
      "component_type": "Cylinder",
      "component_choice": "PORTED_CYL"
    },
    {
      "component_instance": "StraightArm_57_2",
      "component_type": "Cylinder",
      "component_choice": "PORTED_CYL"
    },
    {
      "component_instance": "StraightArm_58_1",
      "component_type": "Cylinder",
      "component_choice": "PORTED_CYL"
    },
    {
      "component_instance": "StraightArm_58_2",
      "component_type": "Cylinder",
      "component_choice": "PORTED_CYL"
    },
    {
      "component_instance": "StraightArm_58_3",
      "component_type": "Cylinder",
      "component_choice": "PORTED_CYL"
    },
    {
      "component_instance": "StraightArm_58_4",
      "component_type": "Cylinder",
      "component_choice": "PORTED_CYL"
    },
    {
      "component_instance": "StraightArm_59_1",
      "component_type": "Cylinder",
      "component_choice": "PORTED_CYL"
    },
    {
      "component_instance": "StraightArm_60_1",
      "component_type": "Cylinder",
      "component_choice": "PORTED_CYL"
    },
    {
      "component_instance": "Wing_22_1",
      "component_type": "Wing",
      "component_choice": "naca_wing"
    },
    {
      "component_instance": "Wing_22_2",
      "component_type": "Wing",
      "component_choice": "naca_wing"
    },
    {
      "component_instance": "Wing_23_1",
      "component_type": "Wing",
      "component_choice": "naca_wing"
    },
    {
      "component_instance": "Wing_23_2",
      "component_type": "Wing",
      "component_choice": "naca_wing"
    },
    {
      "component_instance": "Wing_24_1",
      "component_type": "Wing",
      "component_choice": "naca_wing"
    },
    {
      "component_instance": "Wing_24_2",
      "component_type": "Wing",
      "component_choice": "naca_wing"
    }
  ],
  "connections": [
    {
      "from_ci": "BatteryController_14_1",
      "from_conn": "MotorPower",
      "to_ci": "Motor_5",
      "to_conn": "MotorPower"
    },
    {
      "from_ci": "BatteryController_14_1",
      "from_conn": "MotorPower",
      "to_ci": "Motor_22",
      "to_conn": "MotorPower"
    },
    {
      "from_ci": "BatteryController_14_1",
      "from_conn": "MotorPower",
      "to_ci": "Motor_24",
      "to_conn": "MotorPower"
    },
    {
      "from_ci": "BatteryController_14_1",
      "from_conn": "MotorPower",
      "to_ci": "Motor_11",
      "to_conn": "MotorPower"
    },
    {
      "from_ci": "BatteryController_14_1",
      "from_conn": "BatteryPower",
      "to_ci": "Battery_48_1",
      "to_conn": "PowerBus"
    },
    {
      "from_ci": "BatteryController_14_1",
      "from_conn": "MotorPower",
      "to_ci": "Motor_16",
      "to_conn": "MotorPower"
    },
    {
      "from_ci": "BatteryController_14_1",
      "from_conn": "MotorPower",
      "to_ci": "Motor_9",
      "to_conn": "MotorPower"
    },
    {
      "from_ci": "BatteryController_14_1",
      "from_conn": "MotorPower",
      "to_ci": "Motor_17",
      "to_conn": "MotorPower"
    },
    {
      "from_ci": "BatteryController_14_1",
      "from_conn": "MotorPower",
      "to_ci": "Motor_12",
      "to_conn": "MotorPower"
    },
    {
      "from_ci": "BatteryController_14_1",
      "from_conn": "BatteryPower",
      "to_ci": "Battery_47_1",
      "to_conn": "PowerBus"
    },
    {
      "from_ci": "BatteryController_14_1",
      "from_conn": "MotorPower",
      "to_ci": "Motor_2",
      "to_conn": "MotorPower"
    },
    {
      "from_ci": "BatteryController_14_1",
      "from_conn": "MotorPower",
      "to_ci": "Motor_8",
      "to_conn": "MotorPower"
    },
    {
      "from_ci": "BatteryController_14_1",
      "from_conn": "MotorPower",
      "to_ci": "Motor_21",
      "to_conn": "MotorPower"
    },
    {
      "from_ci": "BatteryController_14_1",
      "from_conn": "MotorPower",
      "to_ci": "Motor_4",
      "to_conn": "MotorPower"
    },
    {
      "from_ci": "BatteryController_14_1",
      "from_conn": "MotorPower",
      "to_ci": "Motor_14",
      "to_conn": "MotorPower"
    },
    {
      "from_ci": "BatteryController_14_1",
      "from_conn": "MotorPower",
      "to_ci": "Motor_10",
      "to_conn": "MotorPower"
    },
    {
      "from_ci": "BatteryController_14_1",
      "from_conn": "MotorPower",
      "to_ci": "Motor_3",
      "to_conn": "MotorPower"
    },
    {
      "from_ci": "BatteryController_14_1",
      "from_conn": "MotorPower",
      "to_ci": "Motor_15",
      "to_conn": "MotorPower"
    },
    {
      "from_ci": "BatteryController_14_1",
      "from_conn": "MotorPower",
      "to_ci": "Motor_20",
      "to_conn": "MotorPower"
    },
    {
      "from_ci": "BatteryController_14_1",
      "from_conn": "BatteryPower",
      "to_ci": "Battery_45_1",
      "to_conn": "PowerBus"
    },
    {
      "from_ci": "BatteryController_14_1",
      "from_conn": "MotorPower",
      "to_ci": "Motor_7",
      "to_conn": "MotorPower"
    },
    {
      "from_ci": "BatteryController_14_1",
      "from_conn": "MotorPower",
      "to_ci": "Motor_23",
      "to_conn": "MotorPower"
    },
    {
      "from_ci": "BatteryController_14_1",
      "from_conn": "MotorPower",
      "to_ci": "Motor_19",
      "to_conn": "MotorPower"
    },
    {
      "from_ci": "BatteryController_14_1",
      "from_conn": "MotorPower",
      "to_ci": "Motor_18",
      "to_conn": "MotorPower"
    },
    {
      "from_ci": "BatteryController_14_1",
      "from_conn": "BatteryPower",
      "to_ci": "Battery_44_1",
      "to_conn": "PowerBus"
    },
    {
      "from_ci": "BatteryController_14_1",
      "from_conn": "BatteryPower",
      "to_ci": "Battery_46_1",
      "to_conn": "PowerBus"
    },
    {
      "from_ci": "BatteryController_14_1",
      "from_conn": "BatteryPower",
      "to_ci": "Battery_43_1",
      "to_conn": "PowerBus"
    },
    {
      "from_ci": "BatteryController_14_1",
      "from_conn": "MotorPower",
      "to_ci": "Motor_6",
      "to_conn": "MotorPower"
    },
    {
      "from_ci": "BatteryController_14_1",
      "from_conn": "MotorPower",
      "to_ci": "Motor_13",
      "to_conn": "MotorPower"
    },
    {
      "from_ci": "BatteryController_14_1",
      "from_conn": "MotorPower",
      "to_ci": "Motor_1",
      "to_conn": "MotorPower"
    },
    {
      "from_ci": "FuselageDualSeat_14_1",
      "from_conn": "SEAT_2_CONNECTOR",
      "to_ci": "Passenger_2",
      "to_conn": "Connector"
    },
    {
      "from_ci": "FuselageDualSeat_14_1",
      "from_conn": "REAR_CONNECTOR",
      "to_ci": "StraightArmNoSides_9_1",
      "to_conn": "FRONT_CONNECTOR"
    },
    {
      "from_ci": "FuselageDualSeat_14_1",
      "from_conn": "SEAT_1_CONNECTOR",
      "to_ci": "Passenger_1",
      "to_conn": "Connector"
    },
    {
      "from_ci": "FuselageDualSeat_14_1",
      "from_conn": "TOP_CONNECTOR",
      "to_ci": "NACAPortConnector_1",
      "to_conn": "Bottom_Connector"
    },
    {
      "from_ci": "FuselageDualSeat_14_1",
      "from_conn": "RIGHT_CONNECTOR",
      "to_ci": "Wing_23_2",
      "to_conn": "Connector_2"
    },
    {
      "from_ci": "FuselageDualSeat_14_1",
      "from_conn": "LEFT_CONNECTOR",
      "to_ci": "Wing_23_1",
      "to_conn": "Connector_1"
    },
    {
      "from_ci": "Motor_1",
      "from_conn": "Prop_Connector",
      "to_ci": "Propeller_1",
      "to_conn": "MOTOR_CONNECTOR_CS_IN"
    },
    {
      "from_ci": "Motor_10",
      "from_conn": "Prop_Connector",
      "to_ci": "Propeller_10",
      "to_conn": "MOTOR_CONNECTOR_CS_IN"
    },
    {
      "from_ci": "Motor_11",
      "from_conn": "Prop_Connector",
      "to_ci": "Propeller_11",
      "to_conn": "MOTOR_CONNECTOR_CS_IN"
    },
    {
      "from_ci": "Motor_12",
      "from_conn": "Prop_Connector",
      "to_ci": "Propeller_12",
      "to_conn": "MOTOR_CONNECTOR_CS_IN"
    },
    {
      "from_ci": "Motor_13",
      "from_conn": "Prop_Connector",
      "to_ci": "Propeller_13",
      "to_conn": "MOTOR_CONNECTOR_CS_IN"
    },
    {
      "from_ci": "Motor_14",
      "from_conn": "Prop_Connector",
      "to_ci": "Propeller_14",
      "to_conn": "MOTOR_CONNECTOR_CS_IN"
    },
    {
      "from_ci": "Motor_15",
      "from_conn": "Prop_Connector",
      "to_ci": "Propeller_15",
      "to_conn": "MOTOR_CONNECTOR_CS_IN"
    },
    {
      "from_ci": "Motor_16",
      "from_conn": "Prop_Connector",
      "to_ci": "Propeller_16",
      "to_conn": "MOTOR_CONNECTOR_CS_IN"
    },
    {
      "from_ci": "Motor_17",
      "from_conn": "Prop_Connector",
      "to_ci": "Propeller_17",
      "to_conn": "MOTOR_CONNECTOR_CS_IN"
    },
    {
      "from_ci": "Motor_18",
      "from_conn": "Prop_Connector",
      "to_ci": "Propeller_18",
      "to_conn": "MOTOR_CONNECTOR_CS_IN"
    },
    {
      "from_ci": "Motor_19",
      "from_conn": "Prop_Connector",
      "to_ci": "Propeller_19",
      "to_conn": "MOTOR_CONNECTOR_CS_IN"
    },
    {
      "from_ci": "Motor_2",
      "from_conn": "Prop_Connector",
      "to_ci": "Propeller_2",
      "to_conn": "MOTOR_CONNECTOR_CS_IN"
    },
    {
      "from_ci": "Motor_20",
      "from_conn": "Prop_Connector",
      "to_ci": "Propeller_20",
      "to_conn": "MOTOR_CONNECTOR_CS_IN"
    },
    {
      "from_ci": "Motor_21",
      "from_conn": "Prop_Connector",
      "to_ci": "Propeller_21",
      "to_conn": "MOTOR_CONNECTOR_CS_IN"
    },
    {
      "from_ci": "Motor_22",
      "from_conn": "Prop_Connector",
      "to_ci": "Propeller_22",
      "to_conn": "MOTOR_CONNECTOR_CS_IN"
    },
    {
      "from_ci": "Motor_23",
      "from_conn": "Prop_Connector",
      "to_ci": "Propeller_23",
      "to_conn": "MOTOR_CONNECTOR_CS_IN"
    },
    {
      "from_ci": "Motor_24",
      "from_conn": "Prop_Connector",
      "to_ci": "Propeller_24",
      "to_conn": "MOTOR_CONNECTOR_CS_IN"
    },
    {
      "from_ci": "Motor_3",
      "from_conn": "Prop_Connector",
      "to_ci": "Propeller_3",
      "to_conn": "MOTOR_CONNECTOR_CS_IN"
    },
    {
      "from_ci": "Motor_4",
      "from_conn": "Prop_Connector",
      "to_ci": "Propeller_4",
      "to_conn": "MOTOR_CONNECTOR_CS_IN"
    },
    {
      "from_ci": "Motor_5",
      "from_conn": "Prop_Connector",
      "to_ci": "Propeller_5",
      "to_conn": "MOTOR_CONNECTOR_CS_IN"
    },
    {
      "from_ci": "Motor_6",
      "from_conn": "Prop_Connector",
      "to_ci": "Propeller_6",
      "to_conn": "MOTOR_CONNECTOR_CS_IN"
    },
    {
      "from_ci": "Motor_7",
      "from_conn": "Prop_Connector",
      "to_ci": "Propeller_7",
      "to_conn": "MOTOR_CONNECTOR_CS_IN"
    },
    {
      "from_ci": "Motor_8",
      "from_conn": "Prop_Connector",
      "to_ci": "Propeller_8",
      "to_conn": "MOTOR_CONNECTOR_CS_IN"
    },
    {
      "from_ci": "Motor_9",
      "from_conn": "Prop_Connector",
      "to_ci": "Propeller_9",
      "to_conn": "MOTOR_CONNECTOR_CS_IN"
    },
    {
      "from_ci": "NACAPortConnector_1",
      "from_conn": "End_Connector_2",
      "to_ci": "Wing_22_2",
      "to_conn": "Connector_2"
    },
    {
      "from_ci": "NACAPortConnector_1",
      "from_conn": "End_Connector_1",
      "to_ci": "Wing_22_1",
      "to_conn": "Connector_1"
    },
    {
      "from_ci": "NACAPortConnector_2",
      "from_conn": "End_Connector_1",
      "to_ci": "Wing_24_1",
      "to_conn": "Connector_1"
    },
    {
      "from_ci": "NACAPortConnector_2",
      "from_conn": "End_Connector_2",
      "to_ci": "Wing_24_2",
      "to_conn": "Connector_2"
    },
    {
      "from_ci": "Orient",
      "from_conn": "ORIENTCONN",
      "to_ci": "FuselageDualSeat_14_1",
      "to_conn": "ORIENT"
    },
    {
      "from_ci": "StraightArmNoSides_9_1",
      "from_conn": "REAR_CONNECTOR",
      "to_ci": "StraightArm_60_1",
      "to_conn": "FRONT_CONNECTOR"
    },
    {
      "from_ci": "StraightArm_55_1",
      "from_conn": "TOP_CONNECTOR",
      "to_ci": "Motor_2",
      "to_conn": "Base_Connector"
    },
    {
      "from_ci": "StraightArm_55_1",
      "from_conn": "BOTTOM_CONNECTOR",
      "to_ci": "Motor_1",
      "to_conn": "Base_Connector"
    },
    {
      "from_ci": "StraightArm_55_1",
      "from_conn": "REAR_CONNECTOR",
      "to_ci": "StraightArm_56_1",
      "to_conn": "FRONT_CONNECTOR"
    },
    {
      "from_ci": "StraightArm_55_2",
      "from_conn": "REAR_CONNECTOR",
      "to_ci": "StraightArm_56_2",
      "to_conn": "FRONT_CONNECTOR"
    },
    {
      "from_ci": "StraightArm_55_2",
      "from_conn": "TOP_CONNECTOR",
      "to_ci": "Motor_6",
      "to_conn": "Base_Connector"
    },
    {
      "from_ci": "StraightArm_55_2",
      "from_conn": "BOTTOM_CONNECTOR",
      "to_ci": "Motor_5",
      "to_conn": "Base_Connector"
    },
    {
      "from_ci": "StraightArm_56_1",
      "from_conn": "TOP_CONNECTOR",
      "to_ci": "Motor_4",
      "to_conn": "Base_Connector"
    },
    {
      "from_ci": "StraightArm_56_1",
      "from_conn": "BOTTOM_CONNECTOR",
      "to_ci": "Motor_3",
      "to_conn": "Base_Connector"
    },
    {
      "from_ci": "StraightArm_56_2",
      "from_conn": "TOP_CONNECTOR",
      "to_ci": "Motor_8",
      "to_conn": "Base_Connector"
    },
    {
      "from_ci": "StraightArm_56_2",
      "from_conn": "BOTTOM_CONNECTOR",
      "to_ci": "Motor_7",
      "to_conn": "Base_Connector"
    },
    {
      "from_ci": "StraightArm_57_1",
      "from_conn": "FRONT_CONNECTOR",
      "to_ci": "StraightArm_58_1",
      "to_conn": "FRONT_CONNECTOR"
    },
    {
      "from_ci": "StraightArm_57_1",
      "from_conn": "BOTTOM_CONNECTOR",
      "to_ci": "Motor_11",
      "to_conn": "Base_Connector"
    },
    {
      "from_ci": "StraightArm_57_1",
      "from_conn": "REAR_CONNECTOR",
      "to_ci": "StraightArm_58_2",
      "to_conn": "FRONT_CONNECTOR"
    },
    {
      "from_ci": "StraightArm_57_1",
      "from_conn": "TOP_CONNECTOR",
      "to_ci": "Motor_12",
      "to_conn": "Base_Connector"
    },
    {
      "from_ci": "StraightArm_57_2",
      "from_conn": "FRONT_CONNECTOR",
      "to_ci": "StraightArm_58_3",
      "to_conn": "FRONT_CONNECTOR"
    },
    {
      "from_ci": "StraightArm_57_2",
      "from_conn": "TOP_CONNECTOR",
      "to_ci": "Motor_19",
      "to_conn": "Base_Connector"
    },
    {
      "from_ci": "StraightArm_57_2",
      "from_conn": "BOTTOM_CONNECTOR",
      "to_ci": "Motor_18",
      "to_conn": "Base_Connector"
    },
    {
      "from_ci": "StraightArm_57_2",
      "from_conn": "REAR_CONNECTOR",
      "to_ci": "StraightArm_58_4",
      "to_conn": "FRONT_CONNECTOR"
    },
    {
      "from_ci": "StraightArm_58_1",
      "from_conn": "BOTTOM_CONNECTOR",
      "to_ci": "Motor_13",
      "to_conn": "Base_Connector"
    },
    {
      "from_ci": "StraightArm_58_1",
      "from_conn": "REAR_CONNECTOR",
      "to_ci": "Motor_17",
      "to_conn": "Base_Connector"
    },
    {
      "from_ci": "StraightArm_58_1",
      "from_conn": "TOP_CONNECTOR",
      "to_ci": "Motor_14",
      "to_conn": "Base_Connector"
    },
    {
      "from_ci": "StraightArm_58_2",
      "from_conn": "BOTTOM_CONNECTOR",
      "to_ci": "Motor_15",
      "to_conn": "Base_Connector"
    },
    {
      "from_ci": "StraightArm_58_2",
      "from_conn": "TOP_CONNECTOR",
      "to_ci": "Motor_16",
      "to_conn": "Base_Connector"
    },
    {
      "from_ci": "StraightArm_58_3",
      "from_conn": "REAR_CONNECTOR",
      "to_ci": "Motor_24",
      "to_conn": "Base_Connector"
    },
    {
      "from_ci": "StraightArm_58_3",
      "from_conn": "TOP_CONNECTOR",
      "to_ci": "Motor_21",
      "to_conn": "Base_Connector"
    },
    {
      "from_ci": "StraightArm_58_3",
      "from_conn": "BOTTOM_CONNECTOR",
      "to_ci": "Motor_20",
      "to_conn": "Base_Connector"
    },
    {
      "from_ci": "StraightArm_58_4",
      "from_conn": "TOP_CONNECTOR",
      "to_ci": "Motor_23",
      "to_conn": "Base_Connector"
    },
    {
      "from_ci": "StraightArm_58_4",
      "from_conn": "BOTTOM_CONNECTOR",
      "to_ci": "Motor_22",
      "to_conn": "Base_Connector"
    },
    {
      "from_ci": "StraightArm_59_1",
      "from_conn": "TOP_CONNECTOR",
      "to_ci": "NACAPortConnector_2",
      "to_conn": "Bottom_Connector"
    },
    {
      "from_ci": "StraightArm_60_1",
      "from_conn": "BOTTOM_CONNECTOR",
      "to_ci": "Motor_9",
      "to_conn": "Base_Connector"
    },
    {
      "from_ci": "StraightArm_60_1",
      "from_conn": "TOP_CONNECTOR",
      "to_ci": "Motor_10",
      "to_conn": "Base_Connector"
    },
    {
      "from_ci": "StraightArm_60_1",
      "from_conn": "REAR_CONNECTOR",
      "to_ci": "StraightArm_59_1",
      "to_conn": "FRONT_CONNECTOR"
    },
    {
      "from_ci": "Wing_22_1",
      "from_conn": "Battery_Connector_1",
      "to_ci": "Battery_43_1",
      "to_conn": "Battery_Connector_1_out"
    },
    {
      "from_ci": "Wing_22_2",
      "from_conn": "Battery_Connector_2",
      "to_ci": "Battery_44_1",
      "to_conn": "Battery_Connector_2_out"
    },
    {
      "from_ci": "Wing_23_1",
      "from_conn": "Battery_Connector_1",
      "to_ci": "Battery_45_1",
      "to_conn": "Battery_Connector_1_out"
    },
    {
      "from_ci": "Wing_23_1",
      "from_conn": "Connector_2",
      "to_ci": "StraightArm_55_1",
      "to_conn": "RIGHT_CONNECTOR"
    },
    {
      "from_ci": "Wing_23_2",
      "from_conn": "Battery_Connector_2",
      "to_ci": "Battery_46_1",
      "to_conn": "Battery_Connector_2_out"
    },
    {
      "from_ci": "Wing_23_2",
      "from_conn": "Connector_1",
      "to_ci": "StraightArm_55_2",
      "to_conn": "LEFT_CONNECTOR"
    },
    {
      "from_ci": "Wing_24_1",
      "from_conn": "Battery_Connector_1",
      "to_ci": "Battery_47_1",
      "to_conn": "Battery_Connector_1_out"
    },
    {
      "from_ci": "Wing_24_1",
      "from_conn": "Connector_2",
      "to_ci": "StraightArm_57_1",
      "to_conn": "RIGHT_CONNECTOR"
    },
    {
      "from_ci": "Wing_24_2",
      "from_conn": "Connector_1",
      "to_ci": "StraightArm_57_2",
      "to_conn": "LEFT_CONNECTOR"
    },
    {
      "from_ci": "Wing_24_2",
      "from_conn": "Battery_Connector_2",
      "to_ci": "Battery_48_1",
      "to_conn": "Battery_Connector_2_out"
    }
  ]
}
