{
    "Autopilot_UAV": "Autopilot",
    "BatteryController_BOTH": "BatteryController",
    "Battery_UAV": "Battery",
    "CargoCase_UAV": "CargoCase",
    "Cargo_UAV": "Cargo",
    "Current_UAV": "Current",
    "Flange_UAV": "Flange",
    "GPS_UAV": "GPS",
    "Motor_Both": "Motor",
    "Motor_UAV": "Motor",
    "Orient_Both": "Orient",
    "Para_Hub_2_UAV2": "Hub2",
    "Para_Hub_3_UAV3": "Hub3",
    "Para_Hub_4_UAV4": "Hub4",
    "Propeller_UAV": "Propeller",
    "RpmTemp_UAV": "RpmTemp",
    "Tube_UAV": "Tube",
    "UAV_Fuselage_UAV": "Fuselage",
    "Variometer_UAV": "Variometer",
    "Voltage_UAV": "Voltage",
    "Wing_UAV": "Wing",
    "Para_Hub_5_UAV5": "Hub5"
}
