{
  "extra": {
    "generator_version": "2022-05-23"
  },
  "name": "design_20_27e4a804_cc82_4439_8357_29eaab6cdcff",
  "parameters": [
    {
      "parameter_name": "TailWingWithPropArm_2_TAIL_LENGTH",
      "value": "1431.4343911582687",
      "component_properties": [
        {
          "component_name": "StraightArm_11_1",
          "component_property": "LENGTH"
        }
      ]
    },
    {
      "parameter_name": "WingPair_3_AILERON_BIAS",
      "value": "0.10230518661053944",
      "component_properties": [
        {
          "component_name": "Wing_5_1",
          "component_property": "AILERON_BIAS"
        },
        {
          "component_name": "Wing_5_2",
          "component_property": "AILERON_BIAS"
        }
      ]
    },
    {
      "parameter_name": "WingPair_3_LOAD",
      "value": "7975.374942614354",
      "component_properties": [
        {
          "component_name": "Wing_5_1",
          "component_property": "LOAD"
        },
        {
          "component_name": "Wing_5_2",
          "component_property": "LOAD"
        }
      ]
    },
    {
      "parameter_name": "FrontBackPropArmMulti_3_PROP_OFFSET",
      "value": "497.81664001531004",
      "component_properties": [
        {
          "component_name": "StraightArm_8_1",
          "component_property": "TOP_CONN_DISP"
        },
        {
          "component_name": "StraightArm_8_1",
          "component_property": "BOTTOM_CONN_DISP"
        },
        {
          "component_name": "StraightArm_8_1",
          "component_property": "LEFT_CONN_DISP"
        },
        {
          "component_name": "StraightArm_8_1",
          "component_property": "RIGHT_CONN_DISP"
        },
        {
          "component_name": "StraightArm_8_2",
          "component_property": "TOP_CONN_DISP"
        },
        {
          "component_name": "StraightArm_8_2",
          "component_property": "BOTTOM_CONN_DISP"
        },
        {
          "component_name": "StraightArm_8_2",
          "component_property": "LEFT_CONN_DISP"
        },
        {
          "component_name": "StraightArm_8_2",
          "component_property": "RIGHT_CONN_DISP"
        }
      ]
    },
    {
      "parameter_name": "Wing_5_NACA_Profile",
      "value": "2518",
      "component_properties": [
        {
          "component_name": "Wing_5_1",
          "component_property": "NACA_Profile"
        },
        {
          "component_name": "Wing_5_2",
          "component_property": "NACA_Profile"
        }
      ]
    },
    {
      "parameter_name": "GLOBAL_VOLTAGE",
      "value": "802.9000000000001",
      "component_properties": [
        {
          "component_name": "Battery_5_1",
          "component_property": "VOLTAGE_REQUEST"
        },
        {
          "component_name": "Battery_6_1",
          "component_property": "VOLTAGE_REQUEST"
        },
        {
          "component_name": "Battery_7_1",
          "component_property": "VOLTAGE_REQUEST"
        },
        {
          "component_name": "Battery_8_1",
          "component_property": "VOLTAGE_REQUEST"
        },
        {
          "component_name": "Battery_9_1",
          "component_property": "VOLTAGE_REQUEST"
        },
        {
          "component_name": "Battery_10_1",
          "component_property": "VOLTAGE_REQUEST"
        }
      ]
    },
    {
      "parameter_name": "NACA_6521_THICKNESS",
      "value": "21",
      "component_properties": [
        {
          "component_name": "Wing_4_1",
          "component_property": "THICKNESS"
        },
        {
          "component_name": "Battery_7_1",
          "component_property": "THICKNESS"
        },
        {
          "component_name": "Wing_4_2",
          "component_property": "THICKNESS"
        },
        {
          "component_name": "Battery_8_1",
          "component_property": "THICKNESS"
        }
      ]
    },
    {
      "parameter_name": "FuselageDualSeat_2_SEAT_1_LR",
      "value": "0.0",
      "component_properties": [
        {
          "component_name": "FuselageDualSeat_2_1",
          "component_property": "SEAT_1_LR"
        }
      ]
    },
    {
      "parameter_name": "WingPair_3_FLAP_BIAS",
      "value": "0.2719938737152591",
      "component_properties": [
        {
          "component_name": "Wing_5_1",
          "component_property": "FLAP_BIAS"
        },
        {
          "component_name": "Wing_5_2",
          "component_property": "FLAP_BIAS"
        }
      ]
    },
    {
      "parameter_name": "PosPropDir",
      "value": "1",
      "component_properties": [
        {
          "component_name": "Propeller_2",
          "component_property": "Direction"
        },
        {
          "component_name": "Propeller_3",
          "component_property": "Direction"
        },
        {
          "component_name": "Propeller_6",
          "component_property": "Direction"
        },
        {
          "component_name": "Propeller_8",
          "component_property": "Direction"
        },
        {
          "component_name": "Propeller_9",
          "component_property": "Direction"
        },
        {
          "component_name": "Propeller_11",
          "component_property": "Direction"
        },
        {
          "component_name": "Propeller_13",
          "component_property": "Direction"
        },
        {
          "component_name": "Propeller_16",
          "component_property": "Direction"
        },
        {
          "component_name": "Propeller_17",
          "component_property": "Direction"
        }
      ]
    },
    {
      "parameter_name": "FuselageDualSeat_2_LENGTH",
      "value": "4086.6267676199423",
      "component_properties": [
        {
          "component_name": "FuselageDualSeat_2_1",
          "component_property": "LENGTH"
        }
      ]
    },
    {
      "parameter_name": "NACA_2518_THICKNESS",
      "value": "18",
      "component_properties": [
        {
          "component_name": "NACAPortConnector_2",
          "component_property": "THICKNESS"
        },
        {
          "component_name": "Wing_5_1",
          "component_property": "THICKNESS"
        },
        {
          "component_name": "Battery_9_1",
          "component_property": "THICKNESS"
        },
        {
          "component_name": "Wing_5_2",
          "component_property": "THICKNESS"
        },
        {
          "component_name": "Battery_10_1",
          "component_property": "THICKNESS"
        }
      ]
    },
    {
      "parameter_name": "SideMountedPropArmSegment_3_OFFSET",
      "value": "579.2057315444579",
      "component_properties": [
        {
          "component_name": "StraightArm_7_1",
          "component_property": "TOP_CONN_DISP"
        },
        {
          "component_name": "StraightArm_7_1",
          "component_property": "BOTTOM_CONN_DISP"
        },
        {
          "component_name": "StraightArm_7_1",
          "component_property": "LEFT_CONN_DISP"
        },
        {
          "component_name": "StraightArm_7_1",
          "component_property": "RIGHT_CONN_DISP"
        },
        {
          "component_name": "StraightArm_7_2",
          "component_property": "TOP_CONN_DISP"
        },
        {
          "component_name": "StraightArm_7_2",
          "component_property": "BOTTOM_CONN_DISP"
        },
        {
          "component_name": "StraightArm_7_2",
          "component_property": "LEFT_CONN_DISP"
        },
        {
          "component_name": "StraightArm_7_2",
          "component_property": "RIGHT_CONN_DISP"
        }
      ]
    },
    {
      "parameter_name": "NegPropType",
      "value": "-1",
      "component_properties": [
        {
          "component_name": "Propeller_4",
          "component_property": "Prop_type"
        },
        {
          "component_name": "Propeller_3",
          "component_property": "Prop_type"
        },
        {
          "component_name": "Propeller_10",
          "component_property": "Prop_type"
        },
        {
          "component_name": "Propeller_9",
          "component_property": "Prop_type"
        },
        {
          "component_name": "Propeller_11",
          "component_property": "Prop_type"
        },
        {
          "component_name": "Propeller_12",
          "component_property": "Prop_type"
        },
        {
          "component_name": "Propeller_13",
          "component_property": "Prop_type"
        },
        {
          "component_name": "Propeller_14",
          "component_property": "Prop_type"
        },
        {
          "component_name": "Propeller_18",
          "component_property": "Prop_type"
        },
        {
          "component_name": "Propeller_17",
          "component_property": "Prop_type"
        }
      ]
    },
    {
      "parameter_name": "ControlChannelAuto",
      "value": "-1",
      "component_properties": [
        {
          "component_name": "Motor_2",
          "component_property": "CONTROL_CHANNEL"
        },
        {
          "component_name": "Motor_1",
          "component_property": "CONTROL_CHANNEL"
        },
        {
          "component_name": "Motor_4",
          "component_property": "CONTROL_CHANNEL"
        },
        {
          "component_name": "Motor_3",
          "component_property": "CONTROL_CHANNEL"
        },
        {
          "component_name": "Motor_6",
          "component_property": "CONTROL_CHANNEL"
        },
        {
          "component_name": "Motor_5",
          "component_property": "CONTROL_CHANNEL"
        },
        {
          "component_name": "Motor_7",
          "component_property": "CONTROL_CHANNEL"
        },
        {
          "component_name": "Motor_8",
          "component_property": "CONTROL_CHANNEL"
        },
        {
          "component_name": "Motor_10",
          "component_property": "CONTROL_CHANNEL"
        },
        {
          "component_name": "Motor_9",
          "component_property": "CONTROL_CHANNEL"
        },
        {
          "component_name": "Motor_11",
          "component_property": "CONTROL_CHANNEL"
        },
        {
          "component_name": "Motor_12",
          "component_property": "CONTROL_CHANNEL"
        },
        {
          "component_name": "Motor_13",
          "component_property": "CONTROL_CHANNEL"
        },
        {
          "component_name": "Motor_14",
          "component_property": "CONTROL_CHANNEL"
        },
        {
          "component_name": "Motor_16",
          "component_property": "CONTROL_CHANNEL"
        },
        {
          "component_name": "Motor_15",
          "component_property": "CONTROL_CHANNEL"
        },
        {
          "component_name": "Motor_18",
          "component_property": "CONTROL_CHANNEL"
        },
        {
          "component_name": "Motor_17",
          "component_property": "CONTROL_CHANNEL"
        }
      ]
    },
    {
      "parameter_name": "FrontBackPropArmMulti_3_PROP_SEGMENT_LENGTH",
      "value": "737.5432309823082",
      "component_properties": [
        {
          "component_name": "StraightArm_8_1",
          "component_property": "LENGTH"
        },
        {
          "component_name": "StraightArm_8_2",
          "component_property": "LENGTH"
        }
      ]
    },
    {
      "parameter_name": "WingWithBatteryMain_2_CHORD_OUTER",
      "value": "702.6645309914429",
      "component_properties": [
        {
          "component_name": "Wing_4_1",
          "component_property": "CHORD_2"
        },
        {
          "component_name": "Battery_7_1",
          "component_property": "CHORD_2"
        },
        {
          "component_name": "Wing_4_2",
          "component_property": "CHORD_1"
        },
        {
          "component_name": "Battery_8_1",
          "component_property": "CHORD_1"
        }
      ]
    },
    {
      "parameter_name": "Wing_4_NACA_Profile",
      "value": "6521",
      "component_properties": [
        {
          "component_name": "Wing_4_1",
          "component_property": "NACA_Profile"
        },
        {
          "component_name": "Wing_4_2",
          "component_property": "NACA_Profile"
        }
      ]
    },
    {
      "parameter_name": "WingPair_2_FLAP_BIAS",
      "value": "0.6171727654936652",
      "component_properties": [
        {
          "component_name": "Wing_3_1",
          "component_property": "FLAP_BIAS"
        },
        {
          "component_name": "Wing_3_2",
          "component_property": "FLAP_BIAS"
        }
      ]
    },
    {
      "parameter_name": "WingWithBatteryMain_2_VOLUME_PERCENT",
      "value": "53.39270350078614",
      "component_properties": [
        {
          "component_name": "Battery_7_1",
          "component_property": "VOLUME_PERCENT"
        },
        {
          "component_name": "Battery_8_1",
          "component_property": "VOLUME_PERCENT"
        }
      ]
    },
    {
      "parameter_name": "WingWithBatteryMain_2_TAPER_OFFSET",
      "value": "1",
      "component_properties": [
        {
          "component_name": "Wing_4_1",
          "component_property": "TAPER_OFFSET"
        },
        {
          "component_name": "Battery_7_1",
          "component_property": "TAPER_OFFSET"
        },
        {
          "component_name": "Wing_4_2",
          "component_property": "TAPER_OFFSET"
        },
        {
          "component_name": "Battery_8_1",
          "component_property": "TAPER_OFFSET"
        }
      ]
    },
    {
      "parameter_name": "SideMountedPropArmSegment_3_LENGTH",
      "value": "950.410156535575",
      "component_properties": [
        {
          "component_name": "StraightArm_7_1",
          "component_property": "LENGTH"
        },
        {
          "component_name": "StraightArm_7_2",
          "component_property": "LENGTH"
        }
      ]
    },
    {
      "parameter_name": "WingWithBatteryMain_2_LOAD",
      "value": "7512.9976522878715",
      "component_properties": [
        {
          "component_name": "Wing_4_1",
          "component_property": "LOAD"
        },
        {
          "component_name": "Wing_4_2",
          "component_property": "LOAD"
        }
      ]
    },
    {
      "parameter_name": "WingWithBatteryMain_2_SPAN",
      "value": "3485.6215702000845",
      "component_properties": [
        {
          "component_name": "Wing_4_1",
          "component_property": "SPAN"
        },
        {
          "component_name": "Battery_7_1",
          "component_property": "SPAN"
        },
        {
          "component_name": "Wing_4_2",
          "component_property": "SPAN"
        },
        {
          "component_name": "Battery_8_1",
          "component_property": "SPAN"
        }
      ]
    },
    {
      "parameter_name": "FuselageDualSeat_2_SEAT_2_LR",
      "value": "0.0",
      "component_properties": [
        {
          "component_name": "FuselageDualSeat_2_1",
          "component_property": "SEAT_2_LR"
        }
      ]
    },
    {
      "parameter_name": "PosPropType",
      "value": "1",
      "component_properties": [
        {
          "component_name": "Propeller_2",
          "component_property": "Prop_type"
        },
        {
          "component_name": "Propeller_1",
          "component_property": "Prop_type"
        },
        {
          "component_name": "Propeller_6",
          "component_property": "Prop_type"
        },
        {
          "component_name": "Propeller_5",
          "component_property": "Prop_type"
        },
        {
          "component_name": "Propeller_7",
          "component_property": "Prop_type"
        },
        {
          "component_name": "Propeller_8",
          "component_property": "Prop_type"
        },
        {
          "component_name": "Propeller_16",
          "component_property": "Prop_type"
        },
        {
          "component_name": "Propeller_15",
          "component_property": "Prop_type"
        }
      ]
    },
    {
      "parameter_name": "WingPair_2_VOLUME_PERCENT",
      "value": "80.47582738669146",
      "component_properties": [
        {
          "component_name": "Battery_5_1",
          "component_property": "VOLUME_PERCENT"
        },
        {
          "component_name": "Battery_6_1",
          "component_property": "VOLUME_PERCENT"
        }
      ]
    },
    {
      "parameter_name": "WingWithBatteryMain_2_FLAP_BIAS",
      "value": "0.2526893026445951",
      "component_properties": [
        {
          "component_name": "Wing_4_1",
          "component_property": "FLAP_BIAS"
        },
        {
          "component_name": "Wing_4_2",
          "component_property": "FLAP_BIAS"
        }
      ]
    },
    {
      "parameter_name": "WingPair_2_AILERON_BIAS",
      "value": "0.8604335404379214",
      "component_properties": [
        {
          "component_name": "Wing_3_1",
          "component_property": "AILERON_BIAS"
        },
        {
          "component_name": "Wing_3_2",
          "component_property": "AILERON_BIAS"
        }
      ]
    },
    {
      "parameter_name": "FuselageDualSeat_2_TAIL_DIAMETER",
      "value": "400.0",
      "component_properties": [
        {
          "component_name": "FuselageDualSeat_2_1",
          "component_property": "TAIL_DIAMETER"
        }
      ]
    },
    {
      "parameter_name": "RightMountSide",
      "value": "2",
      "component_properties": [
        {
          "component_name": "Battery_6_1",
          "component_property": "MOUNT_SIDE"
        },
        {
          "component_name": "Battery_8_1",
          "component_property": "MOUNT_SIDE"
        },
        {
          "component_name": "Battery_10_1",
          "component_property": "MOUNT_SIDE"
        }
      ]
    },
    {
      "parameter_name": "NegPropDir",
      "value": "-1",
      "component_properties": [
        {
          "component_name": "Propeller_1",
          "component_property": "Direction"
        },
        {
          "component_name": "Propeller_4",
          "component_property": "Direction"
        },
        {
          "component_name": "Propeller_5",
          "component_property": "Direction"
        },
        {
          "component_name": "Propeller_7",
          "component_property": "Direction"
        },
        {
          "component_name": "Propeller_10",
          "component_property": "Direction"
        },
        {
          "component_name": "Propeller_12",
          "component_property": "Direction"
        },
        {
          "component_name": "Propeller_14",
          "component_property": "Direction"
        },
        {
          "component_name": "Propeller_15",
          "component_property": "Direction"
        },
        {
          "component_name": "Propeller_18",
          "component_property": "Direction"
        }
      ]
    },
    {
      "parameter_name": "WingPair_3_VOLUME_PERCENT",
      "value": "84.18773178327982",
      "component_properties": [
        {
          "component_name": "Battery_9_1",
          "component_property": "VOLUME_PERCENT"
        },
        {
          "component_name": "Battery_10_1",
          "component_property": "VOLUME_PERCENT"
        }
      ]
    },
    {
      "parameter_name": "FuselageDualSeat_2_SEAT_2_FB",
      "value": "-500.0",
      "component_properties": [
        {
          "component_name": "FuselageDualSeat_2_1",
          "component_property": "SEAT_2_FB"
        }
      ]
    },
    {
      "parameter_name": "TailWingWithPropArm_2_PROP_OFFSET",
      "value": "734.0068476034447",
      "component_properties": [
        {
          "component_name": "StraightArm_12_1",
          "component_property": "TOP_CONN_DISP"
        },
        {
          "component_name": "StraightArm_12_1",
          "component_property": "BOTTOM_CONN_DISP"
        },
        {
          "component_name": "StraightArm_12_1",
          "component_property": "LEFT_CONN_DISP"
        },
        {
          "component_name": "StraightArm_12_1",
          "component_property": "RIGHT_CONN_DISP"
        }
      ]
    },
    {
      "parameter_name": "FuselageDualSeat_2_SPHERE_DIAMETER",
      "value": "1366.0290787183028",
      "component_properties": [
        {
          "component_name": "FuselageDualSeat_2_1",
          "component_property": "SPHERE_DIAMETER"
        }
      ]
    },
    {
      "parameter_name": "SideMountedPropArmSegment_2_LENGTH",
      "value": "1004.3528430607049",
      "component_properties": [
        {
          "component_name": "StraightArm_5_1",
          "component_property": "LENGTH"
        },
        {
          "component_name": "StraightArm_5_2",
          "component_property": "LENGTH"
        }
      ]
    },
    {
      "parameter_name": "TailWingWithPropArm_2_TAIL_FIRST_LENGTH",
      "value": "782.58516438658",
      "component_properties": [
        {
          "component_name": "StraightArmNoSides_2_1",
          "component_property": "LENGTH"
        }
      ]
    },
    {
      "parameter_name": "WingPair_3_TAPER_OFFSET",
      "value": "1",
      "component_properties": [
        {
          "component_name": "Wing_5_1",
          "component_property": "TAPER_OFFSET"
        },
        {
          "component_name": "Battery_9_1",
          "component_property": "TAPER_OFFSET"
        },
        {
          "component_name": "Wing_5_2",
          "component_property": "TAPER_OFFSET"
        },
        {
          "component_name": "Battery_10_1",
          "component_property": "TAPER_OFFSET"
        }
      ]
    },
    {
      "parameter_name": "WingPair_3_CHORD_OUTER",
      "value": "1073.016727092651",
      "component_properties": [
        {
          "component_name": "Wing_5_1",
          "component_property": "CHORD_2"
        },
        {
          "component_name": "Battery_9_1",
          "component_property": "CHORD_2"
        },
        {
          "component_name": "Wing_5_2",
          "component_property": "CHORD_1"
        },
        {
          "component_name": "Battery_10_1",
          "component_property": "CHORD_1"
        }
      ]
    },
    {
      "parameter_name": "TailWingWithPropArm_2_PROP_SEGMENT_LENGTH",
      "value": "893.1720135346806",
      "component_properties": [
        {
          "component_name": "StraightArm_12_1",
          "component_property": "LENGTH"
        }
      ]
    },
    {
      "parameter_name": "WingPair_3_SPAN",
      "value": "11013.020247776543",
      "component_properties": [
        {
          "component_name": "Wing_5_1",
          "component_property": "SPAN"
        },
        {
          "component_name": "Battery_9_1",
          "component_property": "SPAN"
        },
        {
          "component_name": "Wing_5_2",
          "component_property": "SPAN"
        },
        {
          "component_name": "Battery_10_1",
          "component_property": "SPAN"
        }
      ]
    },
    {
      "parameter_name": "NACA_4312_THICKNESS",
      "value": "12",
      "component_properties": [
        {
          "component_name": "NACAPortConnector_1",
          "component_property": "THICKNESS"
        },
        {
          "component_name": "Wing_3_1",
          "component_property": "THICKNESS"
        },
        {
          "component_name": "Battery_5_1",
          "component_property": "THICKNESS"
        },
        {
          "component_name": "Wing_3_2",
          "component_property": "THICKNESS"
        },
        {
          "component_name": "Battery_6_1",
          "component_property": "THICKNESS"
        }
      ]
    },
    {
      "parameter_name": "WingPair_2_SPAN",
      "value": "11319.331256533413",
      "component_properties": [
        {
          "component_name": "Wing_3_1",
          "component_property": "SPAN"
        },
        {
          "component_name": "Battery_5_1",
          "component_property": "SPAN"
        },
        {
          "component_name": "Wing_3_2",
          "component_property": "SPAN"
        },
        {
          "component_name": "Battery_6_1",
          "component_property": "SPAN"
        }
      ]
    },
    {
      "parameter_name": "FuselageDualSeat_2_MIDDLE_LENGTH",
      "value": "1720.6464034689016",
      "component_properties": [
        {
          "component_name": "FuselageDualSeat_2_1",
          "component_property": "MIDDLE_LENGTH"
        }
      ]
    },
    {
      "parameter_name": "WingPair_2_CHORD_INNER",
      "value": "3529.762867338891",
      "component_properties": [
        {
          "component_name": "NACAPortConnector_1",
          "component_property": "CHORD"
        },
        {
          "component_name": "Wing_3_1",
          "component_property": "CHORD_1"
        },
        {
          "component_name": "Battery_5_1",
          "component_property": "CHORD_1"
        },
        {
          "component_name": "Wing_3_2",
          "component_property": "CHORD_2"
        },
        {
          "component_name": "Battery_6_1",
          "component_property": "CHORD_2"
        }
      ]
    },
    {
      "parameter_name": "TailWingWithPropArm_2_TAIL_WING_OFFSET",
      "value": "0.0",
      "component_properties": [
        {
          "component_name": "StraightArm_11_1",
          "component_property": "TOP_CONN_DISP"
        },
        {
          "component_name": "StraightArm_11_1",
          "component_property": "BOTTOM_CONN_DISP"
        },
        {
          "component_name": "StraightArm_11_1",
          "component_property": "LEFT_CONN_DISP"
        },
        {
          "component_name": "StraightArm_11_1",
          "component_property": "RIGHT_CONN_DISP"
        }
      ]
    },
    {
      "parameter_name": "SideMountedPropArmSegment_4_OFFSET",
      "value": "588.8853706315894",
      "component_properties": [
        {
          "component_name": "StraightArm_9_1",
          "component_property": "TOP_CONN_DISP"
        },
        {
          "component_name": "StraightArm_9_1",
          "component_property": "BOTTOM_CONN_DISP"
        },
        {
          "component_name": "StraightArm_9_1",
          "component_property": "LEFT_CONN_DISP"
        },
        {
          "component_name": "StraightArm_9_1",
          "component_property": "RIGHT_CONN_DISP"
        },
        {
          "component_name": "StraightArm_9_2",
          "component_property": "TOP_CONN_DISP"
        },
        {
          "component_name": "StraightArm_9_2",
          "component_property": "BOTTOM_CONN_DISP"
        },
        {
          "component_name": "StraightArm_9_2",
          "component_property": "LEFT_CONN_DISP"
        },
        {
          "component_name": "StraightArm_9_2",
          "component_property": "RIGHT_CONN_DISP"
        }
      ]
    },
    {
      "parameter_name": "OrientAngle",
      "value": "0.0",
      "component_properties": [
        {
          "component_name": "Orient",
          "component_property": "Z_ANGLE"
        }
      ]
    },
    {
      "parameter_name": "SideMountedPropArmSegment_4_LENGTH",
      "value": "998.0761413044029",
      "component_properties": [
        {
          "component_name": "StraightArm_9_1",
          "component_property": "LENGTH"
        },
        {
          "component_name": "StraightArm_9_2",
          "component_property": "LENGTH"
        }
      ]
    },
    {
      "parameter_name": "WingWithBatteryMain_2_CHORD_INNER",
      "value": "3925.447403701959",
      "component_properties": [
        {
          "component_name": "Wing_4_1",
          "component_property": "CHORD_1"
        },
        {
          "component_name": "Battery_7_1",
          "component_property": "CHORD_1"
        },
        {
          "component_name": "Wing_4_2",
          "component_property": "CHORD_2"
        },
        {
          "component_name": "Battery_8_1",
          "component_property": "CHORD_2"
        }
      ]
    },
    {
      "parameter_name": "FuselageDualSeat_2_SEAT_1_FB",
      "value": "1500.0",
      "component_properties": [
        {
          "component_name": "FuselageDualSeat_2_1",
          "component_property": "SEAT_1_FB"
        }
      ]
    },
    {
      "parameter_name": "WingPair_2_TAPER_OFFSET",
      "value": "1",
      "component_properties": [
        {
          "component_name": "Wing_3_1",
          "component_property": "TAPER_OFFSET"
        },
        {
          "component_name": "Battery_5_1",
          "component_property": "TAPER_OFFSET"
        },
        {
          "component_name": "Wing_3_2",
          "component_property": "TAPER_OFFSET"
        },
        {
          "component_name": "Battery_6_1",
          "component_property": "TAPER_OFFSET"
        }
      ]
    },
    {
      "parameter_name": "WingWithBatteryMain_2_AILERON_BIAS",
      "value": "0.5046104952937253",
      "component_properties": [
        {
          "component_name": "Wing_4_1",
          "component_property": "AILERON_BIAS"
        },
        {
          "component_name": "Wing_4_2",
          "component_property": "AILERON_BIAS"
        }
      ]
    },
    {
      "parameter_name": "WingPair_2_CHORD_OUTER",
      "value": "1479.8091404740055",
      "component_properties": [
        {
          "component_name": "Wing_3_1",
          "component_property": "CHORD_2"
        },
        {
          "component_name": "Battery_5_1",
          "component_property": "CHORD_2"
        },
        {
          "component_name": "Wing_3_2",
          "component_property": "CHORD_1"
        },
        {
          "component_name": "Battery_6_1",
          "component_property": "CHORD_1"
        }
      ]
    },
    {
      "parameter_name": "WingPair_3_CHORD_INNER",
      "value": "2786.35728764313",
      "component_properties": [
        {
          "component_name": "NACAPortConnector_2",
          "component_property": "CHORD"
        },
        {
          "component_name": "Wing_5_1",
          "component_property": "CHORD_1"
        },
        {
          "component_name": "Battery_9_1",
          "component_property": "CHORD_1"
        },
        {
          "component_name": "Wing_5_2",
          "component_property": "CHORD_2"
        },
        {
          "component_name": "Battery_10_1",
          "component_property": "CHORD_2"
        }
      ]
    },
    {
      "parameter_name": "LeftMountSide",
      "value": "1",
      "component_properties": [
        {
          "component_name": "Battery_5_1",
          "component_property": "MOUNT_SIDE"
        },
        {
          "component_name": "Battery_7_1",
          "component_property": "MOUNT_SIDE"
        },
        {
          "component_name": "Battery_9_1",
          "component_property": "MOUNT_SIDE"
        }
      ]
    },
    {
      "parameter_name": "WingPair_2_LOAD",
      "value": "8530.149665017703",
      "component_properties": [
        {
          "component_name": "Wing_3_1",
          "component_property": "LOAD"
        },
        {
          "component_name": "Wing_3_2",
          "component_property": "LOAD"
        }
      ]
    },
    {
      "parameter_name": "SideMountedPropArmSegment_2_OFFSET",
      "value": "871.3669057510785",
      "component_properties": [
        {
          "component_name": "StraightArm_5_1",
          "component_property": "TOP_CONN_DISP"
        },
        {
          "component_name": "StraightArm_5_1",
          "component_property": "BOTTOM_CONN_DISP"
        },
        {
          "component_name": "StraightArm_5_1",
          "component_property": "LEFT_CONN_DISP"
        },
        {
          "component_name": "StraightArm_5_1",
          "component_property": "RIGHT_CONN_DISP"
        },
        {
          "component_name": "StraightArm_5_2",
          "component_property": "TOP_CONN_DISP"
        },
        {
          "component_name": "StraightArm_5_2",
          "component_property": "BOTTOM_CONN_DISP"
        },
        {
          "component_name": "StraightArm_5_2",
          "component_property": "LEFT_CONN_DISP"
        },
        {
          "component_name": "StraightArm_5_2",
          "component_property": "RIGHT_CONN_DISP"
        }
      ]
    },
    {
      "parameter_name": "FuselageDualSeat_2_FLOOR_HEIGHT",
      "value": "150.0",
      "component_properties": [
        {
          "component_name": "FuselageDualSeat_2_1",
          "component_property": "FLOOR_HEIGHT"
        }
      ]
    },
    {
      "parameter_name": "Wing_3_NACA_Profile",
      "value": "4312",
      "component_properties": [
        {
          "component_name": "Wing_3_1",
          "component_property": "NACA_Profile"
        },
        {
          "component_name": "Wing_3_2",
          "component_property": "NACA_Profile"
        }
      ]
    }
  ],
  "components": [
    {
      "component_instance": "BatteryController_2_1",
      "component_type": "BatteryController",
      "component_choice": "BatteryController"
    },
    {
      "component_instance": "Battery_10_1",
      "component_type": "Battery",
      "component_choice": "VitalyBeta"
    },
    {
      "component_instance": "Battery_5_1",
      "component_type": "Battery",
      "component_choice": "VitalyBeta"
    },
    {
      "component_instance": "Battery_6_1",
      "component_type": "Battery",
      "component_choice": "VitalyBeta"
    },
    {
      "component_instance": "Battery_7_1",
      "component_type": "Battery",
      "component_choice": "VitalyBeta"
    },
    {
      "component_instance": "Battery_8_1",
      "component_type": "Battery",
      "component_choice": "VitalyBeta"
    },
    {
      "component_instance": "Battery_9_1",
      "component_type": "Battery",
      "component_choice": "VitalyBeta"
    },
    {
      "component_instance": "FuselageDualSeat_2_1",
      "component_type": "Fuselage",
      "component_choice": "FUSE_SPHERE_CYL_CONE"
    },
    {
      "component_instance": "Motor_1",
      "component_type": "Motor",
      "component_choice": "MAGiDRIVE300"
    },
    {
      "component_instance": "Motor_10",
      "component_type": "Motor",
      "component_choice": "MAGiDRIVE300"
    },
    {
      "component_instance": "Motor_11",
      "component_type": "Motor",
      "component_choice": "MAGiDRIVE300"
    },
    {
      "component_instance": "Motor_12",
      "component_type": "Motor",
      "component_choice": "MAGiDRIVE300"
    },
    {
      "component_instance": "Motor_13",
      "component_type": "Motor",
      "component_choice": "MAGiDRIVE300"
    },
    {
      "component_instance": "Motor_14",
      "component_type": "Motor",
      "component_choice": "MAGiDRIVE300"
    },
    {
      "component_instance": "Motor_15",
      "component_type": "Motor",
      "component_choice": "MAGiDRIVE300"
    },
    {
      "component_instance": "Motor_16",
      "component_type": "Motor",
      "component_choice": "MAGiDRIVE300"
    },
    {
      "component_instance": "Motor_17",
      "component_type": "Motor",
      "component_choice": "MAGiDRIVE300"
    },
    {
      "component_instance": "Motor_18",
      "component_type": "Motor",
      "component_choice": "MAGiDRIVE300"
    },
    {
      "component_instance": "Motor_2",
      "component_type": "Motor",
      "component_choice": "MAGiDRIVE300"
    },
    {
      "component_instance": "Motor_3",
      "component_type": "Motor",
      "component_choice": "MAGiDRIVE300"
    },
    {
      "component_instance": "Motor_4",
      "component_type": "Motor",
      "component_choice": "MAGiDRIVE300"
    },
    {
      "component_instance": "Motor_5",
      "component_type": "Motor",
      "component_choice": "MAGiDRIVE300"
    },
    {
      "component_instance": "Motor_6",
      "component_type": "Motor",
      "component_choice": "MAGiDRIVE300"
    },
    {
      "component_instance": "Motor_7",
      "component_type": "Motor",
      "component_choice": "MAGiDRIVE300"
    },
    {
      "component_instance": "Motor_8",
      "component_type": "Motor",
      "component_choice": "MAGiDRIVE300"
    },
    {
      "component_instance": "Motor_9",
      "component_type": "Motor",
      "component_choice": "MAGiDRIVE300"
    },
    {
      "component_instance": "NACAPortConnector_1",
      "component_type": "NACA_Port_Connector",
      "component_choice": "naca_connector"
    },
    {
      "component_instance": "NACAPortConnector_2",
      "component_type": "NACA_Port_Connector",
      "component_choice": "naca_connector"
    },
    {
      "component_instance": "Orient",
      "component_type": "Orient",
      "component_choice": "Orient"
    },
    {
      "component_instance": "Passenger_1",
      "component_type": "Passenger",
      "component_choice": "Passenger"
    },
    {
      "component_instance": "Passenger_2",
      "component_type": "Passenger",
      "component_choice": "Passenger"
    },
    {
      "component_instance": "Propeller_1",
      "component_type": "Propeller",
      "component_choice": "55x10_3_2000_51_820"
    },
    {
      "component_instance": "Propeller_10",
      "component_type": "Propeller",
      "component_choice": "55x10_3_2000_51_820"
    },
    {
      "component_instance": "Propeller_11",
      "component_type": "Propeller",
      "component_choice": "55x10_3_2000_51_820"
    },
    {
      "component_instance": "Propeller_12",
      "component_type": "Propeller",
      "component_choice": "55x10_3_2000_51_820"
    },
    {
      "component_instance": "Propeller_13",
      "component_type": "Propeller",
      "component_choice": "55x10_3_2000_51_820"
    },
    {
      "component_instance": "Propeller_14",
      "component_type": "Propeller",
      "component_choice": "55x10_3_2000_51_820"
    },
    {
      "component_instance": "Propeller_15",
      "component_type": "Propeller",
      "component_choice": "55x10_3_2000_51_820"
    },
    {
      "component_instance": "Propeller_16",
      "component_type": "Propeller",
      "component_choice": "55x10_3_2000_51_820"
    },
    {
      "component_instance": "Propeller_17",
      "component_type": "Propeller",
      "component_choice": "55x10_3_2000_51_820"
    },
    {
      "component_instance": "Propeller_18",
      "component_type": "Propeller",
      "component_choice": "55x10_3_2000_51_820"
    },
    {
      "component_instance": "Propeller_2",
      "component_type": "Propeller",
      "component_choice": "55x10_3_2000_51_820"
    },
    {
      "component_instance": "Propeller_3",
      "component_type": "Propeller",
      "component_choice": "55x10_3_2000_51_820"
    },
    {
      "component_instance": "Propeller_4",
      "component_type": "Propeller",
      "component_choice": "55x10_3_2000_51_820"
    },
    {
      "component_instance": "Propeller_5",
      "component_type": "Propeller",
      "component_choice": "55x10_3_2000_51_820"
    },
    {
      "component_instance": "Propeller_6",
      "component_type": "Propeller",
      "component_choice": "55x10_3_2000_51_820"
    },
    {
      "component_instance": "Propeller_7",
      "component_type": "Propeller",
      "component_choice": "55x10_3_2000_51_820"
    },
    {
      "component_instance": "Propeller_8",
      "component_type": "Propeller",
      "component_choice": "55x10_3_2000_51_820"
    },
    {
      "component_instance": "Propeller_9",
      "component_type": "Propeller",
      "component_choice": "55x10_3_2000_51_820"
    },
    {
      "component_instance": "StraightArmNoSides_2_1",
      "component_type": "Cylinder",
      "component_choice": "PORTED_CYL"
    },
    {
      "component_instance": "StraightArm_11_1",
      "component_type": "Cylinder",
      "component_choice": "PORTED_CYL"
    },
    {
      "component_instance": "StraightArm_12_1",
      "component_type": "Cylinder",
      "component_choice": "PORTED_CYL"
    },
    {
      "component_instance": "StraightArm_5_1",
      "component_type": "Cylinder",
      "component_choice": "PORTED_CYL"
    },
    {
      "component_instance": "StraightArm_5_2",
      "component_type": "Cylinder",
      "component_choice": "PORTED_CYL"
    },
    {
      "component_instance": "StraightArm_7_1",
      "component_type": "Cylinder",
      "component_choice": "PORTED_CYL"
    },
    {
      "component_instance": "StraightArm_7_2",
      "component_type": "Cylinder",
      "component_choice": "PORTED_CYL"
    },
    {
      "component_instance": "StraightArm_8_1",
      "component_type": "Cylinder",
      "component_choice": "PORTED_CYL"
    },
    {
      "component_instance": "StraightArm_8_2",
      "component_type": "Cylinder",
      "component_choice": "PORTED_CYL"
    },
    {
      "component_instance": "StraightArm_9_1",
      "component_type": "Cylinder",
      "component_choice": "PORTED_CYL"
    },
    {
      "component_instance": "StraightArm_9_2",
      "component_type": "Cylinder",
      "component_choice": "PORTED_CYL"
    },
    {
      "component_instance": "Wing_3_1",
      "component_type": "Wing",
      "component_choice": "naca_wing"
    },
    {
      "component_instance": "Wing_3_2",
      "component_type": "Wing",
      "component_choice": "naca_wing"
    },
    {
      "component_instance": "Wing_4_1",
      "component_type": "Wing",
      "component_choice": "naca_wing"
    },
    {
      "component_instance": "Wing_4_2",
      "component_type": "Wing",
      "component_choice": "naca_wing"
    },
    {
      "component_instance": "Wing_5_1",
      "component_type": "Wing",
      "component_choice": "naca_wing"
    },
    {
      "component_instance": "Wing_5_2",
      "component_type": "Wing",
      "component_choice": "naca_wing"
    }
  ],
  "connections": [
    {
      "from_ci": "BatteryController_2_1",
      "from_conn": "MotorPower",
      "to_ci": "Motor_10",
      "to_conn": "MotorPower"
    },
    {
      "from_ci": "BatteryController_2_1",
      "from_conn": "MotorPower",
      "to_ci": "Motor_4",
      "to_conn": "MotorPower"
    },
    {
      "from_ci": "BatteryController_2_1",
      "from_conn": "MotorPower",
      "to_ci": "Motor_17",
      "to_conn": "MotorPower"
    },
    {
      "from_ci": "BatteryController_2_1",
      "from_conn": "MotorPower",
      "to_ci": "Motor_5",
      "to_conn": "MotorPower"
    },
    {
      "from_ci": "BatteryController_2_1",
      "from_conn": "BatteryPower",
      "to_ci": "Battery_8_1",
      "to_conn": "PowerBus"
    },
    {
      "from_ci": "BatteryController_2_1",
      "from_conn": "MotorPower",
      "to_ci": "Motor_3",
      "to_conn": "MotorPower"
    },
    {
      "from_ci": "BatteryController_2_1",
      "from_conn": "MotorPower",
      "to_ci": "Motor_18",
      "to_conn": "MotorPower"
    },
    {
      "from_ci": "BatteryController_2_1",
      "from_conn": "BatteryPower",
      "to_ci": "Battery_6_1",
      "to_conn": "PowerBus"
    },
    {
      "from_ci": "BatteryController_2_1",
      "from_conn": "MotorPower",
      "to_ci": "Motor_16",
      "to_conn": "MotorPower"
    },
    {
      "from_ci": "BatteryController_2_1",
      "from_conn": "MotorPower",
      "to_ci": "Motor_12",
      "to_conn": "MotorPower"
    },
    {
      "from_ci": "BatteryController_2_1",
      "from_conn": "MotorPower",
      "to_ci": "Motor_14",
      "to_conn": "MotorPower"
    },
    {
      "from_ci": "BatteryController_2_1",
      "from_conn": "BatteryPower",
      "to_ci": "Battery_5_1",
      "to_conn": "PowerBus"
    },
    {
      "from_ci": "BatteryController_2_1",
      "from_conn": "MotorPower",
      "to_ci": "Motor_1",
      "to_conn": "MotorPower"
    },
    {
      "from_ci": "BatteryController_2_1",
      "from_conn": "MotorPower",
      "to_ci": "Motor_2",
      "to_conn": "MotorPower"
    },
    {
      "from_ci": "BatteryController_2_1",
      "from_conn": "MotorPower",
      "to_ci": "Motor_11",
      "to_conn": "MotorPower"
    },
    {
      "from_ci": "BatteryController_2_1",
      "from_conn": "MotorPower",
      "to_ci": "Motor_13",
      "to_conn": "MotorPower"
    },
    {
      "from_ci": "BatteryController_2_1",
      "from_conn": "MotorPower",
      "to_ci": "Motor_8",
      "to_conn": "MotorPower"
    },
    {
      "from_ci": "BatteryController_2_1",
      "from_conn": "MotorPower",
      "to_ci": "Motor_9",
      "to_conn": "MotorPower"
    },
    {
      "from_ci": "BatteryController_2_1",
      "from_conn": "BatteryPower",
      "to_ci": "Battery_9_1",
      "to_conn": "PowerBus"
    },
    {
      "from_ci": "BatteryController_2_1",
      "from_conn": "MotorPower",
      "to_ci": "Motor_15",
      "to_conn": "MotorPower"
    },
    {
      "from_ci": "BatteryController_2_1",
      "from_conn": "BatteryPower",
      "to_ci": "Battery_7_1",
      "to_conn": "PowerBus"
    },
    {
      "from_ci": "BatteryController_2_1",
      "from_conn": "MotorPower",
      "to_ci": "Motor_6",
      "to_conn": "MotorPower"
    },
    {
      "from_ci": "BatteryController_2_1",
      "from_conn": "MotorPower",
      "to_ci": "Motor_7",
      "to_conn": "MotorPower"
    },
    {
      "from_ci": "BatteryController_2_1",
      "from_conn": "BatteryPower",
      "to_ci": "Battery_10_1",
      "to_conn": "PowerBus"
    },
    {
      "from_ci": "FuselageDualSeat_2_1",
      "from_conn": "SEAT_2_CONNECTOR",
      "to_ci": "Passenger_2",
      "to_conn": "Connector"
    },
    {
      "from_ci": "FuselageDualSeat_2_1",
      "from_conn": "RIGHT_CONNECTOR",
      "to_ci": "Wing_4_2",
      "to_conn": "Connector_2"
    },
    {
      "from_ci": "FuselageDualSeat_2_1",
      "from_conn": "LEFT_CONNECTOR",
      "to_ci": "Wing_4_1",
      "to_conn": "Connector_1"
    },
    {
      "from_ci": "FuselageDualSeat_2_1",
      "from_conn": "REAR_CONNECTOR",
      "to_ci": "StraightArmNoSides_2_1",
      "to_conn": "FRONT_CONNECTOR"
    },
    {
      "from_ci": "FuselageDualSeat_2_1",
      "from_conn": "TOP_CONNECTOR",
      "to_ci": "NACAPortConnector_1",
      "to_conn": "Bottom_Connector"
    },
    {
      "from_ci": "FuselageDualSeat_2_1",
      "from_conn": "SEAT_1_CONNECTOR",
      "to_ci": "Passenger_1",
      "to_conn": "Connector"
    },
    {
      "from_ci": "Motor_1",
      "from_conn": "Prop_Connector",
      "to_ci": "Propeller_1",
      "to_conn": "MOTOR_CONNECTOR_CS_IN"
    },
    {
      "from_ci": "Motor_10",
      "from_conn": "Prop_Connector",
      "to_ci": "Propeller_10",
      "to_conn": "MOTOR_CONNECTOR_CS_IN"
    },
    {
      "from_ci": "Motor_11",
      "from_conn": "Prop_Connector",
      "to_ci": "Propeller_11",
      "to_conn": "MOTOR_CONNECTOR_CS_IN"
    },
    {
      "from_ci": "Motor_12",
      "from_conn": "Prop_Connector",
      "to_ci": "Propeller_12",
      "to_conn": "MOTOR_CONNECTOR_CS_IN"
    },
    {
      "from_ci": "Motor_13",
      "from_conn": "Prop_Connector",
      "to_ci": "Propeller_13",
      "to_conn": "MOTOR_CONNECTOR_CS_IN"
    },
    {
      "from_ci": "Motor_14",
      "from_conn": "Prop_Connector",
      "to_ci": "Propeller_14",
      "to_conn": "MOTOR_CONNECTOR_CS_IN"
    },
    {
      "from_ci": "Motor_15",
      "from_conn": "Prop_Connector",
      "to_ci": "Propeller_15",
      "to_conn": "MOTOR_CONNECTOR_CS_IN"
    },
    {
      "from_ci": "Motor_16",
      "from_conn": "Prop_Connector",
      "to_ci": "Propeller_16",
      "to_conn": "MOTOR_CONNECTOR_CS_IN"
    },
    {
      "from_ci": "Motor_17",
      "from_conn": "Prop_Connector",
      "to_ci": "Propeller_17",
      "to_conn": "MOTOR_CONNECTOR_CS_IN"
    },
    {
      "from_ci": "Motor_18",
      "from_conn": "Prop_Connector",
      "to_ci": "Propeller_18",
      "to_conn": "MOTOR_CONNECTOR_CS_IN"
    },
    {
      "from_ci": "Motor_2",
      "from_conn": "Prop_Connector",
      "to_ci": "Propeller_2",
      "to_conn": "MOTOR_CONNECTOR_CS_IN"
    },
    {
      "from_ci": "Motor_3",
      "from_conn": "Prop_Connector",
      "to_ci": "Propeller_3",
      "to_conn": "MOTOR_CONNECTOR_CS_IN"
    },
    {
      "from_ci": "Motor_4",
      "from_conn": "Prop_Connector",
      "to_ci": "Propeller_4",
      "to_conn": "MOTOR_CONNECTOR_CS_IN"
    },
    {
      "from_ci": "Motor_5",
      "from_conn": "Prop_Connector",
      "to_ci": "Propeller_5",
      "to_conn": "MOTOR_CONNECTOR_CS_IN"
    },
    {
      "from_ci": "Motor_6",
      "from_conn": "Prop_Connector",
      "to_ci": "Propeller_6",
      "to_conn": "MOTOR_CONNECTOR_CS_IN"
    },
    {
      "from_ci": "Motor_7",
      "from_conn": "Prop_Connector",
      "to_ci": "Propeller_7",
      "to_conn": "MOTOR_CONNECTOR_CS_IN"
    },
    {
      "from_ci": "Motor_8",
      "from_conn": "Prop_Connector",
      "to_ci": "Propeller_8",
      "to_conn": "MOTOR_CONNECTOR_CS_IN"
    },
    {
      "from_ci": "Motor_9",
      "from_conn": "Prop_Connector",
      "to_ci": "Propeller_9",
      "to_conn": "MOTOR_CONNECTOR_CS_IN"
    },
    {
      "from_ci": "NACAPortConnector_1",
      "from_conn": "End_Connector_1",
      "to_ci": "Wing_3_1",
      "to_conn": "Connector_1"
    },
    {
      "from_ci": "NACAPortConnector_1",
      "from_conn": "End_Connector_2",
      "to_ci": "Wing_3_2",
      "to_conn": "Connector_2"
    },
    {
      "from_ci": "NACAPortConnector_2",
      "from_conn": "End_Connector_2",
      "to_ci": "Wing_5_2",
      "to_conn": "Connector_2"
    },
    {
      "from_ci": "NACAPortConnector_2",
      "from_conn": "End_Connector_1",
      "to_ci": "Wing_5_1",
      "to_conn": "Connector_1"
    },
    {
      "from_ci": "Orient",
      "from_conn": "ORIENTCONN",
      "to_ci": "FuselageDualSeat_2_1",
      "to_conn": "ORIENT"
    },
    {
      "from_ci": "StraightArmNoSides_2_1",
      "from_conn": "REAR_CONNECTOR",
      "to_ci": "StraightArm_12_1",
      "to_conn": "FRONT_CONNECTOR"
    },
    {
      "from_ci": "StraightArm_11_1",
      "from_conn": "TOP_CONNECTOR",
      "to_ci": "NACAPortConnector_2",
      "to_conn": "Bottom_Connector"
    },
    {
      "from_ci": "StraightArm_12_1",
      "from_conn": "BOTTOM_CONNECTOR",
      "to_ci": "Motor_13",
      "to_conn": "Base_Connector"
    },
    {
      "from_ci": "StraightArm_12_1",
      "from_conn": "TOP_CONNECTOR",
      "to_ci": "Motor_14",
      "to_conn": "Base_Connector"
    },
    {
      "from_ci": "StraightArm_12_1",
      "from_conn": "REAR_CONNECTOR",
      "to_ci": "StraightArm_11_1",
      "to_conn": "FRONT_CONNECTOR"
    },
    {
      "from_ci": "StraightArm_5_1",
      "from_conn": "BOTTOM_CONNECTOR",
      "to_ci": "Motor_1",
      "to_conn": "Base_Connector"
    },
    {
      "from_ci": "StraightArm_5_1",
      "from_conn": "TOP_CONNECTOR",
      "to_ci": "Motor_2",
      "to_conn": "Base_Connector"
    },
    {
      "from_ci": "StraightArm_5_2",
      "from_conn": "BOTTOM_CONNECTOR",
      "to_ci": "Motor_3",
      "to_conn": "Base_Connector"
    },
    {
      "from_ci": "StraightArm_5_2",
      "from_conn": "TOP_CONNECTOR",
      "to_ci": "Motor_4",
      "to_conn": "Base_Connector"
    },
    {
      "from_ci": "StraightArm_7_1",
      "from_conn": "FRONT_CONNECTOR",
      "to_ci": "StraightArm_8_1",
      "to_conn": "FRONT_CONNECTOR"
    },
    {
      "from_ci": "StraightArm_7_1",
      "from_conn": "TOP_CONNECTOR",
      "to_ci": "Motor_6",
      "to_conn": "Base_Connector"
    },
    {
      "from_ci": "StraightArm_7_1",
      "from_conn": "BOTTOM_CONNECTOR",
      "to_ci": "Motor_5",
      "to_conn": "Base_Connector"
    },
    {
      "from_ci": "StraightArm_7_2",
      "from_conn": "FRONT_CONNECTOR",
      "to_ci": "StraightArm_8_2",
      "to_conn": "FRONT_CONNECTOR"
    },
    {
      "from_ci": "StraightArm_7_2",
      "from_conn": "BOTTOM_CONNECTOR",
      "to_ci": "Motor_9",
      "to_conn": "Base_Connector"
    },
    {
      "from_ci": "StraightArm_7_2",
      "from_conn": "TOP_CONNECTOR",
      "to_ci": "Motor_10",
      "to_conn": "Base_Connector"
    },
    {
      "from_ci": "StraightArm_8_1",
      "from_conn": "BOTTOM_CONNECTOR",
      "to_ci": "Motor_7",
      "to_conn": "Base_Connector"
    },
    {
      "from_ci": "StraightArm_8_1",
      "from_conn": "TOP_CONNECTOR",
      "to_ci": "Motor_8",
      "to_conn": "Base_Connector"
    },
    {
      "from_ci": "StraightArm_8_2",
      "from_conn": "BOTTOM_CONNECTOR",
      "to_ci": "Motor_11",
      "to_conn": "Base_Connector"
    },
    {
      "from_ci": "StraightArm_8_2",
      "from_conn": "TOP_CONNECTOR",
      "to_ci": "Motor_12",
      "to_conn": "Base_Connector"
    },
    {
      "from_ci": "StraightArm_9_1",
      "from_conn": "BOTTOM_CONNECTOR",
      "to_ci": "Motor_15",
      "to_conn": "Base_Connector"
    },
    {
      "from_ci": "StraightArm_9_1",
      "from_conn": "TOP_CONNECTOR",
      "to_ci": "Motor_16",
      "to_conn": "Base_Connector"
    },
    {
      "from_ci": "StraightArm_9_2",
      "from_conn": "TOP_CONNECTOR",
      "to_ci": "Motor_18",
      "to_conn": "Base_Connector"
    },
    {
      "from_ci": "StraightArm_9_2",
      "from_conn": "BOTTOM_CONNECTOR",
      "to_ci": "Motor_17",
      "to_conn": "Base_Connector"
    },
    {
      "from_ci": "Wing_3_1",
      "from_conn": "Battery_Connector_1",
      "to_ci": "Battery_5_1",
      "to_conn": "Battery_Connector_1_out"
    },
    {
      "from_ci": "Wing_3_1",
      "from_conn": "Connector_2",
      "to_ci": "StraightArm_5_1",
      "to_conn": "RIGHT_CONNECTOR"
    },
    {
      "from_ci": "Wing_3_2",
      "from_conn": "Connector_1",
      "to_ci": "StraightArm_5_2",
      "to_conn": "LEFT_CONNECTOR"
    },
    {
      "from_ci": "Wing_3_2",
      "from_conn": "Battery_Connector_2",
      "to_ci": "Battery_6_1",
      "to_conn": "Battery_Connector_2_out"
    },
    {
      "from_ci": "Wing_4_1",
      "from_conn": "Connector_2",
      "to_ci": "StraightArm_7_1",
      "to_conn": "RIGHT_CONNECTOR"
    },
    {
      "from_ci": "Wing_4_1",
      "from_conn": "Battery_Connector_1",
      "to_ci": "Battery_7_1",
      "to_conn": "Battery_Connector_1_out"
    },
    {
      "from_ci": "Wing_4_2",
      "from_conn": "Connector_1",
      "to_ci": "StraightArm_7_2",
      "to_conn": "LEFT_CONNECTOR"
    },
    {
      "from_ci": "Wing_4_2",
      "from_conn": "Battery_Connector_2",
      "to_ci": "Battery_8_1",
      "to_conn": "Battery_Connector_2_out"
    },
    {
      "from_ci": "Wing_5_1",
      "from_conn": "Battery_Connector_1",
      "to_ci": "Battery_9_1",
      "to_conn": "Battery_Connector_1_out"
    },
    {
      "from_ci": "Wing_5_1",
      "from_conn": "Connector_2",
      "to_ci": "StraightArm_9_1",
      "to_conn": "RIGHT_CONNECTOR"
    },
    {
      "from_ci": "Wing_5_2",
      "from_conn": "Battery_Connector_2",
      "to_ci": "Battery_10_1",
      "to_conn": "Battery_Connector_2_out"
    },
    {
      "from_ci": "Wing_5_2",
      "from_conn": "Connector_1",
      "to_ci": "StraightArm_9_2",
      "to_conn": "LEFT_CONNECTOR"
    }
  ]
}
