{
    "DESIGN_PARAMETERS": {
        "BodyRotAngle": {
            "PARAMETERS": {
                "Flange__BOTTOM_ANGLE": [
                    "Flange_instance_1_Flange__BOTTOM_ANGLE"
                ],
                "Tube__END_ROT": [
                    "Tube_instance_2_Tube__END_ROT",
                    "Tube_instance_5_Tube__END_ROT",
                    "Tube_instance_14_Tube__END_ROT",
                    "Tube_instance_16_Tube__END_ROT"
                ],
                "capsule_fuselage__BOTTOM_CONNECTOR_ROTATION": [
                    "capsule_fuselage_instance_1_capsule_fuselage__BOTTOM_CONNECTOR_ROTATION"
                ]
            },
            "VALUE": 90.0
        },
        "Front_Rail_Length": {
            "PARAMETERS": {
                "Tube__Length": [
                    "Tube_instance_7_Tube__Length",
                    "Tube_instance_16_Tube__Length"
                ]
            },
            "VALUE": 80.0
        },
        "Front_Wing_Tube_Length": {
            "PARAMETERS": {
                "Tube__Length": [
                    "Tube_instance_1_Tube__Length",
                    "Tube_instance_3_Tube__Length"
                ]
            },
            "VALUE": 55.0
        },
        "FwdFacingCCW_PropType": {
            "PARAMETERS": {
                "Propeller__Prop_type": [
                    "Propeller_instance_3_Propeller__Prop_type",
                    "Propeller_instance_2_Propeller__Prop_type"
                ]
            },
            "VALUE": -1.0
        },
        "FwdFacingCCW_Spin": {
            "PARAMETERS": {
                "Propeller__Direction": [
                    "Propeller_instance_3_Propeller__Direction",
                    "Propeller_instance_2_Propeller__Direction"
                ]
            },
            "VALUE": -1.0
        },
        "FwdFacingCW_PropType": {
            "PARAMETERS": {
                "Propeller__Prop_type": [
                    "Propeller_instance_1_Propeller__Prop_type",
                    "Propeller_instance_4_Propeller__Prop_type"
                ]
            },
            "VALUE": 1.0
        },
        "FwdFacingCW_Spin": {
            "PARAMETERS": {
                "Propeller__Direction": [
                    "Propeller_instance_4_Propeller__Direction",
                    "Propeller_instance_1_Propeller__Direction"
                ]
            },
            "VALUE": 1.0
        },
        "Mid_Tube_Length": {
            "PARAMETERS": {
                "Tube__Length": [
                    "Tube_instance_11_Tube__Length",
                    "Tube_instance_4_Tube__Length"
                ]
            },
            "VALUE": 140.0
        },
        "NACA_profile": {
            "PARAMETERS": {
                "Wing__NACA_Profile": [
                    "Wing_instance_3_Wing__NACA_Profile",
                    "Wing_instance_2_Wing__NACA_Profile",
                    "Wing_instance_4_Wing__NACA_Profile",
                    "Wing_instance_5_Wing__NACA_Profile",
                    "Wing_instance_6_Wing__NACA_Profile",
                    "Wing_instance_1_Wing__NACA_Profile"
                ]
            },
            "VALUE": 12.0
        },
        "Param_11": {
            "PARAMETERS": {
                "Tube__END_ROT": [
                    "Tube_instance_4_Tube__END_ROT"
                ],
                "Wing__TUBE_ROTATION": [
                    "Wing_instance_2_Wing__TUBE_ROTATION",
                    "Wing_instance_3_Wing__TUBE_ROTATION",
                    "Wing_instance_4_Wing__TUBE_ROTATION"
                ]
            },
            "VALUE": 180.0
        },
        "Param_12": {
            "PARAMETERS": {
                "Hub3__ANGHORZCONN": [
                    "Hub3_instance_4_Hub3__ANGHORZCONN",
                    "Hub3_instance_3_Hub3__ANGHORZCONN",
                    "Hub3_instance_2_Hub3__ANGHORZCONN",
                    "Hub3_instance_5_Hub3__ANGHORZCONN",
                    "Hub3_instance_1_Hub3__ANGHORZCONN"
                ],
                "Wing__TUBE_ROTATION": [
                    "Wing_instance_6_Wing__TUBE_ROTATION"
                ]
            },
            "VALUE": 90.0
        },
        "Param_14": {
            "PARAMETERS": {
                "Wing__TUBE_OFFSET": [
                    "Wing_instance_1_Wing__TUBE_OFFSET"
                ]
            },
            "VALUE": 448.68
        },
        "Rear_Rail_Length": {
            "PARAMETERS": {
                "Tube__Length": [
                    "Tube_instance_14_Tube__Length",
                    "Tube_instance_2_Tube__Length"
                ]
            },
            "VALUE": 220.0
        },
        "Rudder_Tube_Length": {
            "PARAMETERS": {
                "Tube__Length": [
                    "Tube_instance_10_Tube__Length",
                    "Tube_instance_12_Tube__Length"
                ]
            },
            "VALUE": 41.0
        },
        "Top_Leg_Tube_Length": {
            "PARAMETERS": {
                "Tube__Length": [
                    "Tube_instance_8_Tube__Length",
                    "Tube_instance_9_Tube__Length"
                ]
            },
            "VALUE": 150.1524
        },
        "Vertical_Tube_Length": {
            "PARAMETERS": {
                "Tube__Length": [
                    "Tube_instance_6_Tube__Length",
                    "Tube_instance_5_Tube__Length",
                    "Tube_instance_13_Tube__Length",
                    "Tube_instance_15_Tube__Length"
                ],
                "capsule_fuselage__TUBE_LENGTH": [
                    "capsule_fuselage_instance_1_capsule_fuselage__TUBE_LENGTH"
                ]
            },
            "VALUE": 150.0
        },
        "angle_270": {
            "PARAMETERS": {
                "Tube__END_ROT": [
                    "Tube_instance_7_Tube__END_ROT",
                    "Tube_instance_13_Tube__END_ROT"
                ],
                "Wing__TUBE_ROTATION": [
                    "Wing_instance_1_Wing__TUBE_ROTATION"
                ]
            },
            "VALUE": 270.0
        },
        "front_l_wing_offset": {
            "PARAMETERS": {
                "Wing__TUBE_OFFSET": [
                    "Wing_instance_3_Wing__TUBE_OFFSET"
                ]
            },
            "VALUE": 289.68
        },
        "front_r_wing_offset": {
            "PARAMETERS": {
                "Wing__TUBE_OFFSET": [
                    "Wing_instance_4_Wing__TUBE_OFFSET",
                    "Wing_instance_6_Wing__TUBE_OFFSET"
                ]
            },
            "VALUE": 160.32
        },
        "front_wing_chord": {
            "PARAMETERS": {
                "Wing__CHORD_1": [
                    "Wing_instance_3_Wing__CHORD_1",
                    "Wing_instance_4_Wing__CHORD_1"
                ],
                "Wing__CHORD_2": [
                    "Wing_instance_3_Wing__CHORD_2",
                    "Wing_instance_4_Wing__CHORD_2"
                ]
            },
            "VALUE": 150.0
        },
        "front_wing_span": {
            "PARAMETERS": {
                "Wing__SPAN": [
                    "Wing_instance_4_Wing__SPAN",
                    "Wing_instance_3_Wing__SPAN"
                ]
            },
            "VALUE": 450.0
        },
        "fuse_floor": {
            "PARAMETERS": {
                "capsule_fuselage__FLOOR_HEIGHT": [
                    "capsule_fuselage_instance_1_capsule_fuselage__FLOOR_HEIGHT"
                ]
            },
            "VALUE": 20.0
        },
        "fuse_height": {
            "PARAMETERS": {
                "capsule_fuselage__VERT_DIAMETER": [
                    "capsule_fuselage_instance_1_capsule_fuselage__VERT_DIAMETER"
                ]
            },
            "VALUE": 105.0
        },
        "fuse_width": {
            "PARAMETERS": {
                "capsule_fuselage__HORZ_DIAMETER": [
                    "capsule_fuselage_instance_1_capsule_fuselage__HORZ_DIAMETER"
                ]
            },
            "VALUE": 80.0
        },
        "l_rudder_offset": {
            "PARAMETERS": {
                "Orient__Z_ANGLE": [
                    "Orient_Orient__Z_ANGLE"
                ],
                "Wing__TUBE_OFFSET": [
                    "Wing_instance_2_Wing__TUBE_OFFSET"
                ]
            },
            "VALUE": 90.0
        },
        "r_rudder_offset": {
            "PARAMETERS": {
                "Wing__TUBE_OFFSET": [
                    "Wing_instance_5_Wing__TUBE_OFFSET"
                ]
            },
            "VALUE": 50.0
        },
        "rear_wing_chord": {
            "PARAMETERS": {
                "Wing__CHORD_1": [
                    "Wing_instance_6_Wing__CHORD_1",
                    "Wing_instance_1_Wing__CHORD_1"
                ],
                "Wing__CHORD_2": [
                    "Wing_instance_1_Wing__CHORD_2",
                    "Wing_instance_6_Wing__CHORD_2"
                ]
            },
            "VALUE": 180.0
        },
        "rear_wing_offset": {
            "PARAMETERS": {
                "Tube__Offset1": [
                    "Tube_instance_13_Tube__Offset1",
                    "Tube_instance_5_Tube__Offset1"
                ]
            },
            "VALUE": 90.0
        },
        "rear_wing_span": {
            "PARAMETERS": {
                "Wing__SPAN": [
                    "Wing_instance_6_Wing__SPAN",
                    "Wing_instance_1_Wing__SPAN"
                ]
            },
            "VALUE": 609.0
        },
        "rudder_chord": {
            "PARAMETERS": {
                "Wing__CHORD_1": [
                    "Wing_instance_5_Wing__CHORD_1",
                    "Wing_instance_2_Wing__CHORD_1"
                ],
                "Wing__CHORD_2": [
                    "Wing_instance_5_Wing__CHORD_2",
                    "Wing_instance_2_Wing__CHORD_2"
                ]
            },
            "VALUE": 100.0
        },
        "rudder_span": {
            "PARAMETERS": {
                "Wing__SPAN": [
                    "Wing_instance_2_Wing__SPAN",
                    "Wing_instance_5_Wing__SPAN"
                ]
            },
            "VALUE": 140.0
        },
        "wing_thickness": {
            "PARAMETERS": {
                "Wing__THICKNESS": [
                    "Wing_instance_3_Wing__THICKNESS",
                    "Wing_instance_1_Wing__THICKNESS",
                    "Wing_instance_4_Wing__THICKNESS",
                    "Wing_instance_6_Wing__THICKNESS",
                    "Wing_instance_2_Wing__THICKNESS",
                    "Wing_instance_5_Wing__THICKNESS"
                ]
            },
            "VALUE": 12.0
        }
    },
    "PARAMETERS": {
        "COMPONENT": {
            "BatteryController__Input_Voltage": 1.0,
            "BatteryController__Output_Voltage": 1.0,
            "Battery_UAV__ROTATION": 0.0,
            "Flange__BOTTOM_ANGLE": 90.0,
            "Flange__SIDE_ANGLE": 0.0,
            "Hub3__ANGHORZCONN": 90.0,
            "Hub3__ANGVERTCONN": 0.0,
            "Motor__CONTROL_CHANNEL": 1.0,
            "Orient__Z_ANGLE": 90.0,
            "Propeller__Direction": -1.0,
            "Propeller__Prop_type": -1.0,
            "Tube__BASE_ROT": 0.0,
            "Tube__Offset2": 0.0,
            "Wing__AILERON_BIAS": 0.5,
            "Wing__FLAP_BIAS": 0.5,
            "Wing__LOAD": 15.0,
            "Wing__NACA_Profile": 12.0,
            "Wing__SERVO_LENGTH": 10.0,
            "Wing__SERVO_THICKNESS": 10.0,
            "Wing__SERVO_WIDTH": 10.0,
            "Wing__TAPER_OFFSET": 0.0,
            "Wing__THICKNESS": 12.0,
            "Wing__TUBE_DIAMETER": 10.0,
            "capsule_fuselage__BOTTOM_CONNECTOR_OFFSET_LENGTH": 0.0,
            "capsule_fuselage__BOTTOM_CONNECTOR_OFFSET_WIDTH": 0.0,
            "capsule_fuselage__BOTTOM_CONNECTOR_ROTATION": 90.0,
            "capsule_fuselage__FLOOR_CONNECTOR_1_DISP_LENGTH": 0.0,
            "capsule_fuselage__FLOOR_CONNECTOR_1_DISP_WIDTH": 0.0,
            "capsule_fuselage__FLOOR_CONNECTOR_2_DISP_LENGTH": 0.0,
            "capsule_fuselage__FLOOR_CONNECTOR_2_DISP_WIDTH": 0.0,
            "capsule_fuselage__FLOOR_CONNECTOR_3_DISP_LENGTH": 0.0,
            "capsule_fuselage__FLOOR_CONNECTOR_3_DISP_WIDTH": 0.0,
            "capsule_fuselage__FLOOR_CONNECTOR_4_DISP_LENGTH": 0.0,
            "capsule_fuselage__FLOOR_CONNECTOR_4_DISP_WIDTH": 0.0,
            "capsule_fuselage__FLOOR_HEIGHT": 20.0,
            "capsule_fuselage__HORZ_DIAMETER": 80.0,
            "capsule_fuselage__TUBE_LENGTH": 150.0,
            "capsule_fuselage__VERT_DIAMETER": 105.0
        },
        "DEFAULT": {
            "Flange__BOTTOM_ANGLE": {
                "Flange_instance_1_Flange__BOTTOM_ANGLE": 90.0
            },
            "Hub3__ANGHORZCONN": {
                "Hub3_instance_1_Hub3__ANGHORZCONN": 90.0,
                "Hub3_instance_2_Hub3__ANGHORZCONN": 90.0,
                "Hub3_instance_3_Hub3__ANGHORZCONN": 90.0,
                "Hub3_instance_4_Hub3__ANGHORZCONN": 90.0,
                "Hub3_instance_5_Hub3__ANGHORZCONN": 90.0
            },
            "Orient__Z_ANGLE": {
                "Orient_Orient__Z_ANGLE": 90.0
            },
            "Propeller__Direction": {
                "Propeller_instance_2_Propeller__Direction": -1.0,
                "Propeller_instance_3_Propeller__Direction": -1.0
            },
            "Propeller__Prop_type": {
                "Propeller_instance_2_Propeller__Prop_type": -1.0,
                "Propeller_instance_3_Propeller__Prop_type": -1.0
            },
            "Tube__END_ROT": {
                "Tube_instance_13_Tube__END_ROT": 270.0,
                "Tube_instance_14_Tube__END_ROT": 90.0,
                "Tube_instance_16_Tube__END_ROT": 90.0,
                "Tube_instance_2_Tube__END_ROT": 90.0,
                "Tube_instance_4_Tube__END_ROT": 180.0,
                "Tube_instance_5_Tube__END_ROT": 90.0,
                "Tube_instance_7_Tube__END_ROT": 270.0
            },
            "Tube__Length": {
                "Tube_instance_10_Tube__Length": 41.0,
                "Tube_instance_11_Tube__Length": 140.0,
                "Tube_instance_12_Tube__Length": 41.0,
                "Tube_instance_13_Tube__Length": 150.0,
                "Tube_instance_14_Tube__Length": 220.0,
                "Tube_instance_15_Tube__Length": 150.0,
                "Tube_instance_16_Tube__Length": 80.0,
                "Tube_instance_1_Tube__Length": 55.0,
                "Tube_instance_2_Tube__Length": 220.0,
                "Tube_instance_3_Tube__Length": 55.0,
                "Tube_instance_4_Tube__Length": 140.0,
                "Tube_instance_5_Tube__Length": 150.0,
                "Tube_instance_6_Tube__Length": 150.0,
                "Tube_instance_7_Tube__Length": 80.0,
                "Tube_instance_8_Tube__Length": 150.1524,
                "Tube_instance_9_Tube__Length": 150.1524
            },
            "Tube__Offset1": {
                "Tube_instance_10_Tube__Offset1": 0.0,
                "Tube_instance_11_Tube__Offset1": 0.0,
                "Tube_instance_12_Tube__Offset1": 0.0,
                "Tube_instance_13_Tube__Offset1": 90.0,
                "Tube_instance_14_Tube__Offset1": 0.0,
                "Tube_instance_15_Tube__Offset1": 0.0,
                "Tube_instance_16_Tube__Offset1": 0.0,
                "Tube_instance_1_Tube__Offset1": 0.0,
                "Tube_instance_2_Tube__Offset1": 0.0,
                "Tube_instance_3_Tube__Offset1": 0.0,
                "Tube_instance_4_Tube__Offset1": 0.0,
                "Tube_instance_5_Tube__Offset1": 90.0,
                "Tube_instance_6_Tube__Offset1": 0.0,
                "Tube_instance_7_Tube__Offset1": 0.0,
                "Tube_instance_8_Tube__Offset1": 0.0,
                "Tube_instance_9_Tube__Offset1": 0.0
            },
            "Tube__Offset2": {
                "Tube_instance_10_Tube__Offset2": 0.0,
                "Tube_instance_11_Tube__Offset2": 0.0,
                "Tube_instance_12_Tube__Offset2": 0.0,
                "Tube_instance_13_Tube__Offset2": 0.0,
                "Tube_instance_14_Tube__Offset2": 0.0,
                "Tube_instance_15_Tube__Offset2": 0.0,
                "Tube_instance_16_Tube__Offset2": 0.0,
                "Tube_instance_1_Tube__Offset2": 0.0,
                "Tube_instance_2_Tube__Offset2": 0.0,
                "Tube_instance_3_Tube__Offset2": 0.0,
                "Tube_instance_4_Tube__Offset2": 0.0,
                "Tube_instance_5_Tube__Offset2": 0.0,
                "Tube_instance_6_Tube__Offset2": 0.0,
                "Tube_instance_7_Tube__Offset2": 0.0,
                "Tube_instance_8_Tube__Offset2": 0.0,
                "Tube_instance_9_Tube__Offset2": 0.0
            },
            "Wing__CHORD_1": {
                "Wing_instance_1_Wing__CHORD_1": 180.0,
                "Wing_instance_3_Wing__CHORD_1": 150.0,
                "Wing_instance_4_Wing__CHORD_1": 150.0,
                "Wing_instance_6_Wing__CHORD_1": 180.0
            },
            "Wing__CHORD_2": {
                "Wing_instance_1_Wing__CHORD_2": 180.0,
                "Wing_instance_3_Wing__CHORD_2": 150.0,
                "Wing_instance_4_Wing__CHORD_2": 150.0,
                "Wing_instance_6_Wing__CHORD_2": 180.0
            },
            "Wing__SERVO_LENGTH": {
                "Wing_instance_1_Wing__SERVO_LENGTH": 10.0,
                "Wing_instance_2_Wing__SERVO_LENGTH": 10.0,
                "Wing_instance_3_Wing__SERVO_LENGTH": 10.0,
                "Wing_instance_4_Wing__SERVO_LENGTH": 10.0,
                "Wing_instance_5_Wing__SERVO_LENGTH": 10.0,
                "Wing_instance_6_Wing__SERVO_LENGTH": 10.0
            },
            "Wing__SERVO_THICKNESS": {
                "Wing_instance_1_Wing__SERVO_THICKNESS": 10.0,
                "Wing_instance_2_Wing__SERVO_THICKNESS": 10.0,
                "Wing_instance_3_Wing__SERVO_THICKNESS": 10.0,
                "Wing_instance_4_Wing__SERVO_THICKNESS": 10.0,
                "Wing_instance_5_Wing__SERVO_THICKNESS": 10.0,
                "Wing_instance_6_Wing__SERVO_THICKNESS": 10.0
            },
            "Wing__SERVO_WIDTH": {
                "Wing_instance_1_Wing__SERVO_WIDTH": 10.0,
                "Wing_instance_2_Wing__SERVO_WIDTH": 10.0,
                "Wing_instance_3_Wing__SERVO_WIDTH": 10.0,
                "Wing_instance_4_Wing__SERVO_WIDTH": 10.0,
                "Wing_instance_5_Wing__SERVO_WIDTH": 10.0,
                "Wing_instance_6_Wing__SERVO_WIDTH": 10.0
            },
            "Wing__SPAN": {
                "Wing_instance_1_Wing__SPAN": 609.0,
                "Wing_instance_2_Wing__SPAN": 140.0,
                "Wing_instance_3_Wing__SPAN": 450.0,
                "Wing_instance_4_Wing__SPAN": 450.0,
                "Wing_instance_5_Wing__SPAN": 140.0,
                "Wing_instance_6_Wing__SPAN": 609.0
            },
            "Wing__TUBE_DIAMETER": {
                "Wing_instance_1_Wing__TUBE_DIAMETER": 10.0,
                "Wing_instance_2_Wing__TUBE_DIAMETER": 10.0,
                "Wing_instance_3_Wing__TUBE_DIAMETER": 10.0,
                "Wing_instance_4_Wing__TUBE_DIAMETER": 10.0,
                "Wing_instance_5_Wing__TUBE_DIAMETER": 10.0,
                "Wing_instance_6_Wing__TUBE_DIAMETER": 10.0
            },
            "Wing__TUBE_OFFSET": {
                "Wing_instance_1_Wing__TUBE_OFFSET": 448.68,
                "Wing_instance_2_Wing__TUBE_OFFSET": 90.0,
                "Wing_instance_3_Wing__TUBE_OFFSET": 289.68,
                "Wing_instance_4_Wing__TUBE_OFFSET": 160.32,
                "Wing_instance_5_Wing__TUBE_OFFSET": 50.0,
                "Wing_instance_6_Wing__TUBE_OFFSET": 160.32
            },
            "Wing__TUBE_ROTATION": {
                "Wing_instance_1_Wing__TUBE_ROTATION": 270.0,
                "Wing_instance_2_Wing__TUBE_ROTATION": 180.0,
                "Wing_instance_3_Wing__TUBE_ROTATION": 180.0,
                "Wing_instance_4_Wing__TUBE_ROTATION": 180.0,
                "Wing_instance_6_Wing__TUBE_ROTATION": 90.0
            },
            "capsule_fuselage__BOTTOM_CONNECTOR_ROTATION": {
                "capsule_fuselage_instance_1_capsule_fuselage__BOTTOM_CONNECTOR_ROTATION": 90.0
            },
            "capsule_fuselage__FLOOR_HEIGHT": {
                "capsule_fuselage_instance_1_capsule_fuselage__FLOOR_HEIGHT": 20.0
            },
            "capsule_fuselage__HORZ_DIAMETER": {
                "capsule_fuselage_instance_1_capsule_fuselage__HORZ_DIAMETER": 80.0
            },
            "capsule_fuselage__TUBE_LENGTH": {
                "capsule_fuselage_instance_1_capsule_fuselage__TUBE_LENGTH": 150.0
            },
            "capsule_fuselage__VERT_DIAMETER": {
                "capsule_fuselage_instance_1_capsule_fuselage__VERT_DIAMETER": 105.0
            }
        },
        "MODIFIED": {
            "BatteryController__Input_Voltage": {
                "BatteryController_instance_1_BatteryController__Input_Voltage": 1.0
            },
            "BatteryController__Output_Voltage": {
                "BatteryController_instance_1_BatteryController__Output_Voltage": 1.0
            },
            "Battery_UAV__ROTATION": {
                "Battery_UAV_instance_1_Battery_UAV__ROTATION": 0.0
            },
            "Flange__BOTTOM_ANGLE": {
                "Flange_instance_2_Flange__BOTTOM_ANGLE": 0.0,
                "Flange_instance_3_Flange__BOTTOM_ANGLE": 0.0,
                "Flange_instance_4_Flange__BOTTOM_ANGLE": 0.0
            },
            "Flange__SIDE_ANGLE": {
                "Flange_instance_1_Flange__SIDE_ANGLE": 0.0,
                "Flange_instance_2_Flange__SIDE_ANGLE": 0.0,
                "Flange_instance_3_Flange__SIDE_ANGLE": 0.0,
                "Flange_instance_4_Flange__SIDE_ANGLE": 0.0
            },
            "Hub3__ANGVERTCONN": {
                "Hub3_instance_1_Hub3__ANGVERTCONN": 0.0,
                "Hub3_instance_2_Hub3__ANGVERTCONN": 0.0,
                "Hub3_instance_3_Hub3__ANGVERTCONN": 0.0,
                "Hub3_instance_4_Hub3__ANGVERTCONN": 0.0,
                "Hub3_instance_5_Hub3__ANGVERTCONN": 0.0
            },
            "Motor__CONTROL_CHANNEL": {
                "Motor_instance_1_Motor__CONTROL_CHANNEL": 1.0,
                "Motor_instance_2_Motor__CONTROL_CHANNEL": 1.0,
                "Motor_instance_3_Motor__CONTROL_CHANNEL": 1.0,
                "Motor_instance_4_Motor__CONTROL_CHANNEL": 1.0
            },
            "Propeller__Direction": {
                "Propeller_instance_1_Propeller__Direction": 1.0,
                "Propeller_instance_4_Propeller__Direction": 1.0
            },
            "Propeller__Prop_type": {
                "Propeller_instance_1_Propeller__Prop_type": 1.0,
                "Propeller_instance_4_Propeller__Prop_type": 1.0
            },
            "Tube__BASE_ROT": {
                "Tube_instance_10_Tube__BASE_ROT": 0.0,
                "Tube_instance_11_Tube__BASE_ROT": 0.0,
                "Tube_instance_12_Tube__BASE_ROT": 0.0,
                "Tube_instance_13_Tube__BASE_ROT": 0.0,
                "Tube_instance_14_Tube__BASE_ROT": 0.0,
                "Tube_instance_15_Tube__BASE_ROT": 0.0,
                "Tube_instance_16_Tube__BASE_ROT": 0.0,
                "Tube_instance_1_Tube__BASE_ROT": 0.0,
                "Tube_instance_2_Tube__BASE_ROT": 0.0,
                "Tube_instance_3_Tube__BASE_ROT": 0.0,
                "Tube_instance_4_Tube__BASE_ROT": 0.0,
                "Tube_instance_5_Tube__BASE_ROT": 0.0,
                "Tube_instance_6_Tube__BASE_ROT": 0.0,
                "Tube_instance_7_Tube__BASE_ROT": 0.0,
                "Tube_instance_8_Tube__BASE_ROT": 0.0,
                "Tube_instance_9_Tube__BASE_ROT": 0.0
            },
            "Tube__END_ROT": {
                "Tube_instance_10_Tube__END_ROT": 0.0,
                "Tube_instance_11_Tube__END_ROT": 0.0,
                "Tube_instance_12_Tube__END_ROT": 0.0,
                "Tube_instance_15_Tube__END_ROT": 0.0,
                "Tube_instance_1_Tube__END_ROT": 0.0,
                "Tube_instance_3_Tube__END_ROT": 0.0,
                "Tube_instance_6_Tube__END_ROT": 0.0,
                "Tube_instance_8_Tube__END_ROT": 0.0,
                "Tube_instance_9_Tube__END_ROT": 0.0
            },
            "Wing__AILERON_BIAS": {
                "Wing_instance_1_Wing__AILERON_BIAS": 0.5,
                "Wing_instance_2_Wing__AILERON_BIAS": 0.5,
                "Wing_instance_3_Wing__AILERON_BIAS": 0.5,
                "Wing_instance_4_Wing__AILERON_BIAS": 0.5,
                "Wing_instance_5_Wing__AILERON_BIAS": 0.5,
                "Wing_instance_6_Wing__AILERON_BIAS": 0.5
            },
            "Wing__CHORD_1": {
                "Wing_instance_2_Wing__CHORD_1": 100.0,
                "Wing_instance_5_Wing__CHORD_1": 100.0
            },
            "Wing__CHORD_2": {
                "Wing_instance_2_Wing__CHORD_2": 100.0,
                "Wing_instance_5_Wing__CHORD_2": 100.0
            },
            "Wing__FLAP_BIAS": {
                "Wing_instance_1_Wing__FLAP_BIAS": 0.5,
                "Wing_instance_2_Wing__FLAP_BIAS": 0.5,
                "Wing_instance_3_Wing__FLAP_BIAS": 0.5,
                "Wing_instance_4_Wing__FLAP_BIAS": 0.5,
                "Wing_instance_5_Wing__FLAP_BIAS": 0.5,
                "Wing_instance_6_Wing__FLAP_BIAS": 0.5
            },
            "Wing__LOAD": {
                "Wing_instance_1_Wing__LOAD": 15.0,
                "Wing_instance_2_Wing__LOAD": 15.0,
                "Wing_instance_3_Wing__LOAD": 15.0,
                "Wing_instance_4_Wing__LOAD": 15.0,
                "Wing_instance_5_Wing__LOAD": 15.0,
                "Wing_instance_6_Wing__LOAD": 15.0
            },
            "Wing__NACA_Profile": {
                "Wing_instance_1_Wing__NACA_Profile": 12.0,
                "Wing_instance_2_Wing__NACA_Profile": 12.0,
                "Wing_instance_3_Wing__NACA_Profile": 12.0,
                "Wing_instance_4_Wing__NACA_Profile": 12.0,
                "Wing_instance_5_Wing__NACA_Profile": 12.0,
                "Wing_instance_6_Wing__NACA_Profile": 12.0
            },
            "Wing__TAPER_OFFSET": {
                "Wing_instance_1_Wing__TAPER_OFFSET": 0.0,
                "Wing_instance_2_Wing__TAPER_OFFSET": 0.0,
                "Wing_instance_3_Wing__TAPER_OFFSET": 0.0,
                "Wing_instance_4_Wing__TAPER_OFFSET": 0.0,
                "Wing_instance_5_Wing__TAPER_OFFSET": 0.0,
                "Wing_instance_6_Wing__TAPER_OFFSET": 0.0
            },
            "Wing__THICKNESS": {
                "Wing_instance_1_Wing__THICKNESS": 12.0,
                "Wing_instance_2_Wing__THICKNESS": 12.0,
                "Wing_instance_3_Wing__THICKNESS": 12.0,
                "Wing_instance_4_Wing__THICKNESS": 12.0,
                "Wing_instance_5_Wing__THICKNESS": 12.0,
                "Wing_instance_6_Wing__THICKNESS": 12.0
            },
            "Wing__TUBE_ROTATION": {
                "Wing_instance_5_Wing__TUBE_ROTATION": 0.0
            },
            "capsule_fuselage__BOTTOM_CONNECTOR_OFFSET_LENGTH": {
                "capsule_fuselage_instance_1_capsule_fuselage__BOTTOM_CONNECTOR_OFFSET_LENGTH": 0.0
            },
            "capsule_fuselage__BOTTOM_CONNECTOR_OFFSET_WIDTH": {
                "capsule_fuselage_instance_1_capsule_fuselage__BOTTOM_CONNECTOR_OFFSET_WIDTH": 0.0
            },
            "capsule_fuselage__FLOOR_CONNECTOR_1_DISP_LENGTH": {
                "capsule_fuselage_instance_1_capsule_fuselage__FLOOR_CONNECTOR_1_DISP_LENGTH": 0.0
            },
            "capsule_fuselage__FLOOR_CONNECTOR_1_DISP_WIDTH": {
                "capsule_fuselage_instance_1_capsule_fuselage__FLOOR_CONNECTOR_1_DISP_WIDTH": 0.0
            },
            "capsule_fuselage__FLOOR_CONNECTOR_2_DISP_LENGTH": {
                "capsule_fuselage_instance_1_capsule_fuselage__FLOOR_CONNECTOR_2_DISP_LENGTH": 0.0
            },
            "capsule_fuselage__FLOOR_CONNECTOR_2_DISP_WIDTH": {
                "capsule_fuselage_instance_1_capsule_fuselage__FLOOR_CONNECTOR_2_DISP_WIDTH": 0.0
            },
            "capsule_fuselage__FLOOR_CONNECTOR_3_DISP_LENGTH": {
                "capsule_fuselage_instance_1_capsule_fuselage__FLOOR_CONNECTOR_3_DISP_LENGTH": 0.0
            },
            "capsule_fuselage__FLOOR_CONNECTOR_3_DISP_WIDTH": {
                "capsule_fuselage_instance_1_capsule_fuselage__FLOOR_CONNECTOR_3_DISP_WIDTH": 0.0
            },
            "capsule_fuselage__FLOOR_CONNECTOR_4_DISP_LENGTH": {
                "capsule_fuselage_instance_1_capsule_fuselage__FLOOR_CONNECTOR_4_DISP_LENGTH": 0.0
            },
            "capsule_fuselage__FLOOR_CONNECTOR_4_DISP_WIDTH": {
                "capsule_fuselage_instance_1_capsule_fuselage__FLOOR_CONNECTOR_4_DISP_WIDTH": 0.0
            }
        }
    },
    "PARAMETERS_ASSIGNED": [
        "Tube__Length",
        "Tube__END_ROT",
        "Flange__BOTTOM_ANGLE",
        "capsule_fuselage__BOTTOM_CONNECTOR_ROTATION",
        "Wing__SPAN",
        "Wing__NACA_Profile",
        "Wing__THICKNESS",
        "Wing__TUBE_OFFSET",
        "Wing__CHORD_1",
        "Wing__CHORD_2",
        "Wing__TUBE_ROTATION",
        "Hub3__ANGHORZCONN",
        "capsule_fuselage__TUBE_LENGTH",
        "capsule_fuselage__HORZ_DIAMETER",
        "capsule_fuselage__FLOOR_HEIGHT",
        "capsule_fuselage__VERT_DIAMETER",
        "Propeller__Prop_type",
        "Propeller__Direction",
        "Tube__Offset1",
        "Orient__Z_ANGLE"
    ]
}