{
  "extra": {
    "generator_version": "2022-05-23"
  },
  "name": "design_78_a4bf7823_b765_4d8f_8305_36c71c2754fe",
  "parameters": [
    {
      "parameter_name": "FuselageDualSeat_17_MIDDLE_LENGTH",
      "value": "1732.4123704395965",
      "component_properties": [
        {
          "component_name": "FuselageDualSeat_17_1",
          "component_property": "MIDDLE_LENGTH"
        }
      ]
    },
    {
      "parameter_name": "WingWithBatteryMain_12_CHORD_OUTER",
      "value": "1296.9005818748522",
      "component_properties": [
        {
          "component_name": "Wing_29_1",
          "component_property": "CHORD_2"
        },
        {
          "component_name": "Battery_57_1",
          "component_property": "CHORD_2"
        },
        {
          "component_name": "Wing_29_2",
          "component_property": "CHORD_1"
        },
        {
          "component_name": "Battery_58_1",
          "component_property": "CHORD_1"
        }
      ]
    },
    {
      "parameter_name": "WingWithBatteryMain_12_FLAP_BIAS",
      "value": "0.15008503263034273",
      "component_properties": [
        {
          "component_name": "Wing_29_1",
          "component_property": "FLAP_BIAS"
        },
        {
          "component_name": "Wing_29_2",
          "component_property": "FLAP_BIAS"
        }
      ]
    },
    {
      "parameter_name": "WingWithBatteryMain_12_TAPER_OFFSET",
      "value": "0",
      "component_properties": [
        {
          "component_name": "Wing_29_1",
          "component_property": "TAPER_OFFSET"
        },
        {
          "component_name": "Battery_57_1",
          "component_property": "TAPER_OFFSET"
        },
        {
          "component_name": "Wing_29_2",
          "component_property": "TAPER_OFFSET"
        },
        {
          "component_name": "Battery_58_1",
          "component_property": "TAPER_OFFSET"
        }
      ]
    },
    {
      "parameter_name": "WingPair_18_AILERON_BIAS",
      "value": "0.48996711622583",
      "component_properties": [
        {
          "component_name": "Wing_30_1",
          "component_property": "AILERON_BIAS"
        },
        {
          "component_name": "Wing_30_2",
          "component_property": "AILERON_BIAS"
        }
      ]
    },
    {
      "parameter_name": "NACA_4612_THICKNESS",
      "value": "12",
      "component_properties": [
        {
          "component_name": "Wing_29_1",
          "component_property": "THICKNESS"
        },
        {
          "component_name": "Battery_57_1",
          "component_property": "THICKNESS"
        },
        {
          "component_name": "Wing_29_2",
          "component_property": "THICKNESS"
        },
        {
          "component_name": "Battery_58_1",
          "component_property": "THICKNESS"
        }
      ]
    },
    {
      "parameter_name": "TailWingWithPropArm_11_TAIL_FIRST_LENGTH",
      "value": "829.132042727279",
      "component_properties": [
        {
          "component_name": "StraightArmNoSides_11_1",
          "component_property": "LENGTH"
        }
      ]
    },
    {
      "parameter_name": "GLOBAL_VOLTAGE",
      "value": "802.9000000000001",
      "component_properties": [
        {
          "component_name": "Battery_57_1",
          "component_property": "VOLTAGE_REQUEST"
        },
        {
          "component_name": "Battery_58_1",
          "component_property": "VOLTAGE_REQUEST"
        },
        {
          "component_name": "Battery_59_1",
          "component_property": "VOLTAGE_REQUEST"
        },
        {
          "component_name": "Battery_60_1",
          "component_property": "VOLTAGE_REQUEST"
        }
      ]
    },
    {
      "parameter_name": "SideMountedPropArmSegment_24_OFFSET",
      "value": "475.2784383549033",
      "component_properties": [
        {
          "component_name": "StraightArm_70_1",
          "component_property": "TOP_CONN_DISP"
        },
        {
          "component_name": "StraightArm_70_1",
          "component_property": "BOTTOM_CONN_DISP"
        },
        {
          "component_name": "StraightArm_70_1",
          "component_property": "LEFT_CONN_DISP"
        },
        {
          "component_name": "StraightArm_70_1",
          "component_property": "RIGHT_CONN_DISP"
        },
        {
          "component_name": "StraightArm_70_2",
          "component_property": "TOP_CONN_DISP"
        },
        {
          "component_name": "StraightArm_70_2",
          "component_property": "BOTTOM_CONN_DISP"
        },
        {
          "component_name": "StraightArm_70_2",
          "component_property": "LEFT_CONN_DISP"
        },
        {
          "component_name": "StraightArm_70_2",
          "component_property": "RIGHT_CONN_DISP"
        }
      ]
    },
    {
      "parameter_name": "FrontBackPropArmMulti_25_PROP_SEGMENT_LENGTH",
      "value": "1393.0969623384124",
      "component_properties": [
        {
          "component_name": "StraightArm_73_1",
          "component_property": "LENGTH"
        },
        {
          "component_name": "StraightArm_73_2",
          "component_property": "LENGTH"
        },
        {
          "component_name": "StraightArm_73_3",
          "component_property": "LENGTH"
        },
        {
          "component_name": "StraightArm_73_4",
          "component_property": "LENGTH"
        }
      ]
    },
    {
      "parameter_name": "OrientAngle",
      "value": "0.0",
      "component_properties": [
        {
          "component_name": "Orient",
          "component_property": "Z_ANGLE"
        }
      ]
    },
    {
      "parameter_name": "FuselageDualSeat_17_SEAT_1_FB",
      "value": "1500.0",
      "component_properties": [
        {
          "component_name": "FuselageDualSeat_17_1",
          "component_property": "SEAT_1_FB"
        }
      ]
    },
    {
      "parameter_name": "PosPropDir",
      "value": "1",
      "component_properties": [
        {
          "component_name": "Propeller_2",
          "component_property": "Direction"
        },
        {
          "component_name": "Propeller_4",
          "component_property": "Direction"
        },
        {
          "component_name": "Propeller_5",
          "component_property": "Direction"
        },
        {
          "component_name": "Propeller_7",
          "component_property": "Direction"
        },
        {
          "component_name": "Propeller_9",
          "component_property": "Direction"
        },
        {
          "component_name": "Propeller_11",
          "component_property": "Direction"
        },
        {
          "component_name": "Propeller_14",
          "component_property": "Direction"
        },
        {
          "component_name": "Propeller_16",
          "component_property": "Direction"
        },
        {
          "component_name": "Propeller_18",
          "component_property": "Direction"
        },
        {
          "component_name": "Propeller_19",
          "component_property": "Direction"
        },
        {
          "component_name": "Propeller_21",
          "component_property": "Direction"
        },
        {
          "component_name": "Propeller_23",
          "component_property": "Direction"
        }
      ]
    },
    {
      "parameter_name": "FuselageDualSeat_17_TAIL_DIAMETER",
      "value": "400.0",
      "component_properties": [
        {
          "component_name": "FuselageDualSeat_17_1",
          "component_property": "TAIL_DIAMETER"
        }
      ]
    },
    {
      "parameter_name": "NegPropType",
      "value": "-1",
      "component_properties": [
        {
          "component_name": "Propeller_6",
          "component_property": "Prop_type"
        },
        {
          "component_name": "Propeller_5",
          "component_property": "Prop_type"
        },
        {
          "component_name": "Propeller_7",
          "component_property": "Prop_type"
        },
        {
          "component_name": "Propeller_8",
          "component_property": "Prop_type"
        },
        {
          "component_name": "Propeller_9",
          "component_property": "Prop_type"
        },
        {
          "component_name": "Propeller_10",
          "component_property": "Prop_type"
        },
        {
          "component_name": "Propeller_11",
          "component_property": "Prop_type"
        },
        {
          "component_name": "Propeller_12",
          "component_property": "Prop_type"
        },
        {
          "component_name": "Propeller_20",
          "component_property": "Prop_type"
        },
        {
          "component_name": "Propeller_19",
          "component_property": "Prop_type"
        },
        {
          "component_name": "Propeller_21",
          "component_property": "Prop_type"
        },
        {
          "component_name": "Propeller_22",
          "component_property": "Prop_type"
        },
        {
          "component_name": "Propeller_23",
          "component_property": "Prop_type"
        },
        {
          "component_name": "Propeller_24",
          "component_property": "Prop_type"
        }
      ]
    },
    {
      "parameter_name": "WingWithBatteryMain_12_LOAD",
      "value": "1176.6790756612995",
      "component_properties": [
        {
          "component_name": "Wing_29_1",
          "component_property": "LOAD"
        },
        {
          "component_name": "Wing_29_2",
          "component_property": "LOAD"
        }
      ]
    },
    {
      "parameter_name": "ControlChannelAuto",
      "value": "-1",
      "component_properties": [
        {
          "component_name": "Motor_2",
          "component_property": "CONTROL_CHANNEL"
        },
        {
          "component_name": "Motor_1",
          "component_property": "CONTROL_CHANNEL"
        },
        {
          "component_name": "Motor_3",
          "component_property": "CONTROL_CHANNEL"
        },
        {
          "component_name": "Motor_4",
          "component_property": "CONTROL_CHANNEL"
        },
        {
          "component_name": "Motor_6",
          "component_property": "CONTROL_CHANNEL"
        },
        {
          "component_name": "Motor_5",
          "component_property": "CONTROL_CHANNEL"
        },
        {
          "component_name": "Motor_7",
          "component_property": "CONTROL_CHANNEL"
        },
        {
          "component_name": "Motor_8",
          "component_property": "CONTROL_CHANNEL"
        },
        {
          "component_name": "Motor_9",
          "component_property": "CONTROL_CHANNEL"
        },
        {
          "component_name": "Motor_10",
          "component_property": "CONTROL_CHANNEL"
        },
        {
          "component_name": "Motor_11",
          "component_property": "CONTROL_CHANNEL"
        },
        {
          "component_name": "Motor_12",
          "component_property": "CONTROL_CHANNEL"
        },
        {
          "component_name": "Motor_14",
          "component_property": "CONTROL_CHANNEL"
        },
        {
          "component_name": "Motor_13",
          "component_property": "CONTROL_CHANNEL"
        },
        {
          "component_name": "Motor_15",
          "component_property": "CONTROL_CHANNEL"
        },
        {
          "component_name": "Motor_16",
          "component_property": "CONTROL_CHANNEL"
        },
        {
          "component_name": "Motor_17",
          "component_property": "CONTROL_CHANNEL"
        },
        {
          "component_name": "Motor_18",
          "component_property": "CONTROL_CHANNEL"
        },
        {
          "component_name": "Motor_20",
          "component_property": "CONTROL_CHANNEL"
        },
        {
          "component_name": "Motor_19",
          "component_property": "CONTROL_CHANNEL"
        },
        {
          "component_name": "Motor_21",
          "component_property": "CONTROL_CHANNEL"
        },
        {
          "component_name": "Motor_22",
          "component_property": "CONTROL_CHANNEL"
        },
        {
          "component_name": "Motor_23",
          "component_property": "CONTROL_CHANNEL"
        },
        {
          "component_name": "Motor_24",
          "component_property": "CONTROL_CHANNEL"
        }
      ]
    },
    {
      "parameter_name": "FuselageDualSeat_17_FLOOR_HEIGHT",
      "value": "150.0",
      "component_properties": [
        {
          "component_name": "FuselageDualSeat_17_1",
          "component_property": "FLOOR_HEIGHT"
        }
      ]
    },
    {
      "parameter_name": "FuselageDualSeat_17_SEAT_1_LR",
      "value": "0.0",
      "component_properties": [
        {
          "component_name": "FuselageDualSeat_17_1",
          "component_property": "SEAT_1_LR"
        }
      ]
    },
    {
      "parameter_name": "WingPair_18_CHORD_INNER",
      "value": "2858.6057313248352",
      "component_properties": [
        {
          "component_name": "NACAPortConnector_1",
          "component_property": "CHORD"
        },
        {
          "component_name": "Wing_30_1",
          "component_property": "CHORD_1"
        },
        {
          "component_name": "Battery_59_1",
          "component_property": "CHORD_1"
        },
        {
          "component_name": "Wing_30_2",
          "component_property": "CHORD_2"
        },
        {
          "component_name": "Battery_60_1",
          "component_property": "CHORD_2"
        }
      ]
    },
    {
      "parameter_name": "NACA_2712_THICKNESS",
      "value": "12",
      "component_properties": [
        {
          "component_name": "NACAPortConnector_1",
          "component_property": "THICKNESS"
        },
        {
          "component_name": "Wing_30_1",
          "component_property": "THICKNESS"
        },
        {
          "component_name": "Battery_59_1",
          "component_property": "THICKNESS"
        },
        {
          "component_name": "Wing_30_2",
          "component_property": "THICKNESS"
        },
        {
          "component_name": "Battery_60_1",
          "component_property": "THICKNESS"
        }
      ]
    },
    {
      "parameter_name": "WingWithBatteryMain_12_CHORD_INNER",
      "value": "2276.7030604786423",
      "component_properties": [
        {
          "component_name": "Wing_29_1",
          "component_property": "CHORD_1"
        },
        {
          "component_name": "Battery_57_1",
          "component_property": "CHORD_1"
        },
        {
          "component_name": "Wing_29_2",
          "component_property": "CHORD_2"
        },
        {
          "component_name": "Battery_58_1",
          "component_property": "CHORD_2"
        }
      ]
    },
    {
      "parameter_name": "PosPropType",
      "value": "1",
      "component_properties": [
        {
          "component_name": "Propeller_2",
          "component_property": "Prop_type"
        },
        {
          "component_name": "Propeller_1",
          "component_property": "Prop_type"
        },
        {
          "component_name": "Propeller_3",
          "component_property": "Prop_type"
        },
        {
          "component_name": "Propeller_4",
          "component_property": "Prop_type"
        },
        {
          "component_name": "Propeller_14",
          "component_property": "Prop_type"
        },
        {
          "component_name": "Propeller_13",
          "component_property": "Prop_type"
        },
        {
          "component_name": "Propeller_15",
          "component_property": "Prop_type"
        },
        {
          "component_name": "Propeller_16",
          "component_property": "Prop_type"
        },
        {
          "component_name": "Propeller_17",
          "component_property": "Prop_type"
        },
        {
          "component_name": "Propeller_18",
          "component_property": "Prop_type"
        }
      ]
    },
    {
      "parameter_name": "TailWingWithPropArm_11_PROP_OFFSET",
      "value": "980.5393516069236",
      "component_properties": [
        {
          "component_name": "StraightArm_75_1",
          "component_property": "TOP_CONN_DISP"
        },
        {
          "component_name": "StraightArm_75_1",
          "component_property": "BOTTOM_CONN_DISP"
        },
        {
          "component_name": "StraightArm_75_1",
          "component_property": "LEFT_CONN_DISP"
        },
        {
          "component_name": "StraightArm_75_1",
          "component_property": "RIGHT_CONN_DISP"
        },
        {
          "component_name": "StraightArm_75_2",
          "component_property": "TOP_CONN_DISP"
        },
        {
          "component_name": "StraightArm_75_2",
          "component_property": "BOTTOM_CONN_DISP"
        },
        {
          "component_name": "StraightArm_75_2",
          "component_property": "LEFT_CONN_DISP"
        },
        {
          "component_name": "StraightArm_75_2",
          "component_property": "RIGHT_CONN_DISP"
        }
      ]
    },
    {
      "parameter_name": "RightMountSide",
      "value": "2",
      "component_properties": [
        {
          "component_name": "Battery_58_1",
          "component_property": "MOUNT_SIDE"
        },
        {
          "component_name": "Battery_60_1",
          "component_property": "MOUNT_SIDE"
        }
      ]
    },
    {
      "parameter_name": "NegPropDir",
      "value": "-1",
      "component_properties": [
        {
          "component_name": "Propeller_1",
          "component_property": "Direction"
        },
        {
          "component_name": "Propeller_3",
          "component_property": "Direction"
        },
        {
          "component_name": "Propeller_6",
          "component_property": "Direction"
        },
        {
          "component_name": "Propeller_8",
          "component_property": "Direction"
        },
        {
          "component_name": "Propeller_10",
          "component_property": "Direction"
        },
        {
          "component_name": "Propeller_12",
          "component_property": "Direction"
        },
        {
          "component_name": "Propeller_13",
          "component_property": "Direction"
        },
        {
          "component_name": "Propeller_15",
          "component_property": "Direction"
        },
        {
          "component_name": "Propeller_17",
          "component_property": "Direction"
        },
        {
          "component_name": "Propeller_20",
          "component_property": "Direction"
        },
        {
          "component_name": "Propeller_22",
          "component_property": "Direction"
        },
        {
          "component_name": "Propeller_24",
          "component_property": "Direction"
        }
      ]
    },
    {
      "parameter_name": "SideMountedPropArmSegment_25_LENGTH",
      "value": "869.3635210999819",
      "component_properties": [
        {
          "component_name": "StraightArm_72_1",
          "component_property": "LENGTH"
        },
        {
          "component_name": "StraightArm_72_2",
          "component_property": "LENGTH"
        }
      ]
    },
    {
      "parameter_name": "WingPair_18_VOLUME_PERCENT",
      "value": "40.04363332396346",
      "component_properties": [
        {
          "component_name": "Battery_59_1",
          "component_property": "VOLUME_PERCENT"
        },
        {
          "component_name": "Battery_60_1",
          "component_property": "VOLUME_PERCENT"
        }
      ]
    },
    {
      "parameter_name": "WingPair_18_SPAN",
      "value": "6882.394909178375",
      "component_properties": [
        {
          "component_name": "Wing_30_1",
          "component_property": "SPAN"
        },
        {
          "component_name": "Battery_59_1",
          "component_property": "SPAN"
        },
        {
          "component_name": "Wing_30_2",
          "component_property": "SPAN"
        },
        {
          "component_name": "Battery_60_1",
          "component_property": "SPAN"
        }
      ]
    },
    {
      "parameter_name": "FrontBackPropArmMulti_24_PROP_SEGMENT_LENGTH",
      "value": "506.05725862924567",
      "component_properties": [
        {
          "component_name": "StraightArm_71_1",
          "component_property": "LENGTH"
        },
        {
          "component_name": "StraightArm_71_2",
          "component_property": "LENGTH"
        }
      ]
    },
    {
      "parameter_name": "FuselageDualSeat_17_LENGTH",
      "value": "2870.478121350261",
      "component_properties": [
        {
          "component_name": "FuselageDualSeat_17_1",
          "component_property": "LENGTH"
        }
      ]
    },
    {
      "parameter_name": "WingPair_18_LOAD",
      "value": "2982.5920341786264",
      "component_properties": [
        {
          "component_name": "Wing_30_1",
          "component_property": "LOAD"
        },
        {
          "component_name": "Wing_30_2",
          "component_property": "LOAD"
        }
      ]
    },
    {
      "parameter_name": "WingPair_18_CHORD_OUTER",
      "value": "1155.7451176612212",
      "component_properties": [
        {
          "component_name": "Wing_30_1",
          "component_property": "CHORD_2"
        },
        {
          "component_name": "Battery_59_1",
          "component_property": "CHORD_2"
        },
        {
          "component_name": "Wing_30_2",
          "component_property": "CHORD_1"
        },
        {
          "component_name": "Battery_60_1",
          "component_property": "CHORD_1"
        }
      ]
    },
    {
      "parameter_name": "FuselageDualSeat_17_SPHERE_DIAMETER",
      "value": "1028.2696575280015",
      "component_properties": [
        {
          "component_name": "FuselageDualSeat_17_1",
          "component_property": "SPHERE_DIAMETER"
        }
      ]
    },
    {
      "parameter_name": "FrontBackPropArmMulti_25_PROP_OFFSET",
      "value": "659.5268308809719",
      "component_properties": [
        {
          "component_name": "StraightArm_73_1",
          "component_property": "TOP_CONN_DISP"
        },
        {
          "component_name": "StraightArm_73_1",
          "component_property": "BOTTOM_CONN_DISP"
        },
        {
          "component_name": "StraightArm_73_1",
          "component_property": "LEFT_CONN_DISP"
        },
        {
          "component_name": "StraightArm_73_1",
          "component_property": "RIGHT_CONN_DISP"
        },
        {
          "component_name": "StraightArm_73_2",
          "component_property": "TOP_CONN_DISP"
        },
        {
          "component_name": "StraightArm_73_2",
          "component_property": "BOTTOM_CONN_DISP"
        },
        {
          "component_name": "StraightArm_73_2",
          "component_property": "LEFT_CONN_DISP"
        },
        {
          "component_name": "StraightArm_73_2",
          "component_property": "RIGHT_CONN_DISP"
        },
        {
          "component_name": "StraightArm_73_3",
          "component_property": "TOP_CONN_DISP"
        },
        {
          "component_name": "StraightArm_73_3",
          "component_property": "BOTTOM_CONN_DISP"
        },
        {
          "component_name": "StraightArm_73_3",
          "component_property": "LEFT_CONN_DISP"
        },
        {
          "component_name": "StraightArm_73_3",
          "component_property": "RIGHT_CONN_DISP"
        },
        {
          "component_name": "StraightArm_73_4",
          "component_property": "TOP_CONN_DISP"
        },
        {
          "component_name": "StraightArm_73_4",
          "component_property": "BOTTOM_CONN_DISP"
        },
        {
          "component_name": "StraightArm_73_4",
          "component_property": "LEFT_CONN_DISP"
        },
        {
          "component_name": "StraightArm_73_4",
          "component_property": "RIGHT_CONN_DISP"
        }
      ]
    },
    {
      "parameter_name": "FuselageDualSeat_17_SEAT_2_LR",
      "value": "0.0",
      "component_properties": [
        {
          "component_name": "FuselageDualSeat_17_1",
          "component_property": "SEAT_2_LR"
        }
      ]
    },
    {
      "parameter_name": "TailWingWithPropArm_11_PROP_SEGMENT_LENGTH",
      "value": "1245.0739533852134",
      "component_properties": [
        {
          "component_name": "StraightArm_75_1",
          "component_property": "LENGTH"
        },
        {
          "component_name": "StraightArm_75_2",
          "component_property": "LENGTH"
        }
      ]
    },
    {
      "parameter_name": "FrontBackPropArmMulti_24_PROP_OFFSET",
      "value": "788.3282401591141",
      "component_properties": [
        {
          "component_name": "StraightArm_71_1",
          "component_property": "TOP_CONN_DISP"
        },
        {
          "component_name": "StraightArm_71_1",
          "component_property": "BOTTOM_CONN_DISP"
        },
        {
          "component_name": "StraightArm_71_1",
          "component_property": "LEFT_CONN_DISP"
        },
        {
          "component_name": "StraightArm_71_1",
          "component_property": "RIGHT_CONN_DISP"
        },
        {
          "component_name": "StraightArm_71_2",
          "component_property": "TOP_CONN_DISP"
        },
        {
          "component_name": "StraightArm_71_2",
          "component_property": "BOTTOM_CONN_DISP"
        },
        {
          "component_name": "StraightArm_71_2",
          "component_property": "LEFT_CONN_DISP"
        },
        {
          "component_name": "StraightArm_71_2",
          "component_property": "RIGHT_CONN_DISP"
        }
      ]
    },
    {
      "parameter_name": "TailWingWithPropArm_11_TAIL_WING_OFFSET",
      "value": "0.0",
      "component_properties": [
        {
          "component_name": "StraightArm_74_1",
          "component_property": "TOP_CONN_DISP"
        },
        {
          "component_name": "StraightArm_74_1",
          "component_property": "BOTTOM_CONN_DISP"
        },
        {
          "component_name": "StraightArm_74_1",
          "component_property": "LEFT_CONN_DISP"
        },
        {
          "component_name": "StraightArm_74_1",
          "component_property": "RIGHT_CONN_DISP"
        }
      ]
    },
    {
      "parameter_name": "WingWithBatteryMain_12_SPAN",
      "value": "12178.359947736415",
      "component_properties": [
        {
          "component_name": "Wing_29_1",
          "component_property": "SPAN"
        },
        {
          "component_name": "Battery_57_1",
          "component_property": "SPAN"
        },
        {
          "component_name": "Wing_29_2",
          "component_property": "SPAN"
        },
        {
          "component_name": "Battery_58_1",
          "component_property": "SPAN"
        }
      ]
    },
    {
      "parameter_name": "FuselageDualSeat_17_SEAT_2_FB",
      "value": "-500.0",
      "component_properties": [
        {
          "component_name": "FuselageDualSeat_17_1",
          "component_property": "SEAT_2_FB"
        }
      ]
    },
    {
      "parameter_name": "LeftMountSide",
      "value": "1",
      "component_properties": [
        {
          "component_name": "Battery_57_1",
          "component_property": "MOUNT_SIDE"
        },
        {
          "component_name": "Battery_59_1",
          "component_property": "MOUNT_SIDE"
        }
      ]
    },
    {
      "parameter_name": "WingPair_18_TAPER_OFFSET",
      "value": "1",
      "component_properties": [
        {
          "component_name": "Wing_30_1",
          "component_property": "TAPER_OFFSET"
        },
        {
          "component_name": "Battery_59_1",
          "component_property": "TAPER_OFFSET"
        },
        {
          "component_name": "Wing_30_2",
          "component_property": "TAPER_OFFSET"
        },
        {
          "component_name": "Battery_60_1",
          "component_property": "TAPER_OFFSET"
        }
      ]
    },
    {
      "parameter_name": "WingWithBatteryMain_12_VOLUME_PERCENT",
      "value": "52.73940576647466",
      "component_properties": [
        {
          "component_name": "Battery_57_1",
          "component_property": "VOLUME_PERCENT"
        },
        {
          "component_name": "Battery_58_1",
          "component_property": "VOLUME_PERCENT"
        }
      ]
    },
    {
      "parameter_name": "WingPair_18_FLAP_BIAS",
      "value": "0.8046562888639925",
      "component_properties": [
        {
          "component_name": "Wing_30_1",
          "component_property": "FLAP_BIAS"
        },
        {
          "component_name": "Wing_30_2",
          "component_property": "FLAP_BIAS"
        }
      ]
    },
    {
      "parameter_name": "Wing_29_NACA_Profile",
      "value": "4612",
      "component_properties": [
        {
          "component_name": "Wing_29_1",
          "component_property": "NACA_Profile"
        },
        {
          "component_name": "Wing_29_2",
          "component_property": "NACA_Profile"
        }
      ]
    },
    {
      "parameter_name": "WingWithBatteryMain_12_AILERON_BIAS",
      "value": "0.7070539478249666",
      "component_properties": [
        {
          "component_name": "Wing_29_1",
          "component_property": "AILERON_BIAS"
        },
        {
          "component_name": "Wing_29_2",
          "component_property": "AILERON_BIAS"
        }
      ]
    },
    {
      "parameter_name": "SideMountedPropArmSegment_24_LENGTH",
      "value": "801.8562200216927",
      "component_properties": [
        {
          "component_name": "StraightArm_70_1",
          "component_property": "LENGTH"
        },
        {
          "component_name": "StraightArm_70_2",
          "component_property": "LENGTH"
        }
      ]
    },
    {
      "parameter_name": "SideMountedPropArmSegment_25_OFFSET",
      "value": "553.0670559848977",
      "component_properties": [
        {
          "component_name": "StraightArm_72_1",
          "component_property": "TOP_CONN_DISP"
        },
        {
          "component_name": "StraightArm_72_1",
          "component_property": "BOTTOM_CONN_DISP"
        },
        {
          "component_name": "StraightArm_72_1",
          "component_property": "LEFT_CONN_DISP"
        },
        {
          "component_name": "StraightArm_72_1",
          "component_property": "RIGHT_CONN_DISP"
        },
        {
          "component_name": "StraightArm_72_2",
          "component_property": "TOP_CONN_DISP"
        },
        {
          "component_name": "StraightArm_72_2",
          "component_property": "BOTTOM_CONN_DISP"
        },
        {
          "component_name": "StraightArm_72_2",
          "component_property": "LEFT_CONN_DISP"
        },
        {
          "component_name": "StraightArm_72_2",
          "component_property": "RIGHT_CONN_DISP"
        }
      ]
    },
    {
      "parameter_name": "TailWingWithPropArm_11_TAIL_LENGTH",
      "value": "3177.009786983867",
      "component_properties": [
        {
          "component_name": "StraightArm_74_1",
          "component_property": "LENGTH"
        }
      ]
    },
    {
      "parameter_name": "Wing_30_NACA_Profile",
      "value": "2712",
      "component_properties": [
        {
          "component_name": "Wing_30_1",
          "component_property": "NACA_Profile"
        },
        {
          "component_name": "Wing_30_2",
          "component_property": "NACA_Profile"
        }
      ]
    }
  ],
  "components": [
    {
      "component_instance": "BatteryController_17_1",
      "component_type": "BatteryController",
      "component_choice": "BatteryController"
    },
    {
      "component_instance": "Battery_57_1",
      "component_type": "Battery",
      "component_choice": "VitalyBeta"
    },
    {
      "component_instance": "Battery_58_1",
      "component_type": "Battery",
      "component_choice": "VitalyBeta"
    },
    {
      "component_instance": "Battery_59_1",
      "component_type": "Battery",
      "component_choice": "VitalyBeta"
    },
    {
      "component_instance": "Battery_60_1",
      "component_type": "Battery",
      "component_choice": "VitalyBeta"
    },
    {
      "component_instance": "FuselageDualSeat_17_1",
      "component_type": "Fuselage",
      "component_choice": "FUSE_SPHERE_CYL_CONE"
    },
    {
      "component_instance": "Motor_1",
      "component_type": "Motor",
      "component_choice": "Emrax348HV"
    },
    {
      "component_instance": "Motor_10",
      "component_type": "Motor",
      "component_choice": "Emrax348HV"
    },
    {
      "component_instance": "Motor_11",
      "component_type": "Motor",
      "component_choice": "Emrax348HV"
    },
    {
      "component_instance": "Motor_12",
      "component_type": "Motor",
      "component_choice": "Emrax348HV"
    },
    {
      "component_instance": "Motor_13",
      "component_type": "Motor",
      "component_choice": "Emrax348HV"
    },
    {
      "component_instance": "Motor_14",
      "component_type": "Motor",
      "component_choice": "Emrax348HV"
    },
    {
      "component_instance": "Motor_15",
      "component_type": "Motor",
      "component_choice": "Emrax348HV"
    },
    {
      "component_instance": "Motor_16",
      "component_type": "Motor",
      "component_choice": "Emrax348HV"
    },
    {
      "component_instance": "Motor_17",
      "component_type": "Motor",
      "component_choice": "Emrax348HV"
    },
    {
      "component_instance": "Motor_18",
      "component_type": "Motor",
      "component_choice": "Emrax348HV"
    },
    {
      "component_instance": "Motor_19",
      "component_type": "Motor",
      "component_choice": "Emrax348HV"
    },
    {
      "component_instance": "Motor_2",
      "component_type": "Motor",
      "component_choice": "Emrax348HV"
    },
    {
      "component_instance": "Motor_20",
      "component_type": "Motor",
      "component_choice": "Emrax348HV"
    },
    {
      "component_instance": "Motor_21",
      "component_type": "Motor",
      "component_choice": "Emrax348HV"
    },
    {
      "component_instance": "Motor_22",
      "component_type": "Motor",
      "component_choice": "Emrax348HV"
    },
    {
      "component_instance": "Motor_23",
      "component_type": "Motor",
      "component_choice": "Emrax348HV"
    },
    {
      "component_instance": "Motor_24",
      "component_type": "Motor",
      "component_choice": "Emrax348HV"
    },
    {
      "component_instance": "Motor_3",
      "component_type": "Motor",
      "component_choice": "Emrax348HV"
    },
    {
      "component_instance": "Motor_4",
      "component_type": "Motor",
      "component_choice": "Emrax348HV"
    },
    {
      "component_instance": "Motor_5",
      "component_type": "Motor",
      "component_choice": "Emrax348HV"
    },
    {
      "component_instance": "Motor_6",
      "component_type": "Motor",
      "component_choice": "Emrax348HV"
    },
    {
      "component_instance": "Motor_7",
      "component_type": "Motor",
      "component_choice": "Emrax348HV"
    },
    {
      "component_instance": "Motor_8",
      "component_type": "Motor",
      "component_choice": "Emrax348HV"
    },
    {
      "component_instance": "Motor_9",
      "component_type": "Motor",
      "component_choice": "Emrax348HV"
    },
    {
      "component_instance": "NACAPortConnector_1",
      "component_type": "NACA_Port_Connector",
      "component_choice": "naca_connector"
    },
    {
      "component_instance": "Orient",
      "component_type": "Orient",
      "component_choice": "Orient"
    },
    {
      "component_instance": "Passenger_1",
      "component_type": "Passenger",
      "component_choice": "Passenger"
    },
    {
      "component_instance": "Passenger_2",
      "component_type": "Passenger",
      "component_choice": "Passenger"
    },
    {
      "component_instance": "Propeller_1",
      "component_type": "Propeller",
      "component_choice": "76x12_5_1400_46_1490"
    },
    {
      "component_instance": "Propeller_10",
      "component_type": "Propeller",
      "component_choice": "76x12_5_1400_46_1490"
    },
    {
      "component_instance": "Propeller_11",
      "component_type": "Propeller",
      "component_choice": "76x12_5_1400_46_1490"
    },
    {
      "component_instance": "Propeller_12",
      "component_type": "Propeller",
      "component_choice": "76x12_5_1400_46_1490"
    },
    {
      "component_instance": "Propeller_13",
      "component_type": "Propeller",
      "component_choice": "76x12_5_1400_46_1490"
    },
    {
      "component_instance": "Propeller_14",
      "component_type": "Propeller",
      "component_choice": "76x12_5_1400_46_1490"
    },
    {
      "component_instance": "Propeller_15",
      "component_type": "Propeller",
      "component_choice": "76x12_5_1400_46_1490"
    },
    {
      "component_instance": "Propeller_16",
      "component_type": "Propeller",
      "component_choice": "76x12_5_1400_46_1490"
    },
    {
      "component_instance": "Propeller_17",
      "component_type": "Propeller",
      "component_choice": "76x12_5_1400_46_1490"
    },
    {
      "component_instance": "Propeller_18",
      "component_type": "Propeller",
      "component_choice": "76x12_5_1400_46_1490"
    },
    {
      "component_instance": "Propeller_19",
      "component_type": "Propeller",
      "component_choice": "76x12_5_1400_46_1490"
    },
    {
      "component_instance": "Propeller_2",
      "component_type": "Propeller",
      "component_choice": "76x12_5_1400_46_1490"
    },
    {
      "component_instance": "Propeller_20",
      "component_type": "Propeller",
      "component_choice": "76x12_5_1400_46_1490"
    },
    {
      "component_instance": "Propeller_21",
      "component_type": "Propeller",
      "component_choice": "76x12_5_1400_46_1490"
    },
    {
      "component_instance": "Propeller_22",
      "component_type": "Propeller",
      "component_choice": "76x12_5_1400_46_1490"
    },
    {
      "component_instance": "Propeller_23",
      "component_type": "Propeller",
      "component_choice": "76x12_5_1400_46_1490"
    },
    {
      "component_instance": "Propeller_24",
      "component_type": "Propeller",
      "component_choice": "76x12_5_1400_46_1490"
    },
    {
      "component_instance": "Propeller_3",
      "component_type": "Propeller",
      "component_choice": "76x12_5_1400_46_1490"
    },
    {
      "component_instance": "Propeller_4",
      "component_type": "Propeller",
      "component_choice": "76x12_5_1400_46_1490"
    },
    {
      "component_instance": "Propeller_5",
      "component_type": "Propeller",
      "component_choice": "76x12_5_1400_46_1490"
    },
    {
      "component_instance": "Propeller_6",
      "component_type": "Propeller",
      "component_choice": "76x12_5_1400_46_1490"
    },
    {
      "component_instance": "Propeller_7",
      "component_type": "Propeller",
      "component_choice": "76x12_5_1400_46_1490"
    },
    {
      "component_instance": "Propeller_8",
      "component_type": "Propeller",
      "component_choice": "76x12_5_1400_46_1490"
    },
    {
      "component_instance": "Propeller_9",
      "component_type": "Propeller",
      "component_choice": "76x12_5_1400_46_1490"
    },
    {
      "component_instance": "StraightArmNoSides_11_1",
      "component_type": "Cylinder",
      "component_choice": "PORTED_CYL"
    },
    {
      "component_instance": "StraightArm_70_1",
      "component_type": "Cylinder",
      "component_choice": "PORTED_CYL"
    },
    {
      "component_instance": "StraightArm_70_2",
      "component_type": "Cylinder",
      "component_choice": "PORTED_CYL"
    },
    {
      "component_instance": "StraightArm_71_1",
      "component_type": "Cylinder",
      "component_choice": "PORTED_CYL"
    },
    {
      "component_instance": "StraightArm_71_2",
      "component_type": "Cylinder",
      "component_choice": "PORTED_CYL"
    },
    {
      "component_instance": "StraightArm_72_1",
      "component_type": "Cylinder",
      "component_choice": "PORTED_CYL"
    },
    {
      "component_instance": "StraightArm_72_2",
      "component_type": "Cylinder",
      "component_choice": "PORTED_CYL"
    },
    {
      "component_instance": "StraightArm_73_1",
      "component_type": "Cylinder",
      "component_choice": "PORTED_CYL"
    },
    {
      "component_instance": "StraightArm_73_2",
      "component_type": "Cylinder",
      "component_choice": "PORTED_CYL"
    },
    {
      "component_instance": "StraightArm_73_3",
      "component_type": "Cylinder",
      "component_choice": "PORTED_CYL"
    },
    {
      "component_instance": "StraightArm_73_4",
      "component_type": "Cylinder",
      "component_choice": "PORTED_CYL"
    },
    {
      "component_instance": "StraightArm_74_1",
      "component_type": "Cylinder",
      "component_choice": "PORTED_CYL"
    },
    {
      "component_instance": "StraightArm_75_1",
      "component_type": "Cylinder",
      "component_choice": "PORTED_CYL"
    },
    {
      "component_instance": "StraightArm_75_2",
      "component_type": "Cylinder",
      "component_choice": "PORTED_CYL"
    },
    {
      "component_instance": "Wing_29_1",
      "component_type": "Wing",
      "component_choice": "naca_wing"
    },
    {
      "component_instance": "Wing_29_2",
      "component_type": "Wing",
      "component_choice": "naca_wing"
    },
    {
      "component_instance": "Wing_30_1",
      "component_type": "Wing",
      "component_choice": "naca_wing"
    },
    {
      "component_instance": "Wing_30_2",
      "component_type": "Wing",
      "component_choice": "naca_wing"
    }
  ],
  "connections": [
    {
      "from_ci": "BatteryController_17_1",
      "from_conn": "MotorPower",
      "to_ci": "Motor_14",
      "to_conn": "MotorPower"
    },
    {
      "from_ci": "BatteryController_17_1",
      "from_conn": "MotorPower",
      "to_ci": "Motor_4",
      "to_conn": "MotorPower"
    },
    {
      "from_ci": "BatteryController_17_1",
      "from_conn": "MotorPower",
      "to_ci": "Motor_21",
      "to_conn": "MotorPower"
    },
    {
      "from_ci": "BatteryController_17_1",
      "from_conn": "MotorPower",
      "to_ci": "Motor_15",
      "to_conn": "MotorPower"
    },
    {
      "from_ci": "BatteryController_17_1",
      "from_conn": "MotorPower",
      "to_ci": "Motor_23",
      "to_conn": "MotorPower"
    },
    {
      "from_ci": "BatteryController_17_1",
      "from_conn": "MotorPower",
      "to_ci": "Motor_12",
      "to_conn": "MotorPower"
    },
    {
      "from_ci": "BatteryController_17_1",
      "from_conn": "MotorPower",
      "to_ci": "Motor_13",
      "to_conn": "MotorPower"
    },
    {
      "from_ci": "BatteryController_17_1",
      "from_conn": "MotorPower",
      "to_ci": "Motor_8",
      "to_conn": "MotorPower"
    },
    {
      "from_ci": "BatteryController_17_1",
      "from_conn": "MotorPower",
      "to_ci": "Motor_20",
      "to_conn": "MotorPower"
    },
    {
      "from_ci": "BatteryController_17_1",
      "from_conn": "MotorPower",
      "to_ci": "Motor_22",
      "to_conn": "MotorPower"
    },
    {
      "from_ci": "BatteryController_17_1",
      "from_conn": "MotorPower",
      "to_ci": "Motor_16",
      "to_conn": "MotorPower"
    },
    {
      "from_ci": "BatteryController_17_1",
      "from_conn": "MotorPower",
      "to_ci": "Motor_9",
      "to_conn": "MotorPower"
    },
    {
      "from_ci": "BatteryController_17_1",
      "from_conn": "MotorPower",
      "to_ci": "Motor_2",
      "to_conn": "MotorPower"
    },
    {
      "from_ci": "BatteryController_17_1",
      "from_conn": "BatteryPower",
      "to_ci": "Battery_60_1",
      "to_conn": "PowerBus"
    },
    {
      "from_ci": "BatteryController_17_1",
      "from_conn": "MotorPower",
      "to_ci": "Motor_11",
      "to_conn": "MotorPower"
    },
    {
      "from_ci": "BatteryController_17_1",
      "from_conn": "MotorPower",
      "to_ci": "Motor_6",
      "to_conn": "MotorPower"
    },
    {
      "from_ci": "BatteryController_17_1",
      "from_conn": "MotorPower",
      "to_ci": "Motor_17",
      "to_conn": "MotorPower"
    },
    {
      "from_ci": "BatteryController_17_1",
      "from_conn": "MotorPower",
      "to_ci": "Motor_18",
      "to_conn": "MotorPower"
    },
    {
      "from_ci": "BatteryController_17_1",
      "from_conn": "MotorPower",
      "to_ci": "Motor_7",
      "to_conn": "MotorPower"
    },
    {
      "from_ci": "BatteryController_17_1",
      "from_conn": "BatteryPower",
      "to_ci": "Battery_59_1",
      "to_conn": "PowerBus"
    },
    {
      "from_ci": "BatteryController_17_1",
      "from_conn": "MotorPower",
      "to_ci": "Motor_1",
      "to_conn": "MotorPower"
    },
    {
      "from_ci": "BatteryController_17_1",
      "from_conn": "MotorPower",
      "to_ci": "Motor_10",
      "to_conn": "MotorPower"
    },
    {
      "from_ci": "BatteryController_17_1",
      "from_conn": "BatteryPower",
      "to_ci": "Battery_58_1",
      "to_conn": "PowerBus"
    },
    {
      "from_ci": "BatteryController_17_1",
      "from_conn": "MotorPower",
      "to_ci": "Motor_19",
      "to_conn": "MotorPower"
    },
    {
      "from_ci": "BatteryController_17_1",
      "from_conn": "MotorPower",
      "to_ci": "Motor_5",
      "to_conn": "MotorPower"
    },
    {
      "from_ci": "BatteryController_17_1",
      "from_conn": "MotorPower",
      "to_ci": "Motor_24",
      "to_conn": "MotorPower"
    },
    {
      "from_ci": "BatteryController_17_1",
      "from_conn": "MotorPower",
      "to_ci": "Motor_3",
      "to_conn": "MotorPower"
    },
    {
      "from_ci": "BatteryController_17_1",
      "from_conn": "BatteryPower",
      "to_ci": "Battery_57_1",
      "to_conn": "PowerBus"
    },
    {
      "from_ci": "FuselageDualSeat_17_1",
      "from_conn": "RIGHT_CONNECTOR",
      "to_ci": "Wing_29_2",
      "to_conn": "Connector_2"
    },
    {
      "from_ci": "FuselageDualSeat_17_1",
      "from_conn": "SEAT_1_CONNECTOR",
      "to_ci": "Passenger_1",
      "to_conn": "Connector"
    },
    {
      "from_ci": "FuselageDualSeat_17_1",
      "from_conn": "SEAT_2_CONNECTOR",
      "to_ci": "Passenger_2",
      "to_conn": "Connector"
    },
    {
      "from_ci": "FuselageDualSeat_17_1",
      "from_conn": "REAR_CONNECTOR",
      "to_ci": "StraightArmNoSides_11_1",
      "to_conn": "FRONT_CONNECTOR"
    },
    {
      "from_ci": "FuselageDualSeat_17_1",
      "from_conn": "LEFT_CONNECTOR",
      "to_ci": "Wing_29_1",
      "to_conn": "Connector_1"
    },
    {
      "from_ci": "Motor_1",
      "from_conn": "Prop_Connector",
      "to_ci": "Propeller_1",
      "to_conn": "MOTOR_CONNECTOR_CS_IN"
    },
    {
      "from_ci": "Motor_10",
      "from_conn": "Prop_Connector",
      "to_ci": "Propeller_10",
      "to_conn": "MOTOR_CONNECTOR_CS_IN"
    },
    {
      "from_ci": "Motor_11",
      "from_conn": "Prop_Connector",
      "to_ci": "Propeller_11",
      "to_conn": "MOTOR_CONNECTOR_CS_IN"
    },
    {
      "from_ci": "Motor_12",
      "from_conn": "Prop_Connector",
      "to_ci": "Propeller_12",
      "to_conn": "MOTOR_CONNECTOR_CS_IN"
    },
    {
      "from_ci": "Motor_13",
      "from_conn": "Prop_Connector",
      "to_ci": "Propeller_13",
      "to_conn": "MOTOR_CONNECTOR_CS_IN"
    },
    {
      "from_ci": "Motor_14",
      "from_conn": "Prop_Connector",
      "to_ci": "Propeller_14",
      "to_conn": "MOTOR_CONNECTOR_CS_IN"
    },
    {
      "from_ci": "Motor_15",
      "from_conn": "Prop_Connector",
      "to_ci": "Propeller_15",
      "to_conn": "MOTOR_CONNECTOR_CS_IN"
    },
    {
      "from_ci": "Motor_16",
      "from_conn": "Prop_Connector",
      "to_ci": "Propeller_16",
      "to_conn": "MOTOR_CONNECTOR_CS_IN"
    },
    {
      "from_ci": "Motor_17",
      "from_conn": "Prop_Connector",
      "to_ci": "Propeller_17",
      "to_conn": "MOTOR_CONNECTOR_CS_IN"
    },
    {
      "from_ci": "Motor_18",
      "from_conn": "Prop_Connector",
      "to_ci": "Propeller_18",
      "to_conn": "MOTOR_CONNECTOR_CS_IN"
    },
    {
      "from_ci": "Motor_19",
      "from_conn": "Prop_Connector",
      "to_ci": "Propeller_19",
      "to_conn": "MOTOR_CONNECTOR_CS_IN"
    },
    {
      "from_ci": "Motor_2",
      "from_conn": "Prop_Connector",
      "to_ci": "Propeller_2",
      "to_conn": "MOTOR_CONNECTOR_CS_IN"
    },
    {
      "from_ci": "Motor_20",
      "from_conn": "Prop_Connector",
      "to_ci": "Propeller_20",
      "to_conn": "MOTOR_CONNECTOR_CS_IN"
    },
    {
      "from_ci": "Motor_21",
      "from_conn": "Prop_Connector",
      "to_ci": "Propeller_21",
      "to_conn": "MOTOR_CONNECTOR_CS_IN"
    },
    {
      "from_ci": "Motor_22",
      "from_conn": "Prop_Connector",
      "to_ci": "Propeller_22",
      "to_conn": "MOTOR_CONNECTOR_CS_IN"
    },
    {
      "from_ci": "Motor_23",
      "from_conn": "Prop_Connector",
      "to_ci": "Propeller_23",
      "to_conn": "MOTOR_CONNECTOR_CS_IN"
    },
    {
      "from_ci": "Motor_24",
      "from_conn": "Prop_Connector",
      "to_ci": "Propeller_24",
      "to_conn": "MOTOR_CONNECTOR_CS_IN"
    },
    {
      "from_ci": "Motor_3",
      "from_conn": "Prop_Connector",
      "to_ci": "Propeller_3",
      "to_conn": "MOTOR_CONNECTOR_CS_IN"
    },
    {
      "from_ci": "Motor_4",
      "from_conn": "Prop_Connector",
      "to_ci": "Propeller_4",
      "to_conn": "MOTOR_CONNECTOR_CS_IN"
    },
    {
      "from_ci": "Motor_5",
      "from_conn": "Prop_Connector",
      "to_ci": "Propeller_5",
      "to_conn": "MOTOR_CONNECTOR_CS_IN"
    },
    {
      "from_ci": "Motor_6",
      "from_conn": "Prop_Connector",
      "to_ci": "Propeller_6",
      "to_conn": "MOTOR_CONNECTOR_CS_IN"
    },
    {
      "from_ci": "Motor_7",
      "from_conn": "Prop_Connector",
      "to_ci": "Propeller_7",
      "to_conn": "MOTOR_CONNECTOR_CS_IN"
    },
    {
      "from_ci": "Motor_8",
      "from_conn": "Prop_Connector",
      "to_ci": "Propeller_8",
      "to_conn": "MOTOR_CONNECTOR_CS_IN"
    },
    {
      "from_ci": "Motor_9",
      "from_conn": "Prop_Connector",
      "to_ci": "Propeller_9",
      "to_conn": "MOTOR_CONNECTOR_CS_IN"
    },
    {
      "from_ci": "NACAPortConnector_1",
      "from_conn": "End_Connector_1",
      "to_ci": "Wing_30_1",
      "to_conn": "Connector_1"
    },
    {
      "from_ci": "NACAPortConnector_1",
      "from_conn": "End_Connector_2",
      "to_ci": "Wing_30_2",
      "to_conn": "Connector_2"
    },
    {
      "from_ci": "Orient",
      "from_conn": "ORIENTCONN",
      "to_ci": "FuselageDualSeat_17_1",
      "to_conn": "ORIENT"
    },
    {
      "from_ci": "StraightArmNoSides_11_1",
      "from_conn": "REAR_CONNECTOR",
      "to_ci": "StraightArm_75_1",
      "to_conn": "FRONT_CONNECTOR"
    },
    {
      "from_ci": "StraightArm_70_1",
      "from_conn": "REAR_CONNECTOR",
      "to_ci": "StraightArm_71_1",
      "to_conn": "FRONT_CONNECTOR"
    },
    {
      "from_ci": "StraightArm_70_1",
      "from_conn": "TOP_CONNECTOR",
      "to_ci": "Motor_2",
      "to_conn": "Base_Connector"
    },
    {
      "from_ci": "StraightArm_70_1",
      "from_conn": "BOTTOM_CONNECTOR",
      "to_ci": "Motor_1",
      "to_conn": "Base_Connector"
    },
    {
      "from_ci": "StraightArm_70_2",
      "from_conn": "REAR_CONNECTOR",
      "to_ci": "StraightArm_71_2",
      "to_conn": "FRONT_CONNECTOR"
    },
    {
      "from_ci": "StraightArm_70_2",
      "from_conn": "BOTTOM_CONNECTOR",
      "to_ci": "Motor_5",
      "to_conn": "Base_Connector"
    },
    {
      "from_ci": "StraightArm_70_2",
      "from_conn": "TOP_CONNECTOR",
      "to_ci": "Motor_6",
      "to_conn": "Base_Connector"
    },
    {
      "from_ci": "StraightArm_71_1",
      "from_conn": "BOTTOM_CONNECTOR",
      "to_ci": "Motor_3",
      "to_conn": "Base_Connector"
    },
    {
      "from_ci": "StraightArm_71_1",
      "from_conn": "TOP_CONNECTOR",
      "to_ci": "Motor_4",
      "to_conn": "Base_Connector"
    },
    {
      "from_ci": "StraightArm_71_2",
      "from_conn": "BOTTOM_CONNECTOR",
      "to_ci": "Motor_7",
      "to_conn": "Base_Connector"
    },
    {
      "from_ci": "StraightArm_71_2",
      "from_conn": "TOP_CONNECTOR",
      "to_ci": "Motor_8",
      "to_conn": "Base_Connector"
    },
    {
      "from_ci": "StraightArm_72_1",
      "from_conn": "REAR_CONNECTOR",
      "to_ci": "StraightArm_73_2",
      "to_conn": "FRONT_CONNECTOR"
    },
    {
      "from_ci": "StraightArm_72_1",
      "from_conn": "TOP_CONNECTOR",
      "to_ci": "Motor_14",
      "to_conn": "Base_Connector"
    },
    {
      "from_ci": "StraightArm_72_1",
      "from_conn": "BOTTOM_CONNECTOR",
      "to_ci": "Motor_13",
      "to_conn": "Base_Connector"
    },
    {
      "from_ci": "StraightArm_72_1",
      "from_conn": "FRONT_CONNECTOR",
      "to_ci": "StraightArm_73_1",
      "to_conn": "FRONT_CONNECTOR"
    },
    {
      "from_ci": "StraightArm_72_2",
      "from_conn": "TOP_CONNECTOR",
      "to_ci": "Motor_20",
      "to_conn": "Base_Connector"
    },
    {
      "from_ci": "StraightArm_72_2",
      "from_conn": "REAR_CONNECTOR",
      "to_ci": "StraightArm_73_4",
      "to_conn": "FRONT_CONNECTOR"
    },
    {
      "from_ci": "StraightArm_72_2",
      "from_conn": "FRONT_CONNECTOR",
      "to_ci": "StraightArm_73_3",
      "to_conn": "FRONT_CONNECTOR"
    },
    {
      "from_ci": "StraightArm_72_2",
      "from_conn": "BOTTOM_CONNECTOR",
      "to_ci": "Motor_19",
      "to_conn": "Base_Connector"
    },
    {
      "from_ci": "StraightArm_73_1",
      "from_conn": "BOTTOM_CONNECTOR",
      "to_ci": "Motor_15",
      "to_conn": "Base_Connector"
    },
    {
      "from_ci": "StraightArm_73_1",
      "from_conn": "TOP_CONNECTOR",
      "to_ci": "Motor_16",
      "to_conn": "Base_Connector"
    },
    {
      "from_ci": "StraightArm_73_2",
      "from_conn": "TOP_CONNECTOR",
      "to_ci": "Motor_18",
      "to_conn": "Base_Connector"
    },
    {
      "from_ci": "StraightArm_73_2",
      "from_conn": "BOTTOM_CONNECTOR",
      "to_ci": "Motor_17",
      "to_conn": "Base_Connector"
    },
    {
      "from_ci": "StraightArm_73_3",
      "from_conn": "TOP_CONNECTOR",
      "to_ci": "Motor_22",
      "to_conn": "Base_Connector"
    },
    {
      "from_ci": "StraightArm_73_3",
      "from_conn": "BOTTOM_CONNECTOR",
      "to_ci": "Motor_21",
      "to_conn": "Base_Connector"
    },
    {
      "from_ci": "StraightArm_73_4",
      "from_conn": "BOTTOM_CONNECTOR",
      "to_ci": "Motor_23",
      "to_conn": "Base_Connector"
    },
    {
      "from_ci": "StraightArm_73_4",
      "from_conn": "TOP_CONNECTOR",
      "to_ci": "Motor_24",
      "to_conn": "Base_Connector"
    },
    {
      "from_ci": "StraightArm_74_1",
      "from_conn": "TOP_CONNECTOR",
      "to_ci": "NACAPortConnector_1",
      "to_conn": "Bottom_Connector"
    },
    {
      "from_ci": "StraightArm_75_1",
      "from_conn": "TOP_CONNECTOR",
      "to_ci": "Motor_10",
      "to_conn": "Base_Connector"
    },
    {
      "from_ci": "StraightArm_75_1",
      "from_conn": "REAR_CONNECTOR",
      "to_ci": "StraightArm_75_2",
      "to_conn": "FRONT_CONNECTOR"
    },
    {
      "from_ci": "StraightArm_75_1",
      "from_conn": "BOTTOM_CONNECTOR",
      "to_ci": "Motor_9",
      "to_conn": "Base_Connector"
    },
    {
      "from_ci": "StraightArm_75_2",
      "from_conn": "BOTTOM_CONNECTOR",
      "to_ci": "Motor_11",
      "to_conn": "Base_Connector"
    },
    {
      "from_ci": "StraightArm_75_2",
      "from_conn": "REAR_CONNECTOR",
      "to_ci": "StraightArm_74_1",
      "to_conn": "FRONT_CONNECTOR"
    },
    {
      "from_ci": "StraightArm_75_2",
      "from_conn": "TOP_CONNECTOR",
      "to_ci": "Motor_12",
      "to_conn": "Base_Connector"
    },
    {
      "from_ci": "Wing_29_1",
      "from_conn": "Battery_Connector_1",
      "to_ci": "Battery_57_1",
      "to_conn": "Battery_Connector_1_out"
    },
    {
      "from_ci": "Wing_29_1",
      "from_conn": "Connector_2",
      "to_ci": "StraightArm_70_1",
      "to_conn": "RIGHT_CONNECTOR"
    },
    {
      "from_ci": "Wing_29_2",
      "from_conn": "Battery_Connector_2",
      "to_ci": "Battery_58_1",
      "to_conn": "Battery_Connector_2_out"
    },
    {
      "from_ci": "Wing_29_2",
      "from_conn": "Connector_1",
      "to_ci": "StraightArm_70_2",
      "to_conn": "LEFT_CONNECTOR"
    },
    {
      "from_ci": "Wing_30_1",
      "from_conn": "Connector_2",
      "to_ci": "StraightArm_72_1",
      "to_conn": "RIGHT_CONNECTOR"
    },
    {
      "from_ci": "Wing_30_1",
      "from_conn": "Battery_Connector_1",
      "to_ci": "Battery_59_1",
      "to_conn": "Battery_Connector_1_out"
    },
    {
      "from_ci": "Wing_30_2",
      "from_conn": "Battery_Connector_2",
      "to_ci": "Battery_60_1",
      "to_conn": "Battery_Connector_2_out"
    },
    {
      "from_ci": "Wing_30_2",
      "from_conn": "Connector_1",
      "to_ci": "StraightArm_72_2",
      "to_conn": "LEFT_CONNECTOR"
    }
  ]
}
