{
  "extra": {
    "generator_version": "2022-05-23"
  },
  "name": "design_42_7da7e631_c90d_4c50_af11_acab7a13a447",
  "parameters": [
    {
      "parameter_name": "PosPropDir",
      "value": "1",
      "component_properties": [
        {
          "component_name": "Propeller_1",
          "component_property": "Direction"
        },
        {
          "component_name": "Propeller_2",
          "component_property": "Direction"
        },
        {
          "component_name": "Propeller_4",
          "component_property": "Direction"
        },
        {
          "component_name": "Propeller_7",
          "component_property": "Direction"
        },
        {
          "component_name": "Propeller_8",
          "component_property": "Direction"
        }
      ]
    },
    {
      "parameter_name": "TailWingWithPropArm_8_TAIL_WING_OFFSET",
      "value": "0.0",
      "component_properties": [
        {
          "component_name": "StraightArm_53_1",
          "component_property": "TOP_CONN_DISP"
        },
        {
          "component_name": "StraightArm_53_1",
          "component_property": "BOTTOM_CONN_DISP"
        },
        {
          "component_name": "StraightArm_53_1",
          "component_property": "LEFT_CONN_DISP"
        },
        {
          "component_name": "StraightArm_53_1",
          "component_property": "RIGHT_CONN_DISP"
        }
      ]
    },
    {
      "parameter_name": "TailWingWithPropArm_8_PROP_SEGMENT_LENGTH",
      "value": "857.8175529689074",
      "component_properties": [
        {
          "component_name": "StraightArm_54_1",
          "component_property": "LENGTH"
        },
        {
          "component_name": "StraightArm_54_2",
          "component_property": "LENGTH"
        }
      ]
    },
    {
      "parameter_name": "PosPropType",
      "value": "1",
      "component_properties": [
        {
          "component_name": "Propeller_1",
          "component_property": "Prop_type"
        },
        {
          "component_name": "Propeller_7",
          "component_property": "Prop_type"
        },
        {
          "component_name": "Propeller_6",
          "component_property": "Prop_type"
        }
      ]
    },
    {
      "parameter_name": "Wing_21_NACA_Profile",
      "value": "6321",
      "component_properties": [
        {
          "component_name": "Wing_21_1",
          "component_property": "NACA_Profile"
        },
        {
          "component_name": "Wing_21_2",
          "component_property": "NACA_Profile"
        }
      ]
    },
    {
      "parameter_name": "FuselageDualSeat_13_SPHERE_DIAMETER",
      "value": "1196.9471766282802",
      "component_properties": [
        {
          "component_name": "FuselageDualSeat_13_1",
          "component_property": "SPHERE_DIAMETER"
        }
      ]
    },
    {
      "parameter_name": "WingPair_13_SPAN",
      "value": "14770.106187187643",
      "component_properties": [
        {
          "component_name": "Wing_21_1",
          "component_property": "SPAN"
        },
        {
          "component_name": "Battery_41_1",
          "component_property": "SPAN"
        },
        {
          "component_name": "Wing_21_2",
          "component_property": "SPAN"
        },
        {
          "component_name": "Battery_42_1",
          "component_property": "SPAN"
        }
      ]
    },
    {
      "parameter_name": "WingPair_13_FLAP_BIAS",
      "value": "0.22783707015652327",
      "component_properties": [
        {
          "component_name": "Wing_21_1",
          "component_property": "FLAP_BIAS"
        },
        {
          "component_name": "Wing_21_2",
          "component_property": "FLAP_BIAS"
        }
      ]
    },
    {
      "parameter_name": "WingPair_13_VOLUME_PERCENT",
      "value": "96.90584209560701",
      "component_properties": [
        {
          "component_name": "Battery_41_1",
          "component_property": "VOLUME_PERCENT"
        },
        {
          "component_name": "Battery_42_1",
          "component_property": "VOLUME_PERCENT"
        }
      ]
    },
    {
      "parameter_name": "SideMountedPropArmSegment_18_OFFSET",
      "value": "953.0384521152745",
      "component_properties": [
        {
          "component_name": "StraightArm_51_1",
          "component_property": "TOP_CONN_DISP"
        },
        {
          "component_name": "StraightArm_51_1",
          "component_property": "BOTTOM_CONN_DISP"
        },
        {
          "component_name": "StraightArm_51_1",
          "component_property": "LEFT_CONN_DISP"
        },
        {
          "component_name": "StraightArm_51_1",
          "component_property": "RIGHT_CONN_DISP"
        },
        {
          "component_name": "StraightArm_51_2",
          "component_property": "TOP_CONN_DISP"
        },
        {
          "component_name": "StraightArm_51_2",
          "component_property": "BOTTOM_CONN_DISP"
        },
        {
          "component_name": "StraightArm_51_2",
          "component_property": "LEFT_CONN_DISP"
        },
        {
          "component_name": "StraightArm_51_2",
          "component_property": "RIGHT_CONN_DISP"
        }
      ]
    },
    {
      "parameter_name": "WingPair_13_CHORD_OUTER",
      "value": "1040.7585395400417",
      "component_properties": [
        {
          "component_name": "Wing_21_1",
          "component_property": "CHORD_2"
        },
        {
          "component_name": "Battery_41_1",
          "component_property": "CHORD_2"
        },
        {
          "component_name": "Wing_21_2",
          "component_property": "CHORD_1"
        },
        {
          "component_name": "Battery_42_1",
          "component_property": "CHORD_1"
        }
      ]
    },
    {
      "parameter_name": "NegPropType",
      "value": "-1",
      "component_properties": [
        {
          "component_name": "Propeller_2",
          "component_property": "Prop_type"
        },
        {
          "component_name": "Propeller_3",
          "component_property": "Prop_type"
        },
        {
          "component_name": "Propeller_4",
          "component_property": "Prop_type"
        },
        {
          "component_name": "Propeller_5",
          "component_property": "Prop_type"
        },
        {
          "component_name": "Propeller_9",
          "component_property": "Prop_type"
        },
        {
          "component_name": "Propeller_8",
          "component_property": "Prop_type"
        }
      ]
    },
    {
      "parameter_name": "ControlChannelAuto",
      "value": "-1",
      "component_properties": [
        {
          "component_name": "Motor_1",
          "component_property": "CONTROL_CHANNEL"
        },
        {
          "component_name": "Motor_2",
          "component_property": "CONTROL_CHANNEL"
        },
        {
          "component_name": "Motor_3",
          "component_property": "CONTROL_CHANNEL"
        },
        {
          "component_name": "Motor_4",
          "component_property": "CONTROL_CHANNEL"
        },
        {
          "component_name": "Motor_5",
          "component_property": "CONTROL_CHANNEL"
        },
        {
          "component_name": "Motor_7",
          "component_property": "CONTROL_CHANNEL"
        },
        {
          "component_name": "Motor_6",
          "component_property": "CONTROL_CHANNEL"
        },
        {
          "component_name": "Motor_9",
          "component_property": "CONTROL_CHANNEL"
        },
        {
          "component_name": "Motor_8",
          "component_property": "CONTROL_CHANNEL"
        }
      ]
    },
    {
      "parameter_name": "WingPair_13_CHORD_INNER",
      "value": "1156.5656088854648",
      "component_properties": [
        {
          "component_name": "NACAPortConnector_1",
          "component_property": "CHORD"
        },
        {
          "component_name": "Wing_21_1",
          "component_property": "CHORD_1"
        },
        {
          "component_name": "Battery_41_1",
          "component_property": "CHORD_1"
        },
        {
          "component_name": "Wing_21_2",
          "component_property": "CHORD_2"
        },
        {
          "component_name": "Battery_42_1",
          "component_property": "CHORD_2"
        }
      ]
    },
    {
      "parameter_name": "WingPair_13_AILERON_BIAS",
      "value": "0.6024036914424997",
      "component_properties": [
        {
          "component_name": "Wing_21_1",
          "component_property": "AILERON_BIAS"
        },
        {
          "component_name": "Wing_21_2",
          "component_property": "AILERON_BIAS"
        }
      ]
    },
    {
      "parameter_name": "RightMountSide",
      "value": "2",
      "component_properties": [
        {
          "component_name": "Battery_42_1",
          "component_property": "MOUNT_SIDE"
        }
      ]
    },
    {
      "parameter_name": "NegPropDir",
      "value": "-1",
      "component_properties": [
        {
          "component_name": "Propeller_3",
          "component_property": "Direction"
        },
        {
          "component_name": "Propeller_5",
          "component_property": "Direction"
        },
        {
          "component_name": "Propeller_6",
          "component_property": "Direction"
        },
        {
          "component_name": "Propeller_9",
          "component_property": "Direction"
        }
      ]
    },
    {
      "parameter_name": "TailWingWithPropArm_8_TAIL_FIRST_LENGTH",
      "value": "866.6183076835637",
      "component_properties": [
        {
          "component_name": "StraightArmNoSides_8_1",
          "component_property": "LENGTH"
        }
      ]
    },
    {
      "parameter_name": "TailWingWithPropArm_8_TAIL_LENGTH",
      "value": "3326.7332956358555",
      "component_properties": [
        {
          "component_name": "StraightArm_53_1",
          "component_property": "LENGTH"
        }
      ]
    },
    {
      "parameter_name": "TailWingWithPropArm_8_PROP_OFFSET",
      "value": "474.3874237928105",
      "component_properties": [
        {
          "component_name": "StraightArm_54_1",
          "component_property": "TOP_CONN_DISP"
        },
        {
          "component_name": "StraightArm_54_1",
          "component_property": "BOTTOM_CONN_DISP"
        },
        {
          "component_name": "StraightArm_54_1",
          "component_property": "LEFT_CONN_DISP"
        },
        {
          "component_name": "StraightArm_54_1",
          "component_property": "RIGHT_CONN_DISP"
        },
        {
          "component_name": "StraightArm_54_2",
          "component_property": "TOP_CONN_DISP"
        },
        {
          "component_name": "StraightArm_54_2",
          "component_property": "BOTTOM_CONN_DISP"
        },
        {
          "component_name": "StraightArm_54_2",
          "component_property": "LEFT_CONN_DISP"
        },
        {
          "component_name": "StraightArm_54_2",
          "component_property": "RIGHT_CONN_DISP"
        }
      ]
    },
    {
      "parameter_name": "FuselageDualSeat_13_FLOOR_HEIGHT",
      "value": "150.0",
      "component_properties": [
        {
          "component_name": "FuselageDualSeat_13_1",
          "component_property": "FLOOR_HEIGHT"
        }
      ]
    },
    {
      "parameter_name": "FuselageDualSeat_13_MIDDLE_LENGTH",
      "value": "1575.880137453701",
      "component_properties": [
        {
          "component_name": "FuselageDualSeat_13_1",
          "component_property": "MIDDLE_LENGTH"
        }
      ]
    },
    {
      "parameter_name": "FuselageDualSeat_13_TAIL_DIAMETER",
      "value": "400.0",
      "component_properties": [
        {
          "component_name": "FuselageDualSeat_13_1",
          "component_property": "TAIL_DIAMETER"
        }
      ]
    },
    {
      "parameter_name": "WingPair_13_TAPER_OFFSET",
      "value": "0",
      "component_properties": [
        {
          "component_name": "Wing_21_1",
          "component_property": "TAPER_OFFSET"
        },
        {
          "component_name": "Battery_41_1",
          "component_property": "TAPER_OFFSET"
        },
        {
          "component_name": "Wing_21_2",
          "component_property": "TAPER_OFFSET"
        },
        {
          "component_name": "Battery_42_1",
          "component_property": "TAPER_OFFSET"
        }
      ]
    },
    {
      "parameter_name": "SideMountedPropArmSegment_18_LENGTH",
      "value": "1350.3865994816238",
      "component_properties": [
        {
          "component_name": "StraightArm_51_1",
          "component_property": "LENGTH"
        },
        {
          "component_name": "StraightArm_51_2",
          "component_property": "LENGTH"
        }
      ]
    },
    {
      "parameter_name": "GLOBAL_VOLTAGE",
      "value": "802.9000000000001",
      "component_properties": [
        {
          "component_name": "Battery_41_1",
          "component_property": "VOLTAGE_REQUEST"
        },
        {
          "component_name": "Battery_42_1",
          "component_property": "VOLTAGE_REQUEST"
        }
      ]
    },
    {
      "parameter_name": "FuselageDualSeat_13_SEAT_2_FB",
      "value": "-500.0",
      "component_properties": [
        {
          "component_name": "FuselageDualSeat_13_1",
          "component_property": "SEAT_2_FB"
        }
      ]
    },
    {
      "parameter_name": "NACA_6321_THICKNESS",
      "value": "21",
      "component_properties": [
        {
          "component_name": "NACAPortConnector_1",
          "component_property": "THICKNESS"
        },
        {
          "component_name": "Wing_21_1",
          "component_property": "THICKNESS"
        },
        {
          "component_name": "Battery_41_1",
          "component_property": "THICKNESS"
        },
        {
          "component_name": "Wing_21_2",
          "component_property": "THICKNESS"
        },
        {
          "component_name": "Battery_42_1",
          "component_property": "THICKNESS"
        }
      ]
    },
    {
      "parameter_name": "OrientAngle",
      "value": "0.0",
      "component_properties": [
        {
          "component_name": "Orient",
          "component_property": "Z_ANGLE"
        }
      ]
    },
    {
      "parameter_name": "WingPair_13_LOAD",
      "value": "9821.832956070286",
      "component_properties": [
        {
          "component_name": "Wing_21_1",
          "component_property": "LOAD"
        },
        {
          "component_name": "Wing_21_2",
          "component_property": "LOAD"
        }
      ]
    },
    {
      "parameter_name": "LeftMountSide",
      "value": "1",
      "component_properties": [
        {
          "component_name": "Battery_41_1",
          "component_property": "MOUNT_SIDE"
        }
      ]
    },
    {
      "parameter_name": "FuselageDualSeat_13_LENGTH",
      "value": "4109.31882702632",
      "component_properties": [
        {
          "component_name": "FuselageDualSeat_13_1",
          "component_property": "LENGTH"
        }
      ]
    },
    {
      "parameter_name": "FuselageDualSeat_13_SEAT_1_FB",
      "value": "1500.0",
      "component_properties": [
        {
          "component_name": "FuselageDualSeat_13_1",
          "component_property": "SEAT_1_FB"
        }
      ]
    },
    {
      "parameter_name": "FuselageDualSeat_13_SEAT_1_LR",
      "value": "0.0",
      "component_properties": [
        {
          "component_name": "FuselageDualSeat_13_1",
          "component_property": "SEAT_1_LR"
        }
      ]
    },
    {
      "parameter_name": "FuselageDualSeat_13_SEAT_2_LR",
      "value": "0.0",
      "component_properties": [
        {
          "component_name": "FuselageDualSeat_13_1",
          "component_property": "SEAT_2_LR"
        }
      ]
    }
  ],
  "components": [
    {
      "component_instance": "BatteryController_13_1",
      "component_type": "BatteryController",
      "component_choice": "BatteryController"
    },
    {
      "component_instance": "Battery_41_1",
      "component_type": "Battery",
      "component_choice": "VitalyBeta"
    },
    {
      "component_instance": "Battery_42_1",
      "component_type": "Battery",
      "component_choice": "VitalyBeta"
    },
    {
      "component_instance": "FuselageDualSeat_13_1",
      "component_type": "Fuselage",
      "component_choice": "FUSE_SPHERE_CYL_CONE"
    },
    {
      "component_instance": "Motor_1",
      "component_type": "Motor",
      "component_choice": "MAGiDRIVE300"
    },
    {
      "component_instance": "Motor_2",
      "component_type": "Motor",
      "component_choice": "MAGiDRIVE300"
    },
    {
      "component_instance": "Motor_3",
      "component_type": "Motor",
      "component_choice": "MAGiDRIVE300"
    },
    {
      "component_instance": "Motor_4",
      "component_type": "Motor",
      "component_choice": "MAGiDRIVE300"
    },
    {
      "component_instance": "Motor_5",
      "component_type": "Motor",
      "component_choice": "MAGiDRIVE300"
    },
    {
      "component_instance": "Motor_6",
      "component_type": "Motor",
      "component_choice": "MAGiDRIVE300"
    },
    {
      "component_instance": "Motor_7",
      "component_type": "Motor",
      "component_choice": "MAGiDRIVE300"
    },
    {
      "component_instance": "Motor_8",
      "component_type": "Motor",
      "component_choice": "MAGiDRIVE300"
    },
    {
      "component_instance": "Motor_9",
      "component_type": "Motor",
      "component_choice": "MAGiDRIVE300"
    },
    {
      "component_instance": "NACAPortConnector_1",
      "component_type": "NACA_Port_Connector",
      "component_choice": "naca_connector"
    },
    {
      "component_instance": "Orient",
      "component_type": "Orient",
      "component_choice": "Orient"
    },
    {
      "component_instance": "Passenger_1",
      "component_type": "Passenger",
      "component_choice": "Passenger"
    },
    {
      "component_instance": "Passenger_2",
      "component_type": "Passenger",
      "component_choice": "Passenger"
    },
    {
      "component_instance": "Propeller_1",
      "component_type": "Propeller",
      "component_choice": "55x10_3_2000_51_820"
    },
    {
      "component_instance": "Propeller_2",
      "component_type": "Propeller",
      "component_choice": "55x10_3_2000_51_820"
    },
    {
      "component_instance": "Propeller_3",
      "component_type": "Propeller",
      "component_choice": "55x10_3_2000_51_820"
    },
    {
      "component_instance": "Propeller_4",
      "component_type": "Propeller",
      "component_choice": "55x10_3_2000_51_820"
    },
    {
      "component_instance": "Propeller_5",
      "component_type": "Propeller",
      "component_choice": "55x10_3_2000_51_820"
    },
    {
      "component_instance": "Propeller_6",
      "component_type": "Propeller",
      "component_choice": "55x10_3_2000_51_820"
    },
    {
      "component_instance": "Propeller_7",
      "component_type": "Propeller",
      "component_choice": "55x10_3_2000_51_820"
    },
    {
      "component_instance": "Propeller_8",
      "component_type": "Propeller",
      "component_choice": "55x10_3_2000_51_820"
    },
    {
      "component_instance": "Propeller_9",
      "component_type": "Propeller",
      "component_choice": "55x10_3_2000_51_820"
    },
    {
      "component_instance": "StraightArmNoSides_8_1",
      "component_type": "Cylinder",
      "component_choice": "PORTED_CYL"
    },
    {
      "component_instance": "StraightArm_51_1",
      "component_type": "Cylinder",
      "component_choice": "PORTED_CYL"
    },
    {
      "component_instance": "StraightArm_51_2",
      "component_type": "Cylinder",
      "component_choice": "PORTED_CYL"
    },
    {
      "component_instance": "StraightArm_53_1",
      "component_type": "Cylinder",
      "component_choice": "PORTED_CYL"
    },
    {
      "component_instance": "StraightArm_54_1",
      "component_type": "Cylinder",
      "component_choice": "PORTED_CYL"
    },
    {
      "component_instance": "StraightArm_54_2",
      "component_type": "Cylinder",
      "component_choice": "PORTED_CYL"
    },
    {
      "component_instance": "Wing_21_1",
      "component_type": "Wing",
      "component_choice": "naca_wing"
    },
    {
      "component_instance": "Wing_21_2",
      "component_type": "Wing",
      "component_choice": "naca_wing"
    }
  ],
  "connections": [
    {
      "from_ci": "BatteryController_13_1",
      "from_conn": "MotorPower",
      "to_ci": "Motor_5",
      "to_conn": "MotorPower"
    },
    {
      "from_ci": "BatteryController_13_1",
      "from_conn": "MotorPower",
      "to_ci": "Motor_7",
      "to_conn": "MotorPower"
    },
    {
      "from_ci": "BatteryController_13_1",
      "from_conn": "MotorPower",
      "to_ci": "Motor_1",
      "to_conn": "MotorPower"
    },
    {
      "from_ci": "BatteryController_13_1",
      "from_conn": "MotorPower",
      "to_ci": "Motor_6",
      "to_conn": "MotorPower"
    },
    {
      "from_ci": "BatteryController_13_1",
      "from_conn": "MotorPower",
      "to_ci": "Motor_9",
      "to_conn": "MotorPower"
    },
    {
      "from_ci": "BatteryController_13_1",
      "from_conn": "MotorPower",
      "to_ci": "Motor_4",
      "to_conn": "MotorPower"
    },
    {
      "from_ci": "BatteryController_13_1",
      "from_conn": "MotorPower",
      "to_ci": "Motor_2",
      "to_conn": "MotorPower"
    },
    {
      "from_ci": "BatteryController_13_1",
      "from_conn": "BatteryPower",
      "to_ci": "Battery_41_1",
      "to_conn": "PowerBus"
    },
    {
      "from_ci": "BatteryController_13_1",
      "from_conn": "MotorPower",
      "to_ci": "Motor_3",
      "to_conn": "MotorPower"
    },
    {
      "from_ci": "BatteryController_13_1",
      "from_conn": "MotorPower",
      "to_ci": "Motor_8",
      "to_conn": "MotorPower"
    },
    {
      "from_ci": "BatteryController_13_1",
      "from_conn": "BatteryPower",
      "to_ci": "Battery_42_1",
      "to_conn": "PowerBus"
    },
    {
      "from_ci": "FuselageDualSeat_13_1",
      "from_conn": "TOP_CONNECTOR",
      "to_ci": "Motor_1",
      "to_conn": "Base_Connector"
    },
    {
      "from_ci": "FuselageDualSeat_13_1",
      "from_conn": "SEAT_2_CONNECTOR",
      "to_ci": "Passenger_2",
      "to_conn": "Connector"
    },
    {
      "from_ci": "FuselageDualSeat_13_1",
      "from_conn": "REAR_CONNECTOR",
      "to_ci": "StraightArmNoSides_8_1",
      "to_conn": "FRONT_CONNECTOR"
    },
    {
      "from_ci": "FuselageDualSeat_13_1",
      "from_conn": "SEAT_1_CONNECTOR",
      "to_ci": "Passenger_1",
      "to_conn": "Connector"
    },
    {
      "from_ci": "Motor_1",
      "from_conn": "Prop_Connector",
      "to_ci": "Propeller_1",
      "to_conn": "MOTOR_CONNECTOR_CS_IN"
    },
    {
      "from_ci": "Motor_2",
      "from_conn": "Prop_Connector",
      "to_ci": "Propeller_2",
      "to_conn": "MOTOR_CONNECTOR_CS_IN"
    },
    {
      "from_ci": "Motor_3",
      "from_conn": "Prop_Connector",
      "to_ci": "Propeller_3",
      "to_conn": "MOTOR_CONNECTOR_CS_IN"
    },
    {
      "from_ci": "Motor_4",
      "from_conn": "Prop_Connector",
      "to_ci": "Propeller_4",
      "to_conn": "MOTOR_CONNECTOR_CS_IN"
    },
    {
      "from_ci": "Motor_5",
      "from_conn": "Prop_Connector",
      "to_ci": "Propeller_5",
      "to_conn": "MOTOR_CONNECTOR_CS_IN"
    },
    {
      "from_ci": "Motor_6",
      "from_conn": "Prop_Connector",
      "to_ci": "Propeller_6",
      "to_conn": "MOTOR_CONNECTOR_CS_IN"
    },
    {
      "from_ci": "Motor_7",
      "from_conn": "Prop_Connector",
      "to_ci": "Propeller_7",
      "to_conn": "MOTOR_CONNECTOR_CS_IN"
    },
    {
      "from_ci": "Motor_8",
      "from_conn": "Prop_Connector",
      "to_ci": "Propeller_8",
      "to_conn": "MOTOR_CONNECTOR_CS_IN"
    },
    {
      "from_ci": "Motor_9",
      "from_conn": "Prop_Connector",
      "to_ci": "Propeller_9",
      "to_conn": "MOTOR_CONNECTOR_CS_IN"
    },
    {
      "from_ci": "NACAPortConnector_1",
      "from_conn": "End_Connector_2",
      "to_ci": "Wing_21_2",
      "to_conn": "Connector_2"
    },
    {
      "from_ci": "NACAPortConnector_1",
      "from_conn": "End_Connector_1",
      "to_ci": "Wing_21_1",
      "to_conn": "Connector_1"
    },
    {
      "from_ci": "Orient",
      "from_conn": "ORIENTCONN",
      "to_ci": "FuselageDualSeat_13_1",
      "to_conn": "ORIENT"
    },
    {
      "from_ci": "StraightArmNoSides_8_1",
      "from_conn": "REAR_CONNECTOR",
      "to_ci": "StraightArm_54_1",
      "to_conn": "FRONT_CONNECTOR"
    },
    {
      "from_ci": "StraightArm_51_1",
      "from_conn": "BOTTOM_CONNECTOR",
      "to_ci": "Motor_6",
      "to_conn": "Base_Connector"
    },
    {
      "from_ci": "StraightArm_51_1",
      "from_conn": "TOP_CONNECTOR",
      "to_ci": "Motor_7",
      "to_conn": "Base_Connector"
    },
    {
      "from_ci": "StraightArm_51_2",
      "from_conn": "BOTTOM_CONNECTOR",
      "to_ci": "Motor_8",
      "to_conn": "Base_Connector"
    },
    {
      "from_ci": "StraightArm_51_2",
      "from_conn": "TOP_CONNECTOR",
      "to_ci": "Motor_9",
      "to_conn": "Base_Connector"
    },
    {
      "from_ci": "StraightArm_53_1",
      "from_conn": "TOP_CONNECTOR",
      "to_ci": "NACAPortConnector_1",
      "to_conn": "Bottom_Connector"
    },
    {
      "from_ci": "StraightArm_54_1",
      "from_conn": "REAR_CONNECTOR",
      "to_ci": "StraightArm_54_2",
      "to_conn": "FRONT_CONNECTOR"
    },
    {
      "from_ci": "StraightArm_54_1",
      "from_conn": "TOP_CONNECTOR",
      "to_ci": "Motor_3",
      "to_conn": "Base_Connector"
    },
    {
      "from_ci": "StraightArm_54_1",
      "from_conn": "BOTTOM_CONNECTOR",
      "to_ci": "Motor_2",
      "to_conn": "Base_Connector"
    },
    {
      "from_ci": "StraightArm_54_2",
      "from_conn": "REAR_CONNECTOR",
      "to_ci": "StraightArm_53_1",
      "to_conn": "FRONT_CONNECTOR"
    },
    {
      "from_ci": "StraightArm_54_2",
      "from_conn": "TOP_CONNECTOR",
      "to_ci": "Motor_5",
      "to_conn": "Base_Connector"
    },
    {
      "from_ci": "StraightArm_54_2",
      "from_conn": "BOTTOM_CONNECTOR",
      "to_ci": "Motor_4",
      "to_conn": "Base_Connector"
    },
    {
      "from_ci": "Wing_21_1",
      "from_conn": "Connector_2",
      "to_ci": "StraightArm_51_1",
      "to_conn": "RIGHT_CONNECTOR"
    },
    {
      "from_ci": "Wing_21_1",
      "from_conn": "Battery_Connector_1",
      "to_ci": "Battery_41_1",
      "to_conn": "Battery_Connector_1_out"
    },
    {
      "from_ci": "Wing_21_2",
      "from_conn": "Connector_1",
      "to_ci": "StraightArm_51_2",
      "to_conn": "LEFT_CONNECTOR"
    },
    {
      "from_ci": "Wing_21_2",
      "from_conn": "Battery_Connector_2",
      "to_ci": "Battery_42_1",
      "to_conn": "Battery_Connector_2_out"
    }
  ]
}
