{
    "name": "random",
    "parameters": [
        {
            "parameter_name": "3_LENGTH",
            "value": "2000",
            "component_properties": [
                {
                    "component_name": "3",
                    "component_property": "LENGTH"
                }
            ]
        },
        {
            "parameter_name": "3_SEAT_1_FB",
            "value": "1000",
            "component_properties": [
                {
                    "component_name": "3",
                    "component_property": "SEAT_1_FB"
                }
            ]
        },
        {
            "parameter_name": "3_BOTTOM_PORT_DISP",
            "value": "0",
            "component_properties": [
                {
                    "component_name": "3",
                    "component_property": "BOTTOM_PORT_DISP"
                }
            ]
        },
        {
            "parameter_name": "3_SEAT_2_FB",
            "value": "1000",
            "component_properties": [
                {
                    "component_name": "3",
                    "component_property": "SEAT_2_FB"
                }
            ]
        },
        {
            "parameter_name": "3_FLOOR_HEIGHT",
            "value": "150",
            "component_properties": [
                {
                    "component_name": "3",
                    "component_property": "FLOOR_HEIGHT"
                }
            ]
        },
        {
            "parameter_name": "3_PORT_THICKNESS",
            "value": "100",
            "component_properties": [
                {
                    "component_name": "3",
                    "component_property": "PORT_THICKNESS"
                }
            ]
        },
        {
            "parameter_name": "3_PORT_OFFSET",
            "value": "4000",
            "component_properties": [
                {
                    "component_name": "3",
                    "component_property": "PORT_OFFSET"
                }
            ]
        },
        {
            "parameter_name": "3_LEFT_PORT_DISP",
            "value": "0",
            "component_properties": [
                {
                    "component_name": "3",
                    "component_property": "LEFT_PORT_DISP"
                }
            ]
        },
        {
            "parameter_name": "3_TOP_PORT_DISP",
            "value": "0",
            "component_properties": [
                {
                    "component_name": "3",
                    "component_property": "TOP_PORT_DISP"
                }
            ]
        },
        {
            "parameter_name": "3_RIGHT_PORT_DISP",
            "value": "0",
            "component_properties": [
                {
                    "component_name": "3",
                    "component_property": "RIGHT_PORT_DISP"
                }
            ]
        },
        {
            "parameter_name": "3_SEAT_2_LR",
            "value": "200",
            "component_properties": [
                {
                    "component_name": "3",
                    "component_property": "SEAT_2_LR"
                }
            ]
        },
        {
            "parameter_name": "3_SEAT_1_LR",
            "value": "-200",
            "component_properties": [
                {
                    "component_name": "3",
                    "component_property": "SEAT_1_LR"
                }
            ]
        },
        {
            "parameter_name": "3_CHORD",
            "value": "6000",
            "component_properties": [
                {
                    "component_name": "3",
                    "component_property": "CHORD"
                }
            ]
        },
        {
            "parameter_name": "3_PORT_CHORD",
            "value": "1000",
            "component_properties": [
                {
                    "component_name": "3",
                    "component_property": "PORT_CHORD"
                }
            ]
        },
        {
            "parameter_name": "3_THICKNESS",
            "value": "24",
            "component_properties": [
                {
                    "component_name": "3",
                    "component_property": "THICKNESS"
                }
            ]
        },
        {
            "parameter_name": "9_LENGTH",
            "value": "2000",
            "component_properties": [
                {
                    "component_name": "9",
                    "component_property": "LENGTH"
                }
            ]
        },
        {
            "parameter_name": "9_SEAT_1_FB",
            "value": "1000",
            "component_properties": [
                {
                    "component_name": "9",
                    "component_property": "SEAT_1_FB"
                }
            ]
        },
        {
            "parameter_name": "9_BOTTOM_PORT_DISP",
            "value": "0",
            "component_properties": [
                {
                    "component_name": "9",
                    "component_property": "BOTTOM_PORT_DISP"
                }
            ]
        },
        {
            "parameter_name": "9_SEAT_2_FB",
            "value": "1000",
            "component_properties": [
                {
                    "component_name": "9",
                    "component_property": "SEAT_2_FB"
                }
            ]
        },
        {
            "parameter_name": "9_FLOOR_HEIGHT",
            "value": "150",
            "component_properties": [
                {
                    "component_name": "9",
                    "component_property": "FLOOR_HEIGHT"
                }
            ]
        },
        {
            "parameter_name": "9_PORT_THICKNESS",
            "value": "100",
            "component_properties": [
                {
                    "component_name": "9",
                    "component_property": "PORT_THICKNESS"
                }
            ]
        },
        {
            "parameter_name": "9_PORT_OFFSET",
            "value": "4000",
            "component_properties": [
                {
                    "component_name": "9",
                    "component_property": "PORT_OFFSET"
                }
            ]
        },
        {
            "parameter_name": "9_LEFT_PORT_DISP",
            "value": "0",
            "component_properties": [
                {
                    "component_name": "9",
                    "component_property": "LEFT_PORT_DISP"
                }
            ]
        },
        {
            "parameter_name": "9_TOP_PORT_DISP",
            "value": "0",
            "component_properties": [
                {
                    "component_name": "9",
                    "component_property": "TOP_PORT_DISP"
                }
            ]
        },
        {
            "parameter_name": "9_RIGHT_PORT_DISP",
            "value": "0",
            "component_properties": [
                {
                    "component_name": "9",
                    "component_property": "RIGHT_PORT_DISP"
                }
            ]
        },
        {
            "parameter_name": "9_SEAT_2_LR",
            "value": "200",
            "component_properties": [
                {
                    "component_name": "9",
                    "component_property": "SEAT_2_LR"
                }
            ]
        },
        {
            "parameter_name": "9_SEAT_1_LR",
            "value": "-200",
            "component_properties": [
                {
                    "component_name": "9",
                    "component_property": "SEAT_1_LR"
                }
            ]
        },
        {
            "parameter_name": "9_CHORD",
            "value": "6000",
            "component_properties": [
                {
                    "component_name": "9",
                    "component_property": "CHORD"
                }
            ]
        },
        {
            "parameter_name": "9_PORT_CHORD",
            "value": "1000",
            "component_properties": [
                {
                    "component_name": "9",
                    "component_property": "PORT_CHORD"
                }
            ]
        },
        {
            "parameter_name": "9_THICKNESS",
            "value": "24",
            "component_properties": [
                {
                    "component_name": "9",
                    "component_property": "THICKNESS"
                }
            ]
        },
        {
            "parameter_name": "2_LENGTH",
            "value": "2000",
            "component_properties": [
                {
                    "component_name": "2",
                    "component_property": "LENGTH"
                }
            ]
        },
        {
            "parameter_name": "2_SEAT_1_FB",
            "value": "1000",
            "component_properties": [
                {
                    "component_name": "2",
                    "component_property": "SEAT_1_FB"
                }
            ]
        },
        {
            "parameter_name": "2_BOTTOM_PORT_DISP",
            "value": "0",
            "component_properties": [
                {
                    "component_name": "2",
                    "component_property": "BOTTOM_PORT_DISP"
                }
            ]
        },
        {
            "parameter_name": "2_SEAT_2_FB",
            "value": "1000",
            "component_properties": [
                {
                    "component_name": "2",
                    "component_property": "SEAT_2_FB"
                }
            ]
        },
        {
            "parameter_name": "2_FLOOR_HEIGHT",
            "value": "150",
            "component_properties": [
                {
                    "component_name": "2",
                    "component_property": "FLOOR_HEIGHT"
                }
            ]
        },
        {
            "parameter_name": "2_PORT_THICKNESS",
            "value": "100",
            "component_properties": [
                {
                    "component_name": "2",
                    "component_property": "PORT_THICKNESS"
                }
            ]
        },
        {
            "parameter_name": "2_PORT_OFFSET",
            "value": "4000",
            "component_properties": [
                {
                    "component_name": "2",
                    "component_property": "PORT_OFFSET"
                }
            ]
        },
        {
            "parameter_name": "2_LEFT_PORT_DISP",
            "value": "0",
            "component_properties": [
                {
                    "component_name": "2",
                    "component_property": "LEFT_PORT_DISP"
                }
            ]
        },
        {
            "parameter_name": "2_TOP_PORT_DISP",
            "value": "0",
            "component_properties": [
                {
                    "component_name": "2",
                    "component_property": "TOP_PORT_DISP"
                }
            ]
        },
        {
            "parameter_name": "2_RIGHT_PORT_DISP",
            "value": "0",
            "component_properties": [
                {
                    "component_name": "2",
                    "component_property": "RIGHT_PORT_DISP"
                }
            ]
        },
        {
            "parameter_name": "2_SEAT_2_LR",
            "value": "200",
            "component_properties": [
                {
                    "component_name": "2",
                    "component_property": "SEAT_2_LR"
                }
            ]
        },
        {
            "parameter_name": "2_SEAT_1_LR",
            "value": "-200",
            "component_properties": [
                {
                    "component_name": "2",
                    "component_property": "SEAT_1_LR"
                }
            ]
        },
        {
            "parameter_name": "2_CHORD",
            "value": "6000",
            "component_properties": [
                {
                    "component_name": "2",
                    "component_property": "CHORD"
                }
            ]
        },
        {
            "parameter_name": "2_PORT_CHORD",
            "value": "1000",
            "component_properties": [
                {
                    "component_name": "2",
                    "component_property": "PORT_CHORD"
                }
            ]
        },
        {
            "parameter_name": "2_THICKNESS",
            "value": "24",
            "component_properties": [
                {
                    "component_name": "2",
                    "component_property": "THICKNESS"
                }
            ]
        },
        {
            "parameter_name": "5_BOTTOM_PORT_DISP",
            "value": "0",
            "component_properties": [
                {
                    "component_name": "5",
                    "component_property": "BOTTOM_PORT_DISP"
                }
            ]
        },
        {
            "parameter_name": "5_LEFT_PORT_DISP",
            "value": "0",
            "component_properties": [
                {
                    "component_name": "5",
                    "component_property": "LEFT_PORT_DISP"
                }
            ]
        },
        {
            "parameter_name": "5_LENGTH",
            "value": "2000",
            "component_properties": [
                {
                    "component_name": "5",
                    "component_property": "LENGTH"
                }
            ]
        },
        {
            "parameter_name": "5_FLOOR_HEIGHT",
            "value": "150",
            "component_properties": [
                {
                    "component_name": "5",
                    "component_property": "FLOOR_HEIGHT"
                }
            ]
        },
        {
            "parameter_name": "5_MIDDLE_LENGTH",
            "value": "750",
            "component_properties": [
                {
                    "component_name": "5",
                    "component_property": "MIDDLE_LENGTH"
                }
            ]
        },
        {
            "parameter_name": "5_PORT_THICKNESS",
            "value": "100",
            "component_properties": [
                {
                    "component_name": "5",
                    "component_property": "PORT_THICKNESS"
                }
            ]
        },
        {
            "parameter_name": "5_RIGHT_PORT_DISP",
            "value": "0",
            "component_properties": [
                {
                    "component_name": "5",
                    "component_property": "RIGHT_PORT_DISP"
                }
            ]
        },
        {
            "parameter_name": "5_SEAT_1_LR",
            "value": "-200",
            "component_properties": [
                {
                    "component_name": "5",
                    "component_property": "SEAT_1_LR"
                }
            ]
        },
        {
            "parameter_name": "5_SEAT_1_FB",
            "value": "1000",
            "component_properties": [
                {
                    "component_name": "5",
                    "component_property": "SEAT_1_FB"
                }
            ]
        },
        {
            "parameter_name": "5_SEAT_2_LR",
            "value": "200",
            "component_properties": [
                {
                    "component_name": "5",
                    "component_property": "SEAT_2_LR"
                }
            ]
        },
        {
            "parameter_name": "5_TAIL_DIAMETER",
            "value": "200",
            "component_properties": [
                {
                    "component_name": "5",
                    "component_property": "TAIL_DIAMETER"
                }
            ]
        },
        {
            "parameter_name": "5_TOP_PORT_DISP",
            "value": "0",
            "component_properties": [
                {
                    "component_name": "5",
                    "component_property": "TOP_PORT_DISP"
                }
            ]
        },
        {
            "parameter_name": "5_SPHERE_DIAMETER",
            "value": "1520",
            "component_properties": [
                {
                    "component_name": "5",
                    "component_property": "SPHERE_DIAMETER"
                }
            ]
        },
        {
            "parameter_name": "5_SEAT_2_FB",
            "value": "1000",
            "component_properties": [
                {
                    "component_name": "5",
                    "component_property": "SEAT_2_FB"
                }
            ]
        },
        {
            "parameter_name": "6_Z_ANGLE",
            "value": "0",
            "component_properties": [
                {
                    "component_name": "6",
                    "component_property": "Z_ANGLE"
                }
            ]
        },
        {
            "parameter_name": "7_Z_ANGLE",
            "value": "0",
            "component_properties": [
                {
                    "component_name": "7",
                    "component_property": "Z_ANGLE"
                }
            ]
        },
        {
            "parameter_name": "1_LENGTH",
            "value": "2000",
            "component_properties": [
                {
                    "component_name": "1",
                    "component_property": "LENGTH"
                }
            ]
        },
        {
            "parameter_name": "1_SEAT_1_FB",
            "value": "1000",
            "component_properties": [
                {
                    "component_name": "1",
                    "component_property": "SEAT_1_FB"
                }
            ]
        },
        {
            "parameter_name": "1_BOTTOM_PORT_DISP",
            "value": "0",
            "component_properties": [
                {
                    "component_name": "1",
                    "component_property": "BOTTOM_PORT_DISP"
                }
            ]
        },
        {
            "parameter_name": "1_SEAT_2_FB",
            "value": "1000",
            "component_properties": [
                {
                    "component_name": "1",
                    "component_property": "SEAT_2_FB"
                }
            ]
        },
        {
            "parameter_name": "1_FLOOR_HEIGHT",
            "value": "150",
            "component_properties": [
                {
                    "component_name": "1",
                    "component_property": "FLOOR_HEIGHT"
                }
            ]
        },
        {
            "parameter_name": "1_PORT_THICKNESS",
            "value": "100",
            "component_properties": [
                {
                    "component_name": "1",
                    "component_property": "PORT_THICKNESS"
                }
            ]
        },
        {
            "parameter_name": "1_PORT_OFFSET",
            "value": "4000",
            "component_properties": [
                {
                    "component_name": "1",
                    "component_property": "PORT_OFFSET"
                }
            ]
        },
        {
            "parameter_name": "1_LEFT_PORT_DISP",
            "value": "0",
            "component_properties": [
                {
                    "component_name": "1",
                    "component_property": "LEFT_PORT_DISP"
                }
            ]
        },
        {
            "parameter_name": "1_TOP_PORT_DISP",
            "value": "0",
            "component_properties": [
                {
                    "component_name": "1",
                    "component_property": "TOP_PORT_DISP"
                }
            ]
        },
        {
            "parameter_name": "1_RIGHT_PORT_DISP",
            "value": "0",
            "component_properties": [
                {
                    "component_name": "1",
                    "component_property": "RIGHT_PORT_DISP"
                }
            ]
        },
        {
            "parameter_name": "1_SEAT_2_LR",
            "value": "200",
            "component_properties": [
                {
                    "component_name": "1",
                    "component_property": "SEAT_2_LR"
                }
            ]
        },
        {
            "parameter_name": "1_SEAT_1_LR",
            "value": "-200",
            "component_properties": [
                {
                    "component_name": "1",
                    "component_property": "SEAT_1_LR"
                }
            ]
        },
        {
            "parameter_name": "1_CHORD",
            "value": "6000",
            "component_properties": [
                {
                    "component_name": "1",
                    "component_property": "CHORD"
                }
            ]
        },
        {
            "parameter_name": "1_PORT_CHORD",
            "value": "1000",
            "component_properties": [
                {
                    "component_name": "1",
                    "component_property": "PORT_CHORD"
                }
            ]
        },
        {
            "parameter_name": "1_THICKNESS",
            "value": "24",
            "component_properties": [
                {
                    "component_name": "1",
                    "component_property": "THICKNESS"
                }
            ]
        },
        {
            "parameter_name": "8_LENGTH",
            "value": "2000",
            "component_properties": [
                {
                    "component_name": "8",
                    "component_property": "LENGTH"
                }
            ]
        },
        {
            "parameter_name": "8_SEAT_1_FB",
            "value": "1000",
            "component_properties": [
                {
                    "component_name": "8",
                    "component_property": "SEAT_1_FB"
                }
            ]
        },
        {
            "parameter_name": "8_BOTTOM_PORT_DISP",
            "value": "0",
            "component_properties": [
                {
                    "component_name": "8",
                    "component_property": "BOTTOM_PORT_DISP"
                }
            ]
        },
        {
            "parameter_name": "8_SEAT_2_FB",
            "value": "1000",
            "component_properties": [
                {
                    "component_name": "8",
                    "component_property": "SEAT_2_FB"
                }
            ]
        },
        {
            "parameter_name": "8_FLOOR_HEIGHT",
            "value": "150",
            "component_properties": [
                {
                    "component_name": "8",
                    "component_property": "FLOOR_HEIGHT"
                }
            ]
        },
        {
            "parameter_name": "8_PORT_THICKNESS",
            "value": "100",
            "component_properties": [
                {
                    "component_name": "8",
                    "component_property": "PORT_THICKNESS"
                }
            ]
        },
        {
            "parameter_name": "8_PORT_OFFSET",
            "value": "4000",
            "component_properties": [
                {
                    "component_name": "8",
                    "component_property": "PORT_OFFSET"
                }
            ]
        },
        {
            "parameter_name": "8_LEFT_PORT_DISP",
            "value": "0",
            "component_properties": [
                {
                    "component_name": "8",
                    "component_property": "LEFT_PORT_DISP"
                }
            ]
        },
        {
            "parameter_name": "8_TOP_PORT_DISP",
            "value": "0",
            "component_properties": [
                {
                    "component_name": "8",
                    "component_property": "TOP_PORT_DISP"
                }
            ]
        },
        {
            "parameter_name": "8_RIGHT_PORT_DISP",
            "value": "0",
            "component_properties": [
                {
                    "component_name": "8",
                    "component_property": "RIGHT_PORT_DISP"
                }
            ]
        },
        {
            "parameter_name": "8_SEAT_2_LR",
            "value": "200",
            "component_properties": [
                {
                    "component_name": "8",
                    "component_property": "SEAT_2_LR"
                }
            ]
        },
        {
            "parameter_name": "8_SEAT_1_LR",
            "value": "-200",
            "component_properties": [
                {
                    "component_name": "8",
                    "component_property": "SEAT_1_LR"
                }
            ]
        },
        {
            "parameter_name": "8_CHORD",
            "value": "6000",
            "component_properties": [
                {
                    "component_name": "8",
                    "component_property": "CHORD"
                }
            ]
        },
        {
            "parameter_name": "8_PORT_CHORD",
            "value": "1000",
            "component_properties": [
                {
                    "component_name": "8",
                    "component_property": "PORT_CHORD"
                }
            ]
        },
        {
            "parameter_name": "8_THICKNESS",
            "value": "24",
            "component_properties": [
                {
                    "component_name": "8",
                    "component_property": "THICKNESS"
                }
            ]
        }
    ],
    "components": [
        {
            "component_instance": "0",
            "component_type": "Passenger",
            "component_choice": "Passenger"
        },
        {
            "component_instance": "3",
            "component_type": "FuselageNACA",
            "component_choice": "NACA_Fuse"
        },
        {
            "component_instance": "9",
            "component_type": "FuselageNACA",
            "component_choice": "NACA_Fuse"
        },
        {
            "component_instance": "4",
            "component_type": "Passenger",
            "component_choice": "Passenger"
        },
        {
            "component_instance": "2",
            "component_type": "FuselageNACA",
            "component_choice": "NACA_Fuse"
        },
        {
            "component_instance": "5",
            "component_type": "Fuselage",
            "component_choice": "FUSE_SPHERE_CYL_CONE"
        },
        {
            "component_instance": "6",
            "component_type": "Orient",
            "component_choice": "Orient"
        },
        {
            "component_instance": "7",
            "component_type": "Orient",
            "component_choice": "Orient"
        },
        {
            "component_instance": "1",
            "component_type": "FuselageNACA",
            "component_choice": "NACA_Fuse"
        },
        {
            "component_instance": "8",
            "component_type": "FuselageNACA",
            "component_choice": "NACA_Fuse"
        },
        {
            "component_instance": "10",
            "component_type": "Passenger",
            "component_choice": "Passenger"
        }
    ],
    "connections": [
        {
            "from_ci": "3",
            "from_conn": "SEAT_1_CONNECTOR",
            "to_ci": "4",
            "to_conn": "Connector"
        },
        {
            "from_ci": "4",
            "from_conn": "Connector",
            "to_ci": "3",
            "to_conn": "SEAT_1_CONNECTOR"
        },
        {
            "from_ci": "0",
            "from_conn": "Connector",
            "to_ci": "3",
            "to_conn": "SEAT_1_CONNECTOR"
        },
        {
            "from_ci": "3",
            "from_conn": "SEAT_1_CONNECTOR",
            "to_ci": "0",
            "to_conn": "Connector"
        },
        {
            "from_ci": "1",
            "from_conn": "ORIENT",
            "to_ci": "7",
            "to_conn": "ORIENTCONN"
        },
        {
            "from_ci": "7",
            "from_conn": "ORIENTCONN",
            "to_ci": "1",
            "to_conn": "ORIENT"
        },
        {
            "from_ci": "4",
            "from_conn": "Connector",
            "to_ci": "9",
            "to_conn": "SEAT_2_CONNECTOR"
        },
        {
            "from_ci": "9",
            "from_conn": "SEAT_2_CONNECTOR",
            "to_ci": "4",
            "to_conn": "Connector"
        },
        {
            "from_ci": "0",
            "from_conn": "Connector",
            "to_ci": "1",
            "to_conn": "SEAT_1_CONNECTOR"
        },
        {
            "from_ci": "1",
            "from_conn": "SEAT_1_CONNECTOR",
            "to_ci": "0",
            "to_conn": "Connector"
        },
        {
            "from_ci": "0",
            "from_conn": "Connector",
            "to_ci": "5",
            "to_conn": "SEAT_2_CONNECTOR"
        },
        {
            "from_ci": "5",
            "from_conn": "SEAT_2_CONNECTOR",
            "to_ci": "0",
            "to_conn": "Connector"
        },
        {
            "from_ci": "2",
            "from_conn": "SEAT_1_CONNECTOR",
            "to_ci": "10",
            "to_conn": "Connector"
        },
        {
            "from_ci": "10",
            "from_conn": "Connector",
            "to_ci": "2",
            "to_conn": "SEAT_1_CONNECTOR"
        },
        {
            "from_ci": "0",
            "from_conn": "Connector",
            "to_ci": "2",
            "to_conn": "SEAT_1_CONNECTOR"
        },
        {
            "from_ci": "2",
            "from_conn": "SEAT_1_CONNECTOR",
            "to_ci": "0",
            "to_conn": "Connector"
        },
        {
            "from_ci": "4",
            "from_conn": "Connector",
            "to_ci": "8",
            "to_conn": "SEAT_2_CONNECTOR"
        },
        {
            "from_ci": "8",
            "from_conn": "SEAT_2_CONNECTOR",
            "to_ci": "4",
            "to_conn": "Connector"
        },
        {
            "from_ci": "5",
            "from_conn": "ORIENT",
            "to_ci": "6",
            "to_conn": "ORIENTCONN"
        },
        {
            "from_ci": "6",
            "from_conn": "ORIENTCONN",
            "to_ci": "5",
            "to_conn": "ORIENT"
        }
    ]
}