{
  "name": "AllComponentsUAM",
  "parameters": [
    {
      "parameter_name": "Cylinder_LEFT_CONN_DISP",
      "value": "0",
      "component_properties": [
        {
          "component_name": "Cylinder",
          "component_property": "LEFT_CONN_DISP"
        }
      ]
    },
    {
      "parameter_name": "Cylinder_TOP_CONN_DISP",
      "value": "0",
      "component_properties": [
        {
          "component_name": "Cylinder",
          "component_property": "TOP_CONN_DISP"
        }
      ]
    },
    {
      "parameter_name": "Cylinder_BOTTOM_CONN_DISP",
      "value": "0",
      "component_properties": [
        {
          "component_name": "Cylinder",
          "component_property": "BOTTOM_CONN_DISP"
        }
      ]
    },
    {
      "parameter_name": "Cylinder_PORT_THICKNESS",
      "value": "100",
      "component_properties": [
        {
          "component_name": "Cylinder",
          "component_property": "PORT_THICKNESS"
        }
      ]
    },
    {
      "parameter_name": "Cylinder_RIGHT_CONN_DISP",
      "value": "0",
      "component_properties": [
        {
          "component_name": "Cylinder",
          "component_property": "RIGHT_CONN_DISP"
        }
      ]
    },
    {
      "parameter_name": "Cylinder_LENGTH",
      "value": "5000",
      "component_properties": [
        {
          "component_name": "Cylinder",
          "component_property": "LENGTH"
        }
      ]
    },
    {
      "parameter_name": "Cylinder_FRONT_ANGLE",
      "value": "0",
      "component_properties": [
        {
          "component_name": "Cylinder",
          "component_property": "FRONT_ANGLE"
        }
      ]
    },
    {
      "parameter_name": "Cylinder_DIAMETER",
      "value": "200",
      "component_properties": [
        {
          "component_name": "Cylinder",
          "component_property": "DIAMETER"
        }
      ]
    },
    {
      "parameter_name": "NACA_Port_Connector_CHORD",
      "value": "4000",
      "component_properties": [
        {
          "component_name": "NACA_Port_Connector",
          "component_property": "CHORD"
        }
      ]
    },
    {
      "parameter_name": "NACA_Port_Connector_BOTTOM_CONNECTION_DISP",
      "value": "0",
      "component_properties": [
        {
          "component_name": "NACA_Port_Connector",
          "component_property": "BOTTOM_CONNECTION_DISP"
        }
      ]
    },
    {
      "parameter_name": "NACA_Port_Connector_THICKNESS",
      "value": "12",
      "component_properties": [
        {
          "component_name": "NACA_Port_Connector",
          "component_property": "THICKNESS"
        }
      ]
    },
    {
      "parameter_name": "NACA_Port_Connector_PORT_THICKNESS",
      "value": "100",
      "component_properties": [
        {
          "component_name": "NACA_Port_Connector",
          "component_property": "PORT_THICKNESS"
        }
      ]
    },
    {
      "parameter_name": "Beam_TOP_CONN_DISP",
      "value": "0",
      "component_properties": [
        {
          "component_name": "Beam",
          "component_property": "TOP_CONN_DISP"
        }
      ]
    },
    {
      "parameter_name": "Beam_CHORD",
      "value": "500",
      "component_properties": [
        {
          "component_name": "Beam",
          "component_property": "CHORD"
        }
      ]
    },
    {
      "parameter_name": "Beam_BOTTOM_CONN_DISP",
      "value": "0",
      "component_properties": [
        {
          "component_name": "Beam",
          "component_property": "BOTTOM_CONN_DISP"
        }
      ]
    },
    {
      "parameter_name": "Beam_THICKNESS",
      "value": "40",
      "component_properties": [
        {
          "component_name": "Beam",
          "component_property": "THICKNESS"
        }
      ]
    },
    {
      "parameter_name": "Beam_SPAN",
      "value": "1000",
      "component_properties": [
        {
          "component_name": "Beam",
          "component_property": "SPAN"
        }
      ]
    },
    {
      "parameter_name": "Motor_CONTROL_CHANNEL",
      "value": "1",
      "component_properties": [
        {
          "component_name": "Motor",
          "component_property": "CONTROL_CHANNEL"
        }
      ]
    },
    {
      "parameter_name": "Wing_SERVO_WIDTH",
      "value": "10",
      "component_properties": [
        {
          "component_name": "Wing",
          "component_property": "SERVO_WIDTH"
        }
      ]
    },
    {
      "parameter_name": "Wing_TAPER_OFFSET",
      "value": "0",
      "component_properties": [
        {
          "component_name": "Wing",
          "component_property": "TAPER_OFFSET"
        }
      ]
    },
    {
      "parameter_name": "Wing_AILERON_BIAS",
      "value": "0",
      "component_properties": [
        {
          "component_name": "Wing",
          "component_property": "AILERON_BIAS"
        }
      ]
    },
    {
      "parameter_name": "Wing_NACA_Profile",
      "value": "12",
      "component_properties": [
        {
          "component_name": "Wing",
          "component_property": "NACA_Profile"
        }
      ]
    },
    {
      "parameter_name": "Wing_SERVO_THICKNESS",
      "value": "10",
      "component_properties": [
        {
          "component_name": "Wing",
          "component_property": "SERVO_THICKNESS"
        }
      ]
    },
    {
      "parameter_name": "Wing_TUBE_DIAMETER",
      "value": "10",
      "component_properties": [
        {
          "component_name": "Wing",
          "component_property": "TUBE_DIAMETER"
        }
      ]
    },
    {
      "parameter_name": "Wing_TUBE_ROTATION",
      "value": "0",
      "component_properties": [
        {
          "component_name": "Wing",
          "component_property": "TUBE_ROTATION"
        }
      ]
    },
    {
      "parameter_name": "Wing_THICKNESS",
      "value": "12",
      "component_properties": [
        {
          "component_name": "Wing",
          "component_property": "THICKNESS"
        }
      ]
    },
    {
      "parameter_name": "Wing_CHORD_2",
      "value": "250",
      "component_properties": [
        {
          "component_name": "Wing",
          "component_property": "CHORD_2"
        }
      ]
    },
    {
      "parameter_name": "Wing_FLAP_BIAS",
      "value": "0",
      "component_properties": [
        {
          "component_name": "Wing",
          "component_property": "FLAP_BIAS"
        }
      ]
    },
    {
      "parameter_name": "Wing_LOAD",
      "value": "15",
      "component_properties": [
        {
          "component_name": "Wing",
          "component_property": "LOAD"
        }
      ]
    },
    {
      "parameter_name": "Wing_TUBE_OFFSET",
      "value": "100",
      "component_properties": [
        {
          "component_name": "Wing",
          "component_property": "TUBE_OFFSET"
        }
      ]
    },
    {
      "parameter_name": "Wing_SERVO_LENGTH",
      "value": "10",
      "component_properties": [
        {
          "component_name": "Wing",
          "component_property": "SERVO_LENGTH"
        }
      ]
    },
    {
      "parameter_name": "Wing_SPAN",
      "value": "1000",
      "component_properties": [
        {
          "component_name": "Wing",
          "component_property": "SPAN"
        }
      ]
    },
    {
      "parameter_name": "Wing_CHORD_1",
      "value": "250",
      "component_properties": [
        {
          "component_name": "Wing",
          "component_property": "CHORD_1"
        }
      ]
    },
    {
      "parameter_name": "Cylinder_Flip_DIAMETER",
      "value": "200",
      "component_properties": [
        {
          "component_name": "Cylinder_Flip",
          "component_property": "DIAMETER"
        }
      ]
    },
    {
      "parameter_name": "BatteryController_Output_Voltage",
      "value": "1",
      "component_properties": [
        {
          "component_name": "BatteryController",
          "component_property": "Output_Voltage"
        }
      ]
    },
    {
      "parameter_name": "BatteryController_Input_Voltage",
      "value": "1",
      "component_properties": [
        {
          "component_name": "BatteryController",
          "component_property": "Input_Voltage"
        }
      ]
    },
    {
      "parameter_name": "Cylinder_Flip_Out_DIAMETER",
      "value": "200",
      "component_properties": [
        {
          "component_name": "Cylinder_Flip_Out",
          "component_property": "DIAMETER"
        }
      ]
    },
    {
      "parameter_name": "Battery_TAPER_OFFSET",
      "value": "0",
      "component_properties": [
        {
          "component_name": "Battery",
          "component_property": "TAPER_OFFSET"
        }
      ]
    },
    {
      "parameter_name": "Battery_VOLTAGE_REQUEST",
      "value": "400",
      "component_properties": [
        {
          "component_name": "Battery",
          "component_property": "VOLTAGE_REQUEST"
        }
      ]
    },
    {
      "parameter_name": "Battery_THICKNESS",
      "value": "200",
      "component_properties": [
        {
          "component_name": "Battery",
          "component_property": "THICKNESS"
        }
      ]
    },
    {
      "parameter_name": "Battery_SPAN",
      "value": "2500",
      "component_properties": [
        {
          "component_name": "Battery",
          "component_property": "SPAN"
        }
      ]
    },
    {
      "parameter_name": "Battery_MOUNT_SIDE",
      "value": "1",
      "component_properties": [
        {
          "component_name": "Battery",
          "component_property": "MOUNT_SIDE"
        }
      ]
    },
    {
      "parameter_name": "Battery_CHORD_1",
      "value": "200",
      "component_properties": [
        {
          "component_name": "Battery",
          "component_property": "CHORD_1"
        }
      ]
    },
    {
      "parameter_name": "Battery_ROTATION",
      "value": "0",
      "component_properties": [
        {
          "component_name": "Battery",
          "component_property": "ROTATION"
        }
      ]
    },
    {
      "parameter_name": "Battery_VOLUME_PERCENT",
      "value": "100",
      "component_properties": [
        {
          "component_name": "Battery",
          "component_property": "VOLUME_PERCENT"
        }
      ]
    },
    {
      "parameter_name": "Battery_CHORD_2",
      "value": "1",
      "component_properties": [
        {
          "component_name": "Battery",
          "component_property": "CHORD_2"
        }
      ]
    },
    {
      "parameter_name": "Fuselage_SEAT_2_LR",
      "value": "200",
      "component_properties": [
        {
          "component_name": "Fuselage",
          "component_property": "SEAT_2_LR"
        }
      ]
    },
    {
      "parameter_name": "Fuselage_LENGTH",
      "value": "2000",
      "component_properties": [
        {
          "component_name": "Fuselage",
          "component_property": "LENGTH"
        }
      ]
    },
    {
      "parameter_name": "Fuselage_LEFT_PORT_DISP",
      "value": "0",
      "component_properties": [
        {
          "component_name": "Fuselage",
          "component_property": "LEFT_PORT_DISP"
        }
      ]
    },
    {
      "parameter_name": "Fuselage_PORT_THICKNESS",
      "value": "100",
      "component_properties": [
        {
          "component_name": "Fuselage",
          "component_property": "PORT_THICKNESS"
        }
      ]
    },
    {
      "parameter_name": "Fuselage_SPHERE_DIAMETER",
      "value": "1520",
      "component_properties": [
        {
          "component_name": "Fuselage",
          "component_property": "SPHERE_DIAMETER"
        }
      ]
    },
    {
      "parameter_name": "Fuselage_TAIL_DIAMETER",
      "value": "200",
      "component_properties": [
        {
          "component_name": "Fuselage",
          "component_property": "TAIL_DIAMETER"
        }
      ]
    },
    {
      "parameter_name": "Fuselage_SEAT_2_FB",
      "value": "1000",
      "component_properties": [
        {
          "component_name": "Fuselage",
          "component_property": "SEAT_2_FB"
        }
      ]
    },
    {
      "parameter_name": "Fuselage_SEAT_1_LR",
      "value": "-200",
      "component_properties": [
        {
          "component_name": "Fuselage",
          "component_property": "SEAT_1_LR"
        }
      ]
    },
    {
      "parameter_name": "Fuselage_FLOOR_HEIGHT",
      "value": "150",
      "component_properties": [
        {
          "component_name": "Fuselage",
          "component_property": "FLOOR_HEIGHT"
        }
      ]
    },
    {
      "parameter_name": "Fuselage_SEAT_1_FB",
      "value": "1000",
      "component_properties": [
        {
          "component_name": "Fuselage",
          "component_property": "SEAT_1_FB"
        }
      ]
    },
    {
      "parameter_name": "Fuselage_MIDDLE_LENGTH",
      "value": "750",
      "component_properties": [
        {
          "component_name": "Fuselage",
          "component_property": "MIDDLE_LENGTH"
        }
      ]
    },
    {
      "parameter_name": "Fuselage_RIGHT_PORT_DISP",
      "value": "0",
      "component_properties": [
        {
          "component_name": "Fuselage",
          "component_property": "RIGHT_PORT_DISP"
        }
      ]
    },
    {
      "parameter_name": "Fuselage_TOP_PORT_DISP",
      "value": "0",
      "component_properties": [
        {
          "component_name": "Fuselage",
          "component_property": "TOP_PORT_DISP"
        }
      ]
    },
    {
      "parameter_name": "Fuselage_BOTTOM_PORT_DISP",
      "value": "0",
      "component_properties": [
        {
          "component_name": "Fuselage",
          "component_property": "BOTTOM_PORT_DISP"
        }
      ]
    },
    {
      "parameter_name": "Orient_Z_ANGLE",
      "value": "0",
      "component_properties": [
        {
          "component_name": "Orient",
          "component_property": "Z_ANGLE"
        }
      ]
    },
    {
      "parameter_name": "Beam_Cap_THICKNESS",
      "value": "40",
      "component_properties": [
        {
          "component_name": "Beam_Cap",
          "component_property": "THICKNESS"
        }
      ]
    },
    {
      "parameter_name": "Beam_Cap_CHORD",
      "value": "500",
      "component_properties": [
        {
          "component_name": "Beam_Cap",
          "component_property": "CHORD"
        }
      ]
    },
    {
      "parameter_name": "Propeller_Prop_type",
      "value": "1",
      "component_properties": [
        {
          "component_name": "Propeller",
          "component_property": "Prop_type"
        }
      ]
    },
    {
      "parameter_name": "Propeller_Direction",
      "value": "1",
      "component_properties": [
        {
          "component_name": "Propeller",
          "component_property": "Direction"
        }
      ]
    }
  ],
  "components": [
    {
      "component_instance": "Cylinder",
      "component_type": "Cylinder",
      "component_choice": "PORTED_CYL"
    },
    {
      "component_instance": "NACA_Port_Connector",
      "component_type": "NACA_Port_Connector",
      "component_choice": "naca_connector"
    },
    {
      "component_instance": "Beam",
      "component_type": "Beam",
      "component_choice": "Beam"
    },
    {
      "component_instance": "Motor",
      "component_type": "Motor",
      "component_choice": "Emrax228HV"
    },
    {
      "component_instance": "Wing",
      "component_type": "Wing",
      "component_choice": "naca_wing"
    },
    {
      "component_instance": "Cylinder_Flip",
      "component_type": "Cylinder_Flip",
      "component_choice": "Cyl_Flip"
    },
    {
      "component_instance": "BatteryController",
      "component_type": "BatteryController",
      "component_choice": "BatteryController"
    },
    {
      "component_instance": "Cylinder_Flip_Out",
      "component_type": "Cylinder_Flip_Out",
      "component_choice": "Cyl_Flip_Out"
    },
    {
      "component_instance": "Battery",
      "component_type": "Battery",
      "component_choice": "Avionic20AhLi"
    },
    {
      "component_instance": "Passenger",
      "component_type": "Passenger",
      "component_choice": "Passenger"
    },
    {
      "component_instance": "Fuselage",
      "component_type": "Fuselage",
      "component_choice": "FUSE_SPHERE_CYL_CONE"
    },
    {
      "component_instance": "Orient",
      "component_type": "Orient",
      "component_choice": "Orient"
    },
    {
      "component_instance": "Beam_Cap",
      "component_type": "Beam_Cap",
      "component_choice": "Beam_Cap"
    },
    {
      "component_instance": "Propeller",
      "component_type": "Propeller",
      "component_choice": "62x5_2_3200_46_1150"
    }
  ],
  "connections": []
}
