{
  "name": "TestRake",
  "parameters": [
    {
      "parameter_name": "rear_right_motor_cyl_mount_LEFT_CONN_DISP",
      "value": "0",
      "component_properties": [
        {
          "component_name": "rear_right_motor_cyl_mount",
          "component_property": "LEFT_CONN_DISP"
        }
      ]
    },
    {
      "parameter_name": "rear_right_motor_cyl_mount_TOP_CONN_DISP",
      "value": "-250",
      "component_properties": [
        {
          "component_name": "rear_right_motor_cyl_mount",
          "component_property": "TOP_CONN_DISP"
        }
      ]
    },
    {
      "parameter_name": "rear_right_motor_cyl_mount_BOTTOM_CONN_DISP",
      "value": "-250",
      "component_properties": [
        {
          "component_name": "rear_right_motor_cyl_mount",
          "component_property": "BOTTOM_CONN_DISP"
        }
      ]
    },
    {
      "parameter_name": "rear_right_motor_cyl_mount_PORT_THICKNESS",
      "value": "100",
      "component_properties": [
        {
          "component_name": "rear_right_motor_cyl_mount",
          "component_property": "PORT_THICKNESS"
        }
      ]
    },
    {
      "parameter_name": "rear_right_motor_cyl_mount_RIGHT_CONN_DISP",
      "value": "0",
      "component_properties": [
        {
          "component_name": "rear_right_motor_cyl_mount",
          "component_property": "RIGHT_CONN_DISP"
        }
      ]
    },
    {
      "parameter_name": "rear_right_motor_cyl_mount_LENGTH",
      "value": "1000",
      "component_properties": [
        {
          "component_name": "rear_right_motor_cyl_mount",
          "component_property": "LENGTH"
        }
      ]
    },
    {
      "parameter_name": "rear_right_motor_cyl_mount_FRONT_ANGLE",
      "value": "0",
      "component_properties": [
        {
          "component_name": "rear_right_motor_cyl_mount",
          "component_property": "FRONT_ANGLE"
        }
      ]
    },
    {
      "parameter_name": "rear_right_motor_cyl_mount_DIAMETER",
      "value": "300",
      "component_properties": [
        {
          "component_name": "rear_right_motor_cyl_mount",
          "component_property": "DIAMETER"
        }
      ]
    },
    {
      "parameter_name": "rear_left_top_motor_vert_1_CONTROL_CHANNEL",
      "value": "1",
      "component_properties": [
        {
          "component_name": "rear_left_top_motor_vert_1",
          "component_property": "CONTROL_CHANNEL"
        }
      ]
    },
    {
      "parameter_name": "front_right_flip_adapter_DIAMETER",
      "value": "300",
      "component_properties": [
        {
          "component_name": "front_right_flip_adapter",
          "component_property": "DIAMETER"
        }
      ]
    },
    {
      "parameter_name": "rear_left_motor_cyl_mount_LEFT_CONN_DISP",
      "value": "0",
      "component_properties": [
        {
          "component_name": "rear_left_motor_cyl_mount",
          "component_property": "LEFT_CONN_DISP"
        }
      ]
    },
    {
      "parameter_name": "rear_left_motor_cyl_mount_TOP_CONN_DISP",
      "value": "-250",
      "component_properties": [
        {
          "component_name": "rear_left_motor_cyl_mount",
          "component_property": "TOP_CONN_DISP"
        }
      ]
    },
    {
      "parameter_name": "rear_left_motor_cyl_mount_BOTTOM_CONN_DISP",
      "value": "-250",
      "component_properties": [
        {
          "component_name": "rear_left_motor_cyl_mount",
          "component_property": "BOTTOM_CONN_DISP"
        }
      ]
    },
    {
      "parameter_name": "rear_left_motor_cyl_mount_PORT_THICKNESS",
      "value": "100",
      "component_properties": [
        {
          "component_name": "rear_left_motor_cyl_mount",
          "component_property": "PORT_THICKNESS"
        }
      ]
    },
    {
      "parameter_name": "rear_left_motor_cyl_mount_RIGHT_CONN_DISP",
      "value": "0",
      "component_properties": [
        {
          "component_name": "rear_left_motor_cyl_mount",
          "component_property": "RIGHT_CONN_DISP"
        }
      ]
    },
    {
      "parameter_name": "rear_left_motor_cyl_mount_LENGTH",
      "value": "1000",
      "component_properties": [
        {
          "component_name": "rear_left_motor_cyl_mount",
          "component_property": "LENGTH"
        }
      ]
    },
    {
      "parameter_name": "rear_left_motor_cyl_mount_FRONT_ANGLE",
      "value": "0",
      "component_properties": [
        {
          "component_name": "rear_left_motor_cyl_mount",
          "component_property": "FRONT_ANGLE"
        }
      ]
    },
    {
      "parameter_name": "rear_left_motor_cyl_mount_DIAMETER",
      "value": "300",
      "component_properties": [
        {
          "component_name": "rear_left_motor_cyl_mount",
          "component_property": "DIAMETER"
        }
      ]
    },
    {
      "parameter_name": "front_left_wing_SERVO_WIDTH",
      "value": "10",
      "component_properties": [
        {
          "component_name": "front_left_wing",
          "component_property": "SERVO_WIDTH"
        }
      ]
    },
    {
      "parameter_name": "front_left_wing_TAPER_OFFSET",
      "value": "0",
      "component_properties": [
        {
          "component_name": "front_left_wing",
          "component_property": "TAPER_OFFSET"
        }
      ]
    },
    {
      "parameter_name": "front_left_wing_AILERON_BIAS",
      "value": "0",
      "component_properties": [
        {
          "component_name": "front_left_wing",
          "component_property": "AILERON_BIAS"
        }
      ]
    },
    {
      "parameter_name": "front_left_wing_NACA_Profile",
      "value": "4512",
      "component_properties": [
        {
          "component_name": "front_left_wing",
          "component_property": "NACA_Profile"
        }
      ]
    },
    {
      "parameter_name": "front_left_wing_SERVO_THICKNESS",
      "value": "10",
      "component_properties": [
        {
          "component_name": "front_left_wing",
          "component_property": "SERVO_THICKNESS"
        }
      ]
    },
    {
      "parameter_name": "front_left_wing_TUBE_DIAMETER",
      "value": "10",
      "component_properties": [
        {
          "component_name": "front_left_wing",
          "component_property": "TUBE_DIAMETER"
        }
      ]
    },
    {
      "parameter_name": "front_left_wing_TUBE_ROTATION",
      "value": "0",
      "component_properties": [
        {
          "component_name": "front_left_wing",
          "component_property": "TUBE_ROTATION"
        }
      ]
    },
    {
      "parameter_name": "front_left_wing_THICKNESS",
      "value": "12",
      "component_properties": [
        {
          "component_name": "front_left_wing",
          "component_property": "THICKNESS"
        }
      ]
    },
    {
      "parameter_name": "front_left_wing_CHORD_2",
      "value": "0",
      "component_properties": [
        {
          "component_name": "front_left_wing",
          "component_property": "CHORD_2"
        }
      ]
    },
    {
      "parameter_name": "front_left_wing_FLAP_BIAS",
      "value": "0",
      "component_properties": [
        {
          "component_name": "front_left_wing",
          "component_property": "FLAP_BIAS"
        }
      ]
    },
    {
      "parameter_name": "front_left_wing_LOAD",
      "value": "0",
      "component_properties": [
        {
          "component_name": "front_left_wing",
          "component_property": "LOAD"
        }
      ]
    },
    {
      "parameter_name": "front_left_wing_TUBE_OFFSET",
      "value": "100",
      "component_properties": [
        {
          "component_name": "front_left_wing",
          "component_property": "TUBE_OFFSET"
        }
      ]
    },
    {
      "parameter_name": "front_left_wing_SERVO_LENGTH",
      "value": "10",
      "component_properties": [
        {
          "component_name": "front_left_wing",
          "component_property": "SERVO_LENGTH"
        }
      ]
    },
    {
      "parameter_name": "front_left_wing_SPAN",
      "value": "3000",
      "component_properties": [
        {
          "component_name": "front_left_wing",
          "component_property": "SPAN"
        }
      ]
    },
    {
      "parameter_name": "front_left_wing_CHORD_1",
      "value": "0",
      "component_properties": [
        {
          "component_name": "front_left_wing",
          "component_property": "CHORD_1"
        }
      ]
    },
    {
      "parameter_name": "front_right_top_motor_vert_CONTROL_CHANNEL",
      "value": "1",
      "component_properties": [
        {
          "component_name": "front_right_top_motor_vert",
          "component_property": "CONTROL_CHANNEL"
        }
      ]
    },
    {
      "parameter_name": "front_right_motor_fwd_CONTROL_CHANNEL",
      "value": "1",
      "component_properties": [
        {
          "component_name": "front_right_motor_fwd",
          "component_property": "CONTROL_CHANNEL"
        }
      ]
    },
    {
      "parameter_name": "front_left_top_motor_vert_CONTROL_CHANNEL",
      "value": "1",
      "component_properties": [
        {
          "component_name": "front_left_top_motor_vert",
          "component_property": "CONTROL_CHANNEL"
        }
      ]
    },
    {
      "parameter_name": "front_left_bot_prop_vert_Prop_type",
      "value": "-1",
      "component_properties": [
        {
          "component_name": "front_left_bot_prop_vert",
          "component_property": "Prop_type"
        }
      ]
    },
    {
      "parameter_name": "front_left_bot_prop_vert_Direction",
      "value": "1",
      "component_properties": [
        {
          "component_name": "front_left_bot_prop_vert",
          "component_property": "Direction"
        }
      ]
    },
    {
      "parameter_name": "rear_left_bot_motor_vert_2_CONTROL_CHANNEL",
      "value": "1",
      "component_properties": [
        {
          "component_name": "rear_left_bot_motor_vert_2",
          "component_property": "CONTROL_CHANNEL"
        }
      ]
    },
    {
      "parameter_name": "front_left_top_prop_vert_Prop_type",
      "value": "-1",
      "component_properties": [
        {
          "component_name": "front_left_top_prop_vert",
          "component_property": "Prop_type"
        }
      ]
    },
    {
      "parameter_name": "front_left_top_prop_vert_Direction",
      "value": "-1",
      "component_properties": [
        {
          "component_name": "front_left_top_prop_vert",
          "component_property": "Direction"
        }
      ]
    },
    {
      "parameter_name": "front_left_flip_adapter_DIAMETER",
      "value": "300",
      "component_properties": [
        {
          "component_name": "front_left_flip_adapter",
          "component_property": "DIAMETER"
        }
      ]
    },
    {
      "parameter_name": "rear_right_top_motor_vert_1_CONTROL_CHANNEL",
      "value": "1",
      "component_properties": [
        {
          "component_name": "rear_right_top_motor_vert_1",
          "component_property": "CONTROL_CHANNEL"
        }
      ]
    },
    {
      "parameter_name": "front_right_wing_SERVO_WIDTH",
      "value": "10",
      "component_properties": [
        {
          "component_name": "front_right_wing",
          "component_property": "SERVO_WIDTH"
        }
      ]
    },
    {
      "parameter_name": "front_right_wing_TAPER_OFFSET",
      "value": "0",
      "component_properties": [
        {
          "component_name": "front_right_wing",
          "component_property": "TAPER_OFFSET"
        }
      ]
    },
    {
      "parameter_name": "front_right_wing_AILERON_BIAS",
      "value": "0",
      "component_properties": [
        {
          "component_name": "front_right_wing",
          "component_property": "AILERON_BIAS"
        }
      ]
    },
    {
      "parameter_name": "front_right_wing_NACA_Profile",
      "value": "4512",
      "component_properties": [
        {
          "component_name": "front_right_wing",
          "component_property": "NACA_Profile"
        }
      ]
    },
    {
      "parameter_name": "front_right_wing_SERVO_THICKNESS",
      "value": "10",
      "component_properties": [
        {
          "component_name": "front_right_wing",
          "component_property": "SERVO_THICKNESS"
        }
      ]
    },
    {
      "parameter_name": "front_right_wing_TUBE_DIAMETER",
      "value": "10",
      "component_properties": [
        {
          "component_name": "front_right_wing",
          "component_property": "TUBE_DIAMETER"
        }
      ]
    },
    {
      "parameter_name": "front_right_wing_TUBE_ROTATION",
      "value": "0",
      "component_properties": [
        {
          "component_name": "front_right_wing",
          "component_property": "TUBE_ROTATION"
        }
      ]
    },
    {
      "parameter_name": "front_right_wing_THICKNESS",
      "value": "12",
      "component_properties": [
        {
          "component_name": "front_right_wing",
          "component_property": "THICKNESS"
        }
      ]
    },
    {
      "parameter_name": "front_right_wing_CHORD_2",
      "value": "0",
      "component_properties": [
        {
          "component_name": "front_right_wing",
          "component_property": "CHORD_2"
        }
      ]
    },
    {
      "parameter_name": "front_right_wing_FLAP_BIAS",
      "value": "0",
      "component_properties": [
        {
          "component_name": "front_right_wing",
          "component_property": "FLAP_BIAS"
        }
      ]
    },
    {
      "parameter_name": "front_right_wing_LOAD",
      "value": "0",
      "component_properties": [
        {
          "component_name": "front_right_wing",
          "component_property": "LOAD"
        }
      ]
    },
    {
      "parameter_name": "front_right_wing_TUBE_OFFSET",
      "value": "100",
      "component_properties": [
        {
          "component_name": "front_right_wing",
          "component_property": "TUBE_OFFSET"
        }
      ]
    },
    {
      "parameter_name": "front_right_wing_SERVO_LENGTH",
      "value": "10",
      "component_properties": [
        {
          "component_name": "front_right_wing",
          "component_property": "SERVO_LENGTH"
        }
      ]
    },
    {
      "parameter_name": "front_right_wing_SPAN",
      "value": "3000",
      "component_properties": [
        {
          "component_name": "front_right_wing",
          "component_property": "SPAN"
        }
      ]
    },
    {
      "parameter_name": "front_right_wing_CHORD_1",
      "value": "0",
      "component_properties": [
        {
          "component_name": "front_right_wing",
          "component_property": "CHORD_1"
        }
      ]
    },
    {
      "parameter_name": "front_right_cyl_mount_LEFT_CONN_DISP",
      "value": "0",
      "component_properties": [
        {
          "component_name": "front_right_cyl_mount",
          "component_property": "LEFT_CONN_DISP"
        }
      ]
    },
    {
      "parameter_name": "front_right_cyl_mount_TOP_CONN_DISP",
      "value": "-350",
      "component_properties": [
        {
          "component_name": "front_right_cyl_mount",
          "component_property": "TOP_CONN_DISP"
        }
      ]
    },
    {
      "parameter_name": "front_right_cyl_mount_BOTTOM_CONN_DISP",
      "value": "-350",
      "component_properties": [
        {
          "component_name": "front_right_cyl_mount",
          "component_property": "BOTTOM_CONN_DISP"
        }
      ]
    },
    {
      "parameter_name": "front_right_cyl_mount_PORT_THICKNESS",
      "value": "150",
      "component_properties": [
        {
          "component_name": "front_right_cyl_mount",
          "component_property": "PORT_THICKNESS"
        }
      ]
    },
    {
      "parameter_name": "front_right_cyl_mount_RIGHT_CONN_DISP",
      "value": "0",
      "component_properties": [
        {
          "component_name": "front_right_cyl_mount",
          "component_property": "RIGHT_CONN_DISP"
        }
      ]
    },
    {
      "parameter_name": "front_right_cyl_mount_LENGTH",
      "value": "1000",
      "component_properties": [
        {
          "component_name": "front_right_cyl_mount",
          "component_property": "LENGTH"
        }
      ]
    },
    {
      "parameter_name": "front_right_cyl_mount_FRONT_ANGLE",
      "value": "0",
      "component_properties": [
        {
          "component_name": "front_right_cyl_mount",
          "component_property": "FRONT_ANGLE"
        }
      ]
    },
    {
      "parameter_name": "front_right_cyl_mount_DIAMETER",
      "value": "300",
      "component_properties": [
        {
          "component_name": "front_right_cyl_mount",
          "component_property": "DIAMETER"
        }
      ]
    },
    {
      "parameter_name": "center_rear_struct_cyl_LEFT_CONN_DISP",
      "value": "0",
      "component_properties": [
        {
          "component_name": "center_rear_struct_cyl",
          "component_property": "LEFT_CONN_DISP"
        }
      ]
    },
    {
      "parameter_name": "center_rear_struct_cyl_TOP_CONN_DISP",
      "value": "0",
      "component_properties": [
        {
          "component_name": "center_rear_struct_cyl",
          "component_property": "TOP_CONN_DISP"
        }
      ]
    },
    {
      "parameter_name": "center_rear_struct_cyl_BOTTOM_CONN_DISP",
      "value": "-1000",
      "component_properties": [
        {
          "component_name": "center_rear_struct_cyl",
          "component_property": "BOTTOM_CONN_DISP"
        }
      ]
    },
    {
      "parameter_name": "center_rear_struct_cyl_PORT_THICKNESS",
      "value": "100",
      "component_properties": [
        {
          "component_name": "center_rear_struct_cyl",
          "component_property": "PORT_THICKNESS"
        }
      ]
    },
    {
      "parameter_name": "center_rear_struct_cyl_RIGHT_CONN_DISP",
      "value": "0",
      "component_properties": [
        {
          "component_name": "center_rear_struct_cyl",
          "component_property": "RIGHT_CONN_DISP"
        }
      ]
    },
    {
      "parameter_name": "center_rear_struct_cyl_LENGTH",
      "value": "3000",
      "component_properties": [
        {
          "component_name": "center_rear_struct_cyl",
          "component_property": "LENGTH"
        }
      ]
    },
    {
      "parameter_name": "center_rear_struct_cyl_FRONT_ANGLE",
      "value": "0",
      "component_properties": [
        {
          "component_name": "center_rear_struct_cyl",
          "component_property": "FRONT_ANGLE"
        }
      ]
    },
    {
      "parameter_name": "center_rear_struct_cyl_DIAMETER",
      "value": "300",
      "component_properties": [
        {
          "component_name": "center_rear_struct_cyl",
          "component_property": "DIAMETER"
        }
      ]
    },
    {
      "parameter_name": "rear_right_wing_battery_TAPER_OFFSET",
      "value": "0",
      "component_properties": [
        {
          "component_name": "rear_right_wing_battery",
          "component_property": "TAPER_OFFSET"
        }
      ]
    },
    {
      "parameter_name": "rear_right_wing_battery_VOLTAGE_REQUEST",
      "value": "350",
      "component_properties": [
        {
          "component_name": "rear_right_wing_battery",
          "component_property": "VOLTAGE_REQUEST"
        }
      ]
    },
    {
      "parameter_name": "rear_right_wing_battery_THICKNESS",
      "value": "12",
      "component_properties": [
        {
          "component_name": "rear_right_wing_battery",
          "component_property": "THICKNESS"
        }
      ]
    },
    {
      "parameter_name": "rear_right_wing_battery_SPAN",
      "value": "8500",
      "component_properties": [
        {
          "component_name": "rear_right_wing_battery",
          "component_property": "SPAN"
        }
      ]
    },
    {
      "parameter_name": "rear_right_wing_battery_MOUNT_SIDE",
      "value": "2",
      "component_properties": [
        {
          "component_name": "rear_right_wing_battery",
          "component_property": "MOUNT_SIDE"
        }
      ]
    },
    {
      "parameter_name": "rear_right_wing_battery_CHORD_1",
      "value": "3000",
      "component_properties": [
        {
          "component_name": "rear_right_wing_battery",
          "component_property": "CHORD_1"
        }
      ]
    },
    {
      "parameter_name": "rear_right_wing_battery_ROTATION",
      "value": "0",
      "component_properties": [
        {
          "component_name": "rear_right_wing_battery",
          "component_property": "ROTATION"
        }
      ]
    },
    {
      "parameter_name": "rear_right_wing_battery_VOLUME_PERCENT",
      "value": "6",
      "component_properties": [
        {
          "component_name": "rear_right_wing_battery",
          "component_property": "VOLUME_PERCENT"
        }
      ]
    },
    {
      "parameter_name": "rear_right_wing_battery_CHORD_2",
      "value": "3000",
      "component_properties": [
        {
          "component_name": "rear_right_wing_battery",
          "component_property": "CHORD_2"
        }
      ]
    },
    {
      "parameter_name": "rear_left_wing_SERVO_WIDTH",
      "value": "10",
      "component_properties": [
        {
          "component_name": "rear_left_wing",
          "component_property": "SERVO_WIDTH"
        }
      ]
    },
    {
      "parameter_name": "rear_left_wing_TAPER_OFFSET",
      "value": "0",
      "component_properties": [
        {
          "component_name": "rear_left_wing",
          "component_property": "TAPER_OFFSET"
        }
      ]
    },
    {
      "parameter_name": "rear_left_wing_AILERON_BIAS",
      "value": "0",
      "component_properties": [
        {
          "component_name": "rear_left_wing",
          "component_property": "AILERON_BIAS"
        }
      ]
    },
    {
      "parameter_name": "rear_left_wing_NACA_Profile",
      "value": "4512",
      "component_properties": [
        {
          "component_name": "rear_left_wing",
          "component_property": "NACA_Profile"
        }
      ]
    },
    {
      "parameter_name": "rear_left_wing_SERVO_THICKNESS",
      "value": "10",
      "component_properties": [
        {
          "component_name": "rear_left_wing",
          "component_property": "SERVO_THICKNESS"
        }
      ]
    },
    {
      "parameter_name": "rear_left_wing_TUBE_DIAMETER",
      "value": "10",
      "component_properties": [
        {
          "component_name": "rear_left_wing",
          "component_property": "TUBE_DIAMETER"
        }
      ]
    },
    {
      "parameter_name": "rear_left_wing_TUBE_ROTATION",
      "value": "0",
      "component_properties": [
        {
          "component_name": "rear_left_wing",
          "component_property": "TUBE_ROTATION"
        }
      ]
    },
    {
      "parameter_name": "rear_left_wing_THICKNESS",
      "value": "12",
      "component_properties": [
        {
          "component_name": "rear_left_wing",
          "component_property": "THICKNESS"
        }
      ]
    },
    {
      "parameter_name": "rear_left_wing_CHORD_2",
      "value": "3000",
      "component_properties": [
        {
          "component_name": "rear_left_wing",
          "component_property": "CHORD_2"
        }
      ]
    },
    {
      "parameter_name": "rear_left_wing_FLAP_BIAS",
      "value": "0",
      "component_properties": [
        {
          "component_name": "rear_left_wing",
          "component_property": "FLAP_BIAS"
        }
      ]
    },
    {
      "parameter_name": "rear_left_wing_LOAD",
      "value": "7000",
      "component_properties": [
        {
          "component_name": "rear_left_wing",
          "component_property": "LOAD"
        }
      ]
    },
    {
      "parameter_name": "rear_left_wing_TUBE_OFFSET",
      "value": "100",
      "component_properties": [
        {
          "component_name": "rear_left_wing",
          "component_property": "TUBE_OFFSET"
        }
      ]
    },
    {
      "parameter_name": "rear_left_wing_SERVO_LENGTH",
      "value": "10",
      "component_properties": [
        {
          "component_name": "rear_left_wing",
          "component_property": "SERVO_LENGTH"
        }
      ]
    },
    {
      "parameter_name": "rear_left_wing_SPAN",
      "value": "8500",
      "component_properties": [
        {
          "component_name": "rear_left_wing",
          "component_property": "SPAN"
        }
      ]
    },
    {
      "parameter_name": "rear_left_wing_CHORD_1",
      "value": "3000",
      "component_properties": [
        {
          "component_name": "rear_left_wing",
          "component_property": "CHORD_1"
        }
      ]
    },
    {
      "parameter_name": "rear_right_cyl_mount_LEFT_CONN_DISP",
      "value": "500",
      "component_properties": [
        {
          "component_name": "rear_right_cyl_mount",
          "component_property": "LEFT_CONN_DISP"
        }
      ]
    },
    {
      "parameter_name": "rear_right_cyl_mount_TOP_CONN_DISP",
      "value": "-220",
      "component_properties": [
        {
          "component_name": "rear_right_cyl_mount",
          "component_property": "TOP_CONN_DISP"
        }
      ]
    },
    {
      "parameter_name": "rear_right_cyl_mount_BOTTOM_CONN_DISP",
      "value": "-220",
      "component_properties": [
        {
          "component_name": "rear_right_cyl_mount",
          "component_property": "BOTTOM_CONN_DISP"
        }
      ]
    },
    {
      "parameter_name": "rear_right_cyl_mount_PORT_THICKNESS",
      "value": "100",
      "component_properties": [
        {
          "component_name": "rear_right_cyl_mount",
          "component_property": "PORT_THICKNESS"
        }
      ]
    },
    {
      "parameter_name": "rear_right_cyl_mount_RIGHT_CONN_DISP",
      "value": "0",
      "component_properties": [
        {
          "component_name": "rear_right_cyl_mount",
          "component_property": "RIGHT_CONN_DISP"
        }
      ]
    },
    {
      "parameter_name": "rear_right_cyl_mount_LENGTH",
      "value": "2200",
      "component_properties": [
        {
          "component_name": "rear_right_cyl_mount",
          "component_property": "LENGTH"
        }
      ]
    },
    {
      "parameter_name": "rear_right_cyl_mount_FRONT_ANGLE",
      "value": "0",
      "component_properties": [
        {
          "component_name": "rear_right_cyl_mount",
          "component_property": "FRONT_ANGLE"
        }
      ]
    },
    {
      "parameter_name": "rear_right_cyl_mount_DIAMETER",
      "value": "300",
      "component_properties": [
        {
          "component_name": "rear_right_cyl_mount",
          "component_property": "DIAMETER"
        }
      ]
    },
    {
      "parameter_name": "rear_right_bot_motor_vert_1_CONTROL_CHANNEL",
      "value": "1",
      "component_properties": [
        {
          "component_name": "rear_right_bot_motor_vert_1",
          "component_property": "CONTROL_CHANNEL"
        }
      ]
    },
    {
      "parameter_name": "front_left_prop_fwd_Prop_type",
      "value": "-1",
      "component_properties": [
        {
          "component_name": "front_left_prop_fwd",
          "component_property": "Prop_type"
        }
      ]
    },
    {
      "parameter_name": "front_left_prop_fwd_Direction",
      "value": "-1",
      "component_properties": [
        {
          "component_name": "front_left_prop_fwd",
          "component_property": "Direction"
        }
      ]
    },
    {
      "parameter_name": "ctr_bot_motor_vert_CONTROL_CHANNEL",
      "value": "1",
      "component_properties": [
        {
          "component_name": "ctr_bot_motor_vert",
          "component_property": "CONTROL_CHANNEL"
        }
      ]
    },
    {
      "parameter_name": "center_fwd_struct_cyl_LEFT_CONN_DISP",
      "value": "0",
      "component_properties": [
        {
          "component_name": "center_fwd_struct_cyl",
          "component_property": "LEFT_CONN_DISP"
        }
      ]
    },
    {
      "parameter_name": "center_fwd_struct_cyl_TOP_CONN_DISP",
      "value": "0",
      "component_properties": [
        {
          "component_name": "center_fwd_struct_cyl",
          "component_property": "TOP_CONN_DISP"
        }
      ]
    },
    {
      "parameter_name": "center_fwd_struct_cyl_BOTTOM_CONN_DISP",
      "value": "0",
      "component_properties": [
        {
          "component_name": "center_fwd_struct_cyl",
          "component_property": "BOTTOM_CONN_DISP"
        }
      ]
    },
    {
      "parameter_name": "center_fwd_struct_cyl_PORT_THICKNESS",
      "value": "100",
      "component_properties": [
        {
          "component_name": "center_fwd_struct_cyl",
          "component_property": "PORT_THICKNESS"
        }
      ]
    },
    {
      "parameter_name": "center_fwd_struct_cyl_RIGHT_CONN_DISP",
      "value": "0",
      "component_properties": [
        {
          "component_name": "center_fwd_struct_cyl",
          "component_property": "RIGHT_CONN_DISP"
        }
      ]
    },
    {
      "parameter_name": "center_fwd_struct_cyl_LENGTH",
      "value": "2500",
      "component_properties": [
        {
          "component_name": "center_fwd_struct_cyl",
          "component_property": "LENGTH"
        }
      ]
    },
    {
      "parameter_name": "center_fwd_struct_cyl_FRONT_ANGLE",
      "value": "0",
      "component_properties": [
        {
          "component_name": "center_fwd_struct_cyl",
          "component_property": "FRONT_ANGLE"
        }
      ]
    },
    {
      "parameter_name": "center_fwd_struct_cyl_DIAMETER",
      "value": "300",
      "component_properties": [
        {
          "component_name": "center_fwd_struct_cyl",
          "component_property": "DIAMETER"
        }
      ]
    },
    {
      "parameter_name": "front_ctr_top_prop_vert_Prop_type",
      "value": "-1",
      "component_properties": [
        {
          "component_name": "front_ctr_top_prop_vert",
          "component_property": "Prop_type"
        }
      ]
    },
    {
      "parameter_name": "front_ctr_top_prop_vert_Direction",
      "value": "-1",
      "component_properties": [
        {
          "component_name": "front_ctr_top_prop_vert",
          "component_property": "Direction"
        }
      ]
    },
    {
      "parameter_name": "front_ctr_top_motor_vert_CONTROL_CHANNEL",
      "value": "1",
      "component_properties": [
        {
          "component_name": "front_ctr_top_motor_vert",
          "component_property": "CONTROL_CHANNEL"
        }
      ]
    },
    {
      "parameter_name": "rear_left_wing_battery_TAPER_OFFSET",
      "value": "0",
      "component_properties": [
        {
          "component_name": "rear_left_wing_battery",
          "component_property": "TAPER_OFFSET"
        }
      ]
    },
    {
      "parameter_name": "rear_left_wing_battery_VOLTAGE_REQUEST",
      "value": "350",
      "component_properties": [
        {
          "component_name": "rear_left_wing_battery",
          "component_property": "VOLTAGE_REQUEST"
        }
      ]
    },
    {
      "parameter_name": "rear_left_wing_battery_THICKNESS",
      "value": "12",
      "component_properties": [
        {
          "component_name": "rear_left_wing_battery",
          "component_property": "THICKNESS"
        }
      ]
    },
    {
      "parameter_name": "rear_left_wing_battery_SPAN",
      "value": "8500",
      "component_properties": [
        {
          "component_name": "rear_left_wing_battery",
          "component_property": "SPAN"
        }
      ]
    },
    {
      "parameter_name": "rear_left_wing_battery_MOUNT_SIDE",
      "value": "1",
      "component_properties": [
        {
          "component_name": "rear_left_wing_battery",
          "component_property": "MOUNT_SIDE"
        }
      ]
    },
    {
      "parameter_name": "rear_left_wing_battery_CHORD_1",
      "value": "3000",
      "component_properties": [
        {
          "component_name": "rear_left_wing_battery",
          "component_property": "CHORD_1"
        }
      ]
    },
    {
      "parameter_name": "rear_left_wing_battery_ROTATION",
      "value": "0",
      "component_properties": [
        {
          "component_name": "rear_left_wing_battery",
          "component_property": "ROTATION"
        }
      ]
    },
    {
      "parameter_name": "rear_left_wing_battery_VOLUME_PERCENT",
      "value": "6",
      "component_properties": [
        {
          "component_name": "rear_left_wing_battery",
          "component_property": "VOLUME_PERCENT"
        }
      ]
    },
    {
      "parameter_name": "rear_left_wing_battery_CHORD_2",
      "value": "3000",
      "component_properties": [
        {
          "component_name": "rear_left_wing_battery",
          "component_property": "CHORD_2"
        }
      ]
    },
    {
      "parameter_name": "rear_left_bot_motor_vert_1_CONTROL_CHANNEL",
      "value": "1",
      "component_properties": [
        {
          "component_name": "rear_left_bot_motor_vert_1",
          "component_property": "CONTROL_CHANNEL"
        }
      ]
    },
    {
      "parameter_name": "ctr_top_motor_vert_CONTROL_CHANNEL",
      "value": "1",
      "component_properties": [
        {
          "component_name": "ctr_top_motor_vert",
          "component_property": "CONTROL_CHANNEL"
        }
      ]
    },
    {
      "parameter_name": "rear_right_bot_prop_vert_1_Prop_type",
      "value": "1",
      "component_properties": [
        {
          "component_name": "rear_right_bot_prop_vert_1",
          "component_property": "Prop_type"
        }
      ]
    },
    {
      "parameter_name": "rear_right_bot_prop_vert_1_Direction",
      "value": "-1",
      "component_properties": [
        {
          "component_name": "rear_right_bot_prop_vert_1",
          "component_property": "Direction"
        }
      ]
    },
    {
      "parameter_name": "Orient_Z_ANGLE",
      "value": "0",
      "component_properties": [
        {
          "component_name": "Orient",
          "component_property": "Z_ANGLE"
        }
      ]
    },
    {
      "parameter_name": "rear_left_top_prop_vert_1_Prop_type",
      "value": "-1",
      "component_properties": [
        {
          "component_name": "rear_left_top_prop_vert_1",
          "component_property": "Prop_type"
        }
      ]
    },
    {
      "parameter_name": "rear_left_top_prop_vert_1_Direction",
      "value": "-1",
      "component_properties": [
        {
          "component_name": "rear_left_top_prop_vert_1",
          "component_property": "Direction"
        }
      ]
    },
    {
      "parameter_name": "fuselage_SEAT_2_LR",
      "value": "-210",
      "component_properties": [
        {
          "component_name": "fuselage",
          "component_property": "SEAT_2_LR"
        }
      ]
    },
    {
      "parameter_name": "fuselage_LENGTH",
      "value": "2000",
      "component_properties": [
        {
          "component_name": "fuselage",
          "component_property": "LENGTH"
        }
      ]
    },
    {
      "parameter_name": "fuselage_LEFT_PORT_DISP",
      "value": "0",
      "component_properties": [
        {
          "component_name": "fuselage",
          "component_property": "LEFT_PORT_DISP"
        }
      ]
    },
    {
      "parameter_name": "fuselage_PORT_THICKNESS",
      "value": "100",
      "component_properties": [
        {
          "component_name": "fuselage",
          "component_property": "PORT_THICKNESS"
        }
      ]
    },
    {
      "parameter_name": "fuselage_SPHERE_DIAMETER",
      "value": "1520",
      "component_properties": [
        {
          "component_name": "fuselage",
          "component_property": "SPHERE_DIAMETER"
        }
      ]
    },
    {
      "parameter_name": "fuselage_TAIL_DIAMETER",
      "value": "300",
      "component_properties": [
        {
          "component_name": "fuselage",
          "component_property": "TAIL_DIAMETER"
        }
      ]
    },
    {
      "parameter_name": "fuselage_SEAT_2_FB",
      "value": "790",
      "component_properties": [
        {
          "component_name": "fuselage",
          "component_property": "SEAT_2_FB"
        }
      ]
    },
    {
      "parameter_name": "fuselage_SEAT_1_LR",
      "value": "210",
      "component_properties": [
        {
          "component_name": "fuselage",
          "component_property": "SEAT_1_LR"
        }
      ]
    },
    {
      "parameter_name": "fuselage_FLOOR_HEIGHT",
      "value": "150",
      "component_properties": [
        {
          "component_name": "fuselage",
          "component_property": "FLOOR_HEIGHT"
        }
      ]
    },
    {
      "parameter_name": "fuselage_SEAT_1_FB",
      "value": "790",
      "component_properties": [
        {
          "component_name": "fuselage",
          "component_property": "SEAT_1_FB"
        }
      ]
    },
    {
      "parameter_name": "fuselage_MIDDLE_LENGTH",
      "value": "275",
      "component_properties": [
        {
          "component_name": "fuselage",
          "component_property": "MIDDLE_LENGTH"
        }
      ]
    },
    {
      "parameter_name": "fuselage_RIGHT_PORT_DISP",
      "value": "0",
      "component_properties": [
        {
          "component_name": "fuselage",
          "component_property": "RIGHT_PORT_DISP"
        }
      ]
    },
    {
      "parameter_name": "fuselage_TOP_PORT_DISP",
      "value": "0",
      "component_properties": [
        {
          "component_name": "fuselage",
          "component_property": "TOP_PORT_DISP"
        }
      ]
    },
    {
      "parameter_name": "fuselage_BOTTOM_PORT_DISP",
      "value": "0",
      "component_properties": [
        {
          "component_name": "fuselage",
          "component_property": "BOTTOM_PORT_DISP"
        }
      ]
    },
    {
      "parameter_name": "front_left_bot_motor_vert_CONTROL_CHANNEL",
      "value": "1",
      "component_properties": [
        {
          "component_name": "front_left_bot_motor_vert",
          "component_property": "CONTROL_CHANNEL"
        }
      ]
    },
    {
      "parameter_name": "rear_right_top_motor_vert_2_CONTROL_CHANNEL",
      "value": "1",
      "component_properties": [
        {
          "component_name": "rear_right_top_motor_vert_2",
          "component_property": "CONTROL_CHANNEL"
        }
      ]
    },
    {
      "parameter_name": "rear_left_bot_prop_vert_2_Prop_type",
      "value": "-1",
      "component_properties": [
        {
          "component_name": "rear_left_bot_prop_vert_2",
          "component_property": "Prop_type"
        }
      ]
    },
    {
      "parameter_name": "rear_left_bot_prop_vert_2_Direction",
      "value": "1",
      "component_properties": [
        {
          "component_name": "rear_left_bot_prop_vert_2",
          "component_property": "Direction"
        }
      ]
    },
    {
      "parameter_name": "rear_right_wing_SERVO_WIDTH",
      "value": "10",
      "component_properties": [
        {
          "component_name": "rear_right_wing",
          "component_property": "SERVO_WIDTH"
        }
      ]
    },
    {
      "parameter_name": "rear_right_wing_TAPER_OFFSET",
      "value": "0",
      "component_properties": [
        {
          "component_name": "rear_right_wing",
          "component_property": "TAPER_OFFSET"
        }
      ]
    },
    {
      "parameter_name": "rear_right_wing_AILERON_BIAS",
      "value": "0",
      "component_properties": [
        {
          "component_name": "rear_right_wing",
          "component_property": "AILERON_BIAS"
        }
      ]
    },
    {
      "parameter_name": "rear_right_wing_NACA_Profile",
      "value": "4512",
      "component_properties": [
        {
          "component_name": "rear_right_wing",
          "component_property": "NACA_Profile"
        }
      ]
    },
    {
      "parameter_name": "rear_right_wing_SERVO_THICKNESS",
      "value": "10",
      "component_properties": [
        {
          "component_name": "rear_right_wing",
          "component_property": "SERVO_THICKNESS"
        }
      ]
    },
    {
      "parameter_name": "rear_right_wing_TUBE_DIAMETER",
      "value": "10",
      "component_properties": [
        {
          "component_name": "rear_right_wing",
          "component_property": "TUBE_DIAMETER"
        }
      ]
    },
    {
      "parameter_name": "rear_right_wing_TUBE_ROTATION",
      "value": "0",
      "component_properties": [
        {
          "component_name": "rear_right_wing",
          "component_property": "TUBE_ROTATION"
        }
      ]
    },
    {
      "parameter_name": "rear_right_wing_THICKNESS",
      "value": "12",
      "component_properties": [
        {
          "component_name": "rear_right_wing",
          "component_property": "THICKNESS"
        }
      ]
    },
    {
      "parameter_name": "rear_right_wing_CHORD_2",
      "value": "3000",
      "component_properties": [
        {
          "component_name": "rear_right_wing",
          "component_property": "CHORD_2"
        }
      ]
    },
    {
      "parameter_name": "rear_right_wing_FLAP_BIAS",
      "value": "0",
      "component_properties": [
        {
          "component_name": "rear_right_wing",
          "component_property": "FLAP_BIAS"
        }
      ]
    },
    {
      "parameter_name": "rear_right_wing_LOAD",
      "value": "7000",
      "component_properties": [
        {
          "component_name": "rear_right_wing",
          "component_property": "LOAD"
        }
      ]
    },
    {
      "parameter_name": "rear_right_wing_TUBE_OFFSET",
      "value": "100",
      "component_properties": [
        {
          "component_name": "rear_right_wing",
          "component_property": "TUBE_OFFSET"
        }
      ]
    },
    {
      "parameter_name": "rear_right_wing_SERVO_LENGTH",
      "value": "10",
      "component_properties": [
        {
          "component_name": "rear_right_wing",
          "component_property": "SERVO_LENGTH"
        }
      ]
    },
    {
      "parameter_name": "rear_right_wing_SPAN",
      "value": "8500",
      "component_properties": [
        {
          "component_name": "rear_right_wing",
          "component_property": "SPAN"
        }
      ]
    },
    {
      "parameter_name": "rear_right_wing_CHORD_1",
      "value": "3000",
      "component_properties": [
        {
          "component_name": "rear_right_wing",
          "component_property": "CHORD_1"
        }
      ]
    },
    {
      "parameter_name": "rear_left_flip_adapter_DIAMETER",
      "value": "300",
      "component_properties": [
        {
          "component_name": "rear_left_flip_adapter",
          "component_property": "DIAMETER"
        }
      ]
    },
    {
      "parameter_name": "rear_ctr_naca_mount_CHORD",
      "value": "3000",
      "component_properties": [
        {
          "component_name": "rear_ctr_naca_mount",
          "component_property": "CHORD"
        }
      ]
    },
    {
      "parameter_name": "rear_ctr_naca_mount_BOTTOM_CONNECTION_DISP",
      "value": "0",
      "component_properties": [
        {
          "component_name": "rear_ctr_naca_mount",
          "component_property": "BOTTOM_CONNECTION_DISP"
        }
      ]
    },
    {
      "parameter_name": "rear_ctr_naca_mount_THICKNESS",
      "value": "12",
      "component_properties": [
        {
          "component_name": "rear_ctr_naca_mount",
          "component_property": "THICKNESS"
        }
      ]
    },
    {
      "parameter_name": "rear_ctr_naca_mount_PORT_THICKNESS",
      "value": "100",
      "component_properties": [
        {
          "component_name": "rear_ctr_naca_mount",
          "component_property": "PORT_THICKNESS"
        }
      ]
    },
    {
      "parameter_name": "rear_right_bot_motor_vert_2_CONTROL_CHANNEL",
      "value": "1",
      "component_properties": [
        {
          "component_name": "rear_right_bot_motor_vert_2",
          "component_property": "CONTROL_CHANNEL"
        }
      ]
    },
    {
      "parameter_name": "front_left_motor_fwd_CONTROL_CHANNEL",
      "value": "1",
      "component_properties": [
        {
          "component_name": "front_left_motor_fwd",
          "component_property": "CONTROL_CHANNEL"
        }
      ]
    },
    {
      "parameter_name": "rear_right_top_prop_vert_2_Prop_type",
      "value": "1",
      "component_properties": [
        {
          "component_name": "rear_right_top_prop_vert_2",
          "component_property": "Prop_type"
        }
      ]
    },
    {
      "parameter_name": "rear_right_top_prop_vert_2_Direction",
      "value": "1",
      "component_properties": [
        {
          "component_name": "rear_right_top_prop_vert_2",
          "component_property": "Direction"
        }
      ]
    },
    {
      "parameter_name": "front_right_prop_fwd_Prop_type",
      "value": "1",
      "component_properties": [
        {
          "component_name": "front_right_prop_fwd",
          "component_property": "Prop_type"
        }
      ]
    },
    {
      "parameter_name": "front_right_prop_fwd_Direction",
      "value": "1",
      "component_properties": [
        {
          "component_name": "front_right_prop_fwd",
          "component_property": "Direction"
        }
      ]
    },
    {
      "parameter_name": "rear_left_bot_prop_vert_1_Prop_type",
      "value": "-1",
      "component_properties": [
        {
          "component_name": "rear_left_bot_prop_vert_1",
          "component_property": "Prop_type"
        }
      ]
    },
    {
      "parameter_name": "rear_left_bot_prop_vert_1_Direction",
      "value": "1",
      "component_properties": [
        {
          "component_name": "rear_left_bot_prop_vert_1",
          "component_property": "Direction"
        }
      ]
    },
    {
      "parameter_name": "ctr_bot_prop_vert_Prop_type",
      "value": "1",
      "component_properties": [
        {
          "component_name": "ctr_bot_prop_vert",
          "component_property": "Prop_type"
        }
      ]
    },
    {
      "parameter_name": "ctr_bot_prop_vert_Direction",
      "value": "-1",
      "component_properties": [
        {
          "component_name": "ctr_bot_prop_vert",
          "component_property": "Direction"
        }
      ]
    },
    {
      "parameter_name": "front_right_top__prop_vert_Prop_type",
      "value": "1",
      "component_properties": [
        {
          "component_name": "front_right_top__prop_vert",
          "component_property": "Prop_type"
        }
      ]
    },
    {
      "parameter_name": "front_right_top__prop_vert_Direction",
      "value": "1",
      "component_properties": [
        {
          "component_name": "front_right_top__prop_vert",
          "component_property": "Direction"
        }
      ]
    },
    {
      "parameter_name": "rudder_SERVO_WIDTH",
      "value": "10",
      "component_properties": [
        {
          "component_name": "rudder",
          "component_property": "SERVO_WIDTH"
        }
      ]
    },
    {
      "parameter_name": "rudder_TAPER_OFFSET",
      "value": "0",
      "component_properties": [
        {
          "component_name": "rudder",
          "component_property": "TAPER_OFFSET"
        }
      ]
    },
    {
      "parameter_name": "rudder_AILERON_BIAS",
      "value": "0",
      "component_properties": [
        {
          "component_name": "rudder",
          "component_property": "AILERON_BIAS"
        }
      ]
    },
    {
      "parameter_name": "rudder_NACA_Profile",
      "value": "12",
      "component_properties": [
        {
          "component_name": "rudder",
          "component_property": "NACA_Profile"
        }
      ]
    },
    {
      "parameter_name": "rudder_SERVO_THICKNESS",
      "value": "10",
      "component_properties": [
        {
          "component_name": "rudder",
          "component_property": "SERVO_THICKNESS"
        }
      ]
    },
    {
      "parameter_name": "rudder_TUBE_DIAMETER",
      "value": "10",
      "component_properties": [
        {
          "component_name": "rudder",
          "component_property": "TUBE_DIAMETER"
        }
      ]
    },
    {
      "parameter_name": "rudder_TUBE_ROTATION",
      "value": "0",
      "component_properties": [
        {
          "component_name": "rudder",
          "component_property": "TUBE_ROTATION"
        }
      ]
    },
    {
      "parameter_name": "rudder_THICKNESS",
      "value": "12",
      "component_properties": [
        {
          "component_name": "rudder",
          "component_property": "THICKNESS"
        }
      ]
    },
    {
      "parameter_name": "rudder_CHORD_2",
      "value": "0",
      "component_properties": [
        {
          "component_name": "rudder",
          "component_property": "CHORD_2"
        }
      ]
    },
    {
      "parameter_name": "rudder_FLAP_BIAS",
      "value": "0",
      "component_properties": [
        {
          "component_name": "rudder",
          "component_property": "FLAP_BIAS"
        }
      ]
    },
    {
      "parameter_name": "rudder_LOAD",
      "value": "0",
      "component_properties": [
        {
          "component_name": "rudder",
          "component_property": "LOAD"
        }
      ]
    },
    {
      "parameter_name": "rudder_TUBE_OFFSET",
      "value": "100",
      "component_properties": [
        {
          "component_name": "rudder",
          "component_property": "TUBE_OFFSET"
        }
      ]
    },
    {
      "parameter_name": "rudder_SERVO_LENGTH",
      "value": "10",
      "component_properties": [
        {
          "component_name": "rudder",
          "component_property": "SERVO_LENGTH"
        }
      ]
    },
    {
      "parameter_name": "rudder_SPAN",
      "value": "3000",
      "component_properties": [
        {
          "component_name": "rudder",
          "component_property": "SPAN"
        }
      ]
    },
    {
      "parameter_name": "rudder_CHORD_1",
      "value": "0",
      "component_properties": [
        {
          "component_name": "rudder",
          "component_property": "CHORD_1"
        }
      ]
    },
    {
      "parameter_name": "front_right_bot_prop_vert_Prop_type",
      "value": "1",
      "component_properties": [
        {
          "component_name": "front_right_bot_prop_vert",
          "component_property": "Prop_type"
        }
      ]
    },
    {
      "parameter_name": "front_right_bot_prop_vert_Direction",
      "value": "-1",
      "component_properties": [
        {
          "component_name": "front_right_bot_prop_vert",
          "component_property": "Direction"
        }
      ]
    },
    {
      "parameter_name": "front_ctr_naca_mount_CHORD",
      "value": "0",
      "component_properties": [
        {
          "component_name": "front_ctr_naca_mount",
          "component_property": "CHORD"
        }
      ]
    },
    {
      "parameter_name": "front_ctr_naca_mount_BOTTOM_CONNECTION_DISP",
      "value": "0",
      "component_properties": [
        {
          "component_name": "front_ctr_naca_mount",
          "component_property": "BOTTOM_CONNECTION_DISP"
        }
      ]
    },
    {
      "parameter_name": "front_ctr_naca_mount_THICKNESS",
      "value": "12",
      "component_properties": [
        {
          "component_name": "front_ctr_naca_mount",
          "component_property": "THICKNESS"
        }
      ]
    },
    {
      "parameter_name": "front_ctr_naca_mount_PORT_THICKNESS",
      "value": "100",
      "component_properties": [
        {
          "component_name": "front_ctr_naca_mount",
          "component_property": "PORT_THICKNESS"
        }
      ]
    },
    {
      "parameter_name": "ctr_top_prop_vert_Prop_type",
      "value": "1",
      "component_properties": [
        {
          "component_name": "ctr_top_prop_vert",
          "component_property": "Prop_type"
        }
      ]
    },
    {
      "parameter_name": "ctr_top_prop_vert_Direction",
      "value": "1",
      "component_properties": [
        {
          "component_name": "ctr_top_prop_vert",
          "component_property": "Direction"
        }
      ]
    },
    {
      "parameter_name": "rear_left_top_prop_vert_2_Prop_type",
      "value": "-1",
      "component_properties": [
        {
          "component_name": "rear_left_top_prop_vert_2",
          "component_property": "Prop_type"
        }
      ]
    },
    {
      "parameter_name": "rear_left_top_prop_vert_2_Direction",
      "value": "-1",
      "component_properties": [
        {
          "component_name": "rear_left_top_prop_vert_2",
          "component_property": "Direction"
        }
      ]
    },
    {
      "parameter_name": "vert_system_battery_controller_800V_Output_Voltage",
      "value": "1",
      "component_properties": [
        {
          "component_name": "vert_system_battery_controller_800V",
          "component_property": "Output_Voltage"
        }
      ]
    },
    {
      "parameter_name": "vert_system_battery_controller_800V_Input_Voltage",
      "value": "1",
      "component_properties": [
        {
          "component_name": "vert_system_battery_controller_800V",
          "component_property": "Input_Voltage"
        }
      ]
    },
    {
      "parameter_name": "rear_left_cyl_mount_LEFT_CONN_DISP",
      "value": "0",
      "component_properties": [
        {
          "component_name": "rear_left_cyl_mount",
          "component_property": "LEFT_CONN_DISP"
        }
      ]
    },
    {
      "parameter_name": "rear_left_cyl_mount_TOP_CONN_DISP",
      "value": "-220",
      "component_properties": [
        {
          "component_name": "rear_left_cyl_mount",
          "component_property": "TOP_CONN_DISP"
        }
      ]
    },
    {
      "parameter_name": "rear_left_cyl_mount_BOTTOM_CONN_DISP",
      "value": "-220",
      "component_properties": [
        {
          "component_name": "rear_left_cyl_mount",
          "component_property": "BOTTOM_CONN_DISP"
        }
      ]
    },
    {
      "parameter_name": "rear_left_cyl_mount_PORT_THICKNESS",
      "value": "100",
      "component_properties": [
        {
          "component_name": "rear_left_cyl_mount",
          "component_property": "PORT_THICKNESS"
        }
      ]
    },
    {
      "parameter_name": "rear_left_cyl_mount_RIGHT_CONN_DISP",
      "value": "500",
      "component_properties": [
        {
          "component_name": "rear_left_cyl_mount",
          "component_property": "RIGHT_CONN_DISP"
        }
      ]
    },
    {
      "parameter_name": "rear_left_cyl_mount_LENGTH",
      "value": "2200",
      "component_properties": [
        {
          "component_name": "rear_left_cyl_mount",
          "component_property": "LENGTH"
        }
      ]
    },
    {
      "parameter_name": "rear_left_cyl_mount_FRONT_ANGLE",
      "value": "0",
      "component_properties": [
        {
          "component_name": "rear_left_cyl_mount",
          "component_property": "FRONT_ANGLE"
        }
      ]
    },
    {
      "parameter_name": "rear_left_cyl_mount_DIAMETER",
      "value": "300",
      "component_properties": [
        {
          "component_name": "rear_left_cyl_mount",
          "component_property": "DIAMETER"
        }
      ]
    },
    {
      "parameter_name": "rear_left_top_motor_vert_2_CONTROL_CHANNEL",
      "value": "1",
      "component_properties": [
        {
          "component_name": "rear_left_top_motor_vert_2",
          "component_property": "CONTROL_CHANNEL"
        }
      ]
    },
    {
      "parameter_name": "front_left_cyl_mount_LEFT_CONN_DISP",
      "value": "0",
      "component_properties": [
        {
          "component_name": "front_left_cyl_mount",
          "component_property": "LEFT_CONN_DISP"
        }
      ]
    },
    {
      "parameter_name": "front_left_cyl_mount_TOP_CONN_DISP",
      "value": "-350",
      "component_properties": [
        {
          "component_name": "front_left_cyl_mount",
          "component_property": "TOP_CONN_DISP"
        }
      ]
    },
    {
      "parameter_name": "front_left_cyl_mount_BOTTOM_CONN_DISP",
      "value": "-350",
      "component_properties": [
        {
          "component_name": "front_left_cyl_mount",
          "component_property": "BOTTOM_CONN_DISP"
        }
      ]
    },
    {
      "parameter_name": "front_left_cyl_mount_PORT_THICKNESS",
      "value": "150",
      "component_properties": [
        {
          "component_name": "front_left_cyl_mount",
          "component_property": "PORT_THICKNESS"
        }
      ]
    },
    {
      "parameter_name": "front_left_cyl_mount_RIGHT_CONN_DISP",
      "value": "0",
      "component_properties": [
        {
          "component_name": "front_left_cyl_mount",
          "component_property": "RIGHT_CONN_DISP"
        }
      ]
    },
    {
      "parameter_name": "front_left_cyl_mount_LENGTH",
      "value": "1000",
      "component_properties": [
        {
          "component_name": "front_left_cyl_mount",
          "component_property": "LENGTH"
        }
      ]
    },
    {
      "parameter_name": "front_left_cyl_mount_FRONT_ANGLE",
      "value": "0",
      "component_properties": [
        {
          "component_name": "front_left_cyl_mount",
          "component_property": "FRONT_ANGLE"
        }
      ]
    },
    {
      "parameter_name": "front_left_cyl_mount_DIAMETER",
      "value": "300",
      "component_properties": [
        {
          "component_name": "front_left_cyl_mount",
          "component_property": "DIAMETER"
        }
      ]
    },
    {
      "parameter_name": "front_right_bot_motor_vert_CONTROL_CHANNEL",
      "value": "1",
      "component_properties": [
        {
          "component_name": "front_right_bot_motor_vert",
          "component_property": "CONTROL_CHANNEL"
        }
      ]
    },
    {
      "parameter_name": "rear_right_flip_adapter_DIAMETER",
      "value": "300",
      "component_properties": [
        {
          "component_name": "rear_right_flip_adapter",
          "component_property": "DIAMETER"
        }
      ]
    },
    {
      "parameter_name": "rear_right_top_prop_vert_1_Prop_type",
      "value": "1",
      "component_properties": [
        {
          "component_name": "rear_right_top_prop_vert_1",
          "component_property": "Prop_type"
        }
      ]
    },
    {
      "parameter_name": "rear_right_top_prop_vert_1_Direction",
      "value": "1",
      "component_properties": [
        {
          "component_name": "rear_right_top_prop_vert_1",
          "component_property": "Direction"
        }
      ]
    },
    {
      "parameter_name": "rear_right_bot_prop_vert_2_Prop_type",
      "value": "1",
      "component_properties": [
        {
          "component_name": "rear_right_bot_prop_vert_2",
          "component_property": "Prop_type"
        }
      ]
    },
    {
      "parameter_name": "rear_right_bot_prop_vert_2_Direction",
      "value": "-1",
      "component_properties": [
        {
          "component_name": "rear_right_bot_prop_vert_2",
          "component_property": "Direction"
        }
      ]
    }
  ],
  "components": [
    {
      "component_instance": "rear_right_motor_cyl_mount",
      "component_type": "Cylinder",
      "component_choice": "PORTED_CYL"
    },
    {
      "component_instance": "rear_left_top_motor_vert_1",
      "component_type": "Motor",
      "component_choice": "Emrax268LV"
    },
    {
      "component_instance": "front_right_flip_adapter",
      "component_type": "Cylinder_Flip",
      "component_choice": "Cyl_Flip"
    },
    {
      "component_instance": "rear_left_motor_cyl_mount",
      "component_type": "Cylinder",
      "component_choice": "PORTED_CYL"
    },
    {
      "component_instance": "front_left_wing",
      "component_type": "Wing",
      "component_choice": "naca_wing"
    },
    {
      "component_instance": "front_right_top_motor_vert",
      "component_type": "Motor",
      "component_choice": "Emrax268LV"
    },
    {
      "component_instance": "front_right_motor_fwd",
      "component_type": "Motor",
      "component_choice": "Emrax268LV"
    },
    {
      "component_instance": "front_left_top_motor_vert",
      "component_type": "Motor",
      "component_choice": "Emrax268LV"
    },
    {
      "component_instance": "front_left_bot_prop_vert",
      "component_type": "Propeller",
      "component_choice": "41x6_3_3400_51_530"
    },
    {
      "component_instance": "rear_left_bot_motor_vert_2",
      "component_type": "Motor",
      "component_choice": "Emrax268LV"
    },
    {
      "component_instance": "front_left_top_prop_vert",
      "component_type": "Propeller",
      "component_choice": "41x6_3_3400_51_530"
    },
    {
      "component_instance": "front_left_flip_adapter",
      "component_type": "Cylinder_Flip",
      "component_choice": "Cyl_Flip"
    },
    {
      "component_instance": "rear_right_top_motor_vert_1",
      "component_type": "Motor",
      "component_choice": "Emrax268LV"
    },
    {
      "component_instance": "front_right_wing",
      "component_type": "Wing",
      "component_choice": "naca_wing"
    },
    {
      "component_instance": "Passenger2",
      "component_type": "Passenger",
      "component_choice": "Passenger"
    },
    {
      "component_instance": "front_right_cyl_mount",
      "component_type": "Cylinder",
      "component_choice": "PORTED_CYL"
    },
    {
      "component_instance": "center_rear_struct_cyl",
      "component_type": "Cylinder",
      "component_choice": "PORTED_CYL"
    },
    {
      "component_instance": "rear_right_wing_battery",
      "component_type": "Battery",
      "component_choice": "Tattu25AhLi"
    },
    {
      "component_instance": "rear_left_wing",
      "component_type": "Wing",
      "component_choice": "naca_wing"
    },
    {
      "component_instance": "rear_right_cyl_mount",
      "component_type": "Cylinder",
      "component_choice": "PORTED_CYL"
    },
    {
      "component_instance": "rear_right_bot_motor_vert_1",
      "component_type": "Motor",
      "component_choice": "Emrax268LV"
    },
    {
      "component_instance": "front_left_prop_fwd",
      "component_type": "Propeller",
      "component_choice": "41x6_3_3400_51_530"
    },
    {
      "component_instance": "ctr_bot_motor_vert",
      "component_type": "Motor",
      "component_choice": "Emrax268LV"
    },
    {
      "component_instance": "center_fwd_struct_cyl",
      "component_type": "Cylinder",
      "component_choice": "PORTED_CYL"
    },
    {
      "component_instance": "front_ctr_top_prop_vert",
      "component_type": "Propeller",
      "component_choice": "41x6_3_3400_51_530"
    },
    {
      "component_instance": "front_ctr_top_motor_vert",
      "component_type": "Motor",
      "component_choice": "Emrax268LV"
    },
    {
      "component_instance": "rear_left_wing_battery",
      "component_type": "Battery",
      "component_choice": "Tattu25AhLi"
    },
    {
      "component_instance": "rear_left_bot_motor_vert_1",
      "component_type": "Motor",
      "component_choice": "Emrax268LV"
    },
    {
      "component_instance": "ctr_top_motor_vert",
      "component_type": "Motor",
      "component_choice": "Emrax268LV"
    },
    {
      "component_instance": "rear_right_bot_prop_vert_1",
      "component_type": "Propeller",
      "component_choice": "41x6_3_3400_51_530"
    },
    {
      "component_instance": "Orient",
      "component_type": "Orient",
      "component_choice": "Orient"
    },
    {
      "component_instance": "rear_left_top_prop_vert_1",
      "component_type": "Propeller",
      "component_choice": "41x6_3_3400_51_530"
    },
    {
      "component_instance": "fuselage",
      "component_type": "Fuselage",
      "component_choice": "FUSE_SPHERE_CYL_CONE"
    },
    {
      "component_instance": "front_left_bot_motor_vert",
      "component_type": "Motor",
      "component_choice": "Emrax268LV"
    },
    {
      "component_instance": "rear_right_top_motor_vert_2",
      "component_type": "Motor",
      "component_choice": "Emrax268LV"
    },
    {
      "component_instance": "rear_left_bot_prop_vert_2",
      "component_type": "Propeller",
      "component_choice": "41x6_3_3400_51_530"
    },
    {
      "component_instance": "rear_right_wing",
      "component_type": "Wing",
      "component_choice": "naca_wing"
    },
    {
      "component_instance": "rear_left_flip_adapter",
      "component_type": "Cylinder_Flip",
      "component_choice": "Cyl_Flip"
    },
    {
      "component_instance": "rear_ctr_naca_mount",
      "component_type": "NACA_Port_Connector",
      "component_choice": "naca_connector"
    },
    {
      "component_instance": "rear_right_bot_motor_vert_2",
      "component_type": "Motor",
      "component_choice": "Emrax268LV"
    },
    {
      "component_instance": "front_left_motor_fwd",
      "component_type": "Motor",
      "component_choice": "Emrax268LV"
    },
    {
      "component_instance": "rear_right_top_prop_vert_2",
      "component_type": "Propeller",
      "component_choice": "41x6_3_3400_51_530"
    },
    {
      "component_instance": "front_right_prop_fwd",
      "component_type": "Propeller",
      "component_choice": "41x6_3_3400_51_530"
    },
    {
      "component_instance": "rear_left_bot_prop_vert_1",
      "component_type": "Propeller",
      "component_choice": "41x6_3_3400_51_530"
    },
    {
      "component_instance": "ctr_bot_prop_vert",
      "component_type": "Propeller",
      "component_choice": "41x6_3_3400_51_530"
    },
    {
      "component_instance": "front_right_top__prop_vert",
      "component_type": "Propeller",
      "component_choice": "41x6_3_3400_51_530"
    },
    {
      "component_instance": "rudder",
      "component_type": "Wing",
      "component_choice": "naca_wing"
    },
    {
      "component_instance": "front_right_bot_prop_vert",
      "component_type": "Propeller",
      "component_choice": "41x6_3_3400_51_530"
    },
    {
      "component_instance": "front_ctr_naca_mount",
      "component_type": "NACA_Port_Connector",
      "component_choice": "naca_connector"
    },
    {
      "component_instance": "ctr_top_prop_vert",
      "component_type": "Propeller",
      "component_choice": "41x6_3_3400_51_530"
    },
    {
      "component_instance": "rear_left_top_prop_vert_2",
      "component_type": "Propeller",
      "component_choice": "41x6_3_3400_51_530"
    },
    {
      "component_instance": "vert_system_battery_controller_800V",
      "component_type": "BatteryController",
      "component_choice": "BatteryController"
    },
    {
      "component_instance": "Passenger1",
      "component_type": "Passenger",
      "component_choice": "Passenger"
    },
    {
      "component_instance": "rear_left_cyl_mount",
      "component_type": "Cylinder",
      "component_choice": "PORTED_CYL"
    },
    {
      "component_instance": "rear_left_top_motor_vert_2",
      "component_type": "Motor",
      "component_choice": "Emrax268LV"
    },
    {
      "component_instance": "front_left_cyl_mount",
      "component_type": "Cylinder",
      "component_choice": "PORTED_CYL"
    },
    {
      "component_instance": "front_right_bot_motor_vert",
      "component_type": "Motor",
      "component_choice": "Emrax268LV"
    },
    {
      "component_instance": "rear_right_flip_adapter",
      "component_type": "Cylinder_Flip",
      "component_choice": "Cyl_Flip"
    },
    {
      "component_instance": "rear_right_top_prop_vert_1",
      "component_type": "Propeller",
      "component_choice": "41x6_3_3400_51_530"
    },
    {
      "component_instance": "rear_right_bot_prop_vert_2",
      "component_type": "Propeller",
      "component_choice": "41x6_3_3400_51_530"
    }
  ],
  "connections": [
    {
      "from_ci": "vert_system_battery_controller_800V",
      "from_conn": "BatteryPower",
      "to_ci": "rear_right_wing_battery",
      "to_conn": "PowerBus"
    },
    {
      "from_ci": "rear_right_wing_battery",
      "from_conn": "PowerBus",
      "to_ci": "vert_system_battery_controller_800V",
      "to_conn": "BatteryPower"
    },
    {
      "from_ci": "center_fwd_struct_cyl",
      "from_conn": "REAR_CONNECTOR",
      "to_ci": "center_rear_struct_cyl",
      "to_conn": "FRONT_CONNECTOR"
    },
    {
      "from_ci": "center_rear_struct_cyl",
      "from_conn": "FRONT_CONNECTOR",
      "to_ci": "center_fwd_struct_cyl",
      "to_conn": "REAR_CONNECTOR"
    },
    {
      "from_ci": "vert_system_battery_controller_800V",
      "from_conn": "MotorPower",
      "to_ci": "front_right_bot_motor_vert",
      "to_conn": "MotorPower"
    },
    {
      "from_ci": "front_right_bot_motor_vert",
      "from_conn": "MotorPower",
      "to_ci": "vert_system_battery_controller_800V",
      "to_conn": "MotorPower"
    },
    {
      "from_ci": "front_right_prop_fwd",
      "from_conn": "MOTOR_CONNECTOR_CS_IN",
      "to_ci": "front_right_motor_fwd",
      "to_conn": "Prop_Connector"
    },
    {
      "from_ci": "front_right_motor_fwd",
      "from_conn": "Prop_Connector",
      "to_ci": "front_right_prop_fwd",
      "to_conn": "MOTOR_CONNECTOR_CS_IN"
    },
    {
      "from_ci": "rear_left_bot_motor_vert_2",
      "from_conn": "Prop_Connector",
      "to_ci": "rear_left_bot_prop_vert_2",
      "to_conn": "MOTOR_CONNECTOR_CS_IN"
    },
    {
      "from_ci": "rear_left_bot_prop_vert_2",
      "from_conn": "MOTOR_CONNECTOR_CS_IN",
      "to_ci": "rear_left_bot_motor_vert_2",
      "to_conn": "Prop_Connector"
    },
    {
      "from_ci": "front_left_motor_fwd",
      "from_conn": "Prop_Connector",
      "to_ci": "front_left_prop_fwd",
      "to_conn": "MOTOR_CONNECTOR_CS_IN"
    },
    {
      "from_ci": "front_left_prop_fwd",
      "from_conn": "MOTOR_CONNECTOR_CS_IN",
      "to_ci": "front_left_motor_fwd",
      "to_conn": "Prop_Connector"
    },
    {
      "from_ci": "rear_right_bot_motor_vert_2",
      "from_conn": "Base_Connector",
      "to_ci": "rear_right_cyl_mount",
      "to_conn": "BOTTOM_CONNECTOR"
    },
    {
      "from_ci": "rear_right_cyl_mount",
      "from_conn": "BOTTOM_CONNECTOR",
      "to_ci": "rear_right_bot_motor_vert_2",
      "to_conn": "Base_Connector"
    },
    {
      "from_ci": "Orient",
      "from_conn": "ORIENTCONN",
      "to_ci": "fuselage",
      "to_conn": "ORIENT"
    },
    {
      "from_ci": "fuselage",
      "from_conn": "ORIENT",
      "to_ci": "Orient",
      "to_conn": "ORIENTCONN"
    },
    {
      "from_ci": "rear_left_top_motor_vert_1",
      "from_conn": "Base_Connector",
      "to_ci": "rear_left_motor_cyl_mount",
      "to_conn": "TOP_CONNECTOR"
    },
    {
      "from_ci": "rear_left_motor_cyl_mount",
      "from_conn": "TOP_CONNECTOR",
      "to_ci": "rear_left_top_motor_vert_1",
      "to_conn": "Base_Connector"
    },
    {
      "from_ci": "fuselage",
      "from_conn": "REAR_CONNECTOR",
      "to_ci": "center_fwd_struct_cyl",
      "to_conn": "FRONT_CONNECTOR"
    },
    {
      "from_ci": "center_fwd_struct_cyl",
      "from_conn": "FRONT_CONNECTOR",
      "to_ci": "fuselage",
      "to_conn": "REAR_CONNECTOR"
    },
    {
      "from_ci": "rear_right_top_prop_vert_2",
      "from_conn": "MOTOR_CONNECTOR_CS_IN",
      "to_ci": "rear_right_top_motor_vert_2",
      "to_conn": "Prop_Connector"
    },
    {
      "from_ci": "rear_right_top_motor_vert_2",
      "from_conn": "Prop_Connector",
      "to_ci": "rear_right_top_prop_vert_2",
      "to_conn": "MOTOR_CONNECTOR_CS_IN"
    },
    {
      "from_ci": "rear_ctr_naca_mount",
      "from_conn": "End_Connector_2",
      "to_ci": "rear_right_wing",
      "to_conn": "Connector_2"
    },
    {
      "from_ci": "rear_right_wing",
      "from_conn": "Connector_2",
      "to_ci": "rear_ctr_naca_mount",
      "to_conn": "End_Connector_2"
    },
    {
      "from_ci": "front_left_flip_adapter",
      "from_conn": "FRONT_CONNECTOR",
      "to_ci": "front_left_motor_fwd",
      "to_conn": "Base_Connector"
    },
    {
      "from_ci": "front_left_motor_fwd",
      "from_conn": "Base_Connector",
      "to_ci": "front_left_flip_adapter",
      "to_conn": "FRONT_CONNECTOR"
    },
    {
      "from_ci": "vert_system_battery_controller_800V",
      "from_conn": "MotorPower",
      "to_ci": "ctr_bot_motor_vert",
      "to_conn": "MotorPower"
    },
    {
      "from_ci": "ctr_bot_motor_vert",
      "from_conn": "MotorPower",
      "to_ci": "vert_system_battery_controller_800V",
      "to_conn": "MotorPower"
    },
    {
      "from_ci": "vert_system_battery_controller_800V",
      "from_conn": "MotorPower",
      "to_ci": "rear_right_bot_motor_vert_2",
      "to_conn": "MotorPower"
    },
    {
      "from_ci": "rear_right_bot_motor_vert_2",
      "from_conn": "MotorPower",
      "to_ci": "vert_system_battery_controller_800V",
      "to_conn": "MotorPower"
    },
    {
      "from_ci": "front_left_top_prop_vert",
      "from_conn": "MOTOR_CONNECTOR_CS_IN",
      "to_ci": "front_left_top_motor_vert",
      "to_conn": "Prop_Connector"
    },
    {
      "from_ci": "front_left_top_motor_vert",
      "from_conn": "Prop_Connector",
      "to_ci": "front_left_top_prop_vert",
      "to_conn": "MOTOR_CONNECTOR_CS_IN"
    },
    {
      "from_ci": "rear_right_flip_adapter",
      "from_conn": "REAR_CONNECTOR",
      "to_ci": "rear_right_cyl_mount",
      "to_conn": "FRONT_CONNECTOR"
    },
    {
      "from_ci": "rear_right_cyl_mount",
      "from_conn": "FRONT_CONNECTOR",
      "to_ci": "rear_right_flip_adapter",
      "to_conn": "REAR_CONNECTOR"
    },
    {
      "from_ci": "vert_system_battery_controller_800V",
      "from_conn": "MotorPower",
      "to_ci": "front_left_top_motor_vert",
      "to_conn": "MotorPower"
    },
    {
      "from_ci": "front_left_top_motor_vert",
      "from_conn": "MotorPower",
      "to_ci": "vert_system_battery_controller_800V",
      "to_conn": "MotorPower"
    },
    {
      "from_ci": "rear_left_top_prop_vert_2",
      "from_conn": "MOTOR_CONNECTOR_CS_IN",
      "to_ci": "rear_left_top_motor_vert_2",
      "to_conn": "Prop_Connector"
    },
    {
      "from_ci": "rear_left_top_motor_vert_2",
      "from_conn": "Prop_Connector",
      "to_ci": "rear_left_top_prop_vert_2",
      "to_conn": "MOTOR_CONNECTOR_CS_IN"
    },
    {
      "from_ci": "rear_right_top_motor_vert_2",
      "from_conn": "Base_Connector",
      "to_ci": "rear_right_cyl_mount",
      "to_conn": "TOP_CONNECTOR"
    },
    {
      "from_ci": "rear_right_cyl_mount",
      "from_conn": "TOP_CONNECTOR",
      "to_ci": "rear_right_top_motor_vert_2",
      "to_conn": "Base_Connector"
    },
    {
      "from_ci": "vert_system_battery_controller_800V",
      "from_conn": "MotorPower",
      "to_ci": "rear_left_top_motor_vert_2",
      "to_conn": "MotorPower"
    },
    {
      "from_ci": "rear_left_top_motor_vert_2",
      "from_conn": "MotorPower",
      "to_ci": "vert_system_battery_controller_800V",
      "to_conn": "MotorPower"
    },
    {
      "from_ci": "vert_system_battery_controller_800V",
      "from_conn": "BatteryPower",
      "to_ci": "rear_left_wing_battery",
      "to_conn": "PowerBus"
    },
    {
      "from_ci": "rear_left_wing_battery",
      "from_conn": "PowerBus",
      "to_ci": "vert_system_battery_controller_800V",
      "to_conn": "BatteryPower"
    },
    {
      "from_ci": "front_left_cyl_mount",
      "from_conn": "BOTTOM_CONNECTOR",
      "to_ci": "front_left_bot_motor_vert",
      "to_conn": "Base_Connector"
    },
    {
      "from_ci": "front_left_bot_motor_vert",
      "from_conn": "Base_Connector",
      "to_ci": "front_left_cyl_mount",
      "to_conn": "BOTTOM_CONNECTOR"
    },
    {
      "from_ci": "front_right_top_motor_vert",
      "from_conn": "Base_Connector",
      "to_ci": "front_right_cyl_mount",
      "to_conn": "TOP_CONNECTOR"
    },
    {
      "from_ci": "front_right_cyl_mount",
      "from_conn": "TOP_CONNECTOR",
      "to_ci": "front_right_top_motor_vert",
      "to_conn": "Base_Connector"
    },
    {
      "from_ci": "front_right_bot_motor_vert",
      "from_conn": "Prop_Connector",
      "to_ci": "front_right_bot_prop_vert",
      "to_conn": "MOTOR_CONNECTOR_CS_IN"
    },
    {
      "from_ci": "front_right_bot_prop_vert",
      "from_conn": "MOTOR_CONNECTOR_CS_IN",
      "to_ci": "front_right_bot_motor_vert",
      "to_conn": "Prop_Connector"
    },
    {
      "from_ci": "rudder",
      "from_conn": "Connector_1",
      "to_ci": "center_rear_struct_cyl",
      "to_conn": "BOTTOM_CONNECTOR"
    },
    {
      "from_ci": "center_rear_struct_cyl",
      "from_conn": "BOTTOM_CONNECTOR",
      "to_ci": "rudder",
      "to_conn": "Connector_1"
    },
    {
      "from_ci": "front_ctr_top_motor_vert",
      "from_conn": "Base_Connector",
      "to_ci": "fuselage",
      "to_conn": "TOP_CONNECTOR"
    },
    {
      "from_ci": "fuselage",
      "from_conn": "TOP_CONNECTOR",
      "to_ci": "front_ctr_top_motor_vert",
      "to_conn": "Base_Connector"
    },
    {
      "from_ci": "front_right_flip_adapter",
      "from_conn": "FRONT_CONNECTOR",
      "to_ci": "front_right_motor_fwd",
      "to_conn": "Base_Connector"
    },
    {
      "from_ci": "front_right_motor_fwd",
      "from_conn": "Base_Connector",
      "to_ci": "front_right_flip_adapter",
      "to_conn": "FRONT_CONNECTOR"
    },
    {
      "from_ci": "rear_left_wing_battery",
      "from_conn": "Battery_Connector_1_out",
      "to_ci": "rear_left_wing",
      "to_conn": "Battery_Connector_1"
    },
    {
      "from_ci": "rear_left_wing",
      "from_conn": "Battery_Connector_1",
      "to_ci": "rear_left_wing_battery",
      "to_conn": "Battery_Connector_1_out"
    },
    {
      "from_ci": "rear_left_motor_cyl_mount",
      "from_conn": "FRONT_CONNECTOR",
      "to_ci": "rear_left_flip_adapter",
      "to_conn": "FRONT_CONNECTOR"
    },
    {
      "from_ci": "rear_left_flip_adapter",
      "from_conn": "FRONT_CONNECTOR",
      "to_ci": "rear_left_motor_cyl_mount",
      "to_conn": "FRONT_CONNECTOR"
    },
    {
      "from_ci": "front_right_wing",
      "from_conn": "Connector_1",
      "to_ci": "front_right_cyl_mount",
      "to_conn": "LEFT_CONNECTOR"
    },
    {
      "from_ci": "front_right_cyl_mount",
      "from_conn": "LEFT_CONNECTOR",
      "to_ci": "front_right_wing",
      "to_conn": "Connector_1"
    },
    {
      "from_ci": "ctr_top_motor_vert",
      "from_conn": "Prop_Connector",
      "to_ci": "ctr_top_prop_vert",
      "to_conn": "MOTOR_CONNECTOR_CS_IN"
    },
    {
      "from_ci": "ctr_top_prop_vert",
      "from_conn": "MOTOR_CONNECTOR_CS_IN",
      "to_ci": "ctr_top_motor_vert",
      "to_conn": "Prop_Connector"
    },
    {
      "from_ci": "front_left_cyl_mount",
      "from_conn": "FRONT_CONNECTOR",
      "to_ci": "front_left_flip_adapter",
      "to_conn": "REAR_CONNECTOR"
    },
    {
      "from_ci": "front_left_flip_adapter",
      "from_conn": "REAR_CONNECTOR",
      "to_ci": "front_left_cyl_mount",
      "to_conn": "FRONT_CONNECTOR"
    },
    {
      "from_ci": "fuselage",
      "from_conn": "BOTTOM_CONNECTOR",
      "to_ci": "front_ctr_naca_mount",
      "to_conn": "Bottom_Connector"
    },
    {
      "from_ci": "front_ctr_naca_mount",
      "from_conn": "Bottom_Connector",
      "to_ci": "fuselage",
      "to_conn": "BOTTOM_CONNECTOR"
    },
    {
      "from_ci": "rear_left_top_motor_vert_1",
      "from_conn": "Prop_Connector",
      "to_ci": "rear_left_top_prop_vert_1",
      "to_conn": "MOTOR_CONNECTOR_CS_IN"
    },
    {
      "from_ci": "rear_left_top_prop_vert_1",
      "from_conn": "MOTOR_CONNECTOR_CS_IN",
      "to_ci": "rear_left_top_motor_vert_1",
      "to_conn": "Prop_Connector"
    },
    {
      "from_ci": "rear_right_bot_prop_vert_1",
      "from_conn": "MOTOR_CONNECTOR_CS_IN",
      "to_ci": "rear_right_bot_motor_vert_1",
      "to_conn": "Prop_Connector"
    },
    {
      "from_ci": "rear_right_bot_motor_vert_1",
      "from_conn": "Prop_Connector",
      "to_ci": "rear_right_bot_prop_vert_1",
      "to_conn": "MOTOR_CONNECTOR_CS_IN"
    },
    {
      "from_ci": "rear_left_bot_motor_vert_2",
      "from_conn": "MotorPower",
      "to_ci": "vert_system_battery_controller_800V",
      "to_conn": "MotorPower"
    },
    {
      "from_ci": "vert_system_battery_controller_800V",
      "from_conn": "MotorPower",
      "to_ci": "rear_left_bot_motor_vert_2",
      "to_conn": "MotorPower"
    },
    {
      "from_ci": "rear_left_cyl_mount",
      "from_conn": "TOP_CONNECTOR",
      "to_ci": "rear_left_top_motor_vert_2",
      "to_conn": "Base_Connector"
    },
    {
      "from_ci": "rear_left_top_motor_vert_2",
      "from_conn": "Base_Connector",
      "to_ci": "rear_left_cyl_mount",
      "to_conn": "TOP_CONNECTOR"
    },
    {
      "from_ci": "front_ctr_naca_mount",
      "from_conn": "End_Connector_2",
      "to_ci": "front_left_wing",
      "to_conn": "Connector_1"
    },
    {
      "from_ci": "front_left_wing",
      "from_conn": "Connector_1",
      "to_ci": "front_ctr_naca_mount",
      "to_conn": "End_Connector_2"
    },
    {
      "from_ci": "front_left_cyl_mount",
      "from_conn": "TOP_CONNECTOR",
      "to_ci": "front_left_top_motor_vert",
      "to_conn": "Base_Connector"
    },
    {
      "from_ci": "front_left_top_motor_vert",
      "from_conn": "Base_Connector",
      "to_ci": "front_left_cyl_mount",
      "to_conn": "TOP_CONNECTOR"
    },
    {
      "from_ci": "rear_left_bot_prop_vert_1",
      "from_conn": "MOTOR_CONNECTOR_CS_IN",
      "to_ci": "rear_left_bot_motor_vert_1",
      "to_conn": "Prop_Connector"
    },
    {
      "from_ci": "rear_left_bot_motor_vert_1",
      "from_conn": "Prop_Connector",
      "to_ci": "rear_left_bot_prop_vert_1",
      "to_conn": "MOTOR_CONNECTOR_CS_IN"
    },
    {
      "from_ci": "vert_system_battery_controller_800V",
      "from_conn": "MotorPower",
      "to_ci": "front_ctr_top_motor_vert",
      "to_conn": "MotorPower"
    },
    {
      "from_ci": "front_ctr_top_motor_vert",
      "from_conn": "MotorPower",
      "to_ci": "vert_system_battery_controller_800V",
      "to_conn": "MotorPower"
    },
    {
      "from_ci": "Passenger1",
      "from_conn": "Connector",
      "to_ci": "fuselage",
      "to_conn": "SEAT_1_CONNECTOR"
    },
    {
      "from_ci": "fuselage",
      "from_conn": "SEAT_1_CONNECTOR",
      "to_ci": "Passenger1",
      "to_conn": "Connector"
    },
    {
      "from_ci": "vert_system_battery_controller_800V",
      "from_conn": "MotorPower",
      "to_ci": "front_right_motor_fwd",
      "to_conn": "MotorPower"
    },
    {
      "from_ci": "front_right_motor_fwd",
      "from_conn": "MotorPower",
      "to_ci": "vert_system_battery_controller_800V",
      "to_conn": "MotorPower"
    },
    {
      "from_ci": "rear_right_motor_cyl_mount",
      "from_conn": "BOTTOM_CONNECTOR",
      "to_ci": "rear_right_bot_motor_vert_1",
      "to_conn": "Base_Connector"
    },
    {
      "from_ci": "rear_right_bot_motor_vert_1",
      "from_conn": "Base_Connector",
      "to_ci": "rear_right_motor_cyl_mount",
      "to_conn": "BOTTOM_CONNECTOR"
    },
    {
      "from_ci": "front_right_flip_adapter",
      "from_conn": "REAR_CONNECTOR",
      "to_ci": "front_right_cyl_mount",
      "to_conn": "FRONT_CONNECTOR"
    },
    {
      "from_ci": "front_right_cyl_mount",
      "from_conn": "FRONT_CONNECTOR",
      "to_ci": "front_right_flip_adapter",
      "to_conn": "REAR_CONNECTOR"
    },
    {
      "from_ci": "rear_left_bot_motor_vert_2",
      "from_conn": "Base_Connector",
      "to_ci": "rear_left_cyl_mount",
      "to_conn": "BOTTOM_CONNECTOR"
    },
    {
      "from_ci": "rear_left_cyl_mount",
      "from_conn": "BOTTOM_CONNECTOR",
      "to_ci": "rear_left_bot_motor_vert_2",
      "to_conn": "Base_Connector"
    },
    {
      "from_ci": "rear_ctr_naca_mount",
      "from_conn": "End_Connector_1",
      "to_ci": "rear_left_wing",
      "to_conn": "Connector_1"
    },
    {
      "from_ci": "rear_left_wing",
      "from_conn": "Connector_1",
      "to_ci": "rear_ctr_naca_mount",
      "to_conn": "End_Connector_1"
    },
    {
      "from_ci": "rear_right_motor_cyl_mount",
      "from_conn": "TOP_CONNECTOR",
      "to_ci": "rear_right_top_motor_vert_1",
      "to_conn": "Base_Connector"
    },
    {
      "from_ci": "rear_right_top_motor_vert_1",
      "from_conn": "Base_Connector",
      "to_ci": "rear_right_motor_cyl_mount",
      "to_conn": "TOP_CONNECTOR"
    },
    {
      "from_ci": "vert_system_battery_controller_800V",
      "from_conn": "MotorPower",
      "to_ci": "rear_left_top_motor_vert_1",
      "to_conn": "MotorPower"
    },
    {
      "from_ci": "rear_left_top_motor_vert_1",
      "from_conn": "MotorPower",
      "to_ci": "vert_system_battery_controller_800V",
      "to_conn": "MotorPower"
    },
    {
      "from_ci": "rear_left_cyl_mount",
      "from_conn": "RIGHT_CONNECTOR",
      "to_ci": "rear_left_wing",
      "to_conn": "Connector_2"
    },
    {
      "from_ci": "rear_left_wing",
      "from_conn": "Connector_2",
      "to_ci": "rear_left_cyl_mount",
      "to_conn": "RIGHT_CONNECTOR"
    },
    {
      "from_ci": "vert_system_battery_controller_800V",
      "from_conn": "MotorPower",
      "to_ci": "rear_left_bot_motor_vert_1",
      "to_conn": "MotorPower"
    },
    {
      "from_ci": "rear_left_bot_motor_vert_1",
      "from_conn": "MotorPower",
      "to_ci": "vert_system_battery_controller_800V",
      "to_conn": "MotorPower"
    },
    {
      "from_ci": "rear_right_bot_motor_vert_2",
      "from_conn": "Prop_Connector",
      "to_ci": "rear_right_bot_prop_vert_2",
      "to_conn": "MOTOR_CONNECTOR_CS_IN"
    },
    {
      "from_ci": "rear_right_bot_prop_vert_2",
      "from_conn": "MOTOR_CONNECTOR_CS_IN",
      "to_ci": "rear_right_bot_motor_vert_2",
      "to_conn": "Prop_Connector"
    },
    {
      "from_ci": "front_right_bot_motor_vert",
      "from_conn": "Base_Connector",
      "to_ci": "front_right_cyl_mount",
      "to_conn": "BOTTOM_CONNECTOR"
    },
    {
      "from_ci": "front_right_cyl_mount",
      "from_conn": "BOTTOM_CONNECTOR",
      "to_ci": "front_right_bot_motor_vert",
      "to_conn": "Base_Connector"
    },
    {
      "from_ci": "rear_right_flip_adapter",
      "from_conn": "FRONT_CONNECTOR",
      "to_ci": "rear_right_motor_cyl_mount",
      "to_conn": "FRONT_CONNECTOR"
    },
    {
      "from_ci": "rear_right_motor_cyl_mount",
      "from_conn": "FRONT_CONNECTOR",
      "to_ci": "rear_right_flip_adapter",
      "to_conn": "FRONT_CONNECTOR"
    },
    {
      "from_ci": "rear_right_wing",
      "from_conn": "Connector_1",
      "to_ci": "rear_right_cyl_mount",
      "to_conn": "LEFT_CONNECTOR"
    },
    {
      "from_ci": "rear_right_cyl_mount",
      "from_conn": "LEFT_CONNECTOR",
      "to_ci": "rear_right_wing",
      "to_conn": "Connector_1"
    },
    {
      "from_ci": "front_left_bot_motor_vert",
      "from_conn": "Prop_Connector",
      "to_ci": "front_left_bot_prop_vert",
      "to_conn": "MOTOR_CONNECTOR_CS_IN"
    },
    {
      "from_ci": "front_left_bot_prop_vert",
      "from_conn": "MOTOR_CONNECTOR_CS_IN",
      "to_ci": "front_left_bot_motor_vert",
      "to_conn": "Prop_Connector"
    },
    {
      "from_ci": "rear_right_wing_battery",
      "from_conn": "Battery_Connector_2_out",
      "to_ci": "rear_right_wing",
      "to_conn": "Battery_Connector_2"
    },
    {
      "from_ci": "rear_right_wing",
      "from_conn": "Battery_Connector_2",
      "to_ci": "rear_right_wing_battery",
      "to_conn": "Battery_Connector_2_out"
    },
    {
      "from_ci": "rear_left_cyl_mount",
      "from_conn": "FRONT_CONNECTOR",
      "to_ci": "rear_left_flip_adapter",
      "to_conn": "REAR_CONNECTOR"
    },
    {
      "from_ci": "rear_left_flip_adapter",
      "from_conn": "REAR_CONNECTOR",
      "to_ci": "rear_left_cyl_mount",
      "to_conn": "FRONT_CONNECTOR"
    },
    {
      "from_ci": "vert_system_battery_controller_800V",
      "from_conn": "MotorPower",
      "to_ci": "front_right_top_motor_vert",
      "to_conn": "MotorPower"
    },
    {
      "from_ci": "front_right_top_motor_vert",
      "from_conn": "MotorPower",
      "to_ci": "vert_system_battery_controller_800V",
      "to_conn": "MotorPower"
    },
    {
      "from_ci": "ctr_bot_motor_vert",
      "from_conn": "Base_Connector",
      "to_ci": "center_fwd_struct_cyl",
      "to_conn": "BOTTOM_CONNECTOR"
    },
    {
      "from_ci": "center_fwd_struct_cyl",
      "from_conn": "BOTTOM_CONNECTOR",
      "to_ci": "ctr_bot_motor_vert",
      "to_conn": "Base_Connector"
    },
    {
      "from_ci": "front_left_cyl_mount",
      "from_conn": "RIGHT_CONNECTOR",
      "to_ci": "front_left_wing",
      "to_conn": "Connector_2"
    },
    {
      "from_ci": "front_left_wing",
      "from_conn": "Connector_2",
      "to_ci": "front_left_cyl_mount",
      "to_conn": "RIGHT_CONNECTOR"
    },
    {
      "from_ci": "front_right_wing",
      "from_conn": "Connector_2",
      "to_ci": "front_ctr_naca_mount",
      "to_conn": "End_Connector_1"
    },
    {
      "from_ci": "front_ctr_naca_mount",
      "from_conn": "End_Connector_1",
      "to_ci": "front_right_wing",
      "to_conn": "Connector_2"
    },
    {
      "from_ci": "rear_left_motor_cyl_mount",
      "from_conn": "BOTTOM_CONNECTOR",
      "to_ci": "rear_left_bot_motor_vert_1",
      "to_conn": "Base_Connector"
    },
    {
      "from_ci": "rear_left_bot_motor_vert_1",
      "from_conn": "Base_Connector",
      "to_ci": "rear_left_motor_cyl_mount",
      "to_conn": "BOTTOM_CONNECTOR"
    },
    {
      "from_ci": "vert_system_battery_controller_800V",
      "from_conn": "MotorPower",
      "to_ci": "front_left_bot_motor_vert",
      "to_conn": "MotorPower"
    },
    {
      "from_ci": "front_left_bot_motor_vert",
      "from_conn": "MotorPower",
      "to_ci": "vert_system_battery_controller_800V",
      "to_conn": "MotorPower"
    },
    {
      "from_ci": "ctr_top_motor_vert",
      "from_conn": "Base_Connector",
      "to_ci": "center_fwd_struct_cyl",
      "to_conn": "TOP_CONNECTOR"
    },
    {
      "from_ci": "center_fwd_struct_cyl",
      "from_conn": "TOP_CONNECTOR",
      "to_ci": "ctr_top_motor_vert",
      "to_conn": "Base_Connector"
    },
    {
      "from_ci": "front_ctr_top_motor_vert",
      "from_conn": "Prop_Connector",
      "to_ci": "front_ctr_top_prop_vert",
      "to_conn": "MOTOR_CONNECTOR_CS_IN"
    },
    {
      "from_ci": "front_ctr_top_prop_vert",
      "from_conn": "MOTOR_CONNECTOR_CS_IN",
      "to_ci": "front_ctr_top_motor_vert",
      "to_conn": "Prop_Connector"
    },
    {
      "from_ci": "rear_right_top_prop_vert_1",
      "from_conn": "MOTOR_CONNECTOR_CS_IN",
      "to_ci": "rear_right_top_motor_vert_1",
      "to_conn": "Prop_Connector"
    },
    {
      "from_ci": "rear_right_top_motor_vert_1",
      "from_conn": "Prop_Connector",
      "to_ci": "rear_right_top_prop_vert_1",
      "to_conn": "MOTOR_CONNECTOR_CS_IN"
    },
    {
      "from_ci": "Passenger2",
      "from_conn": "Connector",
      "to_ci": "fuselage",
      "to_conn": "SEAT_2_CONNECTOR"
    },
    {
      "from_ci": "fuselage",
      "from_conn": "SEAT_2_CONNECTOR",
      "to_ci": "Passenger2",
      "to_conn": "Connector"
    },
    {
      "from_ci": "vert_system_battery_controller_800V",
      "from_conn": "MotorPower",
      "to_ci": "rear_right_top_motor_vert_1",
      "to_conn": "MotorPower"
    },
    {
      "from_ci": "rear_right_top_motor_vert_1",
      "from_conn": "MotorPower",
      "to_ci": "vert_system_battery_controller_800V",
      "to_conn": "MotorPower"
    },
    {
      "from_ci": "ctr_top_motor_vert",
      "from_conn": "MotorPower",
      "to_ci": "vert_system_battery_controller_800V",
      "to_conn": "MotorPower"
    },
    {
      "from_ci": "vert_system_battery_controller_800V",
      "from_conn": "MotorPower",
      "to_ci": "ctr_top_motor_vert",
      "to_conn": "MotorPower"
    },
    {
      "from_ci": "vert_system_battery_controller_800V",
      "from_conn": "MotorPower",
      "to_ci": "rear_right_bot_motor_vert_1",
      "to_conn": "MotorPower"
    },
    {
      "from_ci": "rear_right_bot_motor_vert_1",
      "from_conn": "MotorPower",
      "to_ci": "vert_system_battery_controller_800V",
      "to_conn": "MotorPower"
    },
    {
      "from_ci": "ctr_bot_motor_vert",
      "from_conn": "Prop_Connector",
      "to_ci": "ctr_bot_prop_vert",
      "to_conn": "MOTOR_CONNECTOR_CS_IN"
    },
    {
      "from_ci": "ctr_bot_prop_vert",
      "from_conn": "MOTOR_CONNECTOR_CS_IN",
      "to_ci": "ctr_bot_motor_vert",
      "to_conn": "Prop_Connector"
    },
    {
      "from_ci": "vert_system_battery_controller_800V",
      "from_conn": "MotorPower",
      "to_ci": "front_left_motor_fwd",
      "to_conn": "MotorPower"
    },
    {
      "from_ci": "front_left_motor_fwd",
      "from_conn": "MotorPower",
      "to_ci": "vert_system_battery_controller_800V",
      "to_conn": "MotorPower"
    },
    {
      "from_ci": "vert_system_battery_controller_800V",
      "from_conn": "MotorPower",
      "to_ci": "rear_right_top_motor_vert_2",
      "to_conn": "MotorPower"
    },
    {
      "from_ci": "rear_right_top_motor_vert_2",
      "from_conn": "MotorPower",
      "to_ci": "vert_system_battery_controller_800V",
      "to_conn": "MotorPower"
    },
    {
      "from_ci": "front_right_top_motor_vert",
      "from_conn": "Prop_Connector",
      "to_ci": "front_right_top__prop_vert",
      "to_conn": "MOTOR_CONNECTOR_CS_IN"
    },
    {
      "from_ci": "front_right_top__prop_vert",
      "from_conn": "MOTOR_CONNECTOR_CS_IN",
      "to_ci": "front_right_top_motor_vert",
      "to_conn": "Prop_Connector"
    },
    {
      "from_ci": "rear_ctr_naca_mount",
      "from_conn": "Bottom_Connector",
      "to_ci": "center_rear_struct_cyl",
      "to_conn": "TOP_CONNECTOR"
    },
    {
      "from_ci": "center_rear_struct_cyl",
      "from_conn": "TOP_CONNECTOR",
      "to_ci": "rear_ctr_naca_mount",
      "to_conn": "Bottom_Connector"
    }
  ]
}
