{
  "name": "Tree",
  "parameters": [
    {
      "parameter_name": "right_battery_TAPER_OFFSET",
      "value": "0",
      "component_properties": [
        {
          "component_name": "right_battery",
          "component_property": "TAPER_OFFSET"
        }
      ]
    },
    {
      "parameter_name": "right_battery_VOLTAGE_REQUEST",
      "value": "400",
      "component_properties": [
        {
          "component_name": "right_battery",
          "component_property": "VOLTAGE_REQUEST"
        }
      ]
    },
    {
      "parameter_name": "right_battery_THICKNESS",
      "value": "12",
      "component_properties": [
        {
          "component_name": "right_battery",
          "component_property": "THICKNESS"
        }
      ]
    },
    {
      "parameter_name": "right_battery_SPAN",
      "value": "3000",
      "component_properties": [
        {
          "component_name": "right_battery",
          "component_property": "SPAN"
        }
      ]
    },
    {
      "parameter_name": "right_battery_MOUNT_SIDE",
      "value": "1",
      "component_properties": [
        {
          "component_name": "right_battery",
          "component_property": "MOUNT_SIDE"
        }
      ]
    },
    {
      "parameter_name": "right_battery_CHORD_1",
      "value": "1000",
      "component_properties": [
        {
          "component_name": "right_battery",
          "component_property": "CHORD_1"
        }
      ]
    },
    {
      "parameter_name": "right_battery_ROTATION",
      "value": "0",
      "component_properties": [
        {
          "component_name": "right_battery",
          "component_property": "ROTATION"
        }
      ]
    },
    {
      "parameter_name": "right_battery_VOLUME_PERCENT",
      "value": "75",
      "component_properties": [
        {
          "component_name": "right_battery",
          "component_property": "VOLUME_PERCENT"
        }
      ]
    },
    {
      "parameter_name": "right_battery_CHORD_2",
      "value": "750",
      "component_properties": [
        {
          "component_name": "right_battery",
          "component_property": "CHORD_2"
        }
      ]
    },
    {
      "parameter_name": "right_top_flip_DIAMETER",
      "value": "200",
      "component_properties": [
        {
          "component_name": "right_top_flip",
          "component_property": "DIAMETER"
        }
      ]
    },
    {
      "parameter_name": "left_top_fuse_SEAT_2_LR",
      "value": "200",
      "component_properties": [
        {
          "component_name": "left_top_fuse",
          "component_property": "SEAT_2_LR"
        }
      ]
    },
    {
      "parameter_name": "left_top_fuse_LENGTH",
      "value": "2000",
      "component_properties": [
        {
          "component_name": "left_top_fuse",
          "component_property": "LENGTH"
        }
      ]
    },
    {
      "parameter_name": "left_top_fuse_LEFT_PORT_DISP",
      "value": "0",
      "component_properties": [
        {
          "component_name": "left_top_fuse",
          "component_property": "LEFT_PORT_DISP"
        }
      ]
    },
    {
      "parameter_name": "left_top_fuse_PORT_THICKNESS",
      "value": "100",
      "component_properties": [
        {
          "component_name": "left_top_fuse",
          "component_property": "PORT_THICKNESS"
        }
      ]
    },
    {
      "parameter_name": "left_top_fuse_SPHERE_DIAMETER",
      "value": "1520",
      "component_properties": [
        {
          "component_name": "left_top_fuse",
          "component_property": "SPHERE_DIAMETER"
        }
      ]
    },
    {
      "parameter_name": "left_top_fuse_TAIL_DIAMETER",
      "value": "200",
      "component_properties": [
        {
          "component_name": "left_top_fuse",
          "component_property": "TAIL_DIAMETER"
        }
      ]
    },
    {
      "parameter_name": "left_top_fuse_SEAT_2_FB",
      "value": "1000",
      "component_properties": [
        {
          "component_name": "left_top_fuse",
          "component_property": "SEAT_2_FB"
        }
      ]
    },
    {
      "parameter_name": "left_top_fuse_SEAT_1_LR",
      "value": "0",
      "component_properties": [
        {
          "component_name": "left_top_fuse",
          "component_property": "SEAT_1_LR"
        }
      ]
    },
    {
      "parameter_name": "left_top_fuse_FLOOR_HEIGHT",
      "value": "150",
      "component_properties": [
        {
          "component_name": "left_top_fuse",
          "component_property": "FLOOR_HEIGHT"
        }
      ]
    },
    {
      "parameter_name": "left_top_fuse_SEAT_1_FB",
      "value": "1000",
      "component_properties": [
        {
          "component_name": "left_top_fuse",
          "component_property": "SEAT_1_FB"
        }
      ]
    },
    {
      "parameter_name": "left_top_fuse_MIDDLE_LENGTH",
      "value": "750",
      "component_properties": [
        {
          "component_name": "left_top_fuse",
          "component_property": "MIDDLE_LENGTH"
        }
      ]
    },
    {
      "parameter_name": "left_top_fuse_RIGHT_PORT_DISP",
      "value": "0",
      "component_properties": [
        {
          "component_name": "left_top_fuse",
          "component_property": "RIGHT_PORT_DISP"
        }
      ]
    },
    {
      "parameter_name": "left_top_fuse_TOP_PORT_DISP",
      "value": "0",
      "component_properties": [
        {
          "component_name": "left_top_fuse",
          "component_property": "TOP_PORT_DISP"
        }
      ]
    },
    {
      "parameter_name": "left_top_fuse_BOTTOM_PORT_DISP",
      "value": "0",
      "component_properties": [
        {
          "component_name": "left_top_fuse",
          "component_property": "BOTTOM_PORT_DISP"
        }
      ]
    },
    {
      "parameter_name": "left_top_flip_DIAMETER",
      "value": "200",
      "component_properties": [
        {
          "component_name": "left_top_flip",
          "component_property": "DIAMETER"
        }
      ]
    },
    {
      "parameter_name": "rear_cyl_3_LEFT_CONN_DISP",
      "value": "0",
      "component_properties": [
        {
          "component_name": "rear_cyl_3",
          "component_property": "LEFT_CONN_DISP"
        }
      ]
    },
    {
      "parameter_name": "rear_cyl_3_TOP_CONN_DISP",
      "value": "0",
      "component_properties": [
        {
          "component_name": "rear_cyl_3",
          "component_property": "TOP_CONN_DISP"
        }
      ]
    },
    {
      "parameter_name": "rear_cyl_3_BOTTOM_CONN_DISP",
      "value": "0",
      "component_properties": [
        {
          "component_name": "rear_cyl_3",
          "component_property": "BOTTOM_CONN_DISP"
        }
      ]
    },
    {
      "parameter_name": "rear_cyl_3_PORT_THICKNESS",
      "value": "100",
      "component_properties": [
        {
          "component_name": "rear_cyl_3",
          "component_property": "PORT_THICKNESS"
        }
      ]
    },
    {
      "parameter_name": "rear_cyl_3_RIGHT_CONN_DISP",
      "value": "0",
      "component_properties": [
        {
          "component_name": "rear_cyl_3",
          "component_property": "RIGHT_CONN_DISP"
        }
      ]
    },
    {
      "parameter_name": "rear_cyl_3_LENGTH",
      "value": "1000",
      "component_properties": [
        {
          "component_name": "rear_cyl_3",
          "component_property": "LENGTH"
        }
      ]
    },
    {
      "parameter_name": "rear_cyl_3_FRONT_ANGLE",
      "value": "30",
      "component_properties": [
        {
          "component_name": "rear_cyl_3",
          "component_property": "FRONT_ANGLE"
        }
      ]
    },
    {
      "parameter_name": "rear_cyl_3_DIAMETER",
      "value": "200",
      "component_properties": [
        {
          "component_name": "rear_cyl_3",
          "component_property": "DIAMETER"
        }
      ]
    },
    {
      "parameter_name": "right_top_fuse_SEAT_2_LR",
      "value": "0",
      "component_properties": [
        {
          "component_name": "right_top_fuse",
          "component_property": "SEAT_2_LR"
        }
      ]
    },
    {
      "parameter_name": "right_top_fuse_LENGTH",
      "value": "2000",
      "component_properties": [
        {
          "component_name": "right_top_fuse",
          "component_property": "LENGTH"
        }
      ]
    },
    {
      "parameter_name": "right_top_fuse_LEFT_PORT_DISP",
      "value": "0",
      "component_properties": [
        {
          "component_name": "right_top_fuse",
          "component_property": "LEFT_PORT_DISP"
        }
      ]
    },
    {
      "parameter_name": "right_top_fuse_PORT_THICKNESS",
      "value": "100",
      "component_properties": [
        {
          "component_name": "right_top_fuse",
          "component_property": "PORT_THICKNESS"
        }
      ]
    },
    {
      "parameter_name": "right_top_fuse_SPHERE_DIAMETER",
      "value": "1520",
      "component_properties": [
        {
          "component_name": "right_top_fuse",
          "component_property": "SPHERE_DIAMETER"
        }
      ]
    },
    {
      "parameter_name": "right_top_fuse_TAIL_DIAMETER",
      "value": "200",
      "component_properties": [
        {
          "component_name": "right_top_fuse",
          "component_property": "TAIL_DIAMETER"
        }
      ]
    },
    {
      "parameter_name": "right_top_fuse_SEAT_2_FB",
      "value": "1000",
      "component_properties": [
        {
          "component_name": "right_top_fuse",
          "component_property": "SEAT_2_FB"
        }
      ]
    },
    {
      "parameter_name": "right_top_fuse_SEAT_1_LR",
      "value": "-200",
      "component_properties": [
        {
          "component_name": "right_top_fuse",
          "component_property": "SEAT_1_LR"
        }
      ]
    },
    {
      "parameter_name": "right_top_fuse_FLOOR_HEIGHT",
      "value": "150",
      "component_properties": [
        {
          "component_name": "right_top_fuse",
          "component_property": "FLOOR_HEIGHT"
        }
      ]
    },
    {
      "parameter_name": "right_top_fuse_SEAT_1_FB",
      "value": "1000",
      "component_properties": [
        {
          "component_name": "right_top_fuse",
          "component_property": "SEAT_1_FB"
        }
      ]
    },
    {
      "parameter_name": "right_top_fuse_MIDDLE_LENGTH",
      "value": "750",
      "component_properties": [
        {
          "component_name": "right_top_fuse",
          "component_property": "MIDDLE_LENGTH"
        }
      ]
    },
    {
      "parameter_name": "right_top_fuse_RIGHT_PORT_DISP",
      "value": "0",
      "component_properties": [
        {
          "component_name": "right_top_fuse",
          "component_property": "RIGHT_PORT_DISP"
        }
      ]
    },
    {
      "parameter_name": "right_top_fuse_TOP_PORT_DISP",
      "value": "0",
      "component_properties": [
        {
          "component_name": "right_top_fuse",
          "component_property": "TOP_PORT_DISP"
        }
      ]
    },
    {
      "parameter_name": "right_top_fuse_BOTTOM_PORT_DISP",
      "value": "0",
      "component_properties": [
        {
          "component_name": "right_top_fuse",
          "component_property": "BOTTOM_PORT_DISP"
        }
      ]
    },
    {
      "parameter_name": "left_top_cyl_LEFT_CONN_DISP",
      "value": "0",
      "component_properties": [
        {
          "component_name": "left_top_cyl",
          "component_property": "LEFT_CONN_DISP"
        }
      ]
    },
    {
      "parameter_name": "left_top_cyl_TOP_CONN_DISP",
      "value": "0",
      "component_properties": [
        {
          "component_name": "left_top_cyl",
          "component_property": "TOP_CONN_DISP"
        }
      ]
    },
    {
      "parameter_name": "left_top_cyl_BOTTOM_CONN_DISP",
      "value": "0",
      "component_properties": [
        {
          "component_name": "left_top_cyl",
          "component_property": "BOTTOM_CONN_DISP"
        }
      ]
    },
    {
      "parameter_name": "left_top_cyl_PORT_THICKNESS",
      "value": "100",
      "component_properties": [
        {
          "component_name": "left_top_cyl",
          "component_property": "PORT_THICKNESS"
        }
      ]
    },
    {
      "parameter_name": "left_top_cyl_RIGHT_CONN_DISP",
      "value": "0",
      "component_properties": [
        {
          "component_name": "left_top_cyl",
          "component_property": "RIGHT_CONN_DISP"
        }
      ]
    },
    {
      "parameter_name": "left_top_cyl_LENGTH",
      "value": "3000",
      "component_properties": [
        {
          "component_name": "left_top_cyl",
          "component_property": "LENGTH"
        }
      ]
    },
    {
      "parameter_name": "left_top_cyl_FRONT_ANGLE",
      "value": "0",
      "component_properties": [
        {
          "component_name": "left_top_cyl",
          "component_property": "FRONT_ANGLE"
        }
      ]
    },
    {
      "parameter_name": "left_top_cyl_DIAMETER",
      "value": "200",
      "component_properties": [
        {
          "component_name": "left_top_cyl",
          "component_property": "DIAMETER"
        }
      ]
    },
    {
      "parameter_name": "bot_fuse_SEAT_2_LR",
      "value": "200",
      "component_properties": [
        {
          "component_name": "bot_fuse",
          "component_property": "SEAT_2_LR"
        }
      ]
    },
    {
      "parameter_name": "bot_fuse_LENGTH",
      "value": "2000",
      "component_properties": [
        {
          "component_name": "bot_fuse",
          "component_property": "LENGTH"
        }
      ]
    },
    {
      "parameter_name": "bot_fuse_LEFT_PORT_DISP",
      "value": "0",
      "component_properties": [
        {
          "component_name": "bot_fuse",
          "component_property": "LEFT_PORT_DISP"
        }
      ]
    },
    {
      "parameter_name": "bot_fuse_PORT_THICKNESS",
      "value": "100",
      "component_properties": [
        {
          "component_name": "bot_fuse",
          "component_property": "PORT_THICKNESS"
        }
      ]
    },
    {
      "parameter_name": "bot_fuse_SPHERE_DIAMETER",
      "value": "1520",
      "component_properties": [
        {
          "component_name": "bot_fuse",
          "component_property": "SPHERE_DIAMETER"
        }
      ]
    },
    {
      "parameter_name": "bot_fuse_TAIL_DIAMETER",
      "value": "200",
      "component_properties": [
        {
          "component_name": "bot_fuse",
          "component_property": "TAIL_DIAMETER"
        }
      ]
    },
    {
      "parameter_name": "bot_fuse_SEAT_2_FB",
      "value": "1000",
      "component_properties": [
        {
          "component_name": "bot_fuse",
          "component_property": "SEAT_2_FB"
        }
      ]
    },
    {
      "parameter_name": "bot_fuse_SEAT_1_LR",
      "value": "-200",
      "component_properties": [
        {
          "component_name": "bot_fuse",
          "component_property": "SEAT_1_LR"
        }
      ]
    },
    {
      "parameter_name": "bot_fuse_FLOOR_HEIGHT",
      "value": "150",
      "component_properties": [
        {
          "component_name": "bot_fuse",
          "component_property": "FLOOR_HEIGHT"
        }
      ]
    },
    {
      "parameter_name": "bot_fuse_SEAT_1_FB",
      "value": "1000",
      "component_properties": [
        {
          "component_name": "bot_fuse",
          "component_property": "SEAT_1_FB"
        }
      ]
    },
    {
      "parameter_name": "bot_fuse_MIDDLE_LENGTH",
      "value": "750",
      "component_properties": [
        {
          "component_name": "bot_fuse",
          "component_property": "MIDDLE_LENGTH"
        }
      ]
    },
    {
      "parameter_name": "bot_fuse_RIGHT_PORT_DISP",
      "value": "0",
      "component_properties": [
        {
          "component_name": "bot_fuse",
          "component_property": "RIGHT_PORT_DISP"
        }
      ]
    },
    {
      "parameter_name": "bot_fuse_TOP_PORT_DISP",
      "value": "0",
      "component_properties": [
        {
          "component_name": "bot_fuse",
          "component_property": "TOP_PORT_DISP"
        }
      ]
    },
    {
      "parameter_name": "bot_fuse_BOTTOM_PORT_DISP",
      "value": "0",
      "component_properties": [
        {
          "component_name": "bot_fuse",
          "component_property": "BOTTOM_PORT_DISP"
        }
      ]
    },
    {
      "parameter_name": "rear_fin_3_SERVO_WIDTH",
      "value": "10",
      "component_properties": [
        {
          "component_name": "rear_fin_3",
          "component_property": "SERVO_WIDTH"
        }
      ]
    },
    {
      "parameter_name": "rear_fin_3_TAPER_OFFSET",
      "value": "0",
      "component_properties": [
        {
          "component_name": "rear_fin_3",
          "component_property": "TAPER_OFFSET"
        }
      ]
    },
    {
      "parameter_name": "rear_fin_3_AILERON_BIAS",
      "value": "0",
      "component_properties": [
        {
          "component_name": "rear_fin_3",
          "component_property": "AILERON_BIAS"
        }
      ]
    },
    {
      "parameter_name": "rear_fin_3_NACA_Profile",
      "value": "12",
      "component_properties": [
        {
          "component_name": "rear_fin_3",
          "component_property": "NACA_Profile"
        }
      ]
    },
    {
      "parameter_name": "rear_fin_3_SERVO_THICKNESS",
      "value": "10",
      "component_properties": [
        {
          "component_name": "rear_fin_3",
          "component_property": "SERVO_THICKNESS"
        }
      ]
    },
    {
      "parameter_name": "rear_fin_3_TUBE_DIAMETER",
      "value": "10",
      "component_properties": [
        {
          "component_name": "rear_fin_3",
          "component_property": "TUBE_DIAMETER"
        }
      ]
    },
    {
      "parameter_name": "rear_fin_3_TUBE_ROTATION",
      "value": "0",
      "component_properties": [
        {
          "component_name": "rear_fin_3",
          "component_property": "TUBE_ROTATION"
        }
      ]
    },
    {
      "parameter_name": "rear_fin_3_THICKNESS",
      "value": "12",
      "component_properties": [
        {
          "component_name": "rear_fin_3",
          "component_property": "THICKNESS"
        }
      ]
    },
    {
      "parameter_name": "rear_fin_3_CHORD_2",
      "value": "250",
      "component_properties": [
        {
          "component_name": "rear_fin_3",
          "component_property": "CHORD_2"
        }
      ]
    },
    {
      "parameter_name": "rear_fin_3_FLAP_BIAS",
      "value": "0",
      "component_properties": [
        {
          "component_name": "rear_fin_3",
          "component_property": "FLAP_BIAS"
        }
      ]
    },
    {
      "parameter_name": "rear_fin_3_LOAD",
      "value": "15",
      "component_properties": [
        {
          "component_name": "rear_fin_3",
          "component_property": "LOAD"
        }
      ]
    },
    {
      "parameter_name": "rear_fin_3_TUBE_OFFSET",
      "value": "100",
      "component_properties": [
        {
          "component_name": "rear_fin_3",
          "component_property": "TUBE_OFFSET"
        }
      ]
    },
    {
      "parameter_name": "rear_fin_3_SERVO_LENGTH",
      "value": "10",
      "component_properties": [
        {
          "component_name": "rear_fin_3",
          "component_property": "SERVO_LENGTH"
        }
      ]
    },
    {
      "parameter_name": "rear_fin_3_SPAN",
      "value": "1000",
      "component_properties": [
        {
          "component_name": "rear_fin_3",
          "component_property": "SPAN"
        }
      ]
    },
    {
      "parameter_name": "rear_fin_3_CHORD_1",
      "value": "250",
      "component_properties": [
        {
          "component_name": "rear_fin_3",
          "component_property": "CHORD_1"
        }
      ]
    },
    {
      "parameter_name": "naca_connector_CHORD",
      "value": "750",
      "component_properties": [
        {
          "component_name": "naca_connector",
          "component_property": "CHORD"
        }
      ]
    },
    {
      "parameter_name": "naca_connector_BOTTOM_CONNECTION_DISP",
      "value": "0",
      "component_properties": [
        {
          "component_name": "naca_connector",
          "component_property": "BOTTOM_CONNECTION_DISP"
        }
      ]
    },
    {
      "parameter_name": "naca_connector_THICKNESS",
      "value": "12",
      "component_properties": [
        {
          "component_name": "naca_connector",
          "component_property": "THICKNESS"
        }
      ]
    },
    {
      "parameter_name": "naca_connector_PORT_THICKNESS",
      "value": "100",
      "component_properties": [
        {
          "component_name": "naca_connector",
          "component_property": "PORT_THICKNESS"
        }
      ]
    },
    {
      "parameter_name": "rear_fin_2_SERVO_WIDTH",
      "value": "10",
      "component_properties": [
        {
          "component_name": "rear_fin_2",
          "component_property": "SERVO_WIDTH"
        }
      ]
    },
    {
      "parameter_name": "rear_fin_2_TAPER_OFFSET",
      "value": "0",
      "component_properties": [
        {
          "component_name": "rear_fin_2",
          "component_property": "TAPER_OFFSET"
        }
      ]
    },
    {
      "parameter_name": "rear_fin_2_AILERON_BIAS",
      "value": "0",
      "component_properties": [
        {
          "component_name": "rear_fin_2",
          "component_property": "AILERON_BIAS"
        }
      ]
    },
    {
      "parameter_name": "rear_fin_2_NACA_Profile",
      "value": "12",
      "component_properties": [
        {
          "component_name": "rear_fin_2",
          "component_property": "NACA_Profile"
        }
      ]
    },
    {
      "parameter_name": "rear_fin_2_SERVO_THICKNESS",
      "value": "10",
      "component_properties": [
        {
          "component_name": "rear_fin_2",
          "component_property": "SERVO_THICKNESS"
        }
      ]
    },
    {
      "parameter_name": "rear_fin_2_TUBE_DIAMETER",
      "value": "10",
      "component_properties": [
        {
          "component_name": "rear_fin_2",
          "component_property": "TUBE_DIAMETER"
        }
      ]
    },
    {
      "parameter_name": "rear_fin_2_TUBE_ROTATION",
      "value": "0",
      "component_properties": [
        {
          "component_name": "rear_fin_2",
          "component_property": "TUBE_ROTATION"
        }
      ]
    },
    {
      "parameter_name": "rear_fin_2_THICKNESS",
      "value": "12",
      "component_properties": [
        {
          "component_name": "rear_fin_2",
          "component_property": "THICKNESS"
        }
      ]
    },
    {
      "parameter_name": "rear_fin_2_CHORD_2",
      "value": "250",
      "component_properties": [
        {
          "component_name": "rear_fin_2",
          "component_property": "CHORD_2"
        }
      ]
    },
    {
      "parameter_name": "rear_fin_2_FLAP_BIAS",
      "value": "0",
      "component_properties": [
        {
          "component_name": "rear_fin_2",
          "component_property": "FLAP_BIAS"
        }
      ]
    },
    {
      "parameter_name": "rear_fin_2_LOAD",
      "value": "15",
      "component_properties": [
        {
          "component_name": "rear_fin_2",
          "component_property": "LOAD"
        }
      ]
    },
    {
      "parameter_name": "rear_fin_2_TUBE_OFFSET",
      "value": "100",
      "component_properties": [
        {
          "component_name": "rear_fin_2",
          "component_property": "TUBE_OFFSET"
        }
      ]
    },
    {
      "parameter_name": "rear_fin_2_SERVO_LENGTH",
      "value": "10",
      "component_properties": [
        {
          "component_name": "rear_fin_2",
          "component_property": "SERVO_LENGTH"
        }
      ]
    },
    {
      "parameter_name": "rear_fin_2_SPAN",
      "value": "1000",
      "component_properties": [
        {
          "component_name": "rear_fin_2",
          "component_property": "SPAN"
        }
      ]
    },
    {
      "parameter_name": "rear_fin_2_CHORD_1",
      "value": "250",
      "component_properties": [
        {
          "component_name": "rear_fin_2",
          "component_property": "CHORD_1"
        }
      ]
    },
    {
      "parameter_name": "Orient_Z_ANGLE",
      "value": "0",
      "component_properties": [
        {
          "component_name": "Orient",
          "component_property": "Z_ANGLE"
        }
      ]
    },
    {
      "parameter_name": "rear_cyl_1_LEFT_CONN_DISP",
      "value": "0",
      "component_properties": [
        {
          "component_name": "rear_cyl_1",
          "component_property": "LEFT_CONN_DISP"
        }
      ]
    },
    {
      "parameter_name": "rear_cyl_1_TOP_CONN_DISP",
      "value": "0",
      "component_properties": [
        {
          "component_name": "rear_cyl_1",
          "component_property": "TOP_CONN_DISP"
        }
      ]
    },
    {
      "parameter_name": "rear_cyl_1_BOTTOM_CONN_DISP",
      "value": "0",
      "component_properties": [
        {
          "component_name": "rear_cyl_1",
          "component_property": "BOTTOM_CONN_DISP"
        }
      ]
    },
    {
      "parameter_name": "rear_cyl_1_PORT_THICKNESS",
      "value": "100",
      "component_properties": [
        {
          "component_name": "rear_cyl_1",
          "component_property": "PORT_THICKNESS"
        }
      ]
    },
    {
      "parameter_name": "rear_cyl_1_RIGHT_CONN_DISP",
      "value": "0",
      "component_properties": [
        {
          "component_name": "rear_cyl_1",
          "component_property": "RIGHT_CONN_DISP"
        }
      ]
    },
    {
      "parameter_name": "rear_cyl_1_LENGTH",
      "value": "1000",
      "component_properties": [
        {
          "component_name": "rear_cyl_1",
          "component_property": "LENGTH"
        }
      ]
    },
    {
      "parameter_name": "rear_cyl_1_FRONT_ANGLE",
      "value": "30",
      "component_properties": [
        {
          "component_name": "rear_cyl_1",
          "component_property": "FRONT_ANGLE"
        }
      ]
    },
    {
      "parameter_name": "rear_cyl_1_DIAMETER",
      "value": "200",
      "component_properties": [
        {
          "component_name": "rear_cyl_1",
          "component_property": "DIAMETER"
        }
      ]
    },
    {
      "parameter_name": "Emrax228HV_CONTROL_CHANNEL",
      "value": "1",
      "component_properties": [
        {
          "component_name": "Emrax228HV",
          "component_property": "CONTROL_CHANNEL"
        }
      ]
    },
    {
      "parameter_name": "rear_fin_1_SERVO_WIDTH",
      "value": "10",
      "component_properties": [
        {
          "component_name": "rear_fin_1",
          "component_property": "SERVO_WIDTH"
        }
      ]
    },
    {
      "parameter_name": "rear_fin_1_TAPER_OFFSET",
      "value": "0",
      "component_properties": [
        {
          "component_name": "rear_fin_1",
          "component_property": "TAPER_OFFSET"
        }
      ]
    },
    {
      "parameter_name": "rear_fin_1_AILERON_BIAS",
      "value": "0",
      "component_properties": [
        {
          "component_name": "rear_fin_1",
          "component_property": "AILERON_BIAS"
        }
      ]
    },
    {
      "parameter_name": "rear_fin_1_NACA_Profile",
      "value": "12",
      "component_properties": [
        {
          "component_name": "rear_fin_1",
          "component_property": "NACA_Profile"
        }
      ]
    },
    {
      "parameter_name": "rear_fin_1_SERVO_THICKNESS",
      "value": "10",
      "component_properties": [
        {
          "component_name": "rear_fin_1",
          "component_property": "SERVO_THICKNESS"
        }
      ]
    },
    {
      "parameter_name": "rear_fin_1_TUBE_DIAMETER",
      "value": "10",
      "component_properties": [
        {
          "component_name": "rear_fin_1",
          "component_property": "TUBE_DIAMETER"
        }
      ]
    },
    {
      "parameter_name": "rear_fin_1_TUBE_ROTATION",
      "value": "0",
      "component_properties": [
        {
          "component_name": "rear_fin_1",
          "component_property": "TUBE_ROTATION"
        }
      ]
    },
    {
      "parameter_name": "rear_fin_1_THICKNESS",
      "value": "12",
      "component_properties": [
        {
          "component_name": "rear_fin_1",
          "component_property": "THICKNESS"
        }
      ]
    },
    {
      "parameter_name": "rear_fin_1_CHORD_2",
      "value": "250",
      "component_properties": [
        {
          "component_name": "rear_fin_1",
          "component_property": "CHORD_2"
        }
      ]
    },
    {
      "parameter_name": "rear_fin_1_FLAP_BIAS",
      "value": "0",
      "component_properties": [
        {
          "component_name": "rear_fin_1",
          "component_property": "FLAP_BIAS"
        }
      ]
    },
    {
      "parameter_name": "rear_fin_1_LOAD",
      "value": "15",
      "component_properties": [
        {
          "component_name": "rear_fin_1",
          "component_property": "LOAD"
        }
      ]
    },
    {
      "parameter_name": "rear_fin_1_TUBE_OFFSET",
      "value": "100",
      "component_properties": [
        {
          "component_name": "rear_fin_1",
          "component_property": "TUBE_OFFSET"
        }
      ]
    },
    {
      "parameter_name": "rear_fin_1_SERVO_LENGTH",
      "value": "10",
      "component_properties": [
        {
          "component_name": "rear_fin_1",
          "component_property": "SERVO_LENGTH"
        }
      ]
    },
    {
      "parameter_name": "rear_fin_1_SPAN",
      "value": "1000",
      "component_properties": [
        {
          "component_name": "rear_fin_1",
          "component_property": "SPAN"
        }
      ]
    },
    {
      "parameter_name": "rear_fin_1_CHORD_1",
      "value": "250",
      "component_properties": [
        {
          "component_name": "rear_fin_1",
          "component_property": "CHORD_1"
        }
      ]
    },
    {
      "parameter_name": "400v_battery_system_Output_Voltage",
      "value": "1",
      "component_properties": [
        {
          "component_name": "400v_battery_system",
          "component_property": "Output_Voltage"
        }
      ]
    },
    {
      "parameter_name": "400v_battery_system_Input_Voltage",
      "value": "1",
      "component_properties": [
        {
          "component_name": "400v_battery_system",
          "component_property": "Input_Voltage"
        }
      ]
    },
    {
      "parameter_name": "right_top_cyl_LEFT_CONN_DISP",
      "value": "0",
      "component_properties": [
        {
          "component_name": "right_top_cyl",
          "component_property": "LEFT_CONN_DISP"
        }
      ]
    },
    {
      "parameter_name": "right_top_cyl_TOP_CONN_DISP",
      "value": "0",
      "component_properties": [
        {
          "component_name": "right_top_cyl",
          "component_property": "TOP_CONN_DISP"
        }
      ]
    },
    {
      "parameter_name": "right_top_cyl_BOTTOM_CONN_DISP",
      "value": "0",
      "component_properties": [
        {
          "component_name": "right_top_cyl",
          "component_property": "BOTTOM_CONN_DISP"
        }
      ]
    },
    {
      "parameter_name": "right_top_cyl_PORT_THICKNESS",
      "value": "100",
      "component_properties": [
        {
          "component_name": "right_top_cyl",
          "component_property": "PORT_THICKNESS"
        }
      ]
    },
    {
      "parameter_name": "right_top_cyl_RIGHT_CONN_DISP",
      "value": "0",
      "component_properties": [
        {
          "component_name": "right_top_cyl",
          "component_property": "RIGHT_CONN_DISP"
        }
      ]
    },
    {
      "parameter_name": "right_top_cyl_LENGTH",
      "value": "750",
      "component_properties": [
        {
          "component_name": "right_top_cyl",
          "component_property": "LENGTH"
        }
      ]
    },
    {
      "parameter_name": "right_top_cyl_FRONT_ANGLE",
      "value": "0",
      "component_properties": [
        {
          "component_name": "right_top_cyl",
          "component_property": "FRONT_ANGLE"
        }
      ]
    },
    {
      "parameter_name": "right_top_cyl_DIAMETER",
      "value": "200",
      "component_properties": [
        {
          "component_name": "right_top_cyl",
          "component_property": "DIAMETER"
        }
      ]
    },
    {
      "parameter_name": "rear_cyl_2_LEFT_CONN_DISP",
      "value": "0",
      "component_properties": [
        {
          "component_name": "rear_cyl_2",
          "component_property": "LEFT_CONN_DISP"
        }
      ]
    },
    {
      "parameter_name": "rear_cyl_2_TOP_CONN_DISP",
      "value": "0",
      "component_properties": [
        {
          "component_name": "rear_cyl_2",
          "component_property": "TOP_CONN_DISP"
        }
      ]
    },
    {
      "parameter_name": "rear_cyl_2_BOTTOM_CONN_DISP",
      "value": "0",
      "component_properties": [
        {
          "component_name": "rear_cyl_2",
          "component_property": "BOTTOM_CONN_DISP"
        }
      ]
    },
    {
      "parameter_name": "rear_cyl_2_PORT_THICKNESS",
      "value": "100",
      "component_properties": [
        {
          "component_name": "rear_cyl_2",
          "component_property": "PORT_THICKNESS"
        }
      ]
    },
    {
      "parameter_name": "rear_cyl_2_RIGHT_CONN_DISP",
      "value": "0",
      "component_properties": [
        {
          "component_name": "rear_cyl_2",
          "component_property": "RIGHT_CONN_DISP"
        }
      ]
    },
    {
      "parameter_name": "rear_cyl_2_LENGTH",
      "value": "1000",
      "component_properties": [
        {
          "component_name": "rear_cyl_2",
          "component_property": "LENGTH"
        }
      ]
    },
    {
      "parameter_name": "rear_cyl_2_FRONT_ANGLE",
      "value": "30",
      "component_properties": [
        {
          "component_name": "rear_cyl_2",
          "component_property": "FRONT_ANGLE"
        }
      ]
    },
    {
      "parameter_name": "rear_cyl_2_DIAMETER",
      "value": "200",
      "component_properties": [
        {
          "component_name": "rear_cyl_2",
          "component_property": "DIAMETER"
        }
      ]
    },
    {
      "parameter_name": "Beam_TOP_CONN_DISP",
      "value": "0",
      "component_properties": [
        {
          "component_name": "Beam",
          "component_property": "TOP_CONN_DISP"
        }
      ]
    },
    {
      "parameter_name": "Beam_CHORD",
      "value": "500",
      "component_properties": [
        {
          "component_name": "Beam",
          "component_property": "CHORD"
        }
      ]
    },
    {
      "parameter_name": "Beam_BOTTOM_CONN_DISP",
      "value": "0",
      "component_properties": [
        {
          "component_name": "Beam",
          "component_property": "BOTTOM_CONN_DISP"
        }
      ]
    },
    {
      "parameter_name": "Beam_THICKNESS",
      "value": "100",
      "component_properties": [
        {
          "component_name": "Beam",
          "component_property": "THICKNESS"
        }
      ]
    },
    {
      "parameter_name": "Beam_SPAN",
      "value": "1000",
      "component_properties": [
        {
          "component_name": "Beam",
          "component_property": "SPAN"
        }
      ]
    },
    {
      "parameter_name": "27x10_3_2000_51_80_Prop_type",
      "value": "1",
      "component_properties": [
        {
          "component_name": "27x10_3_2000_51_80",
          "component_property": "Prop_type"
        }
      ]
    },
    {
      "parameter_name": "27x10_3_2000_51_80_Direction",
      "value": "1",
      "component_properties": [
        {
          "component_name": "27x10_3_2000_51_80",
          "component_property": "Direction"
        }
      ]
    },
    {
      "parameter_name": "naca_wing_SERVO_WIDTH",
      "value": "10",
      "component_properties": [
        {
          "component_name": "naca_wing",
          "component_property": "SERVO_WIDTH"
        }
      ]
    },
    {
      "parameter_name": "naca_wing_TAPER_OFFSET",
      "value": "1",
      "component_properties": [
        {
          "component_name": "naca_wing",
          "component_property": "TAPER_OFFSET"
        }
      ]
    },
    {
      "parameter_name": "naca_wing_AILERON_BIAS",
      "value": "0",
      "component_properties": [
        {
          "component_name": "naca_wing",
          "component_property": "AILERON_BIAS"
        }
      ]
    },
    {
      "parameter_name": "naca_wing_NACA_Profile",
      "value": "12",
      "component_properties": [
        {
          "component_name": "naca_wing",
          "component_property": "NACA_Profile"
        }
      ]
    },
    {
      "parameter_name": "naca_wing_SERVO_THICKNESS",
      "value": "10",
      "component_properties": [
        {
          "component_name": "naca_wing",
          "component_property": "SERVO_THICKNESS"
        }
      ]
    },
    {
      "parameter_name": "naca_wing_TUBE_DIAMETER",
      "value": "10",
      "component_properties": [
        {
          "component_name": "naca_wing",
          "component_property": "TUBE_DIAMETER"
        }
      ]
    },
    {
      "parameter_name": "naca_wing_TUBE_ROTATION",
      "value": "0",
      "component_properties": [
        {
          "component_name": "naca_wing",
          "component_property": "TUBE_ROTATION"
        }
      ]
    },
    {
      "parameter_name": "naca_wing_THICKNESS",
      "value": "18",
      "component_properties": [
        {
          "component_name": "naca_wing",
          "component_property": "THICKNESS"
        }
      ]
    },
    {
      "parameter_name": "naca_wing_CHORD_2",
      "value": "750",
      "component_properties": [
        {
          "component_name": "naca_wing",
          "component_property": "CHORD_2"
        }
      ]
    },
    {
      "parameter_name": "naca_wing_FLAP_BIAS",
      "value": "0",
      "component_properties": [
        {
          "component_name": "naca_wing",
          "component_property": "FLAP_BIAS"
        }
      ]
    },
    {
      "parameter_name": "naca_wing_LOAD",
      "value": "15",
      "component_properties": [
        {
          "component_name": "naca_wing",
          "component_property": "LOAD"
        }
      ]
    },
    {
      "parameter_name": "naca_wing_TUBE_OFFSET",
      "value": "100",
      "component_properties": [
        {
          "component_name": "naca_wing",
          "component_property": "TUBE_OFFSET"
        }
      ]
    },
    {
      "parameter_name": "naca_wing_SERVO_LENGTH",
      "value": "10",
      "component_properties": [
        {
          "component_name": "naca_wing",
          "component_property": "SERVO_LENGTH"
        }
      ]
    },
    {
      "parameter_name": "naca_wing_SPAN",
      "value": "3000",
      "component_properties": [
        {
          "component_name": "naca_wing",
          "component_property": "SPAN"
        }
      ]
    },
    {
      "parameter_name": "naca_wing_CHORD_1",
      "value": "750",
      "component_properties": [
        {
          "component_name": "naca_wing",
          "component_property": "CHORD_1"
        }
      ]
    },
    {
      "parameter_name": "left_battery_TAPER_OFFSET",
      "value": "1",
      "component_properties": [
        {
          "component_name": "left_battery",
          "component_property": "TAPER_OFFSET"
        }
      ]
    },
    {
      "parameter_name": "left_battery_VOLTAGE_REQUEST",
      "value": "400",
      "component_properties": [
        {
          "component_name": "left_battery",
          "component_property": "VOLTAGE_REQUEST"
        }
      ]
    },
    {
      "parameter_name": "left_battery_THICKNESS",
      "value": "18",
      "component_properties": [
        {
          "component_name": "left_battery",
          "component_property": "THICKNESS"
        }
      ]
    },
    {
      "parameter_name": "left_battery_SPAN",
      "value": "3000",
      "component_properties": [
        {
          "component_name": "left_battery",
          "component_property": "SPAN"
        }
      ]
    },
    {
      "parameter_name": "left_battery_MOUNT_SIDE",
      "value": "2",
      "component_properties": [
        {
          "component_name": "left_battery",
          "component_property": "MOUNT_SIDE"
        }
      ]
    },
    {
      "parameter_name": "left_battery_CHORD_1",
      "value": "750",
      "component_properties": [
        {
          "component_name": "left_battery",
          "component_property": "CHORD_1"
        }
      ]
    },
    {
      "parameter_name": "left_battery_ROTATION",
      "value": "0",
      "component_properties": [
        {
          "component_name": "left_battery",
          "component_property": "ROTATION"
        }
      ]
    },
    {
      "parameter_name": "left_battery_VOLUME_PERCENT",
      "value": "100",
      "component_properties": [
        {
          "component_name": "left_battery",
          "component_property": "VOLUME_PERCENT"
        }
      ]
    },
    {
      "parameter_name": "left_battery_CHORD_2",
      "value": "1000",
      "component_properties": [
        {
          "component_name": "left_battery",
          "component_property": "CHORD_2"
        }
      ]
    }
  ],
  "components": [
    {
      "component_instance": "right_battery",
      "component_type": "Battery",
      "component_choice": "Tattu22AhLi"
    },
    {
      "component_instance": "right_top_flip",
      "component_type": "Cylinder_Flip",
      "component_choice": "Cyl_Flip"
    },
    {
      "component_instance": "left_top_fuse",
      "component_type": "Fuselage",
      "component_choice": "FUSE_SPHERE_CYL_CONE"
    },
    {
      "component_instance": "left_top_flip",
      "component_type": "Cylinder_Flip",
      "component_choice": "Cyl_Flip"
    },
    {
      "component_instance": "rear_cyl_3",
      "component_type": "Cylinder",
      "component_choice": "PORTED_CYL"
    },
    {
      "component_instance": "Passenger",
      "component_type": "Passenger",
      "component_choice": "Passenger"
    },
    {
      "component_instance": "right_top_fuse",
      "component_type": "Fuselage",
      "component_choice": "FUSE_SPHERE_CYL_CONE"
    },
    {
      "component_instance": "left_top_cyl",
      "component_type": "Cylinder",
      "component_choice": "PORTED_CYL"
    },
    {
      "component_instance": "bot_fuse",
      "component_type": "Fuselage",
      "component_choice": "FUSE_SPHERE_CYL_CONE"
    },
    {
      "component_instance": "rear_fin_3",
      "component_type": "Wing",
      "component_choice": "naca_wing"
    },
    {
      "component_instance": "naca_connector",
      "component_type": "NACA_Port_Connector",
      "component_choice": "naca_connector"
    },
    {
      "component_instance": "rear_fin_2",
      "component_type": "Wing",
      "component_choice": "naca_wing"
    },
    {
      "component_instance": "Orient",
      "component_type": "Orient",
      "component_choice": "Orient"
    },
    {
      "component_instance": "rear_cyl_1",
      "component_type": "Cylinder",
      "component_choice": "PORTED_CYL"
    },
    {
      "component_instance": "Emrax228HV",
      "component_type": "Motor",
      "component_choice": "Emrax228HV"
    },
    {
      "component_instance": "rear_fin_1",
      "component_type": "Wing",
      "component_choice": "naca_wing"
    },
    {
      "component_instance": "400v_battery_system",
      "component_type": "BatteryController",
      "component_choice": "BatteryController"
    },
    {
      "component_instance": "right_top_cyl",
      "component_type": "Cylinder",
      "component_choice": "PORTED_CYL"
    },
    {
      "component_instance": "rear_cyl_2",
      "component_type": "Cylinder",
      "component_choice": "PORTED_CYL"
    },
    {
      "component_instance": "Beam",
      "component_type": "Beam",
      "component_choice": "Beam"
    },
    {
      "component_instance": "27x10_3_2000_51_80",
      "component_type": "Propeller",
      "component_choice": "27x10_3_2000_51_80"
    },
    {
      "component_instance": "naca_wing",
      "component_type": "Wing",
      "component_choice": "naca_wing"
    },
    {
      "component_instance": "left_battery",
      "component_type": "Battery",
      "component_choice": "Tattu22AhLi"
    }
  ],
  "connections": [
    {
      "from_ci": "left_top_cyl",
      "from_conn": "TOP_CONNECTOR",
      "to_ci": "naca_connector",
      "to_conn": "Bottom_Connector"
    },
    {
      "from_ci": "naca_connector",
      "from_conn": "Bottom_Connector",
      "to_ci": "left_top_cyl",
      "to_conn": "TOP_CONNECTOR"
    },
    {
      "from_ci": "left_top_cyl",
      "from_conn": "RIGHT_CONNECTOR",
      "to_ci": "naca_wing",
      "to_conn": "Connector_1"
    },
    {
      "from_ci": "naca_wing",
      "from_conn": "Connector_1",
      "to_ci": "left_top_cyl",
      "to_conn": "RIGHT_CONNECTOR"
    },
    {
      "from_ci": "right_top_fuse",
      "from_conn": "RIGHT_CONNECTOR",
      "to_ci": "naca_wing",
      "to_conn": "Connector_1"
    },
    {
      "from_ci": "naca_wing",
      "from_conn": "Connector_1",
      "to_ci": "right_top_fuse",
      "to_conn": "RIGHT_CONNECTOR"
    },
    {
      "from_ci": "rear_cyl_2",
      "from_conn": "FRONT_CONNECTOR",
      "to_ci": "rear_cyl_1",
      "to_conn": "REAR_CONNECTOR"
    },
    {
      "from_ci": "rear_cyl_1",
      "from_conn": "REAR_CONNECTOR",
      "to_ci": "rear_cyl_2",
      "to_conn": "FRONT_CONNECTOR"
    },
    {
      "from_ci": "Beam",
      "from_conn": "TOP_CONNECTOR_IN",
      "to_ci": "Emrax228HV",
      "to_conn": "Base_Connector"
    },
    {
      "from_ci": "Emrax228HV",
      "from_conn": "Base_Connector",
      "to_ci": "Beam",
      "to_conn": "TOP_CONNECTOR_IN"
    },
    {
      "from_ci": "Emrax228HV",
      "from_conn": "MotorPower",
      "to_ci": "400v_battery_system",
      "to_conn": "MotorPower"
    },
    {
      "from_ci": "400v_battery_system",
      "from_conn": "MotorPower",
      "to_ci": "Emrax228HV",
      "to_conn": "MotorPower"
    },
    {
      "from_ci": "left_top_cyl",
      "from_conn": "LEFT_CONNECTOR",
      "to_ci": "Beam",
      "to_conn": "END_CONNECTOR_1_OUT"
    },
    {
      "from_ci": "Beam",
      "from_conn": "END_CONNECTOR_1_OUT",
      "to_ci": "left_top_cyl",
      "to_conn": "LEFT_CONNECTOR"
    },
    {
      "from_ci": "left_top_cyl",
      "from_conn": "TOP_CONNECTOR",
      "to_ci": "Emrax228HV",
      "to_conn": "Base_Connector"
    },
    {
      "from_ci": "Emrax228HV",
      "from_conn": "Base_Connector",
      "to_ci": "left_top_cyl",
      "to_conn": "TOP_CONNECTOR"
    },
    {
      "from_ci": "Passenger",
      "from_conn": "Connector",
      "to_ci": "right_top_fuse",
      "to_conn": "SEAT_2_CONNECTOR"
    },
    {
      "from_ci": "right_top_fuse",
      "from_conn": "SEAT_2_CONNECTOR",
      "to_ci": "Passenger",
      "to_conn": "Connector"
    },
    {
      "from_ci": "Beam",
      "from_conn": "END_CONNECTOR_1_OUT",
      "to_ci": "bot_fuse",
      "to_conn": "LEFT_CONNECTOR"
    },
    {
      "from_ci": "bot_fuse",
      "from_conn": "LEFT_CONNECTOR",
      "to_ci": "Beam",
      "to_conn": "END_CONNECTOR_1_OUT"
    },
    {
      "from_ci": "left_top_cyl",
      "from_conn": "RIGHT_CONNECTOR",
      "to_ci": "Beam",
      "to_conn": "END_CONNECTOR_2_OUT"
    },
    {
      "from_ci": "Beam",
      "from_conn": "END_CONNECTOR_2_OUT",
      "to_ci": "left_top_cyl",
      "to_conn": "RIGHT_CONNECTOR"
    },
    {
      "from_ci": "naca_wing",
      "from_conn": "Connector_2",
      "to_ci": "left_top_fuse",
      "to_conn": "LEFT_CONNECTOR"
    },
    {
      "from_ci": "left_top_fuse",
      "from_conn": "LEFT_CONNECTOR",
      "to_ci": "naca_wing",
      "to_conn": "Connector_2"
    },
    {
      "from_ci": "Beam",
      "from_conn": "END_CONNECTOR_2_OUT",
      "to_ci": "bot_fuse",
      "to_conn": "RIGHT_CONNECTOR"
    },
    {
      "from_ci": "bot_fuse",
      "from_conn": "RIGHT_CONNECTOR",
      "to_ci": "Beam",
      "to_conn": "END_CONNECTOR_2_OUT"
    },
    {
      "from_ci": "Orient",
      "from_conn": "ORIENTCONN",
      "to_ci": "bot_fuse",
      "to_conn": "ORIENT"
    },
    {
      "from_ci": "bot_fuse",
      "from_conn": "ORIENT",
      "to_ci": "Orient",
      "to_conn": "ORIENTCONN"
    },
    {
      "from_ci": "rear_fin_2",
      "from_conn": "Connector_1",
      "to_ci": "rear_cyl_2",
      "to_conn": "BOTTOM_CONNECTOR"
    },
    {
      "from_ci": "rear_cyl_2",
      "from_conn": "BOTTOM_CONNECTOR",
      "to_ci": "rear_fin_2",
      "to_conn": "Connector_1"
    },
    {
      "from_ci": "right_top_fuse",
      "from_conn": "TOP_CONNECTOR",
      "to_ci": "naca_connector",
      "to_conn": "Bottom_Connector"
    },
    {
      "from_ci": "naca_connector",
      "from_conn": "Bottom_Connector",
      "to_ci": "right_top_fuse",
      "to_conn": "TOP_CONNECTOR"
    },
    {
      "from_ci": "right_top_fuse",
      "from_conn": "LEFT_CONNECTOR",
      "to_ci": "right_top_flip",
      "to_conn": "FRONT_CONNECTOR"
    },
    {
      "from_ci": "right_top_flip",
      "from_conn": "FRONT_CONNECTOR",
      "to_ci": "right_top_fuse",
      "to_conn": "LEFT_CONNECTOR"
    },
    {
      "from_ci": "naca_wing",
      "from_conn": "Connector_2",
      "to_ci": "naca_connector",
      "to_conn": "End_Connector_1"
    },
    {
      "from_ci": "naca_connector",
      "from_conn": "End_Connector_1",
      "to_ci": "naca_wing",
      "to_conn": "Connector_2"
    },
    {
      "from_ci": "Emrax228HV",
      "from_conn": "Base_Connector",
      "to_ci": "right_top_cyl",
      "to_conn": "LEFT_CONNECTOR"
    },
    {
      "from_ci": "right_top_cyl",
      "from_conn": "LEFT_CONNECTOR",
      "to_ci": "Emrax228HV",
      "to_conn": "Base_Connector"
    },
    {
      "from_ci": "rear_cyl_3",
      "from_conn": "FRONT_CONNECTOR",
      "to_ci": "rear_cyl_2",
      "to_conn": "REAR_CONNECTOR"
    },
    {
      "from_ci": "rear_cyl_2",
      "from_conn": "REAR_CONNECTOR",
      "to_ci": "rear_cyl_3",
      "to_conn": "FRONT_CONNECTOR"
    },
    {
      "from_ci": "left_top_cyl",
      "from_conn": "FRONT_CONNECTOR",
      "to_ci": "Beam",
      "to_conn": "TOP_CONNECTOR_IN"
    },
    {
      "from_ci": "Beam",
      "from_conn": "TOP_CONNECTOR_IN",
      "to_ci": "left_top_cyl",
      "to_conn": "FRONT_CONNECTOR"
    },
    {
      "from_ci": "left_top_cyl",
      "from_conn": "RIGHT_CONNECTOR",
      "to_ci": "Emrax228HV",
      "to_conn": "Base_Connector"
    },
    {
      "from_ci": "Emrax228HV",
      "from_conn": "Base_Connector",
      "to_ci": "left_top_cyl",
      "to_conn": "RIGHT_CONNECTOR"
    },
    {
      "from_ci": "Beam",
      "from_conn": "BOTTOM_CONNECTOR_OUT",
      "to_ci": "right_top_cyl",
      "to_conn": "FRONT_CONNECTOR"
    },
    {
      "from_ci": "right_top_cyl",
      "from_conn": "FRONT_CONNECTOR",
      "to_ci": "Beam",
      "to_conn": "BOTTOM_CONNECTOR_OUT"
    },
    {
      "from_ci": "Beam",
      "from_conn": "END_CONNECTOR_2_OUT",
      "to_ci": "bot_fuse",
      "to_conn": "TOP_CONNECTOR"
    },
    {
      "from_ci": "bot_fuse",
      "from_conn": "TOP_CONNECTOR",
      "to_ci": "Beam",
      "to_conn": "END_CONNECTOR_2_OUT"
    },
    {
      "from_ci": "right_battery",
      "from_conn": "PowerBus",
      "to_ci": "400v_battery_system",
      "to_conn": "BatteryPower"
    },
    {
      "from_ci": "400v_battery_system",
      "from_conn": "BatteryPower",
      "to_ci": "right_battery",
      "to_conn": "PowerBus"
    },
    {
      "from_ci": "Emrax228HV",
      "from_conn": "Base_Connector",
      "to_ci": "left_top_fuse",
      "to_conn": "REAR_CONNECTOR"
    },
    {
      "from_ci": "left_top_fuse",
      "from_conn": "REAR_CONNECTOR",
      "to_ci": "Emrax228HV",
      "to_conn": "Base_Connector"
    },
    {
      "from_ci": "rear_fin_1",
      "from_conn": "Connector_1",
      "to_ci": "rear_cyl_1",
      "to_conn": "BOTTOM_CONNECTOR"
    },
    {
      "from_ci": "rear_cyl_1",
      "from_conn": "BOTTOM_CONNECTOR",
      "to_ci": "rear_fin_1",
      "to_conn": "Connector_1"
    },
    {
      "from_ci": "naca_wing",
      "from_conn": "Battery_Connector_2",
      "to_ci": "left_battery",
      "to_conn": "Battery_Connector_2_out"
    },
    {
      "from_ci": "left_battery",
      "from_conn": "Battery_Connector_2_out",
      "to_ci": "naca_wing",
      "to_conn": "Battery_Connector_2"
    },
    {
      "from_ci": "right_battery",
      "from_conn": "Battery_Connector_1_out",
      "to_ci": "naca_wing",
      "to_conn": "Battery_Connector_1"
    },
    {
      "from_ci": "naca_wing",
      "from_conn": "Battery_Connector_1",
      "to_ci": "right_battery",
      "to_conn": "Battery_Connector_1_out"
    },
    {
      "from_ci": "Emrax228HV",
      "from_conn": "Base_Connector",
      "to_ci": "right_top_fuse",
      "to_conn": "REAR_CONNECTOR"
    },
    {
      "from_ci": "right_top_fuse",
      "from_conn": "REAR_CONNECTOR",
      "to_ci": "Emrax228HV",
      "to_conn": "Base_Connector"
    },
    {
      "from_ci": "left_top_flip",
      "from_conn": "FRONT_CONNECTOR",
      "to_ci": "left_top_fuse",
      "to_conn": "RIGHT_CONNECTOR"
    },
    {
      "from_ci": "left_top_fuse",
      "from_conn": "RIGHT_CONNECTOR",
      "to_ci": "left_top_flip",
      "to_conn": "FRONT_CONNECTOR"
    },
    {
      "from_ci": "400v_battery_system",
      "from_conn": "BatteryPower",
      "to_ci": "left_battery",
      "to_conn": "PowerBus"
    },
    {
      "from_ci": "left_battery",
      "from_conn": "PowerBus",
      "to_ci": "400v_battery_system",
      "to_conn": "BatteryPower"
    },
    {
      "from_ci": "right_top_flip",
      "from_conn": "REAR_CONNECTOR",
      "to_ci": "right_top_cyl",
      "to_conn": "REAR_CONNECTOR"
    },
    {
      "from_ci": "right_top_cyl",
      "from_conn": "REAR_CONNECTOR",
      "to_ci": "right_top_flip",
      "to_conn": "REAR_CONNECTOR"
    },
    {
      "from_ci": "left_top_flip",
      "from_conn": "FRONT_CONNECTOR",
      "to_ci": "Emrax228HV",
      "to_conn": "Base_Connector"
    },
    {
      "from_ci": "Emrax228HV",
      "from_conn": "Base_Connector",
      "to_ci": "left_top_flip",
      "to_conn": "FRONT_CONNECTOR"
    },
    {
      "from_ci": "left_top_cyl",
      "from_conn": "REAR_CONNECTOR",
      "to_ci": "Emrax228HV",
      "to_conn": "Base_Connector"
    },
    {
      "from_ci": "Emrax228HV",
      "from_conn": "Base_Connector",
      "to_ci": "left_top_cyl",
      "to_conn": "REAR_CONNECTOR"
    },
    {
      "from_ci": "Emrax228HV",
      "from_conn": "Base_Connector",
      "to_ci": "bot_fuse",
      "to_conn": "BOTTOM_CONNECTOR"
    },
    {
      "from_ci": "bot_fuse",
      "from_conn": "BOTTOM_CONNECTOR",
      "to_ci": "Emrax228HV",
      "to_conn": "Base_Connector"
    },
    {
      "from_ci": "left_top_cyl",
      "from_conn": "REAR_CONNECTOR",
      "to_ci": "left_top_flip",
      "to_conn": "REAR_CONNECTOR"
    },
    {
      "from_ci": "left_top_flip",
      "from_conn": "REAR_CONNECTOR",
      "to_ci": "left_top_cyl",
      "to_conn": "REAR_CONNECTOR"
    },
    {
      "from_ci": "bot_fuse",
      "from_conn": "REAR_CONNECTOR",
      "to_ci": "rear_cyl_1",
      "to_conn": "FRONT_CONNECTOR"
    },
    {
      "from_ci": "rear_cyl_1",
      "from_conn": "FRONT_CONNECTOR",
      "to_ci": "bot_fuse",
      "to_conn": "REAR_CONNECTOR"
    },
    {
      "from_ci": "27x10_3_2000_51_80",
      "from_conn": "MOTOR_CONNECTOR_CS_IN",
      "to_ci": "Emrax228HV",
      "to_conn": "Prop_Connector"
    },
    {
      "from_ci": "Emrax228HV",
      "from_conn": "Prop_Connector",
      "to_ci": "27x10_3_2000_51_80",
      "to_conn": "MOTOR_CONNECTOR_CS_IN"
    },
    {
      "from_ci": "rear_fin_3",
      "from_conn": "Connector_1",
      "to_ci": "rear_cyl_3",
      "to_conn": "BOTTOM_CONNECTOR"
    },
    {
      "from_ci": "rear_cyl_3",
      "from_conn": "BOTTOM_CONNECTOR",
      "to_ci": "rear_fin_3",
      "to_conn": "Connector_1"
    },
    {
      "from_ci": "Passenger",
      "from_conn": "Connector",
      "to_ci": "left_top_fuse",
      "to_conn": "SEAT_1_CONNECTOR"
    },
    {
      "from_ci": "left_top_fuse",
      "from_conn": "SEAT_1_CONNECTOR",
      "to_ci": "Passenger",
      "to_conn": "Connector"
    },
    {
      "from_ci": "left_top_cyl",
      "from_conn": "FRONT_CONNECTOR",
      "to_ci": "left_top_flip",
      "to_conn": "REAR_CONNECTOR"
    },
    {
      "from_ci": "left_top_flip",
      "from_conn": "REAR_CONNECTOR",
      "to_ci": "left_top_cyl",
      "to_conn": "FRONT_CONNECTOR"
    }
  ]
}
