FROM_COMP,LIB_COMPONENT
front_servo_l,Hitec_HS_40
ControlBox,ControlBox
front_wing_tube_r,0394OD_para_tube
rear_rail_r,0394OD_para_tube
rudder_servo_r,Hitec_HS_40
rear_servo_r,Hitec_HS_40
rear_left_wing,Wing_vert_hole
rear_hub_r,0394od_para_hub_3
front_flange_r,0394_para_flange
front_servo_r,Hitec_HS_40
rear_servo_l,Hitec_HS_40
front_wing_tube_l,0394OD_para_tube
mid_tube_l,0394OD_para_tube
capsule_fuselage,capsule_fuselage
front_prop_r,apc_propellers_7x5E
rear_motor_l,kde_direct_KDE2315XF885
vertical_l,0394OD_para_tube
bottom_leg_l,0394OD_para_tube
front_flange_l,0394_para_flange
front_rail_l,0394OD_para_tube
top_leg_r,0394OD_para_tube
rear_flange_r,0394_para_flange
top_leg_l,0394OD_para_tube
rudder_tube_r,0394OD_para_tube
rudder_servo_l,Hitec_HS_40
mid_tube_r,0394OD_para_tube
side_hub_l,0394od_para_hub_3
rudder_tube_l,0394OD_para_tube
left_rudder,Wing_vert_hole
main_hub,0394od_para_hub_3
rear_prop_l,apc_propellers_7x5E
Main_Battery,TurnigyGraphene6000mAh6S75C
BatteryController,BatteryController
Orient,Orient
vertical_r,0394OD_para_tube
front_motor_l,kde_direct_KDE2315XF885
front_prop_l,apc_propellers_7x5E
rear_prop_r,apc_propellers_7x5E
rear_motor_r,kde_direct_KDE2315XF885
rear_flange_l,0394_para_flange
rear_rail_l,0394OD_para_tube
front_motor_r,kde_direct_KDE2315XF885
front_left_wing,Wing_vert_hole
rear_hub_l,0394od_para_hub_3
side_hub_r,0394od_para_hub_3
front_right_wing,Wing_vert_hole
right_rudder,Wing_vert_hole
bottom_leg_r,0394OD_para_tube
rear_right_wing,Wing_vert_hole
front_rail_r,0394OD_para_tube
