FROM_COMP,FROM_CONN,TO_COMP,TO_CONN
front_servo_l,Connector,front_left_wing,Wing_Servo_Connector
front_wing_tube_r,EndConnection,front_right_wing,Wing_Tube_Connector
front_wing_tube_r,BaseConnection,front_flange_r,SideConnector
rear_rail_r,EndConnection,rear_hub_r,Side_Connector_3
rear_rail_r,BaseConnection,side_hub_r,Side_Connector_1
rudder_servo_r,Connector,right_rudder,Wing_Servo_Connector
rear_servo_r,Connector,rear_left_wing,Wing_Servo_Connector
rear_left_wing,Wing_Servo_Connector,rear_servo_r,Connector
rear_left_wing,Wing_Tube_Connector,vertical_l,OffsetConnection1
rear_hub_r,Side_Connector_2,vertical_r,BaseConnection
rear_hub_r,Side_Connector_1,bottom_leg_r,BaseConnection
rear_hub_r,Side_Connector_3,rear_rail_r,EndConnection
rear_hub_r,Center Connector,rudder_tube_r,BaseConnection
front_flange_r,TopConnector,front_motor_r,Base_Connector
front_flange_r,BottomConnector,front_rail_r,EndConnection
front_flange_r,SideConnector,front_wing_tube_r,BaseConnection
front_servo_r,Connector,front_right_wing,Wing_Servo_Connector
rear_servo_l,Connector,rear_right_wing,Wing_Servo_Connector
front_wing_tube_l,EndConnection,front_left_wing,Wing_Tube_Connector
front_wing_tube_l,BaseConnection,front_flange_l,SideConnector
mid_tube_l,EndConnection,side_hub_l,Side_Connector_2
mid_tube_l,BaseConnection,main_hub,Side_Connector_3
capsule_fuselage,FloorConnector1,Main_Battery,Bottom_Connector
capsule_fuselage,BottomConnector,main_hub,Top_Connector
front_prop_r,MOTOR_CONNECTOR_CS_IN,front_motor_r,Prop_Connector
rear_motor_l,Prop_Connector,rear_prop_l,MOTOR_CONNECTOR_CS_IN
rear_motor_l,Base_Connector,rear_flange_l,TopConnector
rear_motor_l,MotorPower,BatteryController,MotorPower
vertical_l,BaseConnection,rear_hub_l,Side_Connector_2
vertical_l,EndConnection,rear_flange_l,SideConnector
vertical_l,OffsetConnection1,rear_left_wing,Wing_Tube_Connector
bottom_leg_l,BaseConnection,rear_hub_l,Side_Connector_3
front_flange_l,SideConnector,front_wing_tube_l,BaseConnection
front_flange_l,TopConnector,front_motor_l,Base_Connector
front_flange_l,BottomConnector,front_rail_l,EndConnection
front_rail_l,BaseConnection,side_hub_l,Side_Connector_3
front_rail_l,EndConnection,front_flange_l,BottomConnector
top_leg_r,BaseConnection,rear_flange_r,BottomConnector
rear_flange_r,TopConnector,rear_motor_r,Base_Connector
rear_flange_r,BottomConnector,top_leg_r,BaseConnection
rear_flange_r,SideConnector,vertical_r,EndConnection
top_leg_l,BaseConnection,rear_flange_l,BottomConnector
rudder_tube_r,EndConnection,right_rudder,Wing_Tube_Connector
rudder_tube_r,BaseConnection,rear_hub_r,Center Connector
rudder_servo_l,Connector,left_rudder,Wing_Servo_Connector
mid_tube_r,EndConnection,side_hub_r,Side_Connector_2
mid_tube_r,BaseConnection,main_hub,Side_Connector_1
side_hub_l,Side_Connector_1,rear_rail_l,BaseConnection
side_hub_l,Side_Connector_2,mid_tube_l,EndConnection
side_hub_l,Side_Connector_3,front_rail_l,BaseConnection
rudder_tube_l,EndConnection,left_rudder,Wing_Tube_Connector
rudder_tube_l,BaseConnection,rear_hub_l,Center Connector
left_rudder,Wing_Servo_Connector,rudder_servo_l,Connector
left_rudder,Wing_Tube_Connector,rudder_tube_l,EndConnection
main_hub,Side_Connector_1,mid_tube_r,BaseConnection
main_hub,Orient_Connector,Orient,ORIENTCONN
main_hub,Top_Connector,capsule_fuselage,BottomConnector
main_hub,Side_Connector_3,mid_tube_l,BaseConnection
rear_prop_l,MOTOR_CONNECTOR_CS_IN,rear_motor_l,Prop_Connector
Main_Battery,Bottom_Connector,capsule_fuselage,FloorConnector1
Main_Battery,PowerBus,BatteryController,BatteryPower
BatteryController,BatteryPower,Main_Battery,PowerBus
BatteryController,MotorPower,rear_motor_r,MotorPower
BatteryController,MotorPower,front_motor_r,MotorPower
BatteryController,MotorPower,front_motor_l,MotorPower
BatteryController,MotorPower,rear_motor_l,MotorPower
Orient,ORIENTCONN,main_hub,Orient_Connector
vertical_r,BaseConnection,rear_hub_r,Side_Connector_2
vertical_r,OffsetConnection1,rear_right_wing,Wing_Tube_Connector
vertical_r,EndConnection,rear_flange_r,SideConnector
front_motor_l,Base_Connector,front_flange_l,TopConnector
front_motor_l,Prop_Connector,front_prop_l,MOTOR_CONNECTOR_CS_IN
front_motor_l,MotorPower,BatteryController,MotorPower
front_prop_l,MOTOR_CONNECTOR_CS_IN,front_motor_l,Prop_Connector
rear_prop_r,MOTOR_CONNECTOR_CS_IN,rear_motor_r,Prop_Connector
rear_motor_r,Prop_Connector,rear_prop_r,MOTOR_CONNECTOR_CS_IN
rear_motor_r,MotorPower,BatteryController,MotorPower
rear_motor_r,Base_Connector,rear_flange_r,TopConnector
rear_flange_l,SideConnector,vertical_l,EndConnection
rear_flange_l,BottomConnector,top_leg_l,BaseConnection
rear_flange_l,TopConnector,rear_motor_l,Base_Connector
rear_rail_l,EndConnection,rear_hub_l,Side_Connector_1
rear_rail_l,BaseConnection,side_hub_l,Side_Connector_1
front_motor_r,Prop_Connector,front_prop_r,MOTOR_CONNECTOR_CS_IN
front_motor_r,MotorPower,BatteryController,MotorPower
front_motor_r,Base_Connector,front_flange_r,TopConnector
front_left_wing,Wing_Tube_Connector,front_wing_tube_l,EndConnection
front_left_wing,Wing_Servo_Connector,front_servo_l,Connector
rear_hub_l,Side_Connector_1,rear_rail_l,EndConnection
rear_hub_l,Center Connector,rudder_tube_l,BaseConnection
rear_hub_l,Side_Connector_3,bottom_leg_l,BaseConnection
rear_hub_l,Side_Connector_2,vertical_l,BaseConnection
side_hub_r,Side_Connector_3,front_rail_r,BaseConnection
side_hub_r,Side_Connector_2,mid_tube_r,EndConnection
side_hub_r,Side_Connector_1,rear_rail_r,BaseConnection
front_right_wing,Wing_Servo_Connector,front_servo_r,Connector
front_right_wing,Wing_Tube_Connector,front_wing_tube_r,EndConnection
right_rudder,Wing_Tube_Connector,rudder_tube_r,EndConnection
right_rudder,Wing_Servo_Connector,rudder_servo_r,Connector
bottom_leg_r,BaseConnection,rear_hub_r,Side_Connector_1
rear_right_wing,Wing_Tube_Connector,vertical_r,OffsetConnection1
rear_right_wing,Wing_Servo_Connector,rear_servo_l,Connector
front_rail_r,EndConnection,front_flange_r,BottomConnector
front_rail_r,BaseConnection,side_hub_r,Side_Connector_3
