[
  {
    "DESIGN_PARAM": "Param_11",
    "DESIGN_PARAM_VAL": "180",
    "COMPONENT_NAME": "mid_tube_l",
    "COMPONENT_PARAM": "END_ROT"
  },
  {
    "DESIGN_PARAM": "Param_11",
    "DESIGN_PARAM_VAL": "180",
    "COMPONENT_NAME": "front_right_wing",
    "COMPONENT_PARAM": "TUBE_ROTATION"
  },
  {
    "DESIGN_PARAM": "Param_11",
    "DESIGN_PARAM_VAL": "180",
    "COMPONENT_NAME": "front_left_wing",
    "COMPONENT_PARAM": "TUBE_ROTATION"
  },
  {
    "DESIGN_PARAM": "Param_11",
    "DESIGN_PARAM_VAL": "180",
    "COMPONENT_NAME": "left_rudder",
    "COMPONENT_PARAM": "TUBE_ROTATION"
  },
  {
    "DESIGN_PARAM": "front_wing_chord",
    "DESIGN_PARAM_VAL": "150",
    "COMPONENT_NAME": "front_left_wing",
    "COMPONENT_PARAM": "CHORD_1"
  },
  {
    "DESIGN_PARAM": "front_wing_chord",
    "DESIGN_PARAM_VAL": "150",
    "COMPONENT_NAME": "front_left_wing",
    "COMPONENT_PARAM": "CHORD_2"
  },
  {
    "DESIGN_PARAM": "front_wing_chord",
    "DESIGN_PARAM_VAL": "150",
    "COMPONENT_NAME": "front_right_wing",
    "COMPONENT_PARAM": "CHORD_1"
  },
  {
    "DESIGN_PARAM": "front_wing_chord",
    "DESIGN_PARAM_VAL": "150",
    "COMPONENT_NAME": "front_right_wing",
    "COMPONENT_PARAM": "CHORD_2"
  },
  {
    "DESIGN_PARAM": "Rear_Rail_Length",
    "DESIGN_PARAM_VAL": "220",
    "COMPONENT_NAME": "rear_rail_l",
    "COMPONENT_PARAM": "Length"
  },
  {
    "DESIGN_PARAM": "Rear_Rail_Length",
    "DESIGN_PARAM_VAL": "220",
    "COMPONENT_NAME": "rear_rail_r",
    "COMPONENT_PARAM": "Length"
  },
  {
    "DESIGN_PARAM": "Front_Wing_Tube_Length",
    "DESIGN_PARAM_VAL": "55",
    "COMPONENT_NAME": "front_wing_tube_r",
    "COMPONENT_PARAM": "Length"
  },
  {
    "DESIGN_PARAM": "Front_Wing_Tube_Length",
    "DESIGN_PARAM_VAL": "55",
    "COMPONENT_NAME": "front_wing_tube_l",
    "COMPONENT_PARAM": "Length"
  },
  {
    "DESIGN_PARAM": "Rudder_Tube_Length",
    "DESIGN_PARAM_VAL": "41",
    "COMPONENT_NAME": "rudder_tube_l",
    "COMPONENT_PARAM": "Length"
  },
  {
    "DESIGN_PARAM": "Rudder_Tube_Length",
    "DESIGN_PARAM_VAL": "41",
    "COMPONENT_NAME": "rudder_tube_r",
    "COMPONENT_PARAM": "Length"
  },
  {
    "DESIGN_PARAM": "rear_wing_span",
    "DESIGN_PARAM_VAL": "609",
    "COMPONENT_NAME": "rear_left_wing",
    "COMPONENT_PARAM": "SPAN"
  },
  {
    "DESIGN_PARAM": "rear_wing_span",
    "DESIGN_PARAM_VAL": "609",
    "COMPONENT_NAME": "rear_right_wing",
    "COMPONENT_PARAM": "SPAN"
  },
  {
    "DESIGN_PARAM": "NACA_profile",
    "DESIGN_PARAM_VAL": "0012",
    "COMPONENT_NAME": "left_rudder",
    "COMPONENT_PARAM": "NACA_Profile"
  },
  {
    "DESIGN_PARAM": "NACA_profile",
    "DESIGN_PARAM_VAL": "0012",
    "COMPONENT_NAME": "right_rudder",
    "COMPONENT_PARAM": "NACA_Profile"
  },
  {
    "DESIGN_PARAM": "NACA_profile",
    "DESIGN_PARAM_VAL": "0012",
    "COMPONENT_NAME": "rear_left_wing",
    "COMPONENT_PARAM": "NACA_Profile"
  },
  {
    "DESIGN_PARAM": "NACA_profile",
    "DESIGN_PARAM_VAL": "0012",
    "COMPONENT_NAME": "rear_right_wing",
    "COMPONENT_PARAM": "NACA_Profile"
  },
  {
    "DESIGN_PARAM": "NACA_profile",
    "DESIGN_PARAM_VAL": "0012",
    "COMPONENT_NAME": "front_left_wing",
    "COMPONENT_PARAM": "NACA_Profile"
  },
  {
    "DESIGN_PARAM": "NACA_profile",
    "DESIGN_PARAM_VAL": "0012",
    "COMPONENT_NAME": "front_right_wing",
    "COMPONENT_PARAM": "NACA_Profile"
  },
  {
    "DESIGN_PARAM": "Mid_Tube_Length",
    "DESIGN_PARAM_VAL": "140",
    "COMPONENT_NAME": "mid_tube_r",
    "COMPONENT_PARAM": "Length"
  },
  {
    "DESIGN_PARAM": "Mid_Tube_Length",
    "DESIGN_PARAM_VAL": "140",
    "COMPONENT_NAME": "mid_tube_l",
    "COMPONENT_PARAM": "Length"
  },
  {
    "DESIGN_PARAM": "front_r_wing_offset",
    "DESIGN_PARAM_VAL": "160.32",
    "COMPONENT_NAME": "front_right_wing",
    "COMPONENT_PARAM": "TUBE_OFFSET"
  },
  {
    "DESIGN_PARAM": "front_r_wing_offset",
    "DESIGN_PARAM_VAL": "160.32",
    "COMPONENT_NAME": "rear_right_wing",
    "COMPONENT_PARAM": "TUBE_OFFSET"
  },
  {
    "DESIGN_PARAM": "Param_12",
    "DESIGN_PARAM_VAL": "90",
    "COMPONENT_NAME": "rear_hub_r",
    "COMPONENT_PARAM": "ANGHORZCONN"
  },
  {
    "DESIGN_PARAM": "Param_12",
    "DESIGN_PARAM_VAL": "90",
    "COMPONENT_NAME": "side_hub_r",
    "COMPONENT_PARAM": "ANGHORZCONN"
  },
  {
    "DESIGN_PARAM": "Param_12",
    "DESIGN_PARAM_VAL": "90",
    "COMPONENT_NAME": "rear_hub_l",
    "COMPONENT_PARAM": "ANGHORZCONN"
  },
  {
    "DESIGN_PARAM": "Param_12",
    "DESIGN_PARAM_VAL": "90",
    "COMPONENT_NAME": "main_hub",
    "COMPONENT_PARAM": "ANGHORZCONN"
  },
  {
    "DESIGN_PARAM": "Param_12",
    "DESIGN_PARAM_VAL": "90",
    "COMPONENT_NAME": "rear_right_wing",
    "COMPONENT_PARAM": "TUBE_ROTATION"
  },
  {
    "DESIGN_PARAM": "Param_12",
    "DESIGN_PARAM_VAL": "90",
    "COMPONENT_NAME": "side_hub_l",
    "COMPONENT_PARAM": "ANGHORZCONN"
  },
  {
    "DESIGN_PARAM": "Front_Rail_Length",
    "DESIGN_PARAM_VAL": "80",
    "COMPONENT_NAME": "front_rail_r",
    "COMPONENT_PARAM": "Length"
  },
  {
    "DESIGN_PARAM": "Front_Rail_Length",
    "DESIGN_PARAM_VAL": "80",
    "COMPONENT_NAME": "front_rail_l",
    "COMPONENT_PARAM": "Length"
  },
  {
    "DESIGN_PARAM": "Vertical_Tube_Length",
    "DESIGN_PARAM_VAL": "150",
    "COMPONENT_NAME": "capsule_fuselage",
    "COMPONENT_PARAM": "TUBE_LENGTH"
  },
  {
    "DESIGN_PARAM": "Vertical_Tube_Length",
    "DESIGN_PARAM_VAL": "150",
    "COMPONENT_NAME": "bottom_leg_r",
    "COMPONENT_PARAM": "Length"
  },
  {
    "DESIGN_PARAM": "Vertical_Tube_Length",
    "DESIGN_PARAM_VAL": "150",
    "COMPONENT_NAME": "vertical_r",
    "COMPONENT_PARAM": "Length"
  },
  {
    "DESIGN_PARAM": "Vertical_Tube_Length",
    "DESIGN_PARAM_VAL": "150",
    "COMPONENT_NAME": "vertical_l",
    "COMPONENT_PARAM": "Length"
  },
  {
    "DESIGN_PARAM": "Vertical_Tube_Length",
    "DESIGN_PARAM_VAL": "150",
    "COMPONENT_NAME": "bottom_leg_l",
    "COMPONENT_PARAM": "Length"
  },
  {
    "DESIGN_PARAM": "rear_wing_offset",
    "DESIGN_PARAM_VAL": "90",
    "COMPONENT_NAME": "vertical_r",
    "COMPONENT_PARAM": "Offset1"
  },
  {
    "DESIGN_PARAM": "rear_wing_offset",
    "DESIGN_PARAM_VAL": "90",
    "COMPONENT_NAME": "vertical_l",
    "COMPONENT_PARAM": "Offset1"
  },
  {
    "DESIGN_PARAM": "fuse_width",
    "DESIGN_PARAM_VAL": "80",
    "COMPONENT_NAME": "capsule_fuselage",
    "COMPONENT_PARAM": "HORZ_DIAMETER"
  },
  {
    "DESIGN_PARAM": "front_wing_span",
    "DESIGN_PARAM_VAL": "450",
    "COMPONENT_NAME": "front_right_wing",
    "COMPONENT_PARAM": "SPAN"
  },
  {
    "DESIGN_PARAM": "front_wing_span",
    "DESIGN_PARAM_VAL": "450",
    "COMPONENT_NAME": "front_left_wing",
    "COMPONENT_PARAM": "SPAN"
  },
  {
    "DESIGN_PARAM": "fuse_floor",
    "DESIGN_PARAM_VAL": "20",
    "COMPONENT_NAME": "capsule_fuselage",
    "COMPONENT_PARAM": "FLOOR_HEIGHT"
  },
  {
    "DESIGN_PARAM": "Top_Leg_Tube_Length",
    "DESIGN_PARAM_VAL": "150.1524",
    "COMPONENT_NAME": "top_leg_r",
    "COMPONENT_PARAM": "Length"
  },
  {
    "DESIGN_PARAM": "Top_Leg_Tube_Length",
    "DESIGN_PARAM_VAL": "150.1524",
    "COMPONENT_NAME": "top_leg_l",
    "COMPONENT_PARAM": "Length"
  },
  {
    "DESIGN_PARAM": "wing_thickness",
    "DESIGN_PARAM_VAL": "12",
    "COMPONENT_NAME": "front_left_wing",
    "COMPONENT_PARAM": "THICKNESS"
  },
  {
    "DESIGN_PARAM": "wing_thickness",
    "DESIGN_PARAM_VAL": "12",
    "COMPONENT_NAME": "front_right_wing",
    "COMPONENT_PARAM": "THICKNESS"
  },
  {
    "DESIGN_PARAM": "wing_thickness",
    "DESIGN_PARAM_VAL": "12",
    "COMPONENT_NAME": "rear_left_wing",
    "COMPONENT_PARAM": "THICKNESS"
  },
  {
    "DESIGN_PARAM": "wing_thickness",
    "DESIGN_PARAM_VAL": "12",
    "COMPONENT_NAME": "left_rudder",
    "COMPONENT_PARAM": "THICKNESS"
  },
  {
    "DESIGN_PARAM": "wing_thickness",
    "DESIGN_PARAM_VAL": "12",
    "COMPONENT_NAME": "rear_right_wing",
    "COMPONENT_PARAM": "THICKNESS"
  },
  {
    "DESIGN_PARAM": "wing_thickness",
    "DESIGN_PARAM_VAL": "12",
    "COMPONENT_NAME": "right_rudder",
    "COMPONENT_PARAM": "THICKNESS"
  },
  {
    "DESIGN_PARAM": "fuse_height",
    "DESIGN_PARAM_VAL": "105",
    "COMPONENT_NAME": "capsule_fuselage",
    "COMPONENT_PARAM": "VERT_DIAMETER"
  },
  {
    "DESIGN_PARAM": "rudder_chord",
    "DESIGN_PARAM_VAL": "100",
    "COMPONENT_NAME": "left_rudder",
    "COMPONENT_PARAM": "CHORD_1"
  },
  {
    "DESIGN_PARAM": "rudder_chord",
    "DESIGN_PARAM_VAL": "100",
    "COMPONENT_NAME": "left_rudder",
    "COMPONENT_PARAM": "CHORD_2"
  },
  {
    "DESIGN_PARAM": "rudder_chord",
    "DESIGN_PARAM_VAL": "100",
    "COMPONENT_NAME": "right_rudder",
    "COMPONENT_PARAM": "CHORD_2"
  },
  {
    "DESIGN_PARAM": "rudder_chord",
    "DESIGN_PARAM_VAL": "100",
    "COMPONENT_NAME": "right_rudder",
    "COMPONENT_PARAM": "CHORD_1"
  },
  {
    "DESIGN_PARAM": "r_rudder_offset",
    "DESIGN_PARAM_VAL": "50",
    "COMPONENT_NAME": "right_rudder",
    "COMPONENT_PARAM": "TUBE_OFFSET"
  },
  {
    "DESIGN_PARAM": "FwdFacingCW_PropType",
    "DESIGN_PARAM_VAL": "1",
    "COMPONENT_NAME": "rear_prop_r",
    "COMPONENT_PARAM": "Prop_type"
  },
  {
    "DESIGN_PARAM": "FwdFacingCW_PropType",
    "DESIGN_PARAM_VAL": "1",
    "COMPONENT_NAME": "front_prop_r",
    "COMPONENT_PARAM": "Prop_type"
  },
  {
    "DESIGN_PARAM": "FwdFacingCCW_PropType",
    "DESIGN_PARAM_VAL": "-1",
    "COMPONENT_NAME": "front_prop_l",
    "COMPONENT_PARAM": "Prop_type"
  },
  {
    "DESIGN_PARAM": "FwdFacingCCW_PropType",
    "DESIGN_PARAM_VAL": "-1",
    "COMPONENT_NAME": "rear_prop_l",
    "COMPONENT_PARAM": "Prop_type"
  },
  {
    "DESIGN_PARAM": "Param_14",
    "DESIGN_PARAM_VAL": "448.68",
    "COMPONENT_NAME": "rear_left_wing",
    "COMPONENT_PARAM": "TUBE_OFFSET"
  },
  {
    "DESIGN_PARAM": "rear_wing_chord",
    "DESIGN_PARAM_VAL": "180",
    "COMPONENT_NAME": "rear_right_wing",
    "COMPONENT_PARAM": "CHORD_1"
  },
  {
    "DESIGN_PARAM": "rear_wing_chord",
    "DESIGN_PARAM_VAL": "180",
    "COMPONENT_NAME": "rear_left_wing",
    "COMPONENT_PARAM": "CHORD_1"
  },
  {
    "DESIGN_PARAM": "rear_wing_chord",
    "DESIGN_PARAM_VAL": "180",
    "COMPONENT_NAME": "rear_right_wing",
    "COMPONENT_PARAM": "CHORD_2"
  },
  {
    "DESIGN_PARAM": "rear_wing_chord",
    "DESIGN_PARAM_VAL": "180",
    "COMPONENT_NAME": "rear_left_wing",
    "COMPONENT_PARAM": "CHORD_2"
  },
  {
    "DESIGN_PARAM": "BodyRotAngle",
    "DESIGN_PARAM_VAL": "90",
    "COMPONENT_NAME": "capsule_fuselage",
    "COMPONENT_PARAM": "BOTTOM_CONNECTOR_ROTATION"
  },
  {
    "DESIGN_PARAM": "BodyRotAngle",
    "DESIGN_PARAM_VAL": "90",
    "COMPONENT_NAME": "rear_rail_l",
    "COMPONENT_PARAM": "END_ROT"
  },
  {
    "DESIGN_PARAM": "BodyRotAngle",
    "DESIGN_PARAM_VAL": "90",
    "COMPONENT_NAME": "front_rail_r",
    "COMPONENT_PARAM": "END_ROT"
  },
  {
    "DESIGN_PARAM": "BodyRotAngle",
    "DESIGN_PARAM_VAL": "90",
    "COMPONENT_NAME": "vertical_l",
    "COMPONENT_PARAM": "END_ROT"
  },
  {
    "DESIGN_PARAM": "BodyRotAngle",
    "DESIGN_PARAM_VAL": "90",
    "COMPONENT_NAME": "rear_rail_r",
    "COMPONENT_PARAM": "END_ROT"
  },
  {
    "DESIGN_PARAM": "BodyRotAngle",
    "DESIGN_PARAM_VAL": "90",
    "COMPONENT_NAME": "front_flange_r",
    "COMPONENT_PARAM": "BOTTOM_ANGLE"
  },
  {
    "DESIGN_PARAM": "front_l_wing_offset",
    "DESIGN_PARAM_VAL": "289.68",
    "COMPONENT_NAME": "front_left_wing",
    "COMPONENT_PARAM": "TUBE_OFFSET"
  },
  {
    "DESIGN_PARAM": "FwdFacingCCW_Spin",
    "DESIGN_PARAM_VAL": "-1",
    "COMPONENT_NAME": "front_prop_l",
    "COMPONENT_PARAM": "Direction"
  },
  {
    "DESIGN_PARAM": "FwdFacingCCW_Spin",
    "DESIGN_PARAM_VAL": "-1",
    "COMPONENT_NAME": "rear_prop_l",
    "COMPONENT_PARAM": "Direction"
  },
  {
    "DESIGN_PARAM": "FwdFacingCW_Spin",
    "DESIGN_PARAM_VAL": "1",
    "COMPONENT_NAME": "rear_prop_r",
    "COMPONENT_PARAM": "Direction"
  },
  {
    "DESIGN_PARAM": "FwdFacingCW_Spin",
    "DESIGN_PARAM_VAL": "1",
    "COMPONENT_NAME": "front_prop_r",
    "COMPONENT_PARAM": "Direction"
  },
  {
    "DESIGN_PARAM": "angle_270",
    "DESIGN_PARAM_VAL": "270",
    "COMPONENT_NAME": "front_rail_l",
    "COMPONENT_PARAM": "END_ROT"
  },
  {
    "DESIGN_PARAM": "angle_270",
    "DESIGN_PARAM_VAL": "270",
    "COMPONENT_NAME": "rear_left_wing",
    "COMPONENT_PARAM": "TUBE_ROTATION"
  },
  {
    "DESIGN_PARAM": "angle_270",
    "DESIGN_PARAM_VAL": "270",
    "COMPONENT_NAME": "vertical_r",
    "COMPONENT_PARAM": "END_ROT"
  },
  {
    "DESIGN_PARAM": "l_rudder_offset",
    "DESIGN_PARAM_VAL": "90",
    "COMPONENT_NAME": "left_rudder",
    "COMPONENT_PARAM": "TUBE_OFFSET"
  },
  {
    "DESIGN_PARAM": "l_rudder_offset",
    "DESIGN_PARAM_VAL": "90",
    "COMPONENT_NAME": "Orient",
    "COMPONENT_PARAM": "Z_ANGLE"
  },
  {
    "DESIGN_PARAM": "rudder_span",
    "DESIGN_PARAM_VAL": "140",
    "COMPONENT_NAME": "right_rudder",
    "COMPONENT_PARAM": "SPAN"
  },
  {
    "DESIGN_PARAM": "rudder_span",
    "DESIGN_PARAM_VAL": "140",
    "COMPONENT_NAME": "left_rudder",
    "COMPONENT_PARAM": "SPAN"
  }
]
