[
  {
    "FROM_COMP": "front_servo_l",
    "FROM_CONN": "Connector",
    "TO_COMP": "front_left_wing",
    "TO_CONN": "Wing_Servo_Connector"
  },
  {
    "FROM_COMP": "front_wing_tube_r",
    "FROM_CONN": "EndConnection",
    "TO_COMP": "front_right_wing",
    "TO_CONN": "Wing_Tube_Connector"
  },
  {
    "FROM_COMP": "front_wing_tube_r",
    "FROM_CONN": "BaseConnection",
    "TO_COMP": "front_flange_r",
    "TO_CONN": "SideConnector"
  },
  {
    "FROM_COMP": "rear_rail_r",
    "FROM_CONN": "EndConnection",
    "TO_COMP": "rear_hub_r",
    "TO_CONN": "Side_Connector_3"
  },
  {
    "FROM_COMP": "rear_rail_r",
    "FROM_CONN": "BaseConnection",
    "TO_COMP": "side_hub_r",
    "TO_CONN": "Side_Connector_1"
  },
  {
    "FROM_COMP": "rudder_servo_r",
    "FROM_CONN": "Connector",
    "TO_COMP": "right_rudder",
    "TO_CONN": "Wing_Servo_Connector"
  },
  {
    "FROM_COMP": "rear_servo_r",
    "FROM_CONN": "Connector",
    "TO_COMP": "rear_left_wing",
    "TO_CONN": "Wing_Servo_Connector"
  },
  {
    "FROM_COMP": "rear_left_wing",
    "FROM_CONN": "Wing_Servo_Connector",
    "TO_COMP": "rear_servo_r",
    "TO_CONN": "Connector"
  },
  {
    "FROM_COMP": "rear_left_wing",
    "FROM_CONN": "Wing_Tube_Connector",
    "TO_COMP": "vertical_l",
    "TO_CONN": "OffsetConnection1"
  },
  {
    "FROM_COMP": "rear_hub_r",
    "FROM_CONN": "Side_Connector_2",
    "TO_COMP": "vertical_r",
    "TO_CONN": "BaseConnection"
  },
  {
    "FROM_COMP": "rear_hub_r",
    "FROM_CONN": "Side_Connector_1",
    "TO_COMP": "bottom_leg_r",
    "TO_CONN": "BaseConnection"
  },
  {
    "FROM_COMP": "rear_hub_r",
    "FROM_CONN": "Side_Connector_3",
    "TO_COMP": "rear_rail_r",
    "TO_CONN": "EndConnection"
  },
  {
    "FROM_COMP": "rear_hub_r",
    "FROM_CONN": "Center Connector",
    "TO_COMP": "rudder_tube_r",
    "TO_CONN": "BaseConnection"
  },
  {
    "FROM_COMP": "front_flange_r",
    "FROM_CONN": "TopConnector",
    "TO_COMP": "front_motor_r",
    "TO_CONN": "Base_Connector"
  },
  {
    "FROM_COMP": "front_flange_r",
    "FROM_CONN": "BottomConnector",
    "TO_COMP": "front_rail_r",
    "TO_CONN": "EndConnection"
  },
  {
    "FROM_COMP": "front_flange_r",
    "FROM_CONN": "SideConnector",
    "TO_COMP": "front_wing_tube_r",
    "TO_CONN": "BaseConnection"
  },
  {
    "FROM_COMP": "front_servo_r",
    "FROM_CONN": "Connector",
    "TO_COMP": "front_right_wing",
    "TO_CONN": "Wing_Servo_Connector"
  },
  {
    "FROM_COMP": "rear_servo_l",
    "FROM_CONN": "Connector",
    "TO_COMP": "rear_right_wing",
    "TO_CONN": "Wing_Servo_Connector"
  },
  {
    "FROM_COMP": "front_wing_tube_l",
    "FROM_CONN": "EndConnection",
    "TO_COMP": "front_left_wing",
    "TO_CONN": "Wing_Tube_Connector"
  },
  {
    "FROM_COMP": "front_wing_tube_l",
    "FROM_CONN": "BaseConnection",
    "TO_COMP": "front_flange_l",
    "TO_CONN": "SideConnector"
  },
  {
    "FROM_COMP": "mid_tube_l",
    "FROM_CONN": "EndConnection",
    "TO_COMP": "side_hub_l",
    "TO_CONN": "Side_Connector_2"
  },
  {
    "FROM_COMP": "mid_tube_l",
    "FROM_CONN": "BaseConnection",
    "TO_COMP": "main_hub",
    "TO_CONN": "Side_Connector_3"
  },
  {
    "FROM_COMP": "capsule_fuselage",
    "FROM_CONN": "FloorConnector1",
    "TO_COMP": "Main_Battery",
    "TO_CONN": "Bottom_Connector"
  },
  {
    "FROM_COMP": "capsule_fuselage",
    "FROM_CONN": "BottomConnector",
    "TO_COMP": "main_hub",
    "TO_CONN": "Top_Connector"
  },
  {
    "FROM_COMP": "front_prop_r",
    "FROM_CONN": "MOTOR_CONNECTOR_CS_IN",
    "TO_COMP": "front_motor_r",
    "TO_CONN": "Prop_Connector"
  },
  {
    "FROM_COMP": "rear_motor_l",
    "FROM_CONN": "Prop_Connector",
    "TO_COMP": "rear_prop_l",
    "TO_CONN": "MOTOR_CONNECTOR_CS_IN"
  },
  {
    "FROM_COMP": "rear_motor_l",
    "FROM_CONN": "Base_Connector",
    "TO_COMP": "rear_flange_l",
    "TO_CONN": "TopConnector"
  },
  {
    "FROM_COMP": "rear_motor_l",
    "FROM_CONN": "MotorPower",
    "TO_COMP": "BatteryController",
    "TO_CONN": "MotorPower"
  },
  {
    "FROM_COMP": "vertical_l",
    "FROM_CONN": "BaseConnection",
    "TO_COMP": "rear_hub_l",
    "TO_CONN": "Side_Connector_2"
  },
  {
    "FROM_COMP": "vertical_l",
    "FROM_CONN": "EndConnection",
    "TO_COMP": "rear_flange_l",
    "TO_CONN": "SideConnector"
  },
  {
    "FROM_COMP": "vertical_l",
    "FROM_CONN": "OffsetConnection1",
    "TO_COMP": "rear_left_wing",
    "TO_CONN": "Wing_Tube_Connector"
  },
  {
    "FROM_COMP": "bottom_leg_l",
    "FROM_CONN": "BaseConnection",
    "TO_COMP": "rear_hub_l",
    "TO_CONN": "Side_Connector_3"
  },
  {
    "FROM_COMP": "front_flange_l",
    "FROM_CONN": "SideConnector",
    "TO_COMP": "front_wing_tube_l",
    "TO_CONN": "BaseConnection"
  },
  {
    "FROM_COMP": "front_flange_l",
    "FROM_CONN": "TopConnector",
    "TO_COMP": "front_motor_l",
    "TO_CONN": "Base_Connector"
  },
  {
    "FROM_COMP": "front_flange_l",
    "FROM_CONN": "BottomConnector",
    "TO_COMP": "front_rail_l",
    "TO_CONN": "EndConnection"
  },
  {
    "FROM_COMP": "front_rail_l",
    "FROM_CONN": "BaseConnection",
    "TO_COMP": "side_hub_l",
    "TO_CONN": "Side_Connector_3"
  },
  {
    "FROM_COMP": "front_rail_l",
    "FROM_CONN": "EndConnection",
    "TO_COMP": "front_flange_l",
    "TO_CONN": "BottomConnector"
  },
  {
    "FROM_COMP": "top_leg_r",
    "FROM_CONN": "BaseConnection",
    "TO_COMP": "rear_flange_r",
    "TO_CONN": "BottomConnector"
  },
  {
    "FROM_COMP": "rear_flange_r",
    "FROM_CONN": "TopConnector",
    "TO_COMP": "rear_motor_r",
    "TO_CONN": "Base_Connector"
  },
  {
    "FROM_COMP": "rear_flange_r",
    "FROM_CONN": "BottomConnector",
    "TO_COMP": "top_leg_r",
    "TO_CONN": "BaseConnection"
  },
  {
    "FROM_COMP": "rear_flange_r",
    "FROM_CONN": "SideConnector",
    "TO_COMP": "vertical_r",
    "TO_CONN": "EndConnection"
  },
  {
    "FROM_COMP": "top_leg_l",
    "FROM_CONN": "BaseConnection",
    "TO_COMP": "rear_flange_l",
    "TO_CONN": "BottomConnector"
  },
  {
    "FROM_COMP": "rudder_tube_r",
    "FROM_CONN": "EndConnection",
    "TO_COMP": "right_rudder",
    "TO_CONN": "Wing_Tube_Connector"
  },
  {
    "FROM_COMP": "rudder_tube_r",
    "FROM_CONN": "BaseConnection",
    "TO_COMP": "rear_hub_r",
    "TO_CONN": "Center Connector"
  },
  {
    "FROM_COMP": "rudder_servo_l",
    "FROM_CONN": "Connector",
    "TO_COMP": "left_rudder",
    "TO_CONN": "Wing_Servo_Connector"
  },
  {
    "FROM_COMP": "mid_tube_r",
    "FROM_CONN": "EndConnection",
    "TO_COMP": "side_hub_r",
    "TO_CONN": "Side_Connector_2"
  },
  {
    "FROM_COMP": "mid_tube_r",
    "FROM_CONN": "BaseConnection",
    "TO_COMP": "main_hub",
    "TO_CONN": "Side_Connector_1"
  },
  {
    "FROM_COMP": "side_hub_l",
    "FROM_CONN": "Side_Connector_1",
    "TO_COMP": "rear_rail_l",
    "TO_CONN": "BaseConnection"
  },
  {
    "FROM_COMP": "side_hub_l",
    "FROM_CONN": "Side_Connector_2",
    "TO_COMP": "mid_tube_l",
    "TO_CONN": "EndConnection"
  },
  {
    "FROM_COMP": "side_hub_l",
    "FROM_CONN": "Side_Connector_3",
    "TO_COMP": "front_rail_l",
    "TO_CONN": "BaseConnection"
  },
  {
    "FROM_COMP": "rudder_tube_l",
    "FROM_CONN": "EndConnection",
    "TO_COMP": "left_rudder",
    "TO_CONN": "Wing_Tube_Connector"
  },
  {
    "FROM_COMP": "rudder_tube_l",
    "FROM_CONN": "BaseConnection",
    "TO_COMP": "rear_hub_l",
    "TO_CONN": "Center Connector"
  },
  {
    "FROM_COMP": "left_rudder",
    "FROM_CONN": "Wing_Servo_Connector",
    "TO_COMP": "rudder_servo_l",
    "TO_CONN": "Connector"
  },
  {
    "FROM_COMP": "left_rudder",
    "FROM_CONN": "Wing_Tube_Connector",
    "TO_COMP": "rudder_tube_l",
    "TO_CONN": "EndConnection"
  },
  {
    "FROM_COMP": "main_hub",
    "FROM_CONN": "Side_Connector_1",
    "TO_COMP": "mid_tube_r",
    "TO_CONN": "BaseConnection"
  },
  {
    "FROM_COMP": "main_hub",
    "FROM_CONN": "Orient_Connector",
    "TO_COMP": "Orient",
    "TO_CONN": "ORIENTCONN"
  },
  {
    "FROM_COMP": "main_hub",
    "FROM_CONN": "Top_Connector",
    "TO_COMP": "capsule_fuselage",
    "TO_CONN": "BottomConnector"
  },
  {
    "FROM_COMP": "main_hub",
    "FROM_CONN": "Side_Connector_3",
    "TO_COMP": "mid_tube_l",
    "TO_CONN": "BaseConnection"
  },
  {
    "FROM_COMP": "rear_prop_l",
    "FROM_CONN": "MOTOR_CONNECTOR_CS_IN",
    "TO_COMP": "rear_motor_l",
    "TO_CONN": "Prop_Connector"
  },
  {
    "FROM_COMP": "Main_Battery",
    "FROM_CONN": "Bottom_Connector",
    "TO_COMP": "capsule_fuselage",
    "TO_CONN": "FloorConnector1"
  },
  {
    "FROM_COMP": "Main_Battery",
    "FROM_CONN": "PowerBus",
    "TO_COMP": "BatteryController",
    "TO_CONN": "BatteryPower"
  },
  {
    "FROM_COMP": "BatteryController",
    "FROM_CONN": "BatteryPower",
    "TO_COMP": "Main_Battery",
    "TO_CONN": "PowerBus"
  },
  {
    "FROM_COMP": "BatteryController",
    "FROM_CONN": "MotorPower",
    "TO_COMP": "rear_motor_r",
    "TO_CONN": "MotorPower"
  },
  {
    "FROM_COMP": "BatteryController",
    "FROM_CONN": "MotorPower",
    "TO_COMP": "front_motor_r",
    "TO_CONN": "MotorPower"
  },
  {
    "FROM_COMP": "BatteryController",
    "FROM_CONN": "MotorPower",
    "TO_COMP": "front_motor_l",
    "TO_CONN": "MotorPower"
  },
  {
    "FROM_COMP": "BatteryController",
    "FROM_CONN": "MotorPower",
    "TO_COMP": "rear_motor_l",
    "TO_CONN": "MotorPower"
  },
  {
    "FROM_COMP": "Orient",
    "FROM_CONN": "ORIENTCONN",
    "TO_COMP": "main_hub",
    "TO_CONN": "Orient_Connector"
  },
  {
    "FROM_COMP": "vertical_r",
    "FROM_CONN": "BaseConnection",
    "TO_COMP": "rear_hub_r",
    "TO_CONN": "Side_Connector_2"
  },
  {
    "FROM_COMP": "vertical_r",
    "FROM_CONN": "OffsetConnection1",
    "TO_COMP": "rear_right_wing",
    "TO_CONN": "Wing_Tube_Connector"
  },
  {
    "FROM_COMP": "vertical_r",
    "FROM_CONN": "EndConnection",
    "TO_COMP": "rear_flange_r",
    "TO_CONN": "SideConnector"
  },
  {
    "FROM_COMP": "front_motor_l",
    "FROM_CONN": "Base_Connector",
    "TO_COMP": "front_flange_l",
    "TO_CONN": "TopConnector"
  },
  {
    "FROM_COMP": "front_motor_l",
    "FROM_CONN": "Prop_Connector",
    "TO_COMP": "front_prop_l",
    "TO_CONN": "MOTOR_CONNECTOR_CS_IN"
  },
  {
    "FROM_COMP": "front_motor_l",
    "FROM_CONN": "MotorPower",
    "TO_COMP": "BatteryController",
    "TO_CONN": "MotorPower"
  },
  {
    "FROM_COMP": "front_prop_l",
    "FROM_CONN": "MOTOR_CONNECTOR_CS_IN",
    "TO_COMP": "front_motor_l",
    "TO_CONN": "Prop_Connector"
  },
  {
    "FROM_COMP": "rear_prop_r",
    "FROM_CONN": "MOTOR_CONNECTOR_CS_IN",
    "TO_COMP": "rear_motor_r",
    "TO_CONN": "Prop_Connector"
  },
  {
    "FROM_COMP": "rear_motor_r",
    "FROM_CONN": "Prop_Connector",
    "TO_COMP": "rear_prop_r",
    "TO_CONN": "MOTOR_CONNECTOR_CS_IN"
  },
  {
    "FROM_COMP": "rear_motor_r",
    "FROM_CONN": "MotorPower",
    "TO_COMP": "BatteryController",
    "TO_CONN": "MotorPower"
  },
  {
    "FROM_COMP": "rear_motor_r",
    "FROM_CONN": "Base_Connector",
    "TO_COMP": "rear_flange_r",
    "TO_CONN": "TopConnector"
  },
  {
    "FROM_COMP": "rear_flange_l",
    "FROM_CONN": "SideConnector",
    "TO_COMP": "vertical_l",
    "TO_CONN": "EndConnection"
  },
  {
    "FROM_COMP": "rear_flange_l",
    "FROM_CONN": "BottomConnector",
    "TO_COMP": "top_leg_l",
    "TO_CONN": "BaseConnection"
  },
  {
    "FROM_COMP": "rear_flange_l",
    "FROM_CONN": "TopConnector",
    "TO_COMP": "rear_motor_l",
    "TO_CONN": "Base_Connector"
  },
  {
    "FROM_COMP": "rear_rail_l",
    "FROM_CONN": "EndConnection",
    "TO_COMP": "rear_hub_l",
    "TO_CONN": "Side_Connector_1"
  },
  {
    "FROM_COMP": "rear_rail_l",
    "FROM_CONN": "BaseConnection",
    "TO_COMP": "side_hub_l",
    "TO_CONN": "Side_Connector_1"
  },
  {
    "FROM_COMP": "front_motor_r",
    "FROM_CONN": "Prop_Connector",
    "TO_COMP": "front_prop_r",
    "TO_CONN": "MOTOR_CONNECTOR_CS_IN"
  },
  {
    "FROM_COMP": "front_motor_r",
    "FROM_CONN": "MotorPower",
    "TO_COMP": "BatteryController",
    "TO_CONN": "MotorPower"
  },
  {
    "FROM_COMP": "front_motor_r",
    "FROM_CONN": "Base_Connector",
    "TO_COMP": "front_flange_r",
    "TO_CONN": "TopConnector"
  },
  {
    "FROM_COMP": "front_left_wing",
    "FROM_CONN": "Wing_Tube_Connector",
    "TO_COMP": "front_wing_tube_l",
    "TO_CONN": "EndConnection"
  },
  {
    "FROM_COMP": "front_left_wing",
    "FROM_CONN": "Wing_Servo_Connector",
    "TO_COMP": "front_servo_l",
    "TO_CONN": "Connector"
  },
  {
    "FROM_COMP": "rear_hub_l",
    "FROM_CONN": "Side_Connector_1",
    "TO_COMP": "rear_rail_l",
    "TO_CONN": "EndConnection"
  },
  {
    "FROM_COMP": "rear_hub_l",
    "FROM_CONN": "Center Connector",
    "TO_COMP": "rudder_tube_l",
    "TO_CONN": "BaseConnection"
  },
  {
    "FROM_COMP": "rear_hub_l",
    "FROM_CONN": "Side_Connector_3",
    "TO_COMP": "bottom_leg_l",
    "TO_CONN": "BaseConnection"
  },
  {
    "FROM_COMP": "rear_hub_l",
    "FROM_CONN": "Side_Connector_2",
    "TO_COMP": "vertical_l",
    "TO_CONN": "BaseConnection"
  },
  {
    "FROM_COMP": "side_hub_r",
    "FROM_CONN": "Side_Connector_3",
    "TO_COMP": "front_rail_r",
    "TO_CONN": "BaseConnection"
  },
  {
    "FROM_COMP": "side_hub_r",
    "FROM_CONN": "Side_Connector_2",
    "TO_COMP": "mid_tube_r",
    "TO_CONN": "EndConnection"
  },
  {
    "FROM_COMP": "side_hub_r",
    "FROM_CONN": "Side_Connector_1",
    "TO_COMP": "rear_rail_r",
    "TO_CONN": "BaseConnection"
  },
  {
    "FROM_COMP": "front_right_wing",
    "FROM_CONN": "Wing_Servo_Connector",
    "TO_COMP": "front_servo_r",
    "TO_CONN": "Connector"
  },
  {
    "FROM_COMP": "front_right_wing",
    "FROM_CONN": "Wing_Tube_Connector",
    "TO_COMP": "front_wing_tube_r",
    "TO_CONN": "EndConnection"
  },
  {
    "FROM_COMP": "right_rudder",
    "FROM_CONN": "Wing_Tube_Connector",
    "TO_COMP": "rudder_tube_r",
    "TO_CONN": "EndConnection"
  },
  {
    "FROM_COMP": "right_rudder",
    "FROM_CONN": "Wing_Servo_Connector",
    "TO_COMP": "rudder_servo_r",
    "TO_CONN": "Connector"
  },
  {
    "FROM_COMP": "bottom_leg_r",
    "FROM_CONN": "BaseConnection",
    "TO_COMP": "rear_hub_r",
    "TO_CONN": "Side_Connector_1"
  },
  {
    "FROM_COMP": "rear_right_wing",
    "FROM_CONN": "Wing_Tube_Connector",
    "TO_COMP": "vertical_r",
    "TO_CONN": "OffsetConnection1"
  },
  {
    "FROM_COMP": "rear_right_wing",
    "FROM_CONN": "Wing_Servo_Connector",
    "TO_COMP": "rear_servo_l",
    "TO_CONN": "Connector"
  },
  {
    "FROM_COMP": "front_rail_r",
    "FROM_CONN": "EndConnection",
    "TO_COMP": "front_flange_r",
    "TO_CONN": "BottomConnector"
  },
  {
    "FROM_COMP": "front_rail_r",
    "FROM_CONN": "BaseConnection",
    "TO_COMP": "side_hub_r",
    "TO_CONN": "Side_Connector_3"
  }
]
