[{"comp": "Autopilot", "prop": "ROTATION", "assigned_val": "0"}, {"comp": "BatteryController", "prop": "Input_Voltage", "assigned_val": "1"}, {"comp": "BatteryController", "prop": "Output_Voltage", "assigned_val": "1"}, {"comp": "Cargo", "prop": "WEIGHT", "assigned_val": "0.5"}, {"comp": "Voltage", "prop": "ROTATION", "assigned_val": "0"}, {"comp": "Current", "prop": "ROTATION", "assigned_val": "0"}, {"comp": "GPS", "prop": "ROTATION", "assigned_val": "0"}, {"comp": "RpmTemp", "prop": "ROTATION", "assigned_val": "0"}, {"comp": "Variometer", "prop": "ROTATION", "assigned_val": "0"}]