[{"comp": "Autopilot", "prop": "LENGTH", "prop_val": "84.0"}, {"comp": "Autopilot", "prop": "HEIGHT", "prop_val": "12.0"}, {"comp": "Autopilot", "prop": "Manufacturer", "prop_val": "Pixhawk"}, {"comp": "Autopilot", "prop": "CORPUS", "prop_val": "UAV"}, {"comp": "Autopilot", "prop": "WIDTH", "prop_val": "44.0"}, {"comp": "Autopilot", "prop": "Model", "prop_val": "Pixhawk_4"}, {"comp": "Autopilot", "prop": "WEIGHT", "prop_val": "0.049"}, {"comp": "BatteryController", "prop": "CORPUS", "prop_val": "BOTH"}, {"comp": "Cargo", "prop": "CORPUS", "prop_val": "UAV"}, {"comp": "Cargo", "prop": "HEIGHT", "prop_val": "125"}, {"comp": "Cargo", "prop": "WIDTH", "prop_val": "250"}, {"comp": "Cargo", "prop": "LENGTH", "prop_val": "250"}, {"comp": "Voltage", "prop": "Model", "prop_val": "FLVSS"}, {"comp": "Voltage", "prop": "CORPUS", "prop_val": "UAV"}, {"comp": "Voltage", "prop": "WIDTH", "prop_val": "23.0"}, {"comp": "Voltage", "prop": "LENGTH", "prop_val": "35.0"}, {"comp": "Voltage", "prop": "Manufacturer", "prop_val": "FrSKY"}, {"comp": "Voltage", "prop": "WEIGHT", "prop_val": "0.006"}, {"comp": "Voltage", "prop": "HEIGHT", "prop_val": "6.0"}, {"comp": "Current", "prop": "Model", "prop_val": "FCS_150A"}, {"comp": "Current", "prop": "WIDTH", "prop_val": "18.3"}, {"comp": "Current", "prop": "CORPUS", "prop_val": "UAV"}, {"comp": "Current", "prop": "WEIGHT", "prop_val": "0.0201"}, {"comp": "Current", "prop": "Manufacturer", "prop_val": "FrSKY"}, {"comp": "Current", "prop": "HEIGHT", "prop_val": "6.0"}, {"comp": "Current", "prop": "LENGTH", "prop_val": "31.1"}, {"comp": "GPS", "prop": "WIDTH", "prop_val": "60.0"}, {"comp": "GPS", "prop": "Manufacturer", "prop_val": "CUAV"}, {"comp": "GPS", "prop": "LENGTH", "prop_val": "60.0"}, {"comp": "GPS", "prop": "HEIGHT", "prop_val": "15.8"}, {"comp": "GPS", "prop": "WEIGHT", "prop_val": "0.033"}, {"comp": "GPS", "prop": "Model", "prop_val": "CUAV_NEO_3"}, {"comp": "GPS", "prop": "CORPUS", "prop_val": "UAV"}, {"comp": "ControlBox", "prop": "CC_6", "prop_val": "6"}, {"comp": "ControlBox", "prop": "CC_9", "prop_val": "9"}, {"comp": "ControlBox", "prop": "CC_29", "prop_val": "29"}, {"comp": "ControlBox", "prop": "CC_13", "prop_val": "13"}, {"comp": "ControlBox", "prop": "CC_37", "prop_val": "37"}, {"comp": "ControlBox", "prop": "CC_42", "prop_val": "42"}, {"comp": "ControlBox", "prop": "CC_28", "prop_val": "28"}, {"comp": "ControlBox", "prop": "CC_14", "prop_val": "14"}, {"comp": "ControlBox", "prop": "CC_19", "prop_val": "19"}, {"comp": "ControlBox", "prop": "CC_7", "prop_val": "7"}, {"comp": "ControlBox", "prop": "CC_47", "prop_val": "47"}, {"comp": "ControlBox", "prop": "CC_32", "prop_val": "32"}, {"comp": "ControlBox", "prop": "CC_21", "prop_val": "21"}, {"comp": "ControlBox", "prop": "CC_26", "prop_val": "26"}, {"comp": "ControlBox", "prop": "CC_24", "prop_val": "24"}, {"comp": "ControlBox", "prop": "CC_15", "prop_val": "15"}, {"comp": "ControlBox", "prop": "CC_31", "prop_val": "31"}, {"comp": "ControlBox", "prop": "CC_41", "prop_val": "41"}, {"comp": "ControlBox", "prop": "CC_38", "prop_val": "38"}, {"comp": "ControlBox", "prop": "CC_3", "prop_val": "3"}, {"comp": "ControlBox", "prop": "CC_8", "prop_val": "8"}, {"comp": "ControlBox", "prop": "CC_5", "prop_val": "5"}, {"comp": "ControlBox", "prop": "CC_10", "prop_val": "10"}, {"comp": "ControlBox", "prop": "CC_30", "prop_val": "30"}, {"comp": "ControlBox", "prop": "CC_20", "prop_val": "20"}, {"comp": "ControlBox", "prop": "CC_44", "prop_val": "44"}, {"comp": "ControlBox", "prop": "CC_25", "prop_val": "25"}, {"comp": "ControlBox", "prop": "CC_50", "prop_val": "50"}, {"comp": "ControlBox", "prop": "CC_2", "prop_val": "2"}, {"comp": "ControlBox", "prop": "CC_35", "prop_val": "35"}, {"comp": "ControlBox", "prop": "CC_39", "prop_val": "39"}, {"comp": "ControlBox", "prop": "CC_34", "prop_val": "34"}, {"comp": "ControlBox", "prop": "CC_4", "prop_val": "4"}, {"comp": "ControlBox", "prop": "CC_16", "prop_val": "16"}, {"comp": "ControlBox", "prop": "CC_45", "prop_val": "45"}, {"comp": "ControlBox", "prop": "CC_1", "prop_val": "1"}, {"comp": "ControlBox", "prop": "CC_27", "prop_val": "27"}, {"comp": "ControlBox", "prop": "CC_48", "prop_val": "48"}, {"comp": "ControlBox", "prop": "CC_46", "prop_val": "46"}, {"comp": "ControlBox", "prop": "CC_17", "prop_val": "17"}, {"comp": "ControlBox", "prop": "CC_22", "prop_val": "22"}, {"comp": "ControlBox", "prop": "CC_11", "prop_val": "11"}, {"comp": "ControlBox", "prop": "CC_33", "prop_val": "33"}, {"comp": "ControlBox", "prop": "CC_40", "prop_val": "40"}, {"comp": "ControlBox", "prop": "CC_43", "prop_val": "43"}, {"comp": "ControlBox", "prop": "CC_36", "prop_val": "36"}, {"comp": "ControlBox", "prop": "CC_12", "prop_val": "12"}, {"comp": "ControlBox", "prop": "CC_23", "prop_val": "23"}, {"comp": "ControlBox", "prop": "CC_18", "prop_val": "18"}, {"comp": "ControlBox", "prop": "CC_49", "prop_val": "49"}, {"comp": "RpmTemp", "prop": "Manufacturer", "prop_val": "FrSKY"}, {"comp": "RpmTemp", "prop": "Model", "prop_val": "SP_RPM"}, {"comp": "RpmTemp", "prop": "WIDTH", "prop_val": "20.0"}, {"comp": "RpmTemp", "prop": "WEIGHT", "prop_val": "0.0067"}, {"comp": "RpmTemp", "prop": "LENGTH", "prop_val": "29.0"}, {"comp": "RpmTemp", "prop": "HEIGHT", "prop_val": "2.0"}, {"comp": "RpmTemp", "prop": "CORPUS", "prop_val": "UAV"}, {"comp": "Variometer", "prop": "CORPUS", "prop_val": "UAV"}, {"comp": "Variometer", "prop": "WEIGHT", "prop_val": "0.0031"}, {"comp": "Variometer", "prop": "Model", "prop_val": "Vari_H"}, {"comp": "Variometer", "prop": "LENGTH", "prop_val": "31.1"}, {"comp": "Variometer", "prop": "Manufacturer", "prop_val": "FrSKY"}, {"comp": "Variometer", "prop": "WIDTH", "prop_val": "18.3"}, {"comp": "Variometer", "prop": "HEIGHT", "prop_val": "6.0"}]