{
    "NewAxe": [
        "Hub3",
        "Wing",
        "Battery",
        "Flange",
        "Tube",
        "Propeller",
        "BatteryController",
        "Fuselage",
        "Orient",
        "Motor"
    ],
    "NewAxe_Cargo": [
        "Hub3",
        "SensorAutopilot",
        "Wing",
        "SensorCurrent",
        "SensorRpmTemp",
        "Battery",
        "SensorVoltage",
        "Flange",
        "SensorVariometer",
        "Tube",
        "Propeller",
        "CargoCase",
        "SensorGPS",
        "BatteryController",
        "Cargo",
        "Fuselage",
        "Orient",
        "Motor"
    ],
    "PickAxe": [
        "Hub3",
        "SensorAutopilot",
        "SensorVariometer",
        "Tube",
        "CargoCase",
        "Cargo",
        "Motor",
        "SensorCurrent",
        "SensorRpmTemp",
        "Battery",
        "SensorVoltage",
        "Flange",
        "SensorGPS",
        "Fuselage",
        "Orient",
        "Hub2",
        "Wing",
        "Propeller",
        "BatteryController",
        "Hub4"
    ],
    "TestQuad": [
        "Battery",
        "Flange",
        "Hub4",
        "Tube",
        "Propeller",
        "BatteryController",
        "Fuselage",
        "Orient",
        "Motor"
    ],
    "TestQuad_Cargo": [
        "SensorAutopilot",
        "SensorCurrent",
        "SensorRpmTemp",
        "Battery",
        "SensorVariometer",
        "Flange",
        "SensorVoltage",
        "Tube",
        "Hub4",
        "Propeller",
        "CargoCase",
        "SensorGPS",
        "BatteryController",
        "Cargo",
        "Fuselage",
        "Orient",
        "Motor"
    ]
}