{
  "extra": {
    "generator_version": "2022-05-23"
  },
  "name": "design_72_3d08e273_3aea_4564_9e91_9dd6763147cf",
  "parameters": [
    {
      "parameter_name": "FrontBackPropArmMulti_23_PROP_OFFSET",
      "value": "724.2748615033031",
      "component_properties": [
        {
          "component_name": "StraightArm_67_1",
          "component_property": "TOP_CONN_DISP"
        },
        {
          "component_name": "StraightArm_67_1",
          "component_property": "BOTTOM_CONN_DISP"
        },
        {
          "component_name": "StraightArm_67_1",
          "component_property": "LEFT_CONN_DISP"
        },
        {
          "component_name": "StraightArm_67_1",
          "component_property": "RIGHT_CONN_DISP"
        },
        {
          "component_name": "StraightArm_67_2",
          "component_property": "TOP_CONN_DISP"
        },
        {
          "component_name": "StraightArm_67_2",
          "component_property": "BOTTOM_CONN_DISP"
        },
        {
          "component_name": "StraightArm_67_2",
          "component_property": "LEFT_CONN_DISP"
        },
        {
          "component_name": "StraightArm_67_2",
          "component_property": "RIGHT_CONN_DISP"
        }
      ]
    },
    {
      "parameter_name": "TailWingWithPropArm_10_PROP_OFFSET",
      "value": "310.6218391551033",
      "component_properties": [
        {
          "component_name": "StraightArm_69_1",
          "component_property": "TOP_CONN_DISP"
        },
        {
          "component_name": "StraightArm_69_1",
          "component_property": "BOTTOM_CONN_DISP"
        },
        {
          "component_name": "StraightArm_69_1",
          "component_property": "LEFT_CONN_DISP"
        },
        {
          "component_name": "StraightArm_69_1",
          "component_property": "RIGHT_CONN_DISP"
        },
        {
          "component_name": "StraightArm_69_2",
          "component_property": "TOP_CONN_DISP"
        },
        {
          "component_name": "StraightArm_69_2",
          "component_property": "BOTTOM_CONN_DISP"
        },
        {
          "component_name": "StraightArm_69_2",
          "component_property": "LEFT_CONN_DISP"
        },
        {
          "component_name": "StraightArm_69_2",
          "component_property": "RIGHT_CONN_DISP"
        }
      ]
    },
    {
      "parameter_name": "NACA_6321_THICKNESS",
      "value": "21",
      "component_properties": [
        {
          "component_name": "NACAPortConnector_1",
          "component_property": "THICKNESS"
        },
        {
          "component_name": "Wing_28_1",
          "component_property": "THICKNESS"
        },
        {
          "component_name": "Battery_55_1",
          "component_property": "THICKNESS"
        },
        {
          "component_name": "Wing_28_2",
          "component_property": "THICKNESS"
        },
        {
          "component_name": "Battery_56_1",
          "component_property": "THICKNESS"
        }
      ]
    },
    {
      "parameter_name": "TailWingWithPropArm_10_TAIL_WING_OFFSET",
      "value": "0.0",
      "component_properties": [
        {
          "component_name": "StraightArm_68_1",
          "component_property": "TOP_CONN_DISP"
        },
        {
          "component_name": "StraightArm_68_1",
          "component_property": "BOTTOM_CONN_DISP"
        },
        {
          "component_name": "StraightArm_68_1",
          "component_property": "LEFT_CONN_DISP"
        },
        {
          "component_name": "StraightArm_68_1",
          "component_property": "RIGHT_CONN_DISP"
        }
      ]
    },
    {
      "parameter_name": "WingPair_17_TAPER_OFFSET",
      "value": "1",
      "component_properties": [
        {
          "component_name": "Wing_28_1",
          "component_property": "TAPER_OFFSET"
        },
        {
          "component_name": "Battery_55_1",
          "component_property": "TAPER_OFFSET"
        },
        {
          "component_name": "Wing_28_2",
          "component_property": "TAPER_OFFSET"
        },
        {
          "component_name": "Battery_56_1",
          "component_property": "TAPER_OFFSET"
        }
      ]
    },
    {
      "parameter_name": "FrontBackPropArmMulti_22_PROP_SEGMENT_LENGTH",
      "value": "739.7476575046356",
      "component_properties": [
        {
          "component_name": "StraightArm_65_1",
          "component_property": "LENGTH"
        },
        {
          "component_name": "StraightArm_65_2",
          "component_property": "LENGTH"
        }
      ]
    },
    {
      "parameter_name": "NACA_6712_THICKNESS",
      "value": "12",
      "component_properties": [
        {
          "component_name": "Wing_27_1",
          "component_property": "THICKNESS"
        },
        {
          "component_name": "Battery_53_1",
          "component_property": "THICKNESS"
        },
        {
          "component_name": "Wing_27_2",
          "component_property": "THICKNESS"
        },
        {
          "component_name": "Battery_54_1",
          "component_property": "THICKNESS"
        }
      ]
    },
    {
      "parameter_name": "PosPropDir",
      "value": "1",
      "component_properties": [
        {
          "component_name": "Propeller_2",
          "component_property": "Direction"
        },
        {
          "component_name": "Propeller_4",
          "component_property": "Direction"
        },
        {
          "component_name": "Propeller_5",
          "component_property": "Direction"
        },
        {
          "component_name": "Propeller_7",
          "component_property": "Direction"
        },
        {
          "component_name": "Propeller_9",
          "component_property": "Direction"
        },
        {
          "component_name": "Propeller_11",
          "component_property": "Direction"
        },
        {
          "component_name": "Propeller_14",
          "component_property": "Direction"
        },
        {
          "component_name": "Propeller_16",
          "component_property": "Direction"
        },
        {
          "component_name": "Propeller_17",
          "component_property": "Direction"
        },
        {
          "component_name": "Propeller_19",
          "component_property": "Direction"
        }
      ]
    },
    {
      "parameter_name": "SideMountedPropArmSegment_22_LENGTH",
      "value": "526.0154010616393",
      "component_properties": [
        {
          "component_name": "StraightArm_64_1",
          "component_property": "LENGTH"
        },
        {
          "component_name": "StraightArm_64_2",
          "component_property": "LENGTH"
        }
      ]
    },
    {
      "parameter_name": "NegPropType",
      "value": "-1",
      "component_properties": [
        {
          "component_name": "Propeller_6",
          "component_property": "Prop_type"
        },
        {
          "component_name": "Propeller_5",
          "component_property": "Prop_type"
        },
        {
          "component_name": "Propeller_7",
          "component_property": "Prop_type"
        },
        {
          "component_name": "Propeller_8",
          "component_property": "Prop_type"
        },
        {
          "component_name": "Propeller_9",
          "component_property": "Prop_type"
        },
        {
          "component_name": "Propeller_10",
          "component_property": "Prop_type"
        },
        {
          "component_name": "Propeller_11",
          "component_property": "Prop_type"
        },
        {
          "component_name": "Propeller_12",
          "component_property": "Prop_type"
        },
        {
          "component_name": "Propeller_18",
          "component_property": "Prop_type"
        },
        {
          "component_name": "Propeller_17",
          "component_property": "Prop_type"
        },
        {
          "component_name": "Propeller_19",
          "component_property": "Prop_type"
        },
        {
          "component_name": "Propeller_20",
          "component_property": "Prop_type"
        }
      ]
    },
    {
      "parameter_name": "ControlChannelAuto",
      "value": "-1",
      "component_properties": [
        {
          "component_name": "Motor_2",
          "component_property": "CONTROL_CHANNEL"
        },
        {
          "component_name": "Motor_1",
          "component_property": "CONTROL_CHANNEL"
        },
        {
          "component_name": "Motor_3",
          "component_property": "CONTROL_CHANNEL"
        },
        {
          "component_name": "Motor_4",
          "component_property": "CONTROL_CHANNEL"
        },
        {
          "component_name": "Motor_6",
          "component_property": "CONTROL_CHANNEL"
        },
        {
          "component_name": "Motor_5",
          "component_property": "CONTROL_CHANNEL"
        },
        {
          "component_name": "Motor_7",
          "component_property": "CONTROL_CHANNEL"
        },
        {
          "component_name": "Motor_8",
          "component_property": "CONTROL_CHANNEL"
        },
        {
          "component_name": "Motor_9",
          "component_property": "CONTROL_CHANNEL"
        },
        {
          "component_name": "Motor_10",
          "component_property": "CONTROL_CHANNEL"
        },
        {
          "component_name": "Motor_11",
          "component_property": "CONTROL_CHANNEL"
        },
        {
          "component_name": "Motor_12",
          "component_property": "CONTROL_CHANNEL"
        },
        {
          "component_name": "Motor_14",
          "component_property": "CONTROL_CHANNEL"
        },
        {
          "component_name": "Motor_13",
          "component_property": "CONTROL_CHANNEL"
        },
        {
          "component_name": "Motor_15",
          "component_property": "CONTROL_CHANNEL"
        },
        {
          "component_name": "Motor_16",
          "component_property": "CONTROL_CHANNEL"
        },
        {
          "component_name": "Motor_18",
          "component_property": "CONTROL_CHANNEL"
        },
        {
          "component_name": "Motor_17",
          "component_property": "CONTROL_CHANNEL"
        },
        {
          "component_name": "Motor_19",
          "component_property": "CONTROL_CHANNEL"
        },
        {
          "component_name": "Motor_20",
          "component_property": "CONTROL_CHANNEL"
        }
      ]
    },
    {
      "parameter_name": "FuselageDualSeat_16_SEAT_1_FB",
      "value": "790.0",
      "component_properties": [
        {
          "component_name": "FuselageDualSeat_16_1",
          "component_property": "SEAT_1_FB"
        }
      ]
    },
    {
      "parameter_name": "WingPair_17_SPAN",
      "value": "5717.0913470398355",
      "component_properties": [
        {
          "component_name": "Wing_28_1",
          "component_property": "SPAN"
        },
        {
          "component_name": "Battery_55_1",
          "component_property": "SPAN"
        },
        {
          "component_name": "Wing_28_2",
          "component_property": "SPAN"
        },
        {
          "component_name": "Battery_56_1",
          "component_property": "SPAN"
        }
      ]
    },
    {
      "parameter_name": "SideMountedPropArmSegment_22_OFFSET",
      "value": "506.23970249416095",
      "component_properties": [
        {
          "component_name": "StraightArm_64_1",
          "component_property": "TOP_CONN_DISP"
        },
        {
          "component_name": "StraightArm_64_1",
          "component_property": "BOTTOM_CONN_DISP"
        },
        {
          "component_name": "StraightArm_64_1",
          "component_property": "LEFT_CONN_DISP"
        },
        {
          "component_name": "StraightArm_64_1",
          "component_property": "RIGHT_CONN_DISP"
        },
        {
          "component_name": "StraightArm_64_2",
          "component_property": "TOP_CONN_DISP"
        },
        {
          "component_name": "StraightArm_64_2",
          "component_property": "BOTTOM_CONN_DISP"
        },
        {
          "component_name": "StraightArm_64_2",
          "component_property": "LEFT_CONN_DISP"
        },
        {
          "component_name": "StraightArm_64_2",
          "component_property": "RIGHT_CONN_DISP"
        }
      ]
    },
    {
      "parameter_name": "Wing_28_NACA_Profile",
      "value": "6321",
      "component_properties": [
        {
          "component_name": "Wing_28_1",
          "component_property": "NACA_Profile"
        },
        {
          "component_name": "Wing_28_2",
          "component_property": "NACA_Profile"
        }
      ]
    },
    {
      "parameter_name": "WingPair_17_VOLUME_PERCENT",
      "value": "77.78951319432181",
      "component_properties": [
        {
          "component_name": "Battery_55_1",
          "component_property": "VOLUME_PERCENT"
        },
        {
          "component_name": "Battery_56_1",
          "component_property": "VOLUME_PERCENT"
        }
      ]
    },
    {
      "parameter_name": "FuselageDualSeat_16_FLOOR_HEIGHT",
      "value": "150.0",
      "component_properties": [
        {
          "component_name": "FuselageDualSeat_16_1",
          "component_property": "FLOOR_HEIGHT"
        }
      ]
    },
    {
      "parameter_name": "FuselageDualSeat_16_SEAT_2_FB",
      "value": "790.0",
      "component_properties": [
        {
          "component_name": "FuselageDualSeat_16_1",
          "component_property": "SEAT_2_FB"
        }
      ]
    },
    {
      "parameter_name": "WingWithBatteryMain_11_CHORD_OUTER",
      "value": "967.2388978783932",
      "component_properties": [
        {
          "component_name": "Wing_27_1",
          "component_property": "CHORD_2"
        },
        {
          "component_name": "Battery_53_1",
          "component_property": "CHORD_2"
        },
        {
          "component_name": "Wing_27_2",
          "component_property": "CHORD_1"
        },
        {
          "component_name": "Battery_54_1",
          "component_property": "CHORD_1"
        }
      ]
    },
    {
      "parameter_name": "FuselageDualSeat_16_SEAT_1_LR",
      "value": "-210.0",
      "component_properties": [
        {
          "component_name": "FuselageDualSeat_16_1",
          "component_property": "SEAT_1_LR"
        }
      ]
    },
    {
      "parameter_name": "FuselageDualSeat_16_SEAT_2_LR",
      "value": "210.0",
      "component_properties": [
        {
          "component_name": "FuselageDualSeat_16_1",
          "component_property": "SEAT_2_LR"
        }
      ]
    },
    {
      "parameter_name": "TailWingWithPropArm_10_TAIL_FIRST_LENGTH",
      "value": "1180.5843078002335",
      "component_properties": [
        {
          "component_name": "StraightArmNoSides_10_1",
          "component_property": "LENGTH"
        }
      ]
    },
    {
      "parameter_name": "PosPropType",
      "value": "1",
      "component_properties": [
        {
          "component_name": "Propeller_2",
          "component_property": "Prop_type"
        },
        {
          "component_name": "Propeller_1",
          "component_property": "Prop_type"
        },
        {
          "component_name": "Propeller_3",
          "component_property": "Prop_type"
        },
        {
          "component_name": "Propeller_4",
          "component_property": "Prop_type"
        },
        {
          "component_name": "Propeller_14",
          "component_property": "Prop_type"
        },
        {
          "component_name": "Propeller_13",
          "component_property": "Prop_type"
        },
        {
          "component_name": "Propeller_15",
          "component_property": "Prop_type"
        },
        {
          "component_name": "Propeller_16",
          "component_property": "Prop_type"
        }
      ]
    },
    {
      "parameter_name": "RightMountSide",
      "value": "2",
      "component_properties": [
        {
          "component_name": "Battery_54_1",
          "component_property": "MOUNT_SIDE"
        },
        {
          "component_name": "Battery_56_1",
          "component_property": "MOUNT_SIDE"
        }
      ]
    },
    {
      "parameter_name": "NegPropDir",
      "value": "-1",
      "component_properties": [
        {
          "component_name": "Propeller_1",
          "component_property": "Direction"
        },
        {
          "component_name": "Propeller_3",
          "component_property": "Direction"
        },
        {
          "component_name": "Propeller_6",
          "component_property": "Direction"
        },
        {
          "component_name": "Propeller_8",
          "component_property": "Direction"
        },
        {
          "component_name": "Propeller_10",
          "component_property": "Direction"
        },
        {
          "component_name": "Propeller_12",
          "component_property": "Direction"
        },
        {
          "component_name": "Propeller_13",
          "component_property": "Direction"
        },
        {
          "component_name": "Propeller_15",
          "component_property": "Direction"
        },
        {
          "component_name": "Propeller_18",
          "component_property": "Direction"
        },
        {
          "component_name": "Propeller_20",
          "component_property": "Direction"
        }
      ]
    },
    {
      "parameter_name": "TailWingWithPropArm_10_TAIL_LENGTH",
      "value": "2410.341778009705",
      "component_properties": [
        {
          "component_name": "StraightArm_68_1",
          "component_property": "LENGTH"
        }
      ]
    },
    {
      "parameter_name": "WingWithBatteryMain_11_LOAD",
      "value": "5530.661191705089",
      "component_properties": [
        {
          "component_name": "Wing_27_1",
          "component_property": "LOAD"
        },
        {
          "component_name": "Wing_27_2",
          "component_property": "LOAD"
        }
      ]
    },
    {
      "parameter_name": "WingWithBatteryMain_11_FLAP_BIAS",
      "value": "0.5952829384535155",
      "component_properties": [
        {
          "component_name": "Wing_27_1",
          "component_property": "FLAP_BIAS"
        },
        {
          "component_name": "Wing_27_2",
          "component_property": "FLAP_BIAS"
        }
      ]
    },
    {
      "parameter_name": "WingWithBatteryMain_11_AILERON_BIAS",
      "value": "0.5110424134400906",
      "component_properties": [
        {
          "component_name": "Wing_27_1",
          "component_property": "AILERON_BIAS"
        },
        {
          "component_name": "Wing_27_2",
          "component_property": "AILERON_BIAS"
        }
      ]
    },
    {
      "parameter_name": "FuselageDualSeat_16_TAIL_DIAMETER",
      "value": "300.0",
      "component_properties": [
        {
          "component_name": "FuselageDualSeat_16_1",
          "component_property": "TAIL_DIAMETER"
        }
      ]
    },
    {
      "parameter_name": "Wing_27_NACA_Profile",
      "value": "6712",
      "component_properties": [
        {
          "component_name": "Wing_27_1",
          "component_property": "NACA_Profile"
        },
        {
          "component_name": "Wing_27_2",
          "component_property": "NACA_Profile"
        }
      ]
    },
    {
      "parameter_name": "WingPair_17_CHORD_INNER",
      "value": "3557.771919459707",
      "component_properties": [
        {
          "component_name": "NACAPortConnector_1",
          "component_property": "CHORD"
        },
        {
          "component_name": "Wing_28_1",
          "component_property": "CHORD_1"
        },
        {
          "component_name": "Battery_55_1",
          "component_property": "CHORD_1"
        },
        {
          "component_name": "Wing_28_2",
          "component_property": "CHORD_2"
        },
        {
          "component_name": "Battery_56_1",
          "component_property": "CHORD_2"
        }
      ]
    },
    {
      "parameter_name": "FrontBackPropArmMulti_23_PROP_SEGMENT_LENGTH",
      "value": "691.0943365525103",
      "component_properties": [
        {
          "component_name": "StraightArm_67_1",
          "component_property": "LENGTH"
        },
        {
          "component_name": "StraightArm_67_2",
          "component_property": "LENGTH"
        }
      ]
    },
    {
      "parameter_name": "SideMountedPropArmSegment_23_OFFSET",
      "value": "392.01973917128765",
      "component_properties": [
        {
          "component_name": "StraightArm_66_1",
          "component_property": "TOP_CONN_DISP"
        },
        {
          "component_name": "StraightArm_66_1",
          "component_property": "BOTTOM_CONN_DISP"
        },
        {
          "component_name": "StraightArm_66_1",
          "component_property": "LEFT_CONN_DISP"
        },
        {
          "component_name": "StraightArm_66_1",
          "component_property": "RIGHT_CONN_DISP"
        },
        {
          "component_name": "StraightArm_66_2",
          "component_property": "TOP_CONN_DISP"
        },
        {
          "component_name": "StraightArm_66_2",
          "component_property": "BOTTOM_CONN_DISP"
        },
        {
          "component_name": "StraightArm_66_2",
          "component_property": "LEFT_CONN_DISP"
        },
        {
          "component_name": "StraightArm_66_2",
          "component_property": "RIGHT_CONN_DISP"
        }
      ]
    },
    {
      "parameter_name": "WingWithBatteryMain_11_SPAN",
      "value": "3345.8590120110075",
      "component_properties": [
        {
          "component_name": "Wing_27_1",
          "component_property": "SPAN"
        },
        {
          "component_name": "Battery_53_1",
          "component_property": "SPAN"
        },
        {
          "component_name": "Wing_27_2",
          "component_property": "SPAN"
        },
        {
          "component_name": "Battery_54_1",
          "component_property": "SPAN"
        }
      ]
    },
    {
      "parameter_name": "GLOBAL_VOLTAGE",
      "value": "802.9000000000001",
      "component_properties": [
        {
          "component_name": "Battery_53_1",
          "component_property": "VOLTAGE_REQUEST"
        },
        {
          "component_name": "Battery_54_1",
          "component_property": "VOLTAGE_REQUEST"
        },
        {
          "component_name": "Battery_55_1",
          "component_property": "VOLTAGE_REQUEST"
        },
        {
          "component_name": "Battery_56_1",
          "component_property": "VOLTAGE_REQUEST"
        }
      ]
    },
    {
      "parameter_name": "FrontBackPropArmMulti_22_PROP_OFFSET",
      "value": "292.57617713556556",
      "component_properties": [
        {
          "component_name": "StraightArm_65_1",
          "component_property": "TOP_CONN_DISP"
        },
        {
          "component_name": "StraightArm_65_1",
          "component_property": "BOTTOM_CONN_DISP"
        },
        {
          "component_name": "StraightArm_65_1",
          "component_property": "LEFT_CONN_DISP"
        },
        {
          "component_name": "StraightArm_65_1",
          "component_property": "RIGHT_CONN_DISP"
        },
        {
          "component_name": "StraightArm_65_2",
          "component_property": "TOP_CONN_DISP"
        },
        {
          "component_name": "StraightArm_65_2",
          "component_property": "BOTTOM_CONN_DISP"
        },
        {
          "component_name": "StraightArm_65_2",
          "component_property": "LEFT_CONN_DISP"
        },
        {
          "component_name": "StraightArm_65_2",
          "component_property": "RIGHT_CONN_DISP"
        }
      ]
    },
    {
      "parameter_name": "WingPair_17_LOAD",
      "value": "1296.5986806342653",
      "component_properties": [
        {
          "component_name": "Wing_28_1",
          "component_property": "LOAD"
        },
        {
          "component_name": "Wing_28_2",
          "component_property": "LOAD"
        }
      ]
    },
    {
      "parameter_name": "FuselageDualSeat_16_MIDDLE_LENGTH",
      "value": "275.0",
      "component_properties": [
        {
          "component_name": "FuselageDualSeat_16_1",
          "component_property": "MIDDLE_LENGTH"
        }
      ]
    },
    {
      "parameter_name": "WingPair_17_CHORD_OUTER",
      "value": "1490.2281697558433",
      "component_properties": [
        {
          "component_name": "Wing_28_1",
          "component_property": "CHORD_2"
        },
        {
          "component_name": "Battery_55_1",
          "component_property": "CHORD_2"
        },
        {
          "component_name": "Wing_28_2",
          "component_property": "CHORD_1"
        },
        {
          "component_name": "Battery_56_1",
          "component_property": "CHORD_1"
        }
      ]
    },
    {
      "parameter_name": "WingWithBatteryMain_11_TAPER_OFFSET",
      "value": "1",
      "component_properties": [
        {
          "component_name": "Wing_27_1",
          "component_property": "TAPER_OFFSET"
        },
        {
          "component_name": "Battery_53_1",
          "component_property": "TAPER_OFFSET"
        },
        {
          "component_name": "Wing_27_2",
          "component_property": "TAPER_OFFSET"
        },
        {
          "component_name": "Battery_54_1",
          "component_property": "TAPER_OFFSET"
        }
      ]
    },
    {
      "parameter_name": "WingPair_17_FLAP_BIAS",
      "value": "0.11860189552808795",
      "component_properties": [
        {
          "component_name": "Wing_28_1",
          "component_property": "FLAP_BIAS"
        },
        {
          "component_name": "Wing_28_2",
          "component_property": "FLAP_BIAS"
        }
      ]
    },
    {
      "parameter_name": "WingPair_17_AILERON_BIAS",
      "value": "0.21771935979280158",
      "component_properties": [
        {
          "component_name": "Wing_28_1",
          "component_property": "AILERON_BIAS"
        },
        {
          "component_name": "Wing_28_2",
          "component_property": "AILERON_BIAS"
        }
      ]
    },
    {
      "parameter_name": "WingWithBatteryMain_11_CHORD_INNER",
      "value": "3646.7910148037436",
      "component_properties": [
        {
          "component_name": "Wing_27_1",
          "component_property": "CHORD_1"
        },
        {
          "component_name": "Battery_53_1",
          "component_property": "CHORD_1"
        },
        {
          "component_name": "Wing_27_2",
          "component_property": "CHORD_2"
        },
        {
          "component_name": "Battery_54_1",
          "component_property": "CHORD_2"
        }
      ]
    },
    {
      "parameter_name": "OrientAngle",
      "value": "0.0",
      "component_properties": [
        {
          "component_name": "Orient",
          "component_property": "Z_ANGLE"
        }
      ]
    },
    {
      "parameter_name": "WingWithBatteryMain_11_VOLUME_PERCENT",
      "value": "70.30584702249608",
      "component_properties": [
        {
          "component_name": "Battery_53_1",
          "component_property": "VOLUME_PERCENT"
        },
        {
          "component_name": "Battery_54_1",
          "component_property": "VOLUME_PERCENT"
        }
      ]
    },
    {
      "parameter_name": "LeftMountSide",
      "value": "1",
      "component_properties": [
        {
          "component_name": "Battery_53_1",
          "component_property": "MOUNT_SIDE"
        },
        {
          "component_name": "Battery_55_1",
          "component_property": "MOUNT_SIDE"
        }
      ]
    },
    {
      "parameter_name": "FuselageDualSeat_16_SPHERE_DIAMETER",
      "value": "1520.0",
      "component_properties": [
        {
          "component_name": "FuselageDualSeat_16_1",
          "component_property": "SPHERE_DIAMETER"
        }
      ]
    },
    {
      "parameter_name": "FuselageDualSeat_16_LENGTH",
      "value": "2000.0",
      "component_properties": [
        {
          "component_name": "FuselageDualSeat_16_1",
          "component_property": "LENGTH"
        }
      ]
    },
    {
      "parameter_name": "TailWingWithPropArm_10_PROP_SEGMENT_LENGTH",
      "value": "555.9049083659957",
      "component_properties": [
        {
          "component_name": "StraightArm_69_1",
          "component_property": "LENGTH"
        },
        {
          "component_name": "StraightArm_69_2",
          "component_property": "LENGTH"
        }
      ]
    },
    {
      "parameter_name": "SideMountedPropArmSegment_23_LENGTH",
      "value": "775.7085881374821",
      "component_properties": [
        {
          "component_name": "StraightArm_66_1",
          "component_property": "LENGTH"
        },
        {
          "component_name": "StraightArm_66_2",
          "component_property": "LENGTH"
        }
      ]
    }
  ],
  "components": [
    {
      "component_instance": "BatteryController_16_1",
      "component_type": "BatteryController",
      "component_choice": "BatteryController"
    },
    {
      "component_instance": "Battery_53_1",
      "component_type": "Battery",
      "component_choice": "VitalyBeta"
    },
    {
      "component_instance": "Battery_54_1",
      "component_type": "Battery",
      "component_choice": "VitalyBeta"
    },
    {
      "component_instance": "Battery_55_1",
      "component_type": "Battery",
      "component_choice": "VitalyBeta"
    },
    {
      "component_instance": "Battery_56_1",
      "component_type": "Battery",
      "component_choice": "VitalyBeta"
    },
    {
      "component_instance": "FuselageDualSeat_16_1",
      "component_type": "Fuselage",
      "component_choice": "FUSE_SPHERE_CYL_CONE"
    },
    {
      "component_instance": "Motor_1",
      "component_type": "Motor",
      "component_choice": "Magni350"
    },
    {
      "component_instance": "Motor_10",
      "component_type": "Motor",
      "component_choice": "Magni350"
    },
    {
      "component_instance": "Motor_11",
      "component_type": "Motor",
      "component_choice": "Magni350"
    },
    {
      "component_instance": "Motor_12",
      "component_type": "Motor",
      "component_choice": "Magni350"
    },
    {
      "component_instance": "Motor_13",
      "component_type": "Motor",
      "component_choice": "Magni350"
    },
    {
      "component_instance": "Motor_14",
      "component_type": "Motor",
      "component_choice": "Magni350"
    },
    {
      "component_instance": "Motor_15",
      "component_type": "Motor",
      "component_choice": "Magni350"
    },
    {
      "component_instance": "Motor_16",
      "component_type": "Motor",
      "component_choice": "Magni350"
    },
    {
      "component_instance": "Motor_17",
      "component_type": "Motor",
      "component_choice": "Magni350"
    },
    {
      "component_instance": "Motor_18",
      "component_type": "Motor",
      "component_choice": "Magni350"
    },
    {
      "component_instance": "Motor_19",
      "component_type": "Motor",
      "component_choice": "Magni350"
    },
    {
      "component_instance": "Motor_2",
      "component_type": "Motor",
      "component_choice": "Magni350"
    },
    {
      "component_instance": "Motor_20",
      "component_type": "Motor",
      "component_choice": "Magni350"
    },
    {
      "component_instance": "Motor_3",
      "component_type": "Motor",
      "component_choice": "Magni350"
    },
    {
      "component_instance": "Motor_4",
      "component_type": "Motor",
      "component_choice": "Magni350"
    },
    {
      "component_instance": "Motor_5",
      "component_type": "Motor",
      "component_choice": "Magni350"
    },
    {
      "component_instance": "Motor_6",
      "component_type": "Motor",
      "component_choice": "Magni350"
    },
    {
      "component_instance": "Motor_7",
      "component_type": "Motor",
      "component_choice": "Magni350"
    },
    {
      "component_instance": "Motor_8",
      "component_type": "Motor",
      "component_choice": "Magni350"
    },
    {
      "component_instance": "Motor_9",
      "component_type": "Motor",
      "component_choice": "Magni350"
    },
    {
      "component_instance": "NACAPortConnector_1",
      "component_type": "NACA_Port_Connector",
      "component_choice": "naca_connector"
    },
    {
      "component_instance": "Orient",
      "component_type": "Orient",
      "component_choice": "Orient"
    },
    {
      "component_instance": "Passenger_1",
      "component_type": "Passenger",
      "component_choice": "Passenger"
    },
    {
      "component_instance": "Passenger_2",
      "component_type": "Passenger",
      "component_choice": "Passenger"
    },
    {
      "component_instance": "Propeller_1",
      "component_type": "Propeller",
      "component_choice": "62x22_2_800_46_370"
    },
    {
      "component_instance": "Propeller_10",
      "component_type": "Propeller",
      "component_choice": "62x22_2_800_46_370"
    },
    {
      "component_instance": "Propeller_11",
      "component_type": "Propeller",
      "component_choice": "62x22_2_800_46_370"
    },
    {
      "component_instance": "Propeller_12",
      "component_type": "Propeller",
      "component_choice": "62x22_2_800_46_370"
    },
    {
      "component_instance": "Propeller_13",
      "component_type": "Propeller",
      "component_choice": "62x22_2_800_46_370"
    },
    {
      "component_instance": "Propeller_14",
      "component_type": "Propeller",
      "component_choice": "62x22_2_800_46_370"
    },
    {
      "component_instance": "Propeller_15",
      "component_type": "Propeller",
      "component_choice": "62x22_2_800_46_370"
    },
    {
      "component_instance": "Propeller_16",
      "component_type": "Propeller",
      "component_choice": "62x22_2_800_46_370"
    },
    {
      "component_instance": "Propeller_17",
      "component_type": "Propeller",
      "component_choice": "62x22_2_800_46_370"
    },
    {
      "component_instance": "Propeller_18",
      "component_type": "Propeller",
      "component_choice": "62x22_2_800_46_370"
    },
    {
      "component_instance": "Propeller_19",
      "component_type": "Propeller",
      "component_choice": "62x22_2_800_46_370"
    },
    {
      "component_instance": "Propeller_2",
      "component_type": "Propeller",
      "component_choice": "62x22_2_800_46_370"
    },
    {
      "component_instance": "Propeller_20",
      "component_type": "Propeller",
      "component_choice": "62x22_2_800_46_370"
    },
    {
      "component_instance": "Propeller_3",
      "component_type": "Propeller",
      "component_choice": "62x22_2_800_46_370"
    },
    {
      "component_instance": "Propeller_4",
      "component_type": "Propeller",
      "component_choice": "62x22_2_800_46_370"
    },
    {
      "component_instance": "Propeller_5",
      "component_type": "Propeller",
      "component_choice": "62x22_2_800_46_370"
    },
    {
      "component_instance": "Propeller_6",
      "component_type": "Propeller",
      "component_choice": "62x22_2_800_46_370"
    },
    {
      "component_instance": "Propeller_7",
      "component_type": "Propeller",
      "component_choice": "62x22_2_800_46_370"
    },
    {
      "component_instance": "Propeller_8",
      "component_type": "Propeller",
      "component_choice": "62x22_2_800_46_370"
    },
    {
      "component_instance": "Propeller_9",
      "component_type": "Propeller",
      "component_choice": "62x22_2_800_46_370"
    },
    {
      "component_instance": "StraightArmNoSides_10_1",
      "component_type": "Cylinder",
      "component_choice": "PORTED_CYL"
    },
    {
      "component_instance": "StraightArm_64_1",
      "component_type": "Cylinder",
      "component_choice": "PORTED_CYL"
    },
    {
      "component_instance": "StraightArm_64_2",
      "component_type": "Cylinder",
      "component_choice": "PORTED_CYL"
    },
    {
      "component_instance": "StraightArm_65_1",
      "component_type": "Cylinder",
      "component_choice": "PORTED_CYL"
    },
    {
      "component_instance": "StraightArm_65_2",
      "component_type": "Cylinder",
      "component_choice": "PORTED_CYL"
    },
    {
      "component_instance": "StraightArm_66_1",
      "component_type": "Cylinder",
      "component_choice": "PORTED_CYL"
    },
    {
      "component_instance": "StraightArm_66_2",
      "component_type": "Cylinder",
      "component_choice": "PORTED_CYL"
    },
    {
      "component_instance": "StraightArm_67_1",
      "component_type": "Cylinder",
      "component_choice": "PORTED_CYL"
    },
    {
      "component_instance": "StraightArm_67_2",
      "component_type": "Cylinder",
      "component_choice": "PORTED_CYL"
    },
    {
      "component_instance": "StraightArm_68_1",
      "component_type": "Cylinder",
      "component_choice": "PORTED_CYL"
    },
    {
      "component_instance": "StraightArm_69_1",
      "component_type": "Cylinder",
      "component_choice": "PORTED_CYL"
    },
    {
      "component_instance": "StraightArm_69_2",
      "component_type": "Cylinder",
      "component_choice": "PORTED_CYL"
    },
    {
      "component_instance": "Wing_27_1",
      "component_type": "Wing",
      "component_choice": "naca_wing"
    },
    {
      "component_instance": "Wing_27_2",
      "component_type": "Wing",
      "component_choice": "naca_wing"
    },
    {
      "component_instance": "Wing_28_1",
      "component_type": "Wing",
      "component_choice": "naca_wing"
    },
    {
      "component_instance": "Wing_28_2",
      "component_type": "Wing",
      "component_choice": "naca_wing"
    }
  ],
  "connections": [
    {
      "from_ci": "BatteryController_16_1",
      "from_conn": "MotorPower",
      "to_ci": "Motor_2",
      "to_conn": "MotorPower"
    },
    {
      "from_ci": "BatteryController_16_1",
      "from_conn": "MotorPower",
      "to_ci": "Motor_6",
      "to_conn": "MotorPower"
    },
    {
      "from_ci": "BatteryController_16_1",
      "from_conn": "BatteryPower",
      "to_ci": "Battery_53_1",
      "to_conn": "PowerBus"
    },
    {
      "from_ci": "BatteryController_16_1",
      "from_conn": "MotorPower",
      "to_ci": "Motor_1",
      "to_conn": "MotorPower"
    },
    {
      "from_ci": "BatteryController_16_1",
      "from_conn": "MotorPower",
      "to_ci": "Motor_12",
      "to_conn": "MotorPower"
    },
    {
      "from_ci": "BatteryController_16_1",
      "from_conn": "MotorPower",
      "to_ci": "Motor_20",
      "to_conn": "MotorPower"
    },
    {
      "from_ci": "BatteryController_16_1",
      "from_conn": "MotorPower",
      "to_ci": "Motor_10",
      "to_conn": "MotorPower"
    },
    {
      "from_ci": "BatteryController_16_1",
      "from_conn": "MotorPower",
      "to_ci": "Motor_14",
      "to_conn": "MotorPower"
    },
    {
      "from_ci": "BatteryController_16_1",
      "from_conn": "MotorPower",
      "to_ci": "Motor_5",
      "to_conn": "MotorPower"
    },
    {
      "from_ci": "BatteryController_16_1",
      "from_conn": "MotorPower",
      "to_ci": "Motor_11",
      "to_conn": "MotorPower"
    },
    {
      "from_ci": "BatteryController_16_1",
      "from_conn": "BatteryPower",
      "to_ci": "Battery_54_1",
      "to_conn": "PowerBus"
    },
    {
      "from_ci": "BatteryController_16_1",
      "from_conn": "MotorPower",
      "to_ci": "Motor_19",
      "to_conn": "MotorPower"
    },
    {
      "from_ci": "BatteryController_16_1",
      "from_conn": "MotorPower",
      "to_ci": "Motor_15",
      "to_conn": "MotorPower"
    },
    {
      "from_ci": "BatteryController_16_1",
      "from_conn": "MotorPower",
      "to_ci": "Motor_16",
      "to_conn": "MotorPower"
    },
    {
      "from_ci": "BatteryController_16_1",
      "from_conn": "MotorPower",
      "to_ci": "Motor_8",
      "to_conn": "MotorPower"
    },
    {
      "from_ci": "BatteryController_16_1",
      "from_conn": "MotorPower",
      "to_ci": "Motor_18",
      "to_conn": "MotorPower"
    },
    {
      "from_ci": "BatteryController_16_1",
      "from_conn": "MotorPower",
      "to_ci": "Motor_3",
      "to_conn": "MotorPower"
    },
    {
      "from_ci": "BatteryController_16_1",
      "from_conn": "MotorPower",
      "to_ci": "Motor_13",
      "to_conn": "MotorPower"
    },
    {
      "from_ci": "BatteryController_16_1",
      "from_conn": "BatteryPower",
      "to_ci": "Battery_55_1",
      "to_conn": "PowerBus"
    },
    {
      "from_ci": "BatteryController_16_1",
      "from_conn": "BatteryPower",
      "to_ci": "Battery_56_1",
      "to_conn": "PowerBus"
    },
    {
      "from_ci": "BatteryController_16_1",
      "from_conn": "MotorPower",
      "to_ci": "Motor_7",
      "to_conn": "MotorPower"
    },
    {
      "from_ci": "BatteryController_16_1",
      "from_conn": "MotorPower",
      "to_ci": "Motor_17",
      "to_conn": "MotorPower"
    },
    {
      "from_ci": "BatteryController_16_1",
      "from_conn": "MotorPower",
      "to_ci": "Motor_9",
      "to_conn": "MotorPower"
    },
    {
      "from_ci": "BatteryController_16_1",
      "from_conn": "MotorPower",
      "to_ci": "Motor_4",
      "to_conn": "MotorPower"
    },
    {
      "from_ci": "FuselageDualSeat_16_1",
      "from_conn": "RIGHT_CONNECTOR",
      "to_ci": "Wing_27_2",
      "to_conn": "Connector_2"
    },
    {
      "from_ci": "FuselageDualSeat_16_1",
      "from_conn": "SEAT_1_CONNECTOR",
      "to_ci": "Passenger_1",
      "to_conn": "Connector"
    },
    {
      "from_ci": "FuselageDualSeat_16_1",
      "from_conn": "LEFT_CONNECTOR",
      "to_ci": "Wing_27_1",
      "to_conn": "Connector_1"
    },
    {
      "from_ci": "FuselageDualSeat_16_1",
      "from_conn": "REAR_CONNECTOR",
      "to_ci": "StraightArmNoSides_10_1",
      "to_conn": "FRONT_CONNECTOR"
    },
    {
      "from_ci": "FuselageDualSeat_16_1",
      "from_conn": "SEAT_2_CONNECTOR",
      "to_ci": "Passenger_2",
      "to_conn": "Connector"
    },
    {
      "from_ci": "Motor_1",
      "from_conn": "Prop_Connector",
      "to_ci": "Propeller_1",
      "to_conn": "MOTOR_CONNECTOR_CS_IN"
    },
    {
      "from_ci": "Motor_10",
      "from_conn": "Prop_Connector",
      "to_ci": "Propeller_10",
      "to_conn": "MOTOR_CONNECTOR_CS_IN"
    },
    {
      "from_ci": "Motor_11",
      "from_conn": "Prop_Connector",
      "to_ci": "Propeller_11",
      "to_conn": "MOTOR_CONNECTOR_CS_IN"
    },
    {
      "from_ci": "Motor_12",
      "from_conn": "Prop_Connector",
      "to_ci": "Propeller_12",
      "to_conn": "MOTOR_CONNECTOR_CS_IN"
    },
    {
      "from_ci": "Motor_13",
      "from_conn": "Prop_Connector",
      "to_ci": "Propeller_13",
      "to_conn": "MOTOR_CONNECTOR_CS_IN"
    },
    {
      "from_ci": "Motor_14",
      "from_conn": "Prop_Connector",
      "to_ci": "Propeller_14",
      "to_conn": "MOTOR_CONNECTOR_CS_IN"
    },
    {
      "from_ci": "Motor_15",
      "from_conn": "Prop_Connector",
      "to_ci": "Propeller_15",
      "to_conn": "MOTOR_CONNECTOR_CS_IN"
    },
    {
      "from_ci": "Motor_16",
      "from_conn": "Prop_Connector",
      "to_ci": "Propeller_16",
      "to_conn": "MOTOR_CONNECTOR_CS_IN"
    },
    {
      "from_ci": "Motor_17",
      "from_conn": "Prop_Connector",
      "to_ci": "Propeller_17",
      "to_conn": "MOTOR_CONNECTOR_CS_IN"
    },
    {
      "from_ci": "Motor_18",
      "from_conn": "Prop_Connector",
      "to_ci": "Propeller_18",
      "to_conn": "MOTOR_CONNECTOR_CS_IN"
    },
    {
      "from_ci": "Motor_19",
      "from_conn": "Prop_Connector",
      "to_ci": "Propeller_19",
      "to_conn": "MOTOR_CONNECTOR_CS_IN"
    },
    {
      "from_ci": "Motor_2",
      "from_conn": "Prop_Connector",
      "to_ci": "Propeller_2",
      "to_conn": "MOTOR_CONNECTOR_CS_IN"
    },
    {
      "from_ci": "Motor_20",
      "from_conn": "Prop_Connector",
      "to_ci": "Propeller_20",
      "to_conn": "MOTOR_CONNECTOR_CS_IN"
    },
    {
      "from_ci": "Motor_3",
      "from_conn": "Prop_Connector",
      "to_ci": "Propeller_3",
      "to_conn": "MOTOR_CONNECTOR_CS_IN"
    },
    {
      "from_ci": "Motor_4",
      "from_conn": "Prop_Connector",
      "to_ci": "Propeller_4",
      "to_conn": "MOTOR_CONNECTOR_CS_IN"
    },
    {
      "from_ci": "Motor_5",
      "from_conn": "Prop_Connector",
      "to_ci": "Propeller_5",
      "to_conn": "MOTOR_CONNECTOR_CS_IN"
    },
    {
      "from_ci": "Motor_6",
      "from_conn": "Prop_Connector",
      "to_ci": "Propeller_6",
      "to_conn": "MOTOR_CONNECTOR_CS_IN"
    },
    {
      "from_ci": "Motor_7",
      "from_conn": "Prop_Connector",
      "to_ci": "Propeller_7",
      "to_conn": "MOTOR_CONNECTOR_CS_IN"
    },
    {
      "from_ci": "Motor_8",
      "from_conn": "Prop_Connector",
      "to_ci": "Propeller_8",
      "to_conn": "MOTOR_CONNECTOR_CS_IN"
    },
    {
      "from_ci": "Motor_9",
      "from_conn": "Prop_Connector",
      "to_ci": "Propeller_9",
      "to_conn": "MOTOR_CONNECTOR_CS_IN"
    },
    {
      "from_ci": "NACAPortConnector_1",
      "from_conn": "End_Connector_2",
      "to_ci": "Wing_28_2",
      "to_conn": "Connector_2"
    },
    {
      "from_ci": "NACAPortConnector_1",
      "from_conn": "End_Connector_1",
      "to_ci": "Wing_28_1",
      "to_conn": "Connector_1"
    },
    {
      "from_ci": "Orient",
      "from_conn": "ORIENTCONN",
      "to_ci": "FuselageDualSeat_16_1",
      "to_conn": "ORIENT"
    },
    {
      "from_ci": "StraightArmNoSides_10_1",
      "from_conn": "REAR_CONNECTOR",
      "to_ci": "StraightArm_69_1",
      "to_conn": "FRONT_CONNECTOR"
    },
    {
      "from_ci": "StraightArm_64_1",
      "from_conn": "TOP_CONNECTOR",
      "to_ci": "Motor_2",
      "to_conn": "Base_Connector"
    },
    {
      "from_ci": "StraightArm_64_1",
      "from_conn": "REAR_CONNECTOR",
      "to_ci": "StraightArm_65_1",
      "to_conn": "FRONT_CONNECTOR"
    },
    {
      "from_ci": "StraightArm_64_1",
      "from_conn": "BOTTOM_CONNECTOR",
      "to_ci": "Motor_1",
      "to_conn": "Base_Connector"
    },
    {
      "from_ci": "StraightArm_64_2",
      "from_conn": "BOTTOM_CONNECTOR",
      "to_ci": "Motor_5",
      "to_conn": "Base_Connector"
    },
    {
      "from_ci": "StraightArm_64_2",
      "from_conn": "REAR_CONNECTOR",
      "to_ci": "StraightArm_65_2",
      "to_conn": "FRONT_CONNECTOR"
    },
    {
      "from_ci": "StraightArm_64_2",
      "from_conn": "TOP_CONNECTOR",
      "to_ci": "Motor_6",
      "to_conn": "Base_Connector"
    },
    {
      "from_ci": "StraightArm_65_1",
      "from_conn": "BOTTOM_CONNECTOR",
      "to_ci": "Motor_3",
      "to_conn": "Base_Connector"
    },
    {
      "from_ci": "StraightArm_65_1",
      "from_conn": "TOP_CONNECTOR",
      "to_ci": "Motor_4",
      "to_conn": "Base_Connector"
    },
    {
      "from_ci": "StraightArm_65_2",
      "from_conn": "TOP_CONNECTOR",
      "to_ci": "Motor_8",
      "to_conn": "Base_Connector"
    },
    {
      "from_ci": "StraightArm_65_2",
      "from_conn": "BOTTOM_CONNECTOR",
      "to_ci": "Motor_7",
      "to_conn": "Base_Connector"
    },
    {
      "from_ci": "StraightArm_66_1",
      "from_conn": "TOP_CONNECTOR",
      "to_ci": "Motor_14",
      "to_conn": "Base_Connector"
    },
    {
      "from_ci": "StraightArm_66_1",
      "from_conn": "FRONT_CONNECTOR",
      "to_ci": "StraightArm_67_1",
      "to_conn": "FRONT_CONNECTOR"
    },
    {
      "from_ci": "StraightArm_66_1",
      "from_conn": "BOTTOM_CONNECTOR",
      "to_ci": "Motor_13",
      "to_conn": "Base_Connector"
    },
    {
      "from_ci": "StraightArm_66_2",
      "from_conn": "BOTTOM_CONNECTOR",
      "to_ci": "Motor_17",
      "to_conn": "Base_Connector"
    },
    {
      "from_ci": "StraightArm_66_2",
      "from_conn": "FRONT_CONNECTOR",
      "to_ci": "StraightArm_67_2",
      "to_conn": "FRONT_CONNECTOR"
    },
    {
      "from_ci": "StraightArm_66_2",
      "from_conn": "TOP_CONNECTOR",
      "to_ci": "Motor_18",
      "to_conn": "Base_Connector"
    },
    {
      "from_ci": "StraightArm_67_1",
      "from_conn": "BOTTOM_CONNECTOR",
      "to_ci": "Motor_15",
      "to_conn": "Base_Connector"
    },
    {
      "from_ci": "StraightArm_67_1",
      "from_conn": "TOP_CONNECTOR",
      "to_ci": "Motor_16",
      "to_conn": "Base_Connector"
    },
    {
      "from_ci": "StraightArm_67_2",
      "from_conn": "TOP_CONNECTOR",
      "to_ci": "Motor_20",
      "to_conn": "Base_Connector"
    },
    {
      "from_ci": "StraightArm_67_2",
      "from_conn": "BOTTOM_CONNECTOR",
      "to_ci": "Motor_19",
      "to_conn": "Base_Connector"
    },
    {
      "from_ci": "StraightArm_68_1",
      "from_conn": "TOP_CONNECTOR",
      "to_ci": "NACAPortConnector_1",
      "to_conn": "Bottom_Connector"
    },
    {
      "from_ci": "StraightArm_69_1",
      "from_conn": "BOTTOM_CONNECTOR",
      "to_ci": "Motor_9",
      "to_conn": "Base_Connector"
    },
    {
      "from_ci": "StraightArm_69_1",
      "from_conn": "TOP_CONNECTOR",
      "to_ci": "Motor_10",
      "to_conn": "Base_Connector"
    },
    {
      "from_ci": "StraightArm_69_1",
      "from_conn": "REAR_CONNECTOR",
      "to_ci": "StraightArm_69_2",
      "to_conn": "FRONT_CONNECTOR"
    },
    {
      "from_ci": "StraightArm_69_2",
      "from_conn": "TOP_CONNECTOR",
      "to_ci": "Motor_12",
      "to_conn": "Base_Connector"
    },
    {
      "from_ci": "StraightArm_69_2",
      "from_conn": "BOTTOM_CONNECTOR",
      "to_ci": "Motor_11",
      "to_conn": "Base_Connector"
    },
    {
      "from_ci": "StraightArm_69_2",
      "from_conn": "REAR_CONNECTOR",
      "to_ci": "StraightArm_68_1",
      "to_conn": "FRONT_CONNECTOR"
    },
    {
      "from_ci": "Wing_27_1",
      "from_conn": "Battery_Connector_1",
      "to_ci": "Battery_53_1",
      "to_conn": "Battery_Connector_1_out"
    },
    {
      "from_ci": "Wing_27_1",
      "from_conn": "Connector_2",
      "to_ci": "StraightArm_64_1",
      "to_conn": "RIGHT_CONNECTOR"
    },
    {
      "from_ci": "Wing_27_2",
      "from_conn": "Battery_Connector_2",
      "to_ci": "Battery_54_1",
      "to_conn": "Battery_Connector_2_out"
    },
    {
      "from_ci": "Wing_27_2",
      "from_conn": "Connector_1",
      "to_ci": "StraightArm_64_2",
      "to_conn": "LEFT_CONNECTOR"
    },
    {
      "from_ci": "Wing_28_1",
      "from_conn": "Battery_Connector_1",
      "to_ci": "Battery_55_1",
      "to_conn": "Battery_Connector_1_out"
    },
    {
      "from_ci": "Wing_28_1",
      "from_conn": "Connector_2",
      "to_ci": "StraightArm_66_1",
      "to_conn": "RIGHT_CONNECTOR"
    },
    {
      "from_ci": "Wing_28_2",
      "from_conn": "Connector_1",
      "to_ci": "StraightArm_66_2",
      "to_conn": "LEFT_CONNECTOR"
    },
    {
      "from_ci": "Wing_28_2",
      "from_conn": "Battery_Connector_2",
      "to_ci": "Battery_56_1",
      "to_conn": "Battery_Connector_2_out"
    }
  ]
}
