FROM_COMP,LIB_COMPONENT
rear_level_1_beam,Beam
Cyl_Flip_Out,Cyl_Flip_Out
7_oclock_level_3_beam,Beam
rear_cyl_battery,Tattu25AhLi_cyl
rear_left_level_2_cylinder,PORTED_CYL
rear_right_level_2_beam,Beam
5_oclock_motor,Emrax228LV
front_right_level_3_cylinder,PORTED_CYL
rear_level_1_motor,Emrax268LV
7_oclock_prop,34x3_2_4600_41_250
Passenger_2,Passenger
right_level_1_cylinder,PORTED_CYL
2_oclock_level_3_beam,Beam
rear_right_level_3_cylinder,PORTED_CYL
left_level_1_beam,Beam
1_oclock_level_3_cylinder,PORTED_CYL
Beam,Beam
NACA_Fuse,NACA_Fuse
5_oclock_prop,34x3_2_4600_41_250
rear_right_motor,Emrax228LV
front_level_1_motor,Emrax268LV
7_oclock_level_3_cylinder,PORTED_CYL
left_h_wing,naca_wing
4_oclock_level_3_beam,Beam
front_level_1_prop,48x7_4_2800_51_750
4_oclock_level_3_cylinder,PORTED_CYL
BatteryController,BatteryController
front_left_level_3_cylinder,PORTED_CYL
rear_level_1_prop,48x7_4_2800_51_750
rear_cylinder,PORTED_CYL
rear_right_level_2_cylinder,PORTED_CYL
front_right_level_2_cylinder,PORTED_CYL
8_oclock_level_3_beam,Beam
2_oclock_level_3_cylinder,PORTED_CYL
top_level_2_cylinder,PORTED_CYL
11_oclock_prop,34x3_2_4600_41_250
rear_left_prop,34x3_2_4600_41_250
front_left_level_2_beam,Beam
8_oclock_prop,34x3_2_4600_41_250
right_bot_cyl_battery,Tattu25AhLi_cyl
10_oclock_prop,34x3_2_4600_41_250
1_oclock_prop,34x3_2_4600_41_250
front_right_motor,Emrax228LV
7_oclock_motor,Emrax228LV
11_oclock_level_3_beam,Beam
right_bot_cylinder,PORTED_CYL
right_level_1_prop,48x7_4_2800_51_750
front_right_level_2_beam,Beam
rear_right_prop,34x3_2_4600_41_250
Passenger_1,Passenger
4_oclock_prop,34x3_2_4600_41_250
1_oclock_motor,Emrax228LV
left_v_wing,naca_wing
rear_left_level_3_cylinder,PORTED_CYL
center_prop,34x3_2_4600_41_250
right_v_wing,naca_wing
left_level_1_motor,Emrax268LV
left_bot_cylinder,PORTED_CYL
11_oclock_level_3_cylinder,PORTED_CYL
left_bot_cyl_battery,Tattu25AhLi_cyl
2_oclock_prop,34x3_2_4600_41_250
10_oclock_motor,Emrax228LV
5_oclock_level_3_beam,Beam
left_level_1_cylinder,PORTED_CYL
10_oclock_level_3_cylinder,PORTED_CYL
right_level_1_beam,Beam
bottom_beam_battery,Tattu25AhLi_beam
Orient,Orient
front_right_prop,34x3_2_4600_41_250
left_wing_wing_cylinder,PORTED_CYL
front_left_prop,34x3_2_4600_41_250
5_oclock_level_3_cylinder,PORTED_CYL
right_h_wing,naca_wing
front_left_level_2_cylinder,PORTED_CYL
rear_level_1_cylinder,PORTED_CYL
front_level_1_cylinder,PORTED_CYL
4_oclock_motor,Emrax228LV
right_level_1_motor,Emrax268LV
left_level_1_prop,48x7_4_2800_51_750
left_wing_cylinder,PORTED_CYL
11_oclock_motor,Emrax228LV
8_oclock_motor,Emrax228LV
center_motor,Emrax228LV
front_left_motor,Emrax228LV
8_oclock_level_3_cylinder,PORTED_CYL
rear_left_level_2_beam,Beam
10_oclock_level_3_beam,Beam
top_level_1_cylinder,PORTED_CYL
2_oclock_motor,Emrax228LV
1_oclock_level_3_beam,Beam
front_level_1_beam,Beam
right_wing_wing_cylinder,PORTED_CYL
right_wing_cylinder,PORTED_CYL
rear_left_motor,Emrax228LV
