FROM_COMP,FROM_CONN,TO_COMP,TO_CONN
rear_level_1_beam,END_CONNECTOR_1_OUT,top_level_1_cylinder,BOTTOM_CONNECTOR
rear_level_1_beam,END_CONNECTOR_2_OUT,rear_level_1_cylinder,TOP_CONNECTOR
Cyl_Flip_Out,Flip_Connector_2,Beam,TOP_CONNECTOR_IN
Cyl_Flip_Out,Flip_Connector_1,NACA_Fuse,BOTTOM_CONNECTOR
7_oclock_level_3_beam,END_CONNECTOR_2_OUT,7_oclock_level_3_cylinder,TOP_CONNECTOR
7_oclock_level_3_beam,END_CONNECTOR_1_OUT,rear_left_level_3_cylinder,BOTTOM_CONNECTOR
rear_cyl_battery,PowerBus,BatteryController,BatteryPower
rear_cyl_battery,Battery_Connector_1_out,rear_cylinder,BATTERY_CONNECTOR
rear_left_level_2_cylinder,TOP_CONNECTOR,rear_left_level_2_beam,END_CONNECTOR_2_OUT
rear_left_level_2_cylinder,REAR_CONNECTOR,rear_left_level_3_cylinder,FRONT_CONNECTOR
rear_right_level_2_beam,END_CONNECTOR_2_OUT,rear_right_level_2_cylinder,TOP_CONNECTOR
rear_right_level_2_beam,END_CONNECTOR_1_OUT,top_level_2_cylinder,BOTTOM_CONNECTOR
5_oclock_motor,MotorPower,BatteryController,MotorPower
5_oclock_motor,Base_Connector,5_oclock_level_3_cylinder,REAR_CONNECTOR
5_oclock_motor,Prop_Connector,5_oclock_prop,MOTOR_CONNECTOR_CS_IN
front_right_level_3_cylinder,FRONT_CONNECTOR,front_right_level_2_cylinder,REAR_CONNECTOR
front_right_level_3_cylinder,LEFT_CONNECTOR,2_oclock_level_3_beam,END_CONNECTOR_1_OUT
front_right_level_3_cylinder,REAR_CONNECTOR,front_right_motor,Base_Connector
front_right_level_3_cylinder,BOTTOM_CONNECTOR,1_oclock_level_3_beam,END_CONNECTOR_1_OUT
rear_level_1_motor,MotorPower,BatteryController,MotorPower
rear_level_1_motor,Base_Connector,rear_level_1_cylinder,REAR_CONNECTOR
rear_level_1_motor,Prop_Connector,rear_level_1_prop,MOTOR_CONNECTOR_CS_IN
7_oclock_prop,MOTOR_CONNECTOR_CS_IN,7_oclock_motor,Prop_Connector
Passenger_2,Connector,NACA_Fuse,SEAT_2_CONNECTOR
right_level_1_cylinder,REAR_CONNECTOR,right_level_1_motor,Base_Connector
right_level_1_cylinder,TOP_CONNECTOR,right_level_1_beam,END_CONNECTOR_2_OUT
2_oclock_level_3_beam,END_CONNECTOR_1_OUT,front_right_level_3_cylinder,LEFT_CONNECTOR
2_oclock_level_3_beam,END_CONNECTOR_2_OUT,2_oclock_level_3_cylinder,TOP_CONNECTOR
rear_right_level_3_cylinder,FRONT_CONNECTOR,rear_right_level_2_cylinder,REAR_CONNECTOR
rear_right_level_3_cylinder,LEFT_CONNECTOR,5_oclock_level_3_beam,END_CONNECTOR_1_OUT
rear_right_level_3_cylinder,REAR_CONNECTOR,rear_right_motor,Base_Connector
rear_right_level_3_cylinder,BOTTOM_CONNECTOR,4_oclock_level_3_beam,END_CONNECTOR_1_OUT
left_level_1_beam,END_CONNECTOR_2_OUT,left_level_1_cylinder,TOP_CONNECTOR
left_level_1_beam,END_CONNECTOR_1_OUT,top_level_1_cylinder,LEFT_CONNECTOR
1_oclock_level_3_cylinder,REAR_CONNECTOR,1_oclock_motor,Base_Connector
1_oclock_level_3_cylinder,TOP_CONNECTOR,1_oclock_level_3_beam,END_CONNECTOR_2_OUT
Beam,BATTERY_CONNECTOR_1,bottom_beam_battery,Battery_Connector_1
Beam,END_CONNECTOR_2_OUT,left_bot_cylinder,RIGHT_CONNECTOR
Beam,END_CONNECTOR_1_OUT,right_bot_cylinder,LEFT_CONNECTOR
Beam,TOP_CONNECTOR_IN,Cyl_Flip_Out,Flip_Connector_2
NACA_Fuse,TOP_CONNECTOR,top_level_1_cylinder,FRONT_CONNECTOR
NACA_Fuse,BOTTOM_CONNECTOR,Cyl_Flip_Out,Flip_Connector_1
NACA_Fuse,REAR_CONNECTOR,rear_cylinder,FRONT_CONNECTOR
NACA_Fuse,ORIENT,Orient,ORIENTCONN
NACA_Fuse,SEAT_2_CONNECTOR,Passenger_2,Connector
NACA_Fuse,SEAT_1_CONNECTOR,Passenger_1,Connector
5_oclock_prop,MOTOR_CONNECTOR_CS_IN,5_oclock_motor,Prop_Connector
rear_right_motor,MotorPower,BatteryController,MotorPower
rear_right_motor,Base_Connector,rear_right_level_3_cylinder,REAR_CONNECTOR
rear_right_motor,Prop_Connector,rear_right_prop,MOTOR_CONNECTOR_CS_IN
front_level_1_motor,Prop_Connector,front_level_1_prop,MOTOR_CONNECTOR_CS_IN
front_level_1_motor,Base_Connector,front_level_1_cylinder,REAR_CONNECTOR
front_level_1_motor,MotorPower,BatteryController,MotorPower
7_oclock_level_3_cylinder,REAR_CONNECTOR,7_oclock_motor,Base_Connector
7_oclock_level_3_cylinder,TOP_CONNECTOR,7_oclock_level_3_beam,END_CONNECTOR_2_OUT
left_h_wing,Connector_2,left_wing_cylinder,REAR_CONNECTOR
left_h_wing,Connector_1,left_wing_wing_cylinder,RIGHT_CONNECTOR
4_oclock_level_3_beam,END_CONNECTOR_2_OUT,4_oclock_level_3_cylinder,TOP_CONNECTOR
4_oclock_level_3_beam,END_CONNECTOR_1_OUT,rear_right_level_3_cylinder,BOTTOM_CONNECTOR
front_level_1_prop,MOTOR_CONNECTOR_CS_IN,front_level_1_motor,Prop_Connector
4_oclock_level_3_cylinder,REAR_CONNECTOR,4_oclock_motor,Base_Connector
4_oclock_level_3_cylinder,TOP_CONNECTOR,4_oclock_level_3_beam,END_CONNECTOR_2_OUT
BatteryController,BatteryPower,rear_cyl_battery,PowerBus
BatteryController,BatteryPower,bottom_beam_battery,PowerBus
BatteryController,BatteryPower,right_bot_cyl_battery,PowerBus
BatteryController,BatteryPower,left_bot_cyl_battery,PowerBus
BatteryController,MotorPower,rear_left_motor,MotorPower
BatteryController,MotorPower,left_level_1_motor,MotorPower
BatteryController,MotorPower,right_level_1_motor,MotorPower
BatteryController,MotorPower,rear_right_motor,MotorPower
BatteryController,MotorPower,5_oclock_motor,MotorPower
BatteryController,MotorPower,1_oclock_motor,MotorPower
BatteryController,MotorPower,rear_level_1_motor,MotorPower
BatteryController,MotorPower,8_oclock_motor,MotorPower
BatteryController,MotorPower,4_oclock_motor,MotorPower
BatteryController,MotorPower,center_motor,MotorPower
BatteryController,MotorPower,2_oclock_motor,MotorPower
BatteryController,MotorPower,11_oclock_motor,MotorPower
BatteryController,MotorPower,10_oclock_motor,MotorPower
BatteryController,MotorPower,front_right_motor,MotorPower
BatteryController,MotorPower,front_level_1_motor,MotorPower
BatteryController,MotorPower,7_oclock_motor,MotorPower
BatteryController,MotorPower,front_left_motor,MotorPower
front_left_level_3_cylinder,LEFT_CONNECTOR,11_oclock_level_3_beam,END_CONNECTOR_1_OUT
front_left_level_3_cylinder,REAR_CONNECTOR,front_left_motor,Base_Connector
front_left_level_3_cylinder,FRONT_CONNECTOR,front_left_level_2_cylinder,REAR_CONNECTOR
front_left_level_3_cylinder,BOTTOM_CONNECTOR,10_oclock_level_3_beam,END_CONNECTOR_1_OUT
rear_level_1_prop,MOTOR_CONNECTOR_CS_IN,rear_level_1_motor,Prop_Connector
rear_cylinder,RIGHT_CONNECTOR,right_wing_cylinder,FRONT_CONNECTOR
rear_cylinder,BATTERY_CONNECTOR,rear_cyl_battery,Battery_Connector_1_out
rear_cylinder,FRONT_CONNECTOR,NACA_Fuse,REAR_CONNECTOR
rear_cylinder,LEFT_CONNECTOR,left_wing_cylinder,FRONT_CONNECTOR
rear_right_level_2_cylinder,REAR_CONNECTOR,rear_right_level_3_cylinder,FRONT_CONNECTOR
rear_right_level_2_cylinder,TOP_CONNECTOR,rear_right_level_2_beam,END_CONNECTOR_2_OUT
front_right_level_2_cylinder,TOP_CONNECTOR,front_right_level_2_beam,END_CONNECTOR_2_OUT
front_right_level_2_cylinder,REAR_CONNECTOR,front_right_level_3_cylinder,FRONT_CONNECTOR
8_oclock_level_3_beam,END_CONNECTOR_1_OUT,rear_left_level_3_cylinder,LEFT_CONNECTOR
8_oclock_level_3_beam,END_CONNECTOR_2_OUT,8_oclock_level_3_cylinder,TOP_CONNECTOR
2_oclock_level_3_cylinder,REAR_CONNECTOR,2_oclock_motor,Base_Connector
2_oclock_level_3_cylinder,TOP_CONNECTOR,2_oclock_level_3_beam,END_CONNECTOR_2_OUT
top_level_2_cylinder,FRONT_CONNECTOR,top_level_1_cylinder,REAR_CONNECTOR
top_level_2_cylinder,BOTTOM_CONNECTOR,rear_right_level_2_beam,END_CONNECTOR_1_OUT
top_level_2_cylinder,RIGHT_CONNECTOR,front_right_level_2_beam,END_CONNECTOR_1_OUT
top_level_2_cylinder,LEFT_CONNECTOR,rear_left_level_2_beam,END_CONNECTOR_1_OUT
top_level_2_cylinder,REAR_CONNECTOR,center_motor,Base_Connector
top_level_2_cylinder,TOP_CONNECTOR,front_left_level_2_beam,END_CONNECTOR_1_OUT
11_oclock_prop,MOTOR_CONNECTOR_CS_IN,11_oclock_motor,Prop_Connector
rear_left_prop,MOTOR_CONNECTOR_CS_IN,rear_left_motor,Prop_Connector
front_left_level_2_beam,END_CONNECTOR_2_OUT,front_left_level_2_cylinder,TOP_CONNECTOR
front_left_level_2_beam,END_CONNECTOR_1_OUT,top_level_2_cylinder,TOP_CONNECTOR
8_oclock_prop,MOTOR_CONNECTOR_CS_IN,8_oclock_motor,Prop_Connector
right_bot_cyl_battery,Battery_Connector_1_out,right_bot_cylinder,BATTERY_CONNECTOR
right_bot_cyl_battery,PowerBus,BatteryController,BatteryPower
10_oclock_prop,MOTOR_CONNECTOR_CS_IN,10_oclock_motor,Prop_Connector
1_oclock_prop,MOTOR_CONNECTOR_CS_IN,1_oclock_motor,Prop_Connector
front_right_motor,Base_Connector,front_right_level_3_cylinder,REAR_CONNECTOR
front_right_motor,Prop_Connector,front_right_prop,MOTOR_CONNECTOR_CS_IN
front_right_motor,MotorPower,BatteryController,MotorPower
7_oclock_motor,Base_Connector,7_oclock_level_3_cylinder,REAR_CONNECTOR
7_oclock_motor,Prop_Connector,7_oclock_prop,MOTOR_CONNECTOR_CS_IN
7_oclock_motor,MotorPower,BatteryController,MotorPower
11_oclock_level_3_beam,END_CONNECTOR_1_OUT,front_left_level_3_cylinder,LEFT_CONNECTOR
11_oclock_level_3_beam,END_CONNECTOR_2_OUT,11_oclock_level_3_cylinder,TOP_CONNECTOR
right_bot_cylinder,LEFT_CONNECTOR,Beam,END_CONNECTOR_1_OUT
right_bot_cylinder,BATTERY_CONNECTOR,right_bot_cyl_battery,Battery_Connector_1_out
right_level_1_prop,MOTOR_CONNECTOR_CS_IN,right_level_1_motor,Prop_Connector
front_right_level_2_beam,END_CONNECTOR_1_OUT,top_level_2_cylinder,RIGHT_CONNECTOR
front_right_level_2_beam,END_CONNECTOR_2_OUT,front_right_level_2_cylinder,TOP_CONNECTOR
rear_right_prop,MOTOR_CONNECTOR_CS_IN,rear_right_motor,Prop_Connector
Passenger_1,Connector,NACA_Fuse,SEAT_1_CONNECTOR
4_oclock_prop,MOTOR_CONNECTOR_CS_IN,4_oclock_motor,Prop_Connector
1_oclock_motor,MotorPower,BatteryController,MotorPower
1_oclock_motor,Prop_Connector,1_oclock_prop,MOTOR_CONNECTOR_CS_IN
1_oclock_motor,Base_Connector,1_oclock_level_3_cylinder,REAR_CONNECTOR
left_v_wing,Connector_1,left_wing_wing_cylinder,TOP_CONNECTOR
rear_left_level_3_cylinder,BOTTOM_CONNECTOR,7_oclock_level_3_beam,END_CONNECTOR_1_OUT
rear_left_level_3_cylinder,REAR_CONNECTOR,rear_left_motor,Base_Connector
rear_left_level_3_cylinder,LEFT_CONNECTOR,8_oclock_level_3_beam,END_CONNECTOR_1_OUT
rear_left_level_3_cylinder,FRONT_CONNECTOR,rear_left_level_2_cylinder,REAR_CONNECTOR
center_prop,MOTOR_CONNECTOR_CS_IN,center_motor,Prop_Connector
right_v_wing,Connector_1,right_wing_wing_cylinder,TOP_CONNECTOR
left_level_1_motor,MotorPower,BatteryController,MotorPower
left_level_1_motor,Prop_Connector,left_level_1_prop,MOTOR_CONNECTOR_CS_IN
left_level_1_motor,Base_Connector,left_level_1_cylinder,REAR_CONNECTOR
left_bot_cylinder,BATTERY_CONNECTOR,left_bot_cyl_battery,Battery_Connector_1_out
left_bot_cylinder,RIGHT_CONNECTOR,Beam,END_CONNECTOR_2_OUT
11_oclock_level_3_cylinder,TOP_CONNECTOR,11_oclock_level_3_beam,END_CONNECTOR_2_OUT
11_oclock_level_3_cylinder,REAR_CONNECTOR,11_oclock_motor,Base_Connector
left_bot_cyl_battery,Battery_Connector_1_out,left_bot_cylinder,BATTERY_CONNECTOR
left_bot_cyl_battery,PowerBus,BatteryController,BatteryPower
2_oclock_prop,MOTOR_CONNECTOR_CS_IN,2_oclock_motor,Prop_Connector
10_oclock_motor,Prop_Connector,10_oclock_prop,MOTOR_CONNECTOR_CS_IN
10_oclock_motor,MotorPower,BatteryController,MotorPower
10_oclock_motor,Base_Connector,10_oclock_level_3_cylinder,REAR_CONNECTOR
5_oclock_level_3_beam,END_CONNECTOR_2_OUT,5_oclock_level_3_cylinder,TOP_CONNECTOR
5_oclock_level_3_beam,END_CONNECTOR_1_OUT,rear_right_level_3_cylinder,LEFT_CONNECTOR
left_level_1_cylinder,TOP_CONNECTOR,left_level_1_beam,END_CONNECTOR_2_OUT
left_level_1_cylinder,REAR_CONNECTOR,left_level_1_motor,Base_Connector
10_oclock_level_3_cylinder,REAR_CONNECTOR,10_oclock_motor,Base_Connector
10_oclock_level_3_cylinder,TOP_CONNECTOR,10_oclock_level_3_beam,END_CONNECTOR_2_OUT
right_level_1_beam,END_CONNECTOR_2_OUT,right_level_1_cylinder,TOP_CONNECTOR
right_level_1_beam,END_CONNECTOR_1_OUT,top_level_1_cylinder,RIGHT_CONNECTOR
bottom_beam_battery,Battery_Connector_1,Beam,BATTERY_CONNECTOR_1
bottom_beam_battery,PowerBus,BatteryController,BatteryPower
Orient,ORIENTCONN,NACA_Fuse,ORIENT
front_right_prop,MOTOR_CONNECTOR_CS_IN,front_right_motor,Prop_Connector
left_wing_wing_cylinder,TOP_CONNECTOR,left_v_wing,Connector_1
left_wing_wing_cylinder,RIGHT_CONNECTOR,left_h_wing,Connector_1
front_left_prop,MOTOR_CONNECTOR_CS_IN,front_left_motor,Prop_Connector
5_oclock_level_3_cylinder,TOP_CONNECTOR,5_oclock_level_3_beam,END_CONNECTOR_2_OUT
5_oclock_level_3_cylinder,REAR_CONNECTOR,5_oclock_motor,Base_Connector
right_h_wing,Connector_2,right_wing_wing_cylinder,LEFT_CONNECTOR
right_h_wing,Connector_1,right_wing_cylinder,REAR_CONNECTOR
front_left_level_2_cylinder,REAR_CONNECTOR,front_left_level_3_cylinder,FRONT_CONNECTOR
front_left_level_2_cylinder,TOP_CONNECTOR,front_left_level_2_beam,END_CONNECTOR_2_OUT
rear_level_1_cylinder,TOP_CONNECTOR,rear_level_1_beam,END_CONNECTOR_2_OUT
rear_level_1_cylinder,REAR_CONNECTOR,rear_level_1_motor,Base_Connector
front_level_1_cylinder,TOP_CONNECTOR,front_level_1_beam,END_CONNECTOR_2_OUT
front_level_1_cylinder,REAR_CONNECTOR,front_level_1_motor,Base_Connector
4_oclock_motor,MotorPower,BatteryController,MotorPower
4_oclock_motor,Base_Connector,4_oclock_level_3_cylinder,REAR_CONNECTOR
4_oclock_motor,Prop_Connector,4_oclock_prop,MOTOR_CONNECTOR_CS_IN
right_level_1_motor,MotorPower,BatteryController,MotorPower
right_level_1_motor,Base_Connector,right_level_1_cylinder,REAR_CONNECTOR
right_level_1_motor,Prop_Connector,right_level_1_prop,MOTOR_CONNECTOR_CS_IN
left_level_1_prop,MOTOR_CONNECTOR_CS_IN,left_level_1_motor,Prop_Connector
left_wing_cylinder,FRONT_CONNECTOR,rear_cylinder,LEFT_CONNECTOR
left_wing_cylinder,REAR_CONNECTOR,left_h_wing,Connector_2
11_oclock_motor,Base_Connector,11_oclock_level_3_cylinder,REAR_CONNECTOR
11_oclock_motor,MotorPower,BatteryController,MotorPower
11_oclock_motor,Prop_Connector,11_oclock_prop,MOTOR_CONNECTOR_CS_IN
8_oclock_motor,MotorPower,BatteryController,MotorPower
8_oclock_motor,Prop_Connector,8_oclock_prop,MOTOR_CONNECTOR_CS_IN
8_oclock_motor,Base_Connector,8_oclock_level_3_cylinder,REAR_CONNECTOR
center_motor,Base_Connector,top_level_2_cylinder,REAR_CONNECTOR
center_motor,MotorPower,BatteryController,MotorPower
center_motor,Prop_Connector,center_prop,MOTOR_CONNECTOR_CS_IN
front_left_motor,Prop_Connector,front_left_prop,MOTOR_CONNECTOR_CS_IN
front_left_motor,Base_Connector,front_left_level_3_cylinder,REAR_CONNECTOR
front_left_motor,MotorPower,BatteryController,MotorPower
8_oclock_level_3_cylinder,REAR_CONNECTOR,8_oclock_motor,Base_Connector
8_oclock_level_3_cylinder,TOP_CONNECTOR,8_oclock_level_3_beam,END_CONNECTOR_2_OUT
rear_left_level_2_beam,END_CONNECTOR_2_OUT,rear_left_level_2_cylinder,TOP_CONNECTOR
rear_left_level_2_beam,END_CONNECTOR_1_OUT,top_level_2_cylinder,LEFT_CONNECTOR
10_oclock_level_3_beam,END_CONNECTOR_1_OUT,front_left_level_3_cylinder,BOTTOM_CONNECTOR
10_oclock_level_3_beam,END_CONNECTOR_2_OUT,10_oclock_level_3_cylinder,TOP_CONNECTOR
top_level_1_cylinder,TOP_CONNECTOR,front_level_1_beam,END_CONNECTOR_1_OUT
top_level_1_cylinder,LEFT_CONNECTOR,left_level_1_beam,END_CONNECTOR_1_OUT
top_level_1_cylinder,FRONT_CONNECTOR,NACA_Fuse,TOP_CONNECTOR
top_level_1_cylinder,REAR_CONNECTOR,top_level_2_cylinder,FRONT_CONNECTOR
top_level_1_cylinder,RIGHT_CONNECTOR,right_level_1_beam,END_CONNECTOR_1_OUT
top_level_1_cylinder,BOTTOM_CONNECTOR,rear_level_1_beam,END_CONNECTOR_1_OUT
2_oclock_motor,Prop_Connector,2_oclock_prop,MOTOR_CONNECTOR_CS_IN
2_oclock_motor,MotorPower,BatteryController,MotorPower
2_oclock_motor,Base_Connector,2_oclock_level_3_cylinder,REAR_CONNECTOR
1_oclock_level_3_beam,END_CONNECTOR_1_OUT,front_right_level_3_cylinder,BOTTOM_CONNECTOR
1_oclock_level_3_beam,END_CONNECTOR_2_OUT,1_oclock_level_3_cylinder,TOP_CONNECTOR
front_level_1_beam,END_CONNECTOR_1_OUT,top_level_1_cylinder,TOP_CONNECTOR
front_level_1_beam,END_CONNECTOR_2_OUT,front_level_1_cylinder,TOP_CONNECTOR
right_wing_wing_cylinder,TOP_CONNECTOR,right_v_wing,Connector_1
right_wing_wing_cylinder,LEFT_CONNECTOR,right_h_wing,Connector_2
right_wing_cylinder,REAR_CONNECTOR,right_h_wing,Connector_1
right_wing_cylinder,FRONT_CONNECTOR,rear_cylinder,RIGHT_CONNECTOR
rear_left_motor,MotorPower,BatteryController,MotorPower
rear_left_motor,Base_Connector,rear_left_level_3_cylinder,REAR_CONNECTOR
rear_left_motor,Prop_Connector,rear_left_prop,MOTOR_CONNECTOR_CS_IN
