[
  { "FROM_COMP": "rear_level_1_beam", "LIB_COMPONENT": "Beam" },
  { "FROM_COMP": "Cyl_Flip_Out", "LIB_COMPONENT": "Cyl_Flip_Out" },
  { "FROM_COMP": "7_oclock_level_3_beam", "LIB_COMPONENT": "Beam" },
  { "FROM_COMP": "rear_cyl_battery", "LIB_COMPONENT": "Tattu25AhLi_cyl" },
  { "FROM_COMP": "rear_left_level_2_cylinder", "LIB_COMPONENT": "PORTED_CYL" },
  { "FROM_COMP": "rear_right_level_2_beam", "LIB_COMPONENT": "Beam" },
  { "FROM_COMP": "5_oclock_motor", "LIB_COMPONENT": "Emrax228LV" },
  {
    "FROM_COMP": "front_right_level_3_cylinder",
    "LIB_COMPONENT": "PORTED_CYL"
  },
  { "FROM_COMP": "rear_level_1_motor", "LIB_COMPONENT": "Emrax268LV" },
  { "FROM_COMP": "7_oclock_prop", "LIB_COMPONENT": "34x3_2_4600_41_250" },
  { "FROM_COMP": "Passenger_2", "LIB_COMPONENT": "Passenger" },
  { "FROM_COMP": "right_level_1_cylinder", "LIB_COMPONENT": "PORTED_CYL" },
  { "FROM_COMP": "2_oclock_level_3_beam", "LIB_COMPONENT": "Beam" },
  { "FROM_COMP": "rear_right_level_3_cylinder", "LIB_COMPONENT": "PORTED_CYL" },
  { "FROM_COMP": "left_level_1_beam", "LIB_COMPONENT": "Beam" },
  { "FROM_COMP": "1_oclock_level_3_cylinder", "LIB_COMPONENT": "PORTED_CYL" },
  { "FROM_COMP": "Beam", "LIB_COMPONENT": "Beam" },
  { "FROM_COMP": "NACA_Fuse", "LIB_COMPONENT": "NACA_Fuse" },
  { "FROM_COMP": "5_oclock_prop", "LIB_COMPONENT": "34x3_2_4600_41_250" },
  { "FROM_COMP": "rear_right_motor", "LIB_COMPONENT": "Emrax228LV" },
  { "FROM_COMP": "front_level_1_motor", "LIB_COMPONENT": "Emrax268LV" },
  { "FROM_COMP": "7_oclock_level_3_cylinder", "LIB_COMPONENT": "PORTED_CYL" },
  { "FROM_COMP": "left_h_wing", "LIB_COMPONENT": "naca_wing" },
  { "FROM_COMP": "4_oclock_level_3_beam", "LIB_COMPONENT": "Beam" },
  { "FROM_COMP": "front_level_1_prop", "LIB_COMPONENT": "48x7_4_2800_51_750" },
  { "FROM_COMP": "4_oclock_level_3_cylinder", "LIB_COMPONENT": "PORTED_CYL" },
  { "FROM_COMP": "BatteryController", "LIB_COMPONENT": "BatteryController" },
  { "FROM_COMP": "front_left_level_3_cylinder", "LIB_COMPONENT": "PORTED_CYL" },
  { "FROM_COMP": "rear_level_1_prop", "LIB_COMPONENT": "48x7_4_2800_51_750" },
  { "FROM_COMP": "rear_cylinder", "LIB_COMPONENT": "PORTED_CYL" },
  { "FROM_COMP": "rear_right_level_2_cylinder", "LIB_COMPONENT": "PORTED_CYL" },
  {
    "FROM_COMP": "front_right_level_2_cylinder",
    "LIB_COMPONENT": "PORTED_CYL"
  },
  { "FROM_COMP": "8_oclock_level_3_beam", "LIB_COMPONENT": "Beam" },
  { "FROM_COMP": "2_oclock_level_3_cylinder", "LIB_COMPONENT": "PORTED_CYL" },
  { "FROM_COMP": "top_level_2_cylinder", "LIB_COMPONENT": "PORTED_CYL" },
  { "FROM_COMP": "11_oclock_prop", "LIB_COMPONENT": "34x3_2_4600_41_250" },
  { "FROM_COMP": "rear_left_prop", "LIB_COMPONENT": "34x3_2_4600_41_250" },
  { "FROM_COMP": "front_left_level_2_beam", "LIB_COMPONENT": "Beam" },
  { "FROM_COMP": "8_oclock_prop", "LIB_COMPONENT": "34x3_2_4600_41_250" },
  { "FROM_COMP": "right_bot_cyl_battery", "LIB_COMPONENT": "Tattu25AhLi_cyl" },
  { "FROM_COMP": "10_oclock_prop", "LIB_COMPONENT": "34x3_2_4600_41_250" },
  { "FROM_COMP": "1_oclock_prop", "LIB_COMPONENT": "34x3_2_4600_41_250" },
  { "FROM_COMP": "front_right_motor", "LIB_COMPONENT": "Emrax228LV" },
  { "FROM_COMP": "7_oclock_motor", "LIB_COMPONENT": "Emrax228LV" },
  { "FROM_COMP": "11_oclock_level_3_beam", "LIB_COMPONENT": "Beam" },
  { "FROM_COMP": "right_bot_cylinder", "LIB_COMPONENT": "PORTED_CYL" },
  { "FROM_COMP": "right_level_1_prop", "LIB_COMPONENT": "48x7_4_2800_51_750" },
  { "FROM_COMP": "front_right_level_2_beam", "LIB_COMPONENT": "Beam" },
  { "FROM_COMP": "rear_right_prop", "LIB_COMPONENT": "34x3_2_4600_41_250" },
  { "FROM_COMP": "Passenger_1", "LIB_COMPONENT": "Passenger" },
  { "FROM_COMP": "4_oclock_prop", "LIB_COMPONENT": "34x3_2_4600_41_250" },
  { "FROM_COMP": "1_oclock_motor", "LIB_COMPONENT": "Emrax228LV" },
  { "FROM_COMP": "left_v_wing", "LIB_COMPONENT": "naca_wing" },
  { "FROM_COMP": "rear_left_level_3_cylinder", "LIB_COMPONENT": "PORTED_CYL" },
  { "FROM_COMP": "center_prop", "LIB_COMPONENT": "34x3_2_4600_41_250" },
  { "FROM_COMP": "right_v_wing", "LIB_COMPONENT": "naca_wing" },
  { "FROM_COMP": "left_level_1_motor", "LIB_COMPONENT": "Emrax268LV" },
  { "FROM_COMP": "left_bot_cylinder", "LIB_COMPONENT": "PORTED_CYL" },
  { "FROM_COMP": "11_oclock_level_3_cylinder", "LIB_COMPONENT": "PORTED_CYL" },
  { "FROM_COMP": "left_bot_cyl_battery", "LIB_COMPONENT": "Tattu25AhLi_cyl" },
  { "FROM_COMP": "2_oclock_prop", "LIB_COMPONENT": "34x3_2_4600_41_250" },
  { "FROM_COMP": "10_oclock_motor", "LIB_COMPONENT": "Emrax228LV" },
  { "FROM_COMP": "5_oclock_level_3_beam", "LIB_COMPONENT": "Beam" },
  { "FROM_COMP": "left_level_1_cylinder", "LIB_COMPONENT": "PORTED_CYL" },
  { "FROM_COMP": "10_oclock_level_3_cylinder", "LIB_COMPONENT": "PORTED_CYL" },
  { "FROM_COMP": "right_level_1_beam", "LIB_COMPONENT": "Beam" },
  { "FROM_COMP": "bottom_beam_battery", "LIB_COMPONENT": "Tattu25AhLi_beam" },
  { "FROM_COMP": "Orient", "LIB_COMPONENT": "Orient" },
  { "FROM_COMP": "front_right_prop", "LIB_COMPONENT": "34x3_2_4600_41_250" },
  { "FROM_COMP": "left_wing_wing_cylinder", "LIB_COMPONENT": "PORTED_CYL" },
  { "FROM_COMP": "front_left_prop", "LIB_COMPONENT": "34x3_2_4600_41_250" },
  { "FROM_COMP": "5_oclock_level_3_cylinder", "LIB_COMPONENT": "PORTED_CYL" },
  { "FROM_COMP": "right_h_wing", "LIB_COMPONENT": "naca_wing" },
  { "FROM_COMP": "front_left_level_2_cylinder", "LIB_COMPONENT": "PORTED_CYL" },
  { "FROM_COMP": "rear_level_1_cylinder", "LIB_COMPONENT": "PORTED_CYL" },
  { "FROM_COMP": "front_level_1_cylinder", "LIB_COMPONENT": "PORTED_CYL" },
  { "FROM_COMP": "4_oclock_motor", "LIB_COMPONENT": "Emrax228LV" },
  { "FROM_COMP": "right_level_1_motor", "LIB_COMPONENT": "Emrax268LV" },
  { "FROM_COMP": "left_level_1_prop", "LIB_COMPONENT": "48x7_4_2800_51_750" },
  { "FROM_COMP": "left_wing_cylinder", "LIB_COMPONENT": "PORTED_CYL" },
  { "FROM_COMP": "11_oclock_motor", "LIB_COMPONENT": "Emrax228LV" },
  { "FROM_COMP": "8_oclock_motor", "LIB_COMPONENT": "Emrax228LV" },
  { "FROM_COMP": "center_motor", "LIB_COMPONENT": "Emrax228LV" },
  { "FROM_COMP": "front_left_motor", "LIB_COMPONENT": "Emrax228LV" },
  { "FROM_COMP": "8_oclock_level_3_cylinder", "LIB_COMPONENT": "PORTED_CYL" },
  { "FROM_COMP": "rear_left_level_2_beam", "LIB_COMPONENT": "Beam" },
  { "FROM_COMP": "10_oclock_level_3_beam", "LIB_COMPONENT": "Beam" },
  { "FROM_COMP": "top_level_1_cylinder", "LIB_COMPONENT": "PORTED_CYL" },
  { "FROM_COMP": "2_oclock_motor", "LIB_COMPONENT": "Emrax228LV" },
  { "FROM_COMP": "1_oclock_level_3_beam", "LIB_COMPONENT": "Beam" },
  { "FROM_COMP": "front_level_1_beam", "LIB_COMPONENT": "Beam" },
  { "FROM_COMP": "right_wing_wing_cylinder", "LIB_COMPONENT": "PORTED_CYL" },
  { "FROM_COMP": "right_wing_cylinder", "LIB_COMPONENT": "PORTED_CYL" },
  { "FROM_COMP": "rear_left_motor", "LIB_COMPONENT": "Emrax228LV" }
]
