[
  {
    "FROM_COMP": "rear_level_1_beam",
    "FROM_CONN": "END_CONNECTOR_1_OUT",
    "TO_COMP": "top_level_1_cylinder",
    "TO_CONN": "BOTTOM_CONNECTOR"
  },
  {
    "FROM_COMP": "rear_level_1_beam",
    "FROM_CONN": "END_CONNECTOR_2_OUT",
    "TO_COMP": "rear_level_1_cylinder",
    "TO_CONN": "TOP_CONNECTOR"
  },
  {
    "FROM_COMP": "Cyl_Flip_Out",
    "FROM_CONN": "Flip_Connector_2",
    "TO_COMP": "Beam",
    "TO_CONN": "TOP_CONNECTOR_IN"
  },
  {
    "FROM_COMP": "Cyl_Flip_Out",
    "FROM_CONN": "Flip_Connector_1",
    "TO_COMP": "NACA_Fuse",
    "TO_CONN": "BOTTOM_CONNECTOR"
  },
  {
    "FROM_COMP": "7_oclock_level_3_beam",
    "FROM_CONN": "END_CONNECTOR_2_OUT",
    "TO_COMP": "7_oclock_level_3_cylinder",
    "TO_CONN": "TOP_CONNECTOR"
  },
  {
    "FROM_COMP": "7_oclock_level_3_beam",
    "FROM_CONN": "END_CONNECTOR_1_OUT",
    "TO_COMP": "rear_left_level_3_cylinder",
    "TO_CONN": "BOTTOM_CONNECTOR"
  },
  {
    "FROM_COMP": "rear_cyl_battery",
    "FROM_CONN": "PowerBus",
    "TO_COMP": "BatteryController",
    "TO_CONN": "BatteryPower"
  },
  {
    "FROM_COMP": "rear_cyl_battery",
    "FROM_CONN": "Battery_Connector_1_out",
    "TO_COMP": "rear_cylinder",
    "TO_CONN": "BATTERY_CONNECTOR"
  },
  {
    "FROM_COMP": "rear_left_level_2_cylinder",
    "FROM_CONN": "TOP_CONNECTOR",
    "TO_COMP": "rear_left_level_2_beam",
    "TO_CONN": "END_CONNECTOR_2_OUT"
  },
  {
    "FROM_COMP": "rear_left_level_2_cylinder",
    "FROM_CONN": "REAR_CONNECTOR",
    "TO_COMP": "rear_left_level_3_cylinder",
    "TO_CONN": "FRONT_CONNECTOR"
  },
  {
    "FROM_COMP": "rear_right_level_2_beam",
    "FROM_CONN": "END_CONNECTOR_2_OUT",
    "TO_COMP": "rear_right_level_2_cylinder",
    "TO_CONN": "TOP_CONNECTOR"
  },
  {
    "FROM_COMP": "rear_right_level_2_beam",
    "FROM_CONN": "END_CONNECTOR_1_OUT",
    "TO_COMP": "top_level_2_cylinder",
    "TO_CONN": "BOTTOM_CONNECTOR"
  },
  {
    "FROM_COMP": "5_oclock_motor",
    "FROM_CONN": "MotorPower",
    "TO_COMP": "BatteryController",
    "TO_CONN": "MotorPower"
  },
  {
    "FROM_COMP": "5_oclock_motor",
    "FROM_CONN": "Base_Connector",
    "TO_COMP": "5_oclock_level_3_cylinder",
    "TO_CONN": "REAR_CONNECTOR"
  },
  {
    "FROM_COMP": "5_oclock_motor",
    "FROM_CONN": "Prop_Connector",
    "TO_COMP": "5_oclock_prop",
    "TO_CONN": "MOTOR_CONNECTOR_CS_IN"
  },
  {
    "FROM_COMP": "front_right_level_3_cylinder",
    "FROM_CONN": "FRONT_CONNECTOR",
    "TO_COMP": "front_right_level_2_cylinder",
    "TO_CONN": "REAR_CONNECTOR"
  },
  {
    "FROM_COMP": "front_right_level_3_cylinder",
    "FROM_CONN": "LEFT_CONNECTOR",
    "TO_COMP": "2_oclock_level_3_beam",
    "TO_CONN": "END_CONNECTOR_1_OUT"
  },
  {
    "FROM_COMP": "front_right_level_3_cylinder",
    "FROM_CONN": "REAR_CONNECTOR",
    "TO_COMP": "front_right_motor",
    "TO_CONN": "Base_Connector"
  },
  {
    "FROM_COMP": "front_right_level_3_cylinder",
    "FROM_CONN": "BOTTOM_CONNECTOR",
    "TO_COMP": "1_oclock_level_3_beam",
    "TO_CONN": "END_CONNECTOR_1_OUT"
  },
  {
    "FROM_COMP": "rear_level_1_motor",
    "FROM_CONN": "MotorPower",
    "TO_COMP": "BatteryController",
    "TO_CONN": "MotorPower"
  },
  {
    "FROM_COMP": "rear_level_1_motor",
    "FROM_CONN": "Base_Connector",
    "TO_COMP": "rear_level_1_cylinder",
    "TO_CONN": "REAR_CONNECTOR"
  },
  {
    "FROM_COMP": "rear_level_1_motor",
    "FROM_CONN": "Prop_Connector",
    "TO_COMP": "rear_level_1_prop",
    "TO_CONN": "MOTOR_CONNECTOR_CS_IN"
  },
  {
    "FROM_COMP": "7_oclock_prop",
    "FROM_CONN": "MOTOR_CONNECTOR_CS_IN",
    "TO_COMP": "7_oclock_motor",
    "TO_CONN": "Prop_Connector"
  },
  {
    "FROM_COMP": "Passenger_2",
    "FROM_CONN": "Connector",
    "TO_COMP": "NACA_Fuse",
    "TO_CONN": "SEAT_2_CONNECTOR"
  },
  {
    "FROM_COMP": "right_level_1_cylinder",
    "FROM_CONN": "REAR_CONNECTOR",
    "TO_COMP": "right_level_1_motor",
    "TO_CONN": "Base_Connector"
  },
  {
    "FROM_COMP": "right_level_1_cylinder",
    "FROM_CONN": "TOP_CONNECTOR",
    "TO_COMP": "right_level_1_beam",
    "TO_CONN": "END_CONNECTOR_2_OUT"
  },
  {
    "FROM_COMP": "2_oclock_level_3_beam",
    "FROM_CONN": "END_CONNECTOR_1_OUT",
    "TO_COMP": "front_right_level_3_cylinder",
    "TO_CONN": "LEFT_CONNECTOR"
  },
  {
    "FROM_COMP": "2_oclock_level_3_beam",
    "FROM_CONN": "END_CONNECTOR_2_OUT",
    "TO_COMP": "2_oclock_level_3_cylinder",
    "TO_CONN": "TOP_CONNECTOR"
  },
  {
    "FROM_COMP": "rear_right_level_3_cylinder",
    "FROM_CONN": "FRONT_CONNECTOR",
    "TO_COMP": "rear_right_level_2_cylinder",
    "TO_CONN": "REAR_CONNECTOR"
  },
  {
    "FROM_COMP": "rear_right_level_3_cylinder",
    "FROM_CONN": "LEFT_CONNECTOR",
    "TO_COMP": "5_oclock_level_3_beam",
    "TO_CONN": "END_CONNECTOR_1_OUT"
  },
  {
    "FROM_COMP": "rear_right_level_3_cylinder",
    "FROM_CONN": "REAR_CONNECTOR",
    "TO_COMP": "rear_right_motor",
    "TO_CONN": "Base_Connector"
  },
  {
    "FROM_COMP": "rear_right_level_3_cylinder",
    "FROM_CONN": "BOTTOM_CONNECTOR",
    "TO_COMP": "4_oclock_level_3_beam",
    "TO_CONN": "END_CONNECTOR_1_OUT"
  },
  {
    "FROM_COMP": "left_level_1_beam",
    "FROM_CONN": "END_CONNECTOR_2_OUT",
    "TO_COMP": "left_level_1_cylinder",
    "TO_CONN": "TOP_CONNECTOR"
  },
  {
    "FROM_COMP": "left_level_1_beam",
    "FROM_CONN": "END_CONNECTOR_1_OUT",
    "TO_COMP": "top_level_1_cylinder",
    "TO_CONN": "LEFT_CONNECTOR"
  },
  {
    "FROM_COMP": "1_oclock_level_3_cylinder",
    "FROM_CONN": "REAR_CONNECTOR",
    "TO_COMP": "1_oclock_motor",
    "TO_CONN": "Base_Connector"
  },
  {
    "FROM_COMP": "1_oclock_level_3_cylinder",
    "FROM_CONN": "TOP_CONNECTOR",
    "TO_COMP": "1_oclock_level_3_beam",
    "TO_CONN": "END_CONNECTOR_2_OUT"
  },
  {
    "FROM_COMP": "Beam",
    "FROM_CONN": "BATTERY_CONNECTOR_1",
    "TO_COMP": "bottom_beam_battery",
    "TO_CONN": "Battery_Connector_1"
  },
  {
    "FROM_COMP": "Beam",
    "FROM_CONN": "END_CONNECTOR_2_OUT",
    "TO_COMP": "left_bot_cylinder",
    "TO_CONN": "RIGHT_CONNECTOR"
  },
  {
    "FROM_COMP": "Beam",
    "FROM_CONN": "END_CONNECTOR_1_OUT",
    "TO_COMP": "right_bot_cylinder",
    "TO_CONN": "LEFT_CONNECTOR"
  },
  {
    "FROM_COMP": "Beam",
    "FROM_CONN": "TOP_CONNECTOR_IN",
    "TO_COMP": "Cyl_Flip_Out",
    "TO_CONN": "Flip_Connector_2"
  },
  {
    "FROM_COMP": "NACA_Fuse",
    "FROM_CONN": "TOP_CONNECTOR",
    "TO_COMP": "top_level_1_cylinder",
    "TO_CONN": "FRONT_CONNECTOR"
  },
  {
    "FROM_COMP": "NACA_Fuse",
    "FROM_CONN": "BOTTOM_CONNECTOR",
    "TO_COMP": "Cyl_Flip_Out",
    "TO_CONN": "Flip_Connector_1"
  },
  {
    "FROM_COMP": "NACA_Fuse",
    "FROM_CONN": "REAR_CONNECTOR",
    "TO_COMP": "rear_cylinder",
    "TO_CONN": "FRONT_CONNECTOR"
  },
  {
    "FROM_COMP": "NACA_Fuse",
    "FROM_CONN": "ORIENT",
    "TO_COMP": "Orient",
    "TO_CONN": "ORIENTCONN"
  },
  {
    "FROM_COMP": "NACA_Fuse",
    "FROM_CONN": "SEAT_2_CONNECTOR",
    "TO_COMP": "Passenger_2",
    "TO_CONN": "Connector"
  },
  {
    "FROM_COMP": "NACA_Fuse",
    "FROM_CONN": "SEAT_1_CONNECTOR",
    "TO_COMP": "Passenger_1",
    "TO_CONN": "Connector"
  },
  {
    "FROM_COMP": "5_oclock_prop",
    "FROM_CONN": "MOTOR_CONNECTOR_CS_IN",
    "TO_COMP": "5_oclock_motor",
    "TO_CONN": "Prop_Connector"
  },
  {
    "FROM_COMP": "rear_right_motor",
    "FROM_CONN": "MotorPower",
    "TO_COMP": "BatteryController",
    "TO_CONN": "MotorPower"
  },
  {
    "FROM_COMP": "rear_right_motor",
    "FROM_CONN": "Base_Connector",
    "TO_COMP": "rear_right_level_3_cylinder",
    "TO_CONN": "REAR_CONNECTOR"
  },
  {
    "FROM_COMP": "rear_right_motor",
    "FROM_CONN": "Prop_Connector",
    "TO_COMP": "rear_right_prop",
    "TO_CONN": "MOTOR_CONNECTOR_CS_IN"
  },
  {
    "FROM_COMP": "front_level_1_motor",
    "FROM_CONN": "Prop_Connector",
    "TO_COMP": "front_level_1_prop",
    "TO_CONN": "MOTOR_CONNECTOR_CS_IN"
  },
  {
    "FROM_COMP": "front_level_1_motor",
    "FROM_CONN": "Base_Connector",
    "TO_COMP": "front_level_1_cylinder",
    "TO_CONN": "REAR_CONNECTOR"
  },
  {
    "FROM_COMP": "front_level_1_motor",
    "FROM_CONN": "MotorPower",
    "TO_COMP": "BatteryController",
    "TO_CONN": "MotorPower"
  },
  {
    "FROM_COMP": "7_oclock_level_3_cylinder",
    "FROM_CONN": "REAR_CONNECTOR",
    "TO_COMP": "7_oclock_motor",
    "TO_CONN": "Base_Connector"
  },
  {
    "FROM_COMP": "7_oclock_level_3_cylinder",
    "FROM_CONN": "TOP_CONNECTOR",
    "TO_COMP": "7_oclock_level_3_beam",
    "TO_CONN": "END_CONNECTOR_2_OUT"
  },
  {
    "FROM_COMP": "left_h_wing",
    "FROM_CONN": "Connector_2",
    "TO_COMP": "left_wing_cylinder",
    "TO_CONN": "REAR_CONNECTOR"
  },
  {
    "FROM_COMP": "left_h_wing",
    "FROM_CONN": "Connector_1",
    "TO_COMP": "left_wing_wing_cylinder",
    "TO_CONN": "RIGHT_CONNECTOR"
  },
  {
    "FROM_COMP": "4_oclock_level_3_beam",
    "FROM_CONN": "END_CONNECTOR_2_OUT",
    "TO_COMP": "4_oclock_level_3_cylinder",
    "TO_CONN": "TOP_CONNECTOR"
  },
  {
    "FROM_COMP": "4_oclock_level_3_beam",
    "FROM_CONN": "END_CONNECTOR_1_OUT",
    "TO_COMP": "rear_right_level_3_cylinder",
    "TO_CONN": "BOTTOM_CONNECTOR"
  },
  {
    "FROM_COMP": "front_level_1_prop",
    "FROM_CONN": "MOTOR_CONNECTOR_CS_IN",
    "TO_COMP": "front_level_1_motor",
    "TO_CONN": "Prop_Connector"
  },
  {
    "FROM_COMP": "4_oclock_level_3_cylinder",
    "FROM_CONN": "REAR_CONNECTOR",
    "TO_COMP": "4_oclock_motor",
    "TO_CONN": "Base_Connector"
  },
  {
    "FROM_COMP": "4_oclock_level_3_cylinder",
    "FROM_CONN": "TOP_CONNECTOR",
    "TO_COMP": "4_oclock_level_3_beam",
    "TO_CONN": "END_CONNECTOR_2_OUT"
  },
  {
    "FROM_COMP": "BatteryController",
    "FROM_CONN": "BatteryPower",
    "TO_COMP": "rear_cyl_battery",
    "TO_CONN": "PowerBus"
  },
  {
    "FROM_COMP": "BatteryController",
    "FROM_CONN": "BatteryPower",
    "TO_COMP": "bottom_beam_battery",
    "TO_CONN": "PowerBus"
  },
  {
    "FROM_COMP": "BatteryController",
    "FROM_CONN": "BatteryPower",
    "TO_COMP": "right_bot_cyl_battery",
    "TO_CONN": "PowerBus"
  },
  {
    "FROM_COMP": "BatteryController",
    "FROM_CONN": "BatteryPower",
    "TO_COMP": "left_bot_cyl_battery",
    "TO_CONN": "PowerBus"
  },
  {
    "FROM_COMP": "BatteryController",
    "FROM_CONN": "MotorPower",
    "TO_COMP": "rear_left_motor",
    "TO_CONN": "MotorPower"
  },
  {
    "FROM_COMP": "BatteryController",
    "FROM_CONN": "MotorPower",
    "TO_COMP": "left_level_1_motor",
    "TO_CONN": "MotorPower"
  },
  {
    "FROM_COMP": "BatteryController",
    "FROM_CONN": "MotorPower",
    "TO_COMP": "right_level_1_motor",
    "TO_CONN": "MotorPower"
  },
  {
    "FROM_COMP": "BatteryController",
    "FROM_CONN": "MotorPower",
    "TO_COMP": "rear_right_motor",
    "TO_CONN": "MotorPower"
  },
  {
    "FROM_COMP": "BatteryController",
    "FROM_CONN": "MotorPower",
    "TO_COMP": "5_oclock_motor",
    "TO_CONN": "MotorPower"
  },
  {
    "FROM_COMP": "BatteryController",
    "FROM_CONN": "MotorPower",
    "TO_COMP": "1_oclock_motor",
    "TO_CONN": "MotorPower"
  },
  {
    "FROM_COMP": "BatteryController",
    "FROM_CONN": "MotorPower",
    "TO_COMP": "rear_level_1_motor",
    "TO_CONN": "MotorPower"
  },
  {
    "FROM_COMP": "BatteryController",
    "FROM_CONN": "MotorPower",
    "TO_COMP": "8_oclock_motor",
    "TO_CONN": "MotorPower"
  },
  {
    "FROM_COMP": "BatteryController",
    "FROM_CONN": "MotorPower",
    "TO_COMP": "4_oclock_motor",
    "TO_CONN": "MotorPower"
  },
  {
    "FROM_COMP": "BatteryController",
    "FROM_CONN": "MotorPower",
    "TO_COMP": "center_motor",
    "TO_CONN": "MotorPower"
  },
  {
    "FROM_COMP": "BatteryController",
    "FROM_CONN": "MotorPower",
    "TO_COMP": "2_oclock_motor",
    "TO_CONN": "MotorPower"
  },
  {
    "FROM_COMP": "BatteryController",
    "FROM_CONN": "MotorPower",
    "TO_COMP": "11_oclock_motor",
    "TO_CONN": "MotorPower"
  },
  {
    "FROM_COMP": "BatteryController",
    "FROM_CONN": "MotorPower",
    "TO_COMP": "10_oclock_motor",
    "TO_CONN": "MotorPower"
  },
  {
    "FROM_COMP": "BatteryController",
    "FROM_CONN": "MotorPower",
    "TO_COMP": "front_right_motor",
    "TO_CONN": "MotorPower"
  },
  {
    "FROM_COMP": "BatteryController",
    "FROM_CONN": "MotorPower",
    "TO_COMP": "front_level_1_motor",
    "TO_CONN": "MotorPower"
  },
  {
    "FROM_COMP": "BatteryController",
    "FROM_CONN": "MotorPower",
    "TO_COMP": "7_oclock_motor",
    "TO_CONN": "MotorPower"
  },
  {
    "FROM_COMP": "BatteryController",
    "FROM_CONN": "MotorPower",
    "TO_COMP": "front_left_motor",
    "TO_CONN": "MotorPower"
  },
  {
    "FROM_COMP": "front_left_level_3_cylinder",
    "FROM_CONN": "LEFT_CONNECTOR",
    "TO_COMP": "11_oclock_level_3_beam",
    "TO_CONN": "END_CONNECTOR_1_OUT"
  },
  {
    "FROM_COMP": "front_left_level_3_cylinder",
    "FROM_CONN": "REAR_CONNECTOR",
    "TO_COMP": "front_left_motor",
    "TO_CONN": "Base_Connector"
  },
  {
    "FROM_COMP": "front_left_level_3_cylinder",
    "FROM_CONN": "FRONT_CONNECTOR",
    "TO_COMP": "front_left_level_2_cylinder",
    "TO_CONN": "REAR_CONNECTOR"
  },
  {
    "FROM_COMP": "front_left_level_3_cylinder",
    "FROM_CONN": "BOTTOM_CONNECTOR",
    "TO_COMP": "10_oclock_level_3_beam",
    "TO_CONN": "END_CONNECTOR_1_OUT"
  },
  {
    "FROM_COMP": "rear_level_1_prop",
    "FROM_CONN": "MOTOR_CONNECTOR_CS_IN",
    "TO_COMP": "rear_level_1_motor",
    "TO_CONN": "Prop_Connector"
  },
  {
    "FROM_COMP": "rear_cylinder",
    "FROM_CONN": "RIGHT_CONNECTOR",
    "TO_COMP": "right_wing_cylinder",
    "TO_CONN": "FRONT_CONNECTOR"
  },
  {
    "FROM_COMP": "rear_cylinder",
    "FROM_CONN": "BATTERY_CONNECTOR",
    "TO_COMP": "rear_cyl_battery",
    "TO_CONN": "Battery_Connector_1_out"
  },
  {
    "FROM_COMP": "rear_cylinder",
    "FROM_CONN": "FRONT_CONNECTOR",
    "TO_COMP": "NACA_Fuse",
    "TO_CONN": "REAR_CONNECTOR"
  },
  {
    "FROM_COMP": "rear_cylinder",
    "FROM_CONN": "LEFT_CONNECTOR",
    "TO_COMP": "left_wing_cylinder",
    "TO_CONN": "FRONT_CONNECTOR"
  },
  {
    "FROM_COMP": "rear_right_level_2_cylinder",
    "FROM_CONN": "REAR_CONNECTOR",
    "TO_COMP": "rear_right_level_3_cylinder",
    "TO_CONN": "FRONT_CONNECTOR"
  },
  {
    "FROM_COMP": "rear_right_level_2_cylinder",
    "FROM_CONN": "TOP_CONNECTOR",
    "TO_COMP": "rear_right_level_2_beam",
    "TO_CONN": "END_CONNECTOR_2_OUT"
  },
  {
    "FROM_COMP": "front_right_level_2_cylinder",
    "FROM_CONN": "TOP_CONNECTOR",
    "TO_COMP": "front_right_level_2_beam",
    "TO_CONN": "END_CONNECTOR_2_OUT"
  },
  {
    "FROM_COMP": "front_right_level_2_cylinder",
    "FROM_CONN": "REAR_CONNECTOR",
    "TO_COMP": "front_right_level_3_cylinder",
    "TO_CONN": "FRONT_CONNECTOR"
  },
  {
    "FROM_COMP": "8_oclock_level_3_beam",
    "FROM_CONN": "END_CONNECTOR_1_OUT",
    "TO_COMP": "rear_left_level_3_cylinder",
    "TO_CONN": "LEFT_CONNECTOR"
  },
  {
    "FROM_COMP": "8_oclock_level_3_beam",
    "FROM_CONN": "END_CONNECTOR_2_OUT",
    "TO_COMP": "8_oclock_level_3_cylinder",
    "TO_CONN": "TOP_CONNECTOR"
  },
  {
    "FROM_COMP": "2_oclock_level_3_cylinder",
    "FROM_CONN": "REAR_CONNECTOR",
    "TO_COMP": "2_oclock_motor",
    "TO_CONN": "Base_Connector"
  },
  {
    "FROM_COMP": "2_oclock_level_3_cylinder",
    "FROM_CONN": "TOP_CONNECTOR",
    "TO_COMP": "2_oclock_level_3_beam",
    "TO_CONN": "END_CONNECTOR_2_OUT"
  },
  {
    "FROM_COMP": "top_level_2_cylinder",
    "FROM_CONN": "FRONT_CONNECTOR",
    "TO_COMP": "top_level_1_cylinder",
    "TO_CONN": "REAR_CONNECTOR"
  },
  {
    "FROM_COMP": "top_level_2_cylinder",
    "FROM_CONN": "BOTTOM_CONNECTOR",
    "TO_COMP": "rear_right_level_2_beam",
    "TO_CONN": "END_CONNECTOR_1_OUT"
  },
  {
    "FROM_COMP": "top_level_2_cylinder",
    "FROM_CONN": "RIGHT_CONNECTOR",
    "TO_COMP": "front_right_level_2_beam",
    "TO_CONN": "END_CONNECTOR_1_OUT"
  },
  {
    "FROM_COMP": "top_level_2_cylinder",
    "FROM_CONN": "LEFT_CONNECTOR",
    "TO_COMP": "rear_left_level_2_beam",
    "TO_CONN": "END_CONNECTOR_1_OUT"
  },
  {
    "FROM_COMP": "top_level_2_cylinder",
    "FROM_CONN": "REAR_CONNECTOR",
    "TO_COMP": "center_motor",
    "TO_CONN": "Base_Connector"
  },
  {
    "FROM_COMP": "top_level_2_cylinder",
    "FROM_CONN": "TOP_CONNECTOR",
    "TO_COMP": "front_left_level_2_beam",
    "TO_CONN": "END_CONNECTOR_1_OUT"
  },
  {
    "FROM_COMP": "11_oclock_prop",
    "FROM_CONN": "MOTOR_CONNECTOR_CS_IN",
    "TO_COMP": "11_oclock_motor",
    "TO_CONN": "Prop_Connector"
  },
  {
    "FROM_COMP": "rear_left_prop",
    "FROM_CONN": "MOTOR_CONNECTOR_CS_IN",
    "TO_COMP": "rear_left_motor",
    "TO_CONN": "Prop_Connector"
  },
  {
    "FROM_COMP": "front_left_level_2_beam",
    "FROM_CONN": "END_CONNECTOR_2_OUT",
    "TO_COMP": "front_left_level_2_cylinder",
    "TO_CONN": "TOP_CONNECTOR"
  },
  {
    "FROM_COMP": "front_left_level_2_beam",
    "FROM_CONN": "END_CONNECTOR_1_OUT",
    "TO_COMP": "top_level_2_cylinder",
    "TO_CONN": "TOP_CONNECTOR"
  },
  {
    "FROM_COMP": "8_oclock_prop",
    "FROM_CONN": "MOTOR_CONNECTOR_CS_IN",
    "TO_COMP": "8_oclock_motor",
    "TO_CONN": "Prop_Connector"
  },
  {
    "FROM_COMP": "right_bot_cyl_battery",
    "FROM_CONN": "Battery_Connector_1_out",
    "TO_COMP": "right_bot_cylinder",
    "TO_CONN": "BATTERY_CONNECTOR"
  },
  {
    "FROM_COMP": "right_bot_cyl_battery",
    "FROM_CONN": "PowerBus",
    "TO_COMP": "BatteryController",
    "TO_CONN": "BatteryPower"
  },
  {
    "FROM_COMP": "10_oclock_prop",
    "FROM_CONN": "MOTOR_CONNECTOR_CS_IN",
    "TO_COMP": "10_oclock_motor",
    "TO_CONN": "Prop_Connector"
  },
  {
    "FROM_COMP": "1_oclock_prop",
    "FROM_CONN": "MOTOR_CONNECTOR_CS_IN",
    "TO_COMP": "1_oclock_motor",
    "TO_CONN": "Prop_Connector"
  },
  {
    "FROM_COMP": "front_right_motor",
    "FROM_CONN": "Base_Connector",
    "TO_COMP": "front_right_level_3_cylinder",
    "TO_CONN": "REAR_CONNECTOR"
  },
  {
    "FROM_COMP": "front_right_motor",
    "FROM_CONN": "Prop_Connector",
    "TO_COMP": "front_right_prop",
    "TO_CONN": "MOTOR_CONNECTOR_CS_IN"
  },
  {
    "FROM_COMP": "front_right_motor",
    "FROM_CONN": "MotorPower",
    "TO_COMP": "BatteryController",
    "TO_CONN": "MotorPower"
  },
  {
    "FROM_COMP": "7_oclock_motor",
    "FROM_CONN": "Base_Connector",
    "TO_COMP": "7_oclock_level_3_cylinder",
    "TO_CONN": "REAR_CONNECTOR"
  },
  {
    "FROM_COMP": "7_oclock_motor",
    "FROM_CONN": "Prop_Connector",
    "TO_COMP": "7_oclock_prop",
    "TO_CONN": "MOTOR_CONNECTOR_CS_IN"
  },
  {
    "FROM_COMP": "7_oclock_motor",
    "FROM_CONN": "MotorPower",
    "TO_COMP": "BatteryController",
    "TO_CONN": "MotorPower"
  },
  {
    "FROM_COMP": "11_oclock_level_3_beam",
    "FROM_CONN": "END_CONNECTOR_1_OUT",
    "TO_COMP": "front_left_level_3_cylinder",
    "TO_CONN": "LEFT_CONNECTOR"
  },
  {
    "FROM_COMP": "11_oclock_level_3_beam",
    "FROM_CONN": "END_CONNECTOR_2_OUT",
    "TO_COMP": "11_oclock_level_3_cylinder",
    "TO_CONN": "TOP_CONNECTOR"
  },
  {
    "FROM_COMP": "right_bot_cylinder",
    "FROM_CONN": "LEFT_CONNECTOR",
    "TO_COMP": "Beam",
    "TO_CONN": "END_CONNECTOR_1_OUT"
  },
  {
    "FROM_COMP": "right_bot_cylinder",
    "FROM_CONN": "BATTERY_CONNECTOR",
    "TO_COMP": "right_bot_cyl_battery",
    "TO_CONN": "Battery_Connector_1_out"
  },
  {
    "FROM_COMP": "right_level_1_prop",
    "FROM_CONN": "MOTOR_CONNECTOR_CS_IN",
    "TO_COMP": "right_level_1_motor",
    "TO_CONN": "Prop_Connector"
  },
  {
    "FROM_COMP": "front_right_level_2_beam",
    "FROM_CONN": "END_CONNECTOR_1_OUT",
    "TO_COMP": "top_level_2_cylinder",
    "TO_CONN": "RIGHT_CONNECTOR"
  },
  {
    "FROM_COMP": "front_right_level_2_beam",
    "FROM_CONN": "END_CONNECTOR_2_OUT",
    "TO_COMP": "front_right_level_2_cylinder",
    "TO_CONN": "TOP_CONNECTOR"
  },
  {
    "FROM_COMP": "rear_right_prop",
    "FROM_CONN": "MOTOR_CONNECTOR_CS_IN",
    "TO_COMP": "rear_right_motor",
    "TO_CONN": "Prop_Connector"
  },
  {
    "FROM_COMP": "Passenger_1",
    "FROM_CONN": "Connector",
    "TO_COMP": "NACA_Fuse",
    "TO_CONN": "SEAT_1_CONNECTOR"
  },
  {
    "FROM_COMP": "4_oclock_prop",
    "FROM_CONN": "MOTOR_CONNECTOR_CS_IN",
    "TO_COMP": "4_oclock_motor",
    "TO_CONN": "Prop_Connector"
  },
  {
    "FROM_COMP": "1_oclock_motor",
    "FROM_CONN": "MotorPower",
    "TO_COMP": "BatteryController",
    "TO_CONN": "MotorPower"
  },
  {
    "FROM_COMP": "1_oclock_motor",
    "FROM_CONN": "Prop_Connector",
    "TO_COMP": "1_oclock_prop",
    "TO_CONN": "MOTOR_CONNECTOR_CS_IN"
  },
  {
    "FROM_COMP": "1_oclock_motor",
    "FROM_CONN": "Base_Connector",
    "TO_COMP": "1_oclock_level_3_cylinder",
    "TO_CONN": "REAR_CONNECTOR"
  },
  {
    "FROM_COMP": "left_v_wing",
    "FROM_CONN": "Connector_1",
    "TO_COMP": "left_wing_wing_cylinder",
    "TO_CONN": "TOP_CONNECTOR"
  },
  {
    "FROM_COMP": "rear_left_level_3_cylinder",
    "FROM_CONN": "BOTTOM_CONNECTOR",
    "TO_COMP": "7_oclock_level_3_beam",
    "TO_CONN": "END_CONNECTOR_1_OUT"
  },
  {
    "FROM_COMP": "rear_left_level_3_cylinder",
    "FROM_CONN": "REAR_CONNECTOR",
    "TO_COMP": "rear_left_motor",
    "TO_CONN": "Base_Connector"
  },
  {
    "FROM_COMP": "rear_left_level_3_cylinder",
    "FROM_CONN": "LEFT_CONNECTOR",
    "TO_COMP": "8_oclock_level_3_beam",
    "TO_CONN": "END_CONNECTOR_1_OUT"
  },
  {
    "FROM_COMP": "rear_left_level_3_cylinder",
    "FROM_CONN": "FRONT_CONNECTOR",
    "TO_COMP": "rear_left_level_2_cylinder",
    "TO_CONN": "REAR_CONNECTOR"
  },
  {
    "FROM_COMP": "center_prop",
    "FROM_CONN": "MOTOR_CONNECTOR_CS_IN",
    "TO_COMP": "center_motor",
    "TO_CONN": "Prop_Connector"
  },
  {
    "FROM_COMP": "right_v_wing",
    "FROM_CONN": "Connector_1",
    "TO_COMP": "right_wing_wing_cylinder",
    "TO_CONN": "TOP_CONNECTOR"
  },
  {
    "FROM_COMP": "left_level_1_motor",
    "FROM_CONN": "MotorPower",
    "TO_COMP": "BatteryController",
    "TO_CONN": "MotorPower"
  },
  {
    "FROM_COMP": "left_level_1_motor",
    "FROM_CONN": "Prop_Connector",
    "TO_COMP": "left_level_1_prop",
    "TO_CONN": "MOTOR_CONNECTOR_CS_IN"
  },
  {
    "FROM_COMP": "left_level_1_motor",
    "FROM_CONN": "Base_Connector",
    "TO_COMP": "left_level_1_cylinder",
    "TO_CONN": "REAR_CONNECTOR"
  },
  {
    "FROM_COMP": "left_bot_cylinder",
    "FROM_CONN": "BATTERY_CONNECTOR",
    "TO_COMP": "left_bot_cyl_battery",
    "TO_CONN": "Battery_Connector_1_out"
  },
  {
    "FROM_COMP": "left_bot_cylinder",
    "FROM_CONN": "RIGHT_CONNECTOR",
    "TO_COMP": "Beam",
    "TO_CONN": "END_CONNECTOR_2_OUT"
  },
  {
    "FROM_COMP": "11_oclock_level_3_cylinder",
    "FROM_CONN": "TOP_CONNECTOR",
    "TO_COMP": "11_oclock_level_3_beam",
    "TO_CONN": "END_CONNECTOR_2_OUT"
  },
  {
    "FROM_COMP": "11_oclock_level_3_cylinder",
    "FROM_CONN": "REAR_CONNECTOR",
    "TO_COMP": "11_oclock_motor",
    "TO_CONN": "Base_Connector"
  },
  {
    "FROM_COMP": "left_bot_cyl_battery",
    "FROM_CONN": "Battery_Connector_1_out",
    "TO_COMP": "left_bot_cylinder",
    "TO_CONN": "BATTERY_CONNECTOR"
  },
  {
    "FROM_COMP": "left_bot_cyl_battery",
    "FROM_CONN": "PowerBus",
    "TO_COMP": "BatteryController",
    "TO_CONN": "BatteryPower"
  },
  {
    "FROM_COMP": "2_oclock_prop",
    "FROM_CONN": "MOTOR_CONNECTOR_CS_IN",
    "TO_COMP": "2_oclock_motor",
    "TO_CONN": "Prop_Connector"
  },
  {
    "FROM_COMP": "10_oclock_motor",
    "FROM_CONN": "Prop_Connector",
    "TO_COMP": "10_oclock_prop",
    "TO_CONN": "MOTOR_CONNECTOR_CS_IN"
  },
  {
    "FROM_COMP": "10_oclock_motor",
    "FROM_CONN": "MotorPower",
    "TO_COMP": "BatteryController",
    "TO_CONN": "MotorPower"
  },
  {
    "FROM_COMP": "10_oclock_motor",
    "FROM_CONN": "Base_Connector",
    "TO_COMP": "10_oclock_level_3_cylinder",
    "TO_CONN": "REAR_CONNECTOR"
  },
  {
    "FROM_COMP": "5_oclock_level_3_beam",
    "FROM_CONN": "END_CONNECTOR_2_OUT",
    "TO_COMP": "5_oclock_level_3_cylinder",
    "TO_CONN": "TOP_CONNECTOR"
  },
  {
    "FROM_COMP": "5_oclock_level_3_beam",
    "FROM_CONN": "END_CONNECTOR_1_OUT",
    "TO_COMP": "rear_right_level_3_cylinder",
    "TO_CONN": "LEFT_CONNECTOR"
  },
  {
    "FROM_COMP": "left_level_1_cylinder",
    "FROM_CONN": "TOP_CONNECTOR",
    "TO_COMP": "left_level_1_beam",
    "TO_CONN": "END_CONNECTOR_2_OUT"
  },
  {
    "FROM_COMP": "left_level_1_cylinder",
    "FROM_CONN": "REAR_CONNECTOR",
    "TO_COMP": "left_level_1_motor",
    "TO_CONN": "Base_Connector"
  },
  {
    "FROM_COMP": "10_oclock_level_3_cylinder",
    "FROM_CONN": "REAR_CONNECTOR",
    "TO_COMP": "10_oclock_motor",
    "TO_CONN": "Base_Connector"
  },
  {
    "FROM_COMP": "10_oclock_level_3_cylinder",
    "FROM_CONN": "TOP_CONNECTOR",
    "TO_COMP": "10_oclock_level_3_beam",
    "TO_CONN": "END_CONNECTOR_2_OUT"
  },
  {
    "FROM_COMP": "right_level_1_beam",
    "FROM_CONN": "END_CONNECTOR_2_OUT",
    "TO_COMP": "right_level_1_cylinder",
    "TO_CONN": "TOP_CONNECTOR"
  },
  {
    "FROM_COMP": "right_level_1_beam",
    "FROM_CONN": "END_CONNECTOR_1_OUT",
    "TO_COMP": "top_level_1_cylinder",
    "TO_CONN": "RIGHT_CONNECTOR"
  },
  {
    "FROM_COMP": "bottom_beam_battery",
    "FROM_CONN": "Battery_Connector_1",
    "TO_COMP": "Beam",
    "TO_CONN": "BATTERY_CONNECTOR_1"
  },
  {
    "FROM_COMP": "bottom_beam_battery",
    "FROM_CONN": "PowerBus",
    "TO_COMP": "BatteryController",
    "TO_CONN": "BatteryPower"
  },
  {
    "FROM_COMP": "Orient",
    "FROM_CONN": "ORIENTCONN",
    "TO_COMP": "NACA_Fuse",
    "TO_CONN": "ORIENT"
  },
  {
    "FROM_COMP": "front_right_prop",
    "FROM_CONN": "MOTOR_CONNECTOR_CS_IN",
    "TO_COMP": "front_right_motor",
    "TO_CONN": "Prop_Connector"
  },
  {
    "FROM_COMP": "left_wing_wing_cylinder",
    "FROM_CONN": "TOP_CONNECTOR",
    "TO_COMP": "left_v_wing",
    "TO_CONN": "Connector_1"
  },
  {
    "FROM_COMP": "left_wing_wing_cylinder",
    "FROM_CONN": "RIGHT_CONNECTOR",
    "TO_COMP": "left_h_wing",
    "TO_CONN": "Connector_1"
  },
  {
    "FROM_COMP": "front_left_prop",
    "FROM_CONN": "MOTOR_CONNECTOR_CS_IN",
    "TO_COMP": "front_left_motor",
    "TO_CONN": "Prop_Connector"
  },
  {
    "FROM_COMP": "5_oclock_level_3_cylinder",
    "FROM_CONN": "TOP_CONNECTOR",
    "TO_COMP": "5_oclock_level_3_beam",
    "TO_CONN": "END_CONNECTOR_2_OUT"
  },
  {
    "FROM_COMP": "5_oclock_level_3_cylinder",
    "FROM_CONN": "REAR_CONNECTOR",
    "TO_COMP": "5_oclock_motor",
    "TO_CONN": "Base_Connector"
  },
  {
    "FROM_COMP": "right_h_wing",
    "FROM_CONN": "Connector_2",
    "TO_COMP": "right_wing_wing_cylinder",
    "TO_CONN": "LEFT_CONNECTOR"
  },
  {
    "FROM_COMP": "right_h_wing",
    "FROM_CONN": "Connector_1",
    "TO_COMP": "right_wing_cylinder",
    "TO_CONN": "REAR_CONNECTOR"
  },
  {
    "FROM_COMP": "front_left_level_2_cylinder",
    "FROM_CONN": "REAR_CONNECTOR",
    "TO_COMP": "front_left_level_3_cylinder",
    "TO_CONN": "FRONT_CONNECTOR"
  },
  {
    "FROM_COMP": "front_left_level_2_cylinder",
    "FROM_CONN": "TOP_CONNECTOR",
    "TO_COMP": "front_left_level_2_beam",
    "TO_CONN": "END_CONNECTOR_2_OUT"
  },
  {
    "FROM_COMP": "rear_level_1_cylinder",
    "FROM_CONN": "TOP_CONNECTOR",
    "TO_COMP": "rear_level_1_beam",
    "TO_CONN": "END_CONNECTOR_2_OUT"
  },
  {
    "FROM_COMP": "rear_level_1_cylinder",
    "FROM_CONN": "REAR_CONNECTOR",
    "TO_COMP": "rear_level_1_motor",
    "TO_CONN": "Base_Connector"
  },
  {
    "FROM_COMP": "front_level_1_cylinder",
    "FROM_CONN": "TOP_CONNECTOR",
    "TO_COMP": "front_level_1_beam",
    "TO_CONN": "END_CONNECTOR_2_OUT"
  },
  {
    "FROM_COMP": "front_level_1_cylinder",
    "FROM_CONN": "REAR_CONNECTOR",
    "TO_COMP": "front_level_1_motor",
    "TO_CONN": "Base_Connector"
  },
  {
    "FROM_COMP": "4_oclock_motor",
    "FROM_CONN": "MotorPower",
    "TO_COMP": "BatteryController",
    "TO_CONN": "MotorPower"
  },
  {
    "FROM_COMP": "4_oclock_motor",
    "FROM_CONN": "Base_Connector",
    "TO_COMP": "4_oclock_level_3_cylinder",
    "TO_CONN": "REAR_CONNECTOR"
  },
  {
    "FROM_COMP": "4_oclock_motor",
    "FROM_CONN": "Prop_Connector",
    "TO_COMP": "4_oclock_prop",
    "TO_CONN": "MOTOR_CONNECTOR_CS_IN"
  },
  {
    "FROM_COMP": "right_level_1_motor",
    "FROM_CONN": "MotorPower",
    "TO_COMP": "BatteryController",
    "TO_CONN": "MotorPower"
  },
  {
    "FROM_COMP": "right_level_1_motor",
    "FROM_CONN": "Base_Connector",
    "TO_COMP": "right_level_1_cylinder",
    "TO_CONN": "REAR_CONNECTOR"
  },
  {
    "FROM_COMP": "right_level_1_motor",
    "FROM_CONN": "Prop_Connector",
    "TO_COMP": "right_level_1_prop",
    "TO_CONN": "MOTOR_CONNECTOR_CS_IN"
  },
  {
    "FROM_COMP": "left_level_1_prop",
    "FROM_CONN": "MOTOR_CONNECTOR_CS_IN",
    "TO_COMP": "left_level_1_motor",
    "TO_CONN": "Prop_Connector"
  },
  {
    "FROM_COMP": "left_wing_cylinder",
    "FROM_CONN": "FRONT_CONNECTOR",
    "TO_COMP": "rear_cylinder",
    "TO_CONN": "LEFT_CONNECTOR"
  },
  {
    "FROM_COMP": "left_wing_cylinder",
    "FROM_CONN": "REAR_CONNECTOR",
    "TO_COMP": "left_h_wing",
    "TO_CONN": "Connector_2"
  },
  {
    "FROM_COMP": "11_oclock_motor",
    "FROM_CONN": "Base_Connector",
    "TO_COMP": "11_oclock_level_3_cylinder",
    "TO_CONN": "REAR_CONNECTOR"
  },
  {
    "FROM_COMP": "11_oclock_motor",
    "FROM_CONN": "MotorPower",
    "TO_COMP": "BatteryController",
    "TO_CONN": "MotorPower"
  },
  {
    "FROM_COMP": "11_oclock_motor",
    "FROM_CONN": "Prop_Connector",
    "TO_COMP": "11_oclock_prop",
    "TO_CONN": "MOTOR_CONNECTOR_CS_IN"
  },
  {
    "FROM_COMP": "8_oclock_motor",
    "FROM_CONN": "MotorPower",
    "TO_COMP": "BatteryController",
    "TO_CONN": "MotorPower"
  },
  {
    "FROM_COMP": "8_oclock_motor",
    "FROM_CONN": "Prop_Connector",
    "TO_COMP": "8_oclock_prop",
    "TO_CONN": "MOTOR_CONNECTOR_CS_IN"
  },
  {
    "FROM_COMP": "8_oclock_motor",
    "FROM_CONN": "Base_Connector",
    "TO_COMP": "8_oclock_level_3_cylinder",
    "TO_CONN": "REAR_CONNECTOR"
  },
  {
    "FROM_COMP": "center_motor",
    "FROM_CONN": "Base_Connector",
    "TO_COMP": "top_level_2_cylinder",
    "TO_CONN": "REAR_CONNECTOR"
  },
  {
    "FROM_COMP": "center_motor",
    "FROM_CONN": "MotorPower",
    "TO_COMP": "BatteryController",
    "TO_CONN": "MotorPower"
  },
  {
    "FROM_COMP": "center_motor",
    "FROM_CONN": "Prop_Connector",
    "TO_COMP": "center_prop",
    "TO_CONN": "MOTOR_CONNECTOR_CS_IN"
  },
  {
    "FROM_COMP": "front_left_motor",
    "FROM_CONN": "Prop_Connector",
    "TO_COMP": "front_left_prop",
    "TO_CONN": "MOTOR_CONNECTOR_CS_IN"
  },
  {
    "FROM_COMP": "front_left_motor",
    "FROM_CONN": "Base_Connector",
    "TO_COMP": "front_left_level_3_cylinder",
    "TO_CONN": "REAR_CONNECTOR"
  },
  {
    "FROM_COMP": "front_left_motor",
    "FROM_CONN": "MotorPower",
    "TO_COMP": "BatteryController",
    "TO_CONN": "MotorPower"
  },
  {
    "FROM_COMP": "8_oclock_level_3_cylinder",
    "FROM_CONN": "REAR_CONNECTOR",
    "TO_COMP": "8_oclock_motor",
    "TO_CONN": "Base_Connector"
  },
  {
    "FROM_COMP": "8_oclock_level_3_cylinder",
    "FROM_CONN": "TOP_CONNECTOR",
    "TO_COMP": "8_oclock_level_3_beam",
    "TO_CONN": "END_CONNECTOR_2_OUT"
  },
  {
    "FROM_COMP": "rear_left_level_2_beam",
    "FROM_CONN": "END_CONNECTOR_2_OUT",
    "TO_COMP": "rear_left_level_2_cylinder",
    "TO_CONN": "TOP_CONNECTOR"
  },
  {
    "FROM_COMP": "rear_left_level_2_beam",
    "FROM_CONN": "END_CONNECTOR_1_OUT",
    "TO_COMP": "top_level_2_cylinder",
    "TO_CONN": "LEFT_CONNECTOR"
  },
  {
    "FROM_COMP": "10_oclock_level_3_beam",
    "FROM_CONN": "END_CONNECTOR_1_OUT",
    "TO_COMP": "front_left_level_3_cylinder",
    "TO_CONN": "BOTTOM_CONNECTOR"
  },
  {
    "FROM_COMP": "10_oclock_level_3_beam",
    "FROM_CONN": "END_CONNECTOR_2_OUT",
    "TO_COMP": "10_oclock_level_3_cylinder",
    "TO_CONN": "TOP_CONNECTOR"
  },
  {
    "FROM_COMP": "top_level_1_cylinder",
    "FROM_CONN": "TOP_CONNECTOR",
    "TO_COMP": "front_level_1_beam",
    "TO_CONN": "END_CONNECTOR_1_OUT"
  },
  {
    "FROM_COMP": "top_level_1_cylinder",
    "FROM_CONN": "LEFT_CONNECTOR",
    "TO_COMP": "left_level_1_beam",
    "TO_CONN": "END_CONNECTOR_1_OUT"
  },
  {
    "FROM_COMP": "top_level_1_cylinder",
    "FROM_CONN": "FRONT_CONNECTOR",
    "TO_COMP": "NACA_Fuse",
    "TO_CONN": "TOP_CONNECTOR"
  },
  {
    "FROM_COMP": "top_level_1_cylinder",
    "FROM_CONN": "REAR_CONNECTOR",
    "TO_COMP": "top_level_2_cylinder",
    "TO_CONN": "FRONT_CONNECTOR"
  },
  {
    "FROM_COMP": "top_level_1_cylinder",
    "FROM_CONN": "RIGHT_CONNECTOR",
    "TO_COMP": "right_level_1_beam",
    "TO_CONN": "END_CONNECTOR_1_OUT"
  },
  {
    "FROM_COMP": "top_level_1_cylinder",
    "FROM_CONN": "BOTTOM_CONNECTOR",
    "TO_COMP": "rear_level_1_beam",
    "TO_CONN": "END_CONNECTOR_1_OUT"
  },
  {
    "FROM_COMP": "2_oclock_motor",
    "FROM_CONN": "Prop_Connector",
    "TO_COMP": "2_oclock_prop",
    "TO_CONN": "MOTOR_CONNECTOR_CS_IN"
  },
  {
    "FROM_COMP": "2_oclock_motor",
    "FROM_CONN": "MotorPower",
    "TO_COMP": "BatteryController",
    "TO_CONN": "MotorPower"
  },
  {
    "FROM_COMP": "2_oclock_motor",
    "FROM_CONN": "Base_Connector",
    "TO_COMP": "2_oclock_level_3_cylinder",
    "TO_CONN": "REAR_CONNECTOR"
  },
  {
    "FROM_COMP": "1_oclock_level_3_beam",
    "FROM_CONN": "END_CONNECTOR_1_OUT",
    "TO_COMP": "front_right_level_3_cylinder",
    "TO_CONN": "BOTTOM_CONNECTOR"
  },
  {
    "FROM_COMP": "1_oclock_level_3_beam",
    "FROM_CONN": "END_CONNECTOR_2_OUT",
    "TO_COMP": "1_oclock_level_3_cylinder",
    "TO_CONN": "TOP_CONNECTOR"
  },
  {
    "FROM_COMP": "front_level_1_beam",
    "FROM_CONN": "END_CONNECTOR_1_OUT",
    "TO_COMP": "top_level_1_cylinder",
    "TO_CONN": "TOP_CONNECTOR"
  },
  {
    "FROM_COMP": "front_level_1_beam",
    "FROM_CONN": "END_CONNECTOR_2_OUT",
    "TO_COMP": "front_level_1_cylinder",
    "TO_CONN": "TOP_CONNECTOR"
  },
  {
    "FROM_COMP": "right_wing_wing_cylinder",
    "FROM_CONN": "TOP_CONNECTOR",
    "TO_COMP": "right_v_wing",
    "TO_CONN": "Connector_1"
  },
  {
    "FROM_COMP": "right_wing_wing_cylinder",
    "FROM_CONN": "LEFT_CONNECTOR",
    "TO_COMP": "right_h_wing",
    "TO_CONN": "Connector_2"
  },
  {
    "FROM_COMP": "right_wing_cylinder",
    "FROM_CONN": "REAR_CONNECTOR",
    "TO_COMP": "right_h_wing",
    "TO_CONN": "Connector_1"
  },
  {
    "FROM_COMP": "right_wing_cylinder",
    "FROM_CONN": "FRONT_CONNECTOR",
    "TO_COMP": "rear_cylinder",
    "TO_CONN": "RIGHT_CONNECTOR"
  },
  {
    "FROM_COMP": "rear_left_motor",
    "FROM_CONN": "MotorPower",
    "TO_COMP": "BatteryController",
    "TO_CONN": "MotorPower"
  },
  {
    "FROM_COMP": "rear_left_motor",
    "FROM_CONN": "Base_Connector",
    "TO_COMP": "rear_left_level_3_cylinder",
    "TO_CONN": "REAR_CONNECTOR"
  },
  {
    "FROM_COMP": "rear_left_motor",
    "FROM_CONN": "Prop_Connector",
    "TO_COMP": "rear_left_prop",
    "TO_CONN": "MOTOR_CONNECTOR_CS_IN"
  }
]
