[
  {
    "DESIGN_PARAM": "bot_cyl_length",
    "DESIGN_PARAM_VAL": "2000",
    "COMPONENT_NAME": "left_bot_cylinder",
    "COMPONENT_PARAM": "LENGTH"
  },
  {
    "DESIGN_PARAM": "bot_cyl_length",
    "DESIGN_PARAM_VAL": "2000",
    "COMPONENT_NAME": "left_bot_cyl_battery",
    "COMPONENT_PARAM": "SPAN"
  },
  {
    "DESIGN_PARAM": "bot_cyl_length",
    "DESIGN_PARAM_VAL": "2000",
    "COMPONENT_NAME": "right_bot_cylinder",
    "COMPONENT_PARAM": "LENGTH"
  },
  {
    "DESIGN_PARAM": "bot_cyl_length",
    "DESIGN_PARAM_VAL": "2000",
    "COMPONENT_NAME": "right_bot_cyl_battery",
    "COMPONENT_PARAM": "SPAN"
  },
  {
    "DESIGN_PARAM": "h_wing_root_chord",
    "DESIGN_PARAM_VAL": "500",
    "COMPONENT_NAME": "right_h_wing",
    "COMPONENT_PARAM": "CHORD_1"
  },
  {
    "DESIGN_PARAM": "h_wing_root_chord",
    "DESIGN_PARAM_VAL": "500",
    "COMPONENT_NAME": "left_h_wing",
    "COMPONENT_PARAM": "CHORD_2"
  },
  {
    "DESIGN_PARAM": "wing_wing_cylinder_p_thick:",
    "DESIGN_PARAM_VAL": "48",
    "COMPONENT_NAME": "left_wing_wing_cylinder",
    "COMPONENT_PARAM": "PORT_THICKNESS"
  },
  {
    "DESIGN_PARAM": "wing_wing_cylinder_p_thick:",
    "DESIGN_PARAM_VAL": "48",
    "COMPONENT_NAME": "right_wing_wing_cylinder",
    "COMPONENT_PARAM": "PORT_THICKNESS"
  },
  {
    "DESIGN_PARAM": "level_3_beam_chord",
    "DESIGN_PARAM_VAL": "5",
    "COMPONENT_NAME": "10_oclock_level_3_beam",
    "COMPONENT_PARAM": "CHORD"
  },
  {
    "DESIGN_PARAM": "level_3_beam_chord",
    "DESIGN_PARAM_VAL": "5",
    "COMPONENT_NAME": "8_oclock_level_3_beam",
    "COMPONENT_PARAM": "CHORD"
  },
  {
    "DESIGN_PARAM": "level_3_beam_chord",
    "DESIGN_PARAM_VAL": "5",
    "COMPONENT_NAME": "4_oclock_level_3_beam",
    "COMPONENT_PARAM": "CHORD"
  },
  {
    "DESIGN_PARAM": "level_3_beam_chord",
    "DESIGN_PARAM_VAL": "5",
    "COMPONENT_NAME": "2_oclock_level_3_beam",
    "COMPONENT_PARAM": "CHORD"
  },
  {
    "DESIGN_PARAM": "level_3_beam_chord",
    "DESIGN_PARAM_VAL": "5",
    "COMPONENT_NAME": "11_oclock_level_3_beam",
    "COMPONENT_PARAM": "CHORD"
  },
  {
    "DESIGN_PARAM": "level_3_beam_chord",
    "DESIGN_PARAM_VAL": "5",
    "COMPONENT_NAME": "5_oclock_level_3_beam",
    "COMPONENT_PARAM": "CHORD"
  },
  {
    "DESIGN_PARAM": "level_3_beam_chord",
    "DESIGN_PARAM_VAL": "5",
    "COMPONENT_NAME": "7_oclock_level_3_beam",
    "COMPONENT_PARAM": "CHORD"
  },
  {
    "DESIGN_PARAM": "level_3_beam_chord",
    "DESIGN_PARAM_VAL": "5",
    "COMPONENT_NAME": "1_oclock_level_3_beam",
    "COMPONENT_PARAM": "CHORD"
  },
  {
    "DESIGN_PARAM": "fuse_port_offset",
    "DESIGN_PARAM_VAL": "1500",
    "COMPONENT_NAME": "NACA_Fuse",
    "COMPONENT_PARAM": "PORT_OFFSET"
  },
  {
    "DESIGN_PARAM": "wing_thickness",
    "DESIGN_PARAM_VAL": "12",
    "COMPONENT_NAME": "right_v_wing",
    "COMPONENT_PARAM": "THICKNESS"
  },
  {
    "DESIGN_PARAM": "wing_thickness",
    "DESIGN_PARAM_VAL": "12",
    "COMPONENT_NAME": "left_v_wing",
    "COMPONENT_PARAM": "THICKNESS"
  },
  {
    "DESIGN_PARAM": "wing_thickness",
    "DESIGN_PARAM_VAL": "12",
    "COMPONENT_NAME": "left_h_wing",
    "COMPONENT_PARAM": "THICKNESS"
  },
  {
    "DESIGN_PARAM": "wing_thickness",
    "DESIGN_PARAM_VAL": "12",
    "COMPONENT_NAME": "right_h_wing",
    "COMPONENT_PARAM": "THICKNESS"
  },
  {
    "DESIGN_PARAM": "top_cylinder_rotation",
    "DESIGN_PARAM_VAL": "45",
    "COMPONENT_NAME": "rear_left_level_3_cylinder",
    "COMPONENT_PARAM": "FRONT_ANGLE"
  },
  {
    "DESIGN_PARAM": "top_cylinder_rotation",
    "DESIGN_PARAM_VAL": "45",
    "COMPONENT_NAME": "top_level_2_cylinder",
    "COMPONENT_PARAM": "FRONT_ANGLE"
  },
  {
    "DESIGN_PARAM": "top_cylinder_rotation",
    "DESIGN_PARAM_VAL": "45",
    "COMPONENT_NAME": "rear_right_level_3_cylinder",
    "COMPONENT_PARAM": "FRONT_ANGLE"
  },
  {
    "DESIGN_PARAM": "top_cylinder_rotation",
    "DESIGN_PARAM_VAL": "45",
    "COMPONENT_NAME": "front_right_level_3_cylinder",
    "COMPONENT_PARAM": "FRONT_ANGLE"
  },
  {
    "DESIGN_PARAM": "top_cylinder_rotation",
    "DESIGN_PARAM_VAL": "45",
    "COMPONENT_NAME": "front_left_level_3_cylinder",
    "COMPONENT_PARAM": "FRONT_ANGLE"
  },
  {
    "DESIGN_PARAM": "fuse_port_chord",
    "DESIGN_PARAM_VAL": "5",
    "COMPONENT_NAME": "NACA_Fuse",
    "COMPONENT_PARAM": "PORT_CHORD"
  },
  {
    "DESIGN_PARAM": "fuse_length",
    "DESIGN_PARAM_VAL": "2300",
    "COMPONENT_NAME": "NACA_Fuse",
    "COMPONENT_PARAM": "LENGTH"
  },
  {
    "DESIGN_PARAM": "UpFacingCCW_Spin",
    "DESIGN_PARAM_VAL": "-1",
    "COMPONENT_NAME": "11_oclock_prop",
    "COMPONENT_PARAM": "Direction"
  },
  {
    "DESIGN_PARAM": "UpFacingCCW_Spin",
    "DESIGN_PARAM_VAL": "-1",
    "COMPONENT_NAME": "front_level_1_prop",
    "COMPONENT_PARAM": "Direction"
  },
  {
    "DESIGN_PARAM": "UpFacingCCW_Spin",
    "DESIGN_PARAM_VAL": "-1",
    "COMPONENT_NAME": "front_left_prop",
    "COMPONENT_PARAM": "Direction"
  },
  {
    "DESIGN_PARAM": "UpFacingCCW_Spin",
    "DESIGN_PARAM_VAL": "-1",
    "COMPONENT_NAME": "rear_level_1_prop",
    "COMPONENT_PARAM": "Direction"
  },
  {
    "DESIGN_PARAM": "UpFacingCCW_Spin",
    "DESIGN_PARAM_VAL": "-1",
    "COMPONENT_NAME": "rear_right_prop",
    "COMPONENT_PARAM": "Direction"
  },
  {
    "DESIGN_PARAM": "UpFacingCCW_Spin",
    "DESIGN_PARAM_VAL": "-1",
    "COMPONENT_NAME": "center_prop",
    "COMPONENT_PARAM": "Direction"
  },
  {
    "DESIGN_PARAM": "UpFacingCCW_Spin",
    "DESIGN_PARAM_VAL": "-1",
    "COMPONENT_NAME": "5_oclock_prop",
    "COMPONENT_PARAM": "Direction"
  },
  {
    "DESIGN_PARAM": "UpFacingCCW_Spin",
    "DESIGN_PARAM_VAL": "-1",
    "COMPONENT_NAME": "10_oclock_prop",
    "COMPONENT_PARAM": "Direction"
  },
  {
    "DESIGN_PARAM": "UpFacingCCW_Spin",
    "DESIGN_PARAM_VAL": "-1",
    "COMPONENT_NAME": "4_oclock_prop",
    "COMPONENT_PARAM": "Direction"
  },
  {
    "DESIGN_PARAM": "UpFacingCCW_PropType",
    "DESIGN_PARAM_VAL": "-1",
    "COMPONENT_NAME": "center_prop",
    "COMPONENT_PARAM": "Prop_type"
  },
  {
    "DESIGN_PARAM": "UpFacingCCW_PropType",
    "DESIGN_PARAM_VAL": "-1",
    "COMPONENT_NAME": "4_oclock_prop",
    "COMPONENT_PARAM": "Prop_type"
  },
  {
    "DESIGN_PARAM": "UpFacingCCW_PropType",
    "DESIGN_PARAM_VAL": "-1",
    "COMPONENT_NAME": "11_oclock_prop",
    "COMPONENT_PARAM": "Prop_type"
  },
  {
    "DESIGN_PARAM": "UpFacingCCW_PropType",
    "DESIGN_PARAM_VAL": "-1",
    "COMPONENT_NAME": "rear_right_prop",
    "COMPONENT_PARAM": "Prop_type"
  },
  {
    "DESIGN_PARAM": "UpFacingCCW_PropType",
    "DESIGN_PARAM_VAL": "-1",
    "COMPONENT_NAME": "10_oclock_prop",
    "COMPONENT_PARAM": "Prop_type"
  },
  {
    "DESIGN_PARAM": "UpFacingCCW_PropType",
    "DESIGN_PARAM_VAL": "-1",
    "COMPONENT_NAME": "front_left_prop",
    "COMPONENT_PARAM": "Prop_type"
  },
  {
    "DESIGN_PARAM": "UpFacingCCW_PropType",
    "DESIGN_PARAM_VAL": "-1",
    "COMPONENT_NAME": "rear_level_1_prop",
    "COMPONENT_PARAM": "Prop_type"
  },
  {
    "DESIGN_PARAM": "UpFacingCCW_PropType",
    "DESIGN_PARAM_VAL": "-1",
    "COMPONENT_NAME": "front_level_1_prop",
    "COMPONENT_PARAM": "Prop_type"
  },
  {
    "DESIGN_PARAM": "UpFacingCCW_PropType",
    "DESIGN_PARAM_VAL": "-1",
    "COMPONENT_NAME": "5_oclock_prop",
    "COMPONENT_PARAM": "Prop_type"
  },
  {
    "DESIGN_PARAM": "wing_cylinder_length",
    "DESIGN_PARAM_VAL": "20",
    "COMPONENT_NAME": "left_wing_cylinder",
    "COMPONENT_PARAM": "LENGTH"
  },
  {
    "DESIGN_PARAM": "wing_cylinder_length",
    "DESIGN_PARAM_VAL": "20",
    "COMPONENT_NAME": "right_wing_cylinder",
    "COMPONENT_PARAM": "LENGTH"
  },
  {
    "DESIGN_PARAM": "v_wing_span",
    "DESIGN_PARAM_VAL": "500",
    "COMPONENT_NAME": "left_v_wing",
    "COMPONENT_PARAM": "SPAN"
  },
  {
    "DESIGN_PARAM": "v_wing_span",
    "DESIGN_PARAM_VAL": "500",
    "COMPONENT_NAME": "right_v_wing",
    "COMPONENT_PARAM": "SPAN"
  },
  {
    "DESIGN_PARAM": "top_l1_cyl_p_thick",
    "DESIGN_PARAM_VAL": "150",
    "COMPONENT_NAME": "top_level_1_cylinder",
    "COMPONENT_PARAM": "PORT_THICKNESS"
  },
  {
    "DESIGN_PARAM": "h_wing_load",
    "DESIGN_PARAM_VAL": "2000",
    "COMPONENT_NAME": "right_h_wing",
    "COMPONENT_PARAM": "LOAD"
  },
  {
    "DESIGN_PARAM": "h_wing_load",
    "DESIGN_PARAM_VAL": "2000",
    "COMPONENT_NAME": "left_h_wing",
    "COMPONENT_PARAM": "LOAD"
  },
  {
    "DESIGN_PARAM": "h_wing_tip_chord",
    "DESIGN_PARAM_VAL": "400",
    "COMPONENT_NAME": "right_h_wing",
    "COMPONENT_PARAM": "CHORD_2"
  },
  {
    "DESIGN_PARAM": "h_wing_tip_chord",
    "DESIGN_PARAM_VAL": "400",
    "COMPONENT_NAME": "right_wing_wing_cylinder",
    "COMPONENT_PARAM": "LENGTH"
  },
  {
    "DESIGN_PARAM": "h_wing_tip_chord",
    "DESIGN_PARAM_VAL": "400",
    "COMPONENT_NAME": "left_h_wing",
    "COMPONENT_PARAM": "CHORD_1"
  },
  {
    "DESIGN_PARAM": "h_wing_tip_chord",
    "DESIGN_PARAM_VAL": "400",
    "COMPONENT_NAME": "left_wing_wing_cylinder",
    "COMPONENT_PARAM": "LENGTH"
  },
  {
    "DESIGN_PARAM": "top_cyls_length",
    "DESIGN_PARAM_VAL": "155",
    "COMPONENT_NAME": "rear_left_level_3_cylinder",
    "COMPONENT_PARAM": "LENGTH"
  },
  {
    "DESIGN_PARAM": "top_cyls_length",
    "DESIGN_PARAM_VAL": "155",
    "COMPONENT_NAME": "8_oclock_level_3_cylinder",
    "COMPONENT_PARAM": "LENGTH"
  },
  {
    "DESIGN_PARAM": "top_cyls_length",
    "DESIGN_PARAM_VAL": "155",
    "COMPONENT_NAME": "front_right_level_3_cylinder",
    "COMPONENT_PARAM": "LENGTH"
  },
  {
    "DESIGN_PARAM": "top_cyls_length",
    "DESIGN_PARAM_VAL": "155",
    "COMPONENT_NAME": "4_oclock_level_3_cylinder",
    "COMPONENT_PARAM": "LENGTH"
  },
  {
    "DESIGN_PARAM": "top_cyls_length",
    "DESIGN_PARAM_VAL": "155",
    "COMPONENT_NAME": "front_left_level_3_cylinder",
    "COMPONENT_PARAM": "LENGTH"
  },
  {
    "DESIGN_PARAM": "top_cyls_length",
    "DESIGN_PARAM_VAL": "155",
    "COMPONENT_NAME": "front_left_level_2_cylinder",
    "COMPONENT_PARAM": "LENGTH"
  },
  {
    "DESIGN_PARAM": "top_cyls_length",
    "DESIGN_PARAM_VAL": "155",
    "COMPONENT_NAME": "rear_right_level_2_cylinder",
    "COMPONENT_PARAM": "LENGTH"
  },
  {
    "DESIGN_PARAM": "top_cyls_length",
    "DESIGN_PARAM_VAL": "155",
    "COMPONENT_NAME": "2_oclock_level_3_cylinder",
    "COMPONENT_PARAM": "LENGTH"
  },
  {
    "DESIGN_PARAM": "top_cyls_length",
    "DESIGN_PARAM_VAL": "155",
    "COMPONENT_NAME": "right_level_1_cylinder",
    "COMPONENT_PARAM": "LENGTH"
  },
  {
    "DESIGN_PARAM": "top_cyls_length",
    "DESIGN_PARAM_VAL": "155",
    "COMPONENT_NAME": "rear_level_1_cylinder",
    "COMPONENT_PARAM": "LENGTH"
  },
  {
    "DESIGN_PARAM": "top_cyls_length",
    "DESIGN_PARAM_VAL": "155",
    "COMPONENT_NAME": "front_level_1_cylinder",
    "COMPONENT_PARAM": "LENGTH"
  },
  {
    "DESIGN_PARAM": "top_cyls_length",
    "DESIGN_PARAM_VAL": "155",
    "COMPONENT_NAME": "rear_left_level_2_cylinder",
    "COMPONENT_PARAM": "LENGTH"
  },
  {
    "DESIGN_PARAM": "top_cyls_length",
    "DESIGN_PARAM_VAL": "155",
    "COMPONENT_NAME": "10_oclock_level_3_cylinder",
    "COMPONENT_PARAM": "LENGTH"
  },
  {
    "DESIGN_PARAM": "top_cyls_length",
    "DESIGN_PARAM_VAL": "155",
    "COMPONENT_NAME": "7_oclock_level_3_cylinder",
    "COMPONENT_PARAM": "LENGTH"
  },
  {
    "DESIGN_PARAM": "top_cyls_length",
    "DESIGN_PARAM_VAL": "155",
    "COMPONENT_NAME": "left_level_1_cylinder",
    "COMPONENT_PARAM": "LENGTH"
  },
  {
    "DESIGN_PARAM": "top_cyls_length",
    "DESIGN_PARAM_VAL": "155",
    "COMPONENT_NAME": "5_oclock_level_3_cylinder",
    "COMPONENT_PARAM": "LENGTH"
  },
  {
    "DESIGN_PARAM": "top_cyls_length",
    "DESIGN_PARAM_VAL": "155",
    "COMPONENT_NAME": "top_level_2_cylinder",
    "COMPONENT_PARAM": "LENGTH"
  },
  {
    "DESIGN_PARAM": "top_cyls_length",
    "DESIGN_PARAM_VAL": "155",
    "COMPONENT_NAME": "rear_right_level_3_cylinder",
    "COMPONENT_PARAM": "LENGTH"
  },
  {
    "DESIGN_PARAM": "top_cyls_length",
    "DESIGN_PARAM_VAL": "155",
    "COMPONENT_NAME": "front_right_level_2_cylinder",
    "COMPONENT_PARAM": "LENGTH"
  },
  {
    "DESIGN_PARAM": "top_cyls_length",
    "DESIGN_PARAM_VAL": "155",
    "COMPONENT_NAME": "11_oclock_level_3_cylinder",
    "COMPONENT_PARAM": "LENGTH"
  },
  {
    "DESIGN_PARAM": "top_cyls_length",
    "DESIGN_PARAM_VAL": "155",
    "COMPONENT_NAME": "1_oclock_level_3_cylinder",
    "COMPONENT_PARAM": "LENGTH"
  },
  {
    "DESIGN_PARAM": "h_wing_span",
    "DESIGN_PARAM_VAL": "700",
    "COMPONENT_NAME": "right_h_wing",
    "COMPONENT_PARAM": "SPAN"
  },
  {
    "DESIGN_PARAM": "h_wing_span",
    "DESIGN_PARAM_VAL": "700",
    "COMPONENT_NAME": "left_h_wing",
    "COMPONENT_PARAM": "SPAN"
  },
  {
    "DESIGN_PARAM": "rear_cyl_wing_offset",
    "DESIGN_PARAM_VAL": "-85",
    "COMPONENT_NAME": "rear_cylinder",
    "COMPONENT_PARAM": "RIGHT_CONN_DISP"
  },
  {
    "DESIGN_PARAM": "rear_cyl_wing_offset",
    "DESIGN_PARAM_VAL": "-85",
    "COMPONENT_NAME": "rear_cylinder",
    "COMPONENT_PARAM": "LEFT_CONN_DISP"
  },
  {
    "DESIGN_PARAM": "voltage",
    "DESIGN_PARAM_VAL": "250",
    "COMPONENT_NAME": "right_bot_cyl_battery",
    "COMPONENT_PARAM": "VOLTAGE_REQUEST"
  },
  {
    "DESIGN_PARAM": "voltage",
    "DESIGN_PARAM_VAL": "250",
    "COMPONENT_NAME": "bottom_beam_battery",
    "COMPONENT_PARAM": "VOLTAGE_REQUEST"
  },
  {
    "DESIGN_PARAM": "voltage",
    "DESIGN_PARAM_VAL": "250",
    "COMPONENT_NAME": "left_bot_cyl_battery",
    "COMPONENT_PARAM": "VOLTAGE_REQUEST"
  },
  {
    "DESIGN_PARAM": "voltage",
    "DESIGN_PARAM_VAL": "250",
    "COMPONENT_NAME": "rear_cyl_battery",
    "COMPONENT_PARAM": "VOLTAGE_REQUEST"
  },
  {
    "DESIGN_PARAM": "top_l1_cyl_length",
    "DESIGN_PARAM_VAL": "200",
    "COMPONENT_NAME": "top_level_1_cylinder",
    "COMPONENT_PARAM": "LENGTH"
  },
  {
    "DESIGN_PARAM": "fuse_floor_height",
    "DESIGN_PARAM_VAL": "150",
    "COMPONENT_NAME": "NACA_Fuse",
    "COMPONENT_PARAM": "FLOOR_HEIGHT"
  },
  {
    "DESIGN_PARAM": "rear_cyl_length",
    "DESIGN_PARAM_VAL": "285",
    "COMPONENT_NAME": "rear_cylinder",
    "COMPONENT_PARAM": "LENGTH"
  },
  {
    "DESIGN_PARAM": "rear_cyl_length",
    "DESIGN_PARAM_VAL": "285",
    "COMPONENT_NAME": "rear_cyl_battery",
    "COMPONENT_PARAM": "SPAN"
  },
  {
    "DESIGN_PARAM": "bot_beam_span",
    "DESIGN_PARAM_VAL": "1019",
    "COMPONENT_NAME": "Beam",
    "COMPONENT_PARAM": "SPAN"
  },
  {
    "DESIGN_PARAM": "bot_beam_span",
    "DESIGN_PARAM_VAL": "1019",
    "COMPONENT_NAME": "bottom_beam_battery",
    "COMPONENT_PARAM": "SPAN"
  },
  {
    "DESIGN_PARAM": "level_3_beam_span",
    "DESIGN_PARAM_VAL": "800",
    "COMPONENT_NAME": "7_oclock_level_3_beam",
    "COMPONENT_PARAM": "SPAN"
  },
  {
    "DESIGN_PARAM": "level_3_beam_span",
    "DESIGN_PARAM_VAL": "800",
    "COMPONENT_NAME": "4_oclock_level_3_beam",
    "COMPONENT_PARAM": "SPAN"
  },
  {
    "DESIGN_PARAM": "level_3_beam_span",
    "DESIGN_PARAM_VAL": "800",
    "COMPONENT_NAME": "8_oclock_level_3_beam",
    "COMPONENT_PARAM": "SPAN"
  },
  {
    "DESIGN_PARAM": "level_3_beam_span",
    "DESIGN_PARAM_VAL": "800",
    "COMPONENT_NAME": "5_oclock_level_3_beam",
    "COMPONENT_PARAM": "SPAN"
  },
  {
    "DESIGN_PARAM": "level_3_beam_span",
    "DESIGN_PARAM_VAL": "800",
    "COMPONENT_NAME": "1_oclock_level_3_beam",
    "COMPONENT_PARAM": "SPAN"
  },
  {
    "DESIGN_PARAM": "level_3_beam_span",
    "DESIGN_PARAM_VAL": "800",
    "COMPONENT_NAME": "2_oclock_level_3_beam",
    "COMPONENT_PARAM": "SPAN"
  },
  {
    "DESIGN_PARAM": "level_3_beam_span",
    "DESIGN_PARAM_VAL": "800",
    "COMPONENT_NAME": "11_oclock_level_3_beam",
    "COMPONENT_PARAM": "SPAN"
  },
  {
    "DESIGN_PARAM": "level_3_beam_span",
    "DESIGN_PARAM_VAL": "800",
    "COMPONENT_NAME": "10_oclock_level_3_beam",
    "COMPONENT_PARAM": "SPAN"
  },
  {
    "DESIGN_PARAM": "fuse_port_thickness",
    "DESIGN_PARAM_VAL": "200",
    "COMPONENT_NAME": "NACA_Fuse",
    "COMPONENT_PARAM": "PORT_THICKNESS"
  },
  {
    "DESIGN_PARAM": "fuse_port_thickness",
    "DESIGN_PARAM_VAL": "200",
    "COMPONENT_NAME": "Cyl_Flip_Out",
    "COMPONENT_PARAM": "DIAMETER"
  },
  {
    "DESIGN_PARAM": "fuse_thickness",
    "DESIGN_PARAM_VAL": "48",
    "COMPONENT_NAME": "NACA_Fuse",
    "COMPONENT_PARAM": "THICKNESS"
  },
  {
    "DESIGN_PARAM": "seat_1_fb",
    "DESIGN_PARAM_VAL": "700",
    "COMPONENT_NAME": "NACA_Fuse",
    "COMPONENT_PARAM": "SEAT_1_FB"
  },
  {
    "DESIGN_PARAM": "v_wing_taper_offset",
    "DESIGN_PARAM_VAL": "0",
    "COMPONENT_NAME": "right_v_wing",
    "COMPONENT_PARAM": "TAPER_OFFSET"
  },
  {
    "DESIGN_PARAM": "v_wing_taper_offset",
    "DESIGN_PARAM_VAL": "0",
    "COMPONENT_NAME": "left_v_wing",
    "COMPONENT_PARAM": "TAPER_OFFSET"
  },
  {
    "DESIGN_PARAM": "rear_cyl_p_thick",
    "DESIGN_PARAM_VAL": "50",
    "COMPONENT_NAME": "rear_cylinder",
    "COMPONENT_PARAM": "PORT_THICKNESS"
  },
  {
    "DESIGN_PARAM": "level_2_beam_span",
    "DESIGN_PARAM_VAL": "1200",
    "COMPONENT_NAME": "front_left_level_2_beam",
    "COMPONENT_PARAM": "SPAN"
  },
  {
    "DESIGN_PARAM": "level_2_beam_span",
    "DESIGN_PARAM_VAL": "1200",
    "COMPONENT_NAME": "rear_left_level_2_beam",
    "COMPONENT_PARAM": "SPAN"
  },
  {
    "DESIGN_PARAM": "level_2_beam_span",
    "DESIGN_PARAM_VAL": "1200",
    "COMPONENT_NAME": "front_right_level_2_beam",
    "COMPONENT_PARAM": "SPAN"
  },
  {
    "DESIGN_PARAM": "level_2_beam_span",
    "DESIGN_PARAM_VAL": "1200",
    "COMPONENT_NAME": "rear_right_level_2_beam",
    "COMPONENT_PARAM": "SPAN"
  },
  {
    "DESIGN_PARAM": "l_wing_angle",
    "DESIGN_PARAM_VAL": "345",
    "COMPONENT_NAME": "left_wing_cylinder",
    "COMPONENT_PARAM": "FRONT_ANGLE"
  },
  {
    "DESIGN_PARAM": "fuse_chord",
    "DESIGN_PARAM_VAL": "3200",
    "COMPONENT_NAME": "NACA_Fuse",
    "COMPONENT_PARAM": "CHORD"
  },
  {
    "DESIGN_PARAM": "v_wing_root_chord",
    "DESIGN_PARAM_VAL": "400",
    "COMPONENT_NAME": "right_v_wing",
    "COMPONENT_PARAM": "CHORD_1"
  },
  {
    "DESIGN_PARAM": "v_wing_root_chord",
    "DESIGN_PARAM_VAL": "400",
    "COMPONENT_NAME": "left_v_wing",
    "COMPONENT_PARAM": "CHORD_1"
  },
  {
    "DESIGN_PARAM": "top_l1_cyl_diam",
    "DESIGN_PARAM_VAL": "200",
    "COMPONENT_NAME": "top_level_1_cylinder",
    "COMPONENT_PARAM": "DIAMETER"
  },
  {
    "DESIGN_PARAM": "UpFacingCW_Spin",
    "DESIGN_PARAM_VAL": "1",
    "COMPONENT_NAME": "8_oclock_prop",
    "COMPONENT_PARAM": "Direction"
  },
  {
    "DESIGN_PARAM": "UpFacingCW_Spin",
    "DESIGN_PARAM_VAL": "1",
    "COMPONENT_NAME": "1_oclock_prop",
    "COMPONENT_PARAM": "Direction"
  },
  {
    "DESIGN_PARAM": "UpFacingCW_Spin",
    "DESIGN_PARAM_VAL": "1",
    "COMPONENT_NAME": "2_oclock_prop",
    "COMPONENT_PARAM": "Direction"
  },
  {
    "DESIGN_PARAM": "UpFacingCW_Spin",
    "DESIGN_PARAM_VAL": "1",
    "COMPONENT_NAME": "7_oclock_prop",
    "COMPONENT_PARAM": "Direction"
  },
  {
    "DESIGN_PARAM": "UpFacingCW_Spin",
    "DESIGN_PARAM_VAL": "1",
    "COMPONENT_NAME": "rear_left_prop",
    "COMPONENT_PARAM": "Direction"
  },
  {
    "DESIGN_PARAM": "UpFacingCW_Spin",
    "DESIGN_PARAM_VAL": "1",
    "COMPONENT_NAME": "front_right_prop",
    "COMPONENT_PARAM": "Direction"
  },
  {
    "DESIGN_PARAM": "UpFacingCW_Spin",
    "DESIGN_PARAM_VAL": "1",
    "COMPONENT_NAME": "right_level_1_prop",
    "COMPONENT_PARAM": "Direction"
  },
  {
    "DESIGN_PARAM": "UpFacingCW_Spin",
    "DESIGN_PARAM_VAL": "1",
    "COMPONENT_NAME": "left_level_1_prop",
    "COMPONENT_PARAM": "Direction"
  },
  {
    "DESIGN_PARAM": "wing_cylinder_p_thick",
    "DESIGN_PARAM_VAL": "10",
    "COMPONENT_NAME": "right_wing_cylinder",
    "COMPONENT_PARAM": "PORT_THICKNESS"
  },
  {
    "DESIGN_PARAM": "wing_cylinder_p_thick",
    "DESIGN_PARAM_VAL": "10",
    "COMPONENT_NAME": "left_wing_cylinder",
    "COMPONENT_PARAM": "PORT_THICKNESS"
  },
  {
    "DESIGN_PARAM": "NACA",
    "DESIGN_PARAM_VAL": "0012",
    "COMPONENT_NAME": "right_h_wing",
    "COMPONENT_PARAM": "NACA_Profile"
  },
  {
    "DESIGN_PARAM": "NACA",
    "DESIGN_PARAM_VAL": "0012",
    "COMPONENT_NAME": "left_v_wing",
    "COMPONENT_PARAM": "NACA_Profile"
  },
  {
    "DESIGN_PARAM": "NACA",
    "DESIGN_PARAM_VAL": "0012",
    "COMPONENT_NAME": "right_v_wing",
    "COMPONENT_PARAM": "NACA_Profile"
  },
  {
    "DESIGN_PARAM": "NACA",
    "DESIGN_PARAM_VAL": "0012",
    "COMPONENT_NAME": "left_h_wing",
    "COMPONENT_PARAM": "NACA_Profile"
  },
  {
    "DESIGN_PARAM": "top_cyls_diam",
    "DESIGN_PARAM_VAL": "200",
    "COMPONENT_NAME": "rear_right_level_2_cylinder",
    "COMPONENT_PARAM": "DIAMETER"
  },
  {
    "DESIGN_PARAM": "top_cyls_diam",
    "DESIGN_PARAM_VAL": "200",
    "COMPONENT_NAME": "5_oclock_level_3_cylinder",
    "COMPONENT_PARAM": "DIAMETER"
  },
  {
    "DESIGN_PARAM": "top_cyls_diam",
    "DESIGN_PARAM_VAL": "200",
    "COMPONENT_NAME": "1_oclock_level_3_cylinder",
    "COMPONENT_PARAM": "DIAMETER"
  },
  {
    "DESIGN_PARAM": "top_cyls_diam",
    "DESIGN_PARAM_VAL": "200",
    "COMPONENT_NAME": "left_level_1_cylinder",
    "COMPONENT_PARAM": "DIAMETER"
  },
  {
    "DESIGN_PARAM": "top_cyls_diam",
    "DESIGN_PARAM_VAL": "200",
    "COMPONENT_NAME": "rear_left_level_3_cylinder",
    "COMPONENT_PARAM": "DIAMETER"
  },
  {
    "DESIGN_PARAM": "top_cyls_diam",
    "DESIGN_PARAM_VAL": "200",
    "COMPONENT_NAME": "right_level_1_cylinder",
    "COMPONENT_PARAM": "DIAMETER"
  },
  {
    "DESIGN_PARAM": "top_cyls_diam",
    "DESIGN_PARAM_VAL": "200",
    "COMPONENT_NAME": "rear_left_level_2_cylinder",
    "COMPONENT_PARAM": "DIAMETER"
  },
  {
    "DESIGN_PARAM": "top_cyls_diam",
    "DESIGN_PARAM_VAL": "200",
    "COMPONENT_NAME": "top_level_2_cylinder",
    "COMPONENT_PARAM": "DIAMETER"
  },
  {
    "DESIGN_PARAM": "top_cyls_diam",
    "DESIGN_PARAM_VAL": "200",
    "COMPONENT_NAME": "10_oclock_level_3_cylinder",
    "COMPONENT_PARAM": "DIAMETER"
  },
  {
    "DESIGN_PARAM": "top_cyls_diam",
    "DESIGN_PARAM_VAL": "200",
    "COMPONENT_NAME": "11_oclock_level_3_cylinder",
    "COMPONENT_PARAM": "DIAMETER"
  },
  {
    "DESIGN_PARAM": "top_cyls_diam",
    "DESIGN_PARAM_VAL": "200",
    "COMPONENT_NAME": "front_left_level_3_cylinder",
    "COMPONENT_PARAM": "DIAMETER"
  },
  {
    "DESIGN_PARAM": "top_cyls_diam",
    "DESIGN_PARAM_VAL": "200",
    "COMPONENT_NAME": "front_right_level_2_cylinder",
    "COMPONENT_PARAM": "DIAMETER"
  },
  {
    "DESIGN_PARAM": "top_cyls_diam",
    "DESIGN_PARAM_VAL": "200",
    "COMPONENT_NAME": "8_oclock_level_3_cylinder",
    "COMPONENT_PARAM": "DIAMETER"
  },
  {
    "DESIGN_PARAM": "top_cyls_diam",
    "DESIGN_PARAM_VAL": "200",
    "COMPONENT_NAME": "rear_level_1_cylinder",
    "COMPONENT_PARAM": "DIAMETER"
  },
  {
    "DESIGN_PARAM": "top_cyls_diam",
    "DESIGN_PARAM_VAL": "200",
    "COMPONENT_NAME": "2_oclock_level_3_cylinder",
    "COMPONENT_PARAM": "DIAMETER"
  },
  {
    "DESIGN_PARAM": "top_cyls_diam",
    "DESIGN_PARAM_VAL": "200",
    "COMPONENT_NAME": "4_oclock_level_3_cylinder",
    "COMPONENT_PARAM": "DIAMETER"
  },
  {
    "DESIGN_PARAM": "top_cyls_diam",
    "DESIGN_PARAM_VAL": "200",
    "COMPONENT_NAME": "7_oclock_level_3_cylinder",
    "COMPONENT_PARAM": "DIAMETER"
  },
  {
    "DESIGN_PARAM": "top_cyls_diam",
    "DESIGN_PARAM_VAL": "200",
    "COMPONENT_NAME": "rear_right_level_3_cylinder",
    "COMPONENT_PARAM": "DIAMETER"
  },
  {
    "DESIGN_PARAM": "top_cyls_diam",
    "DESIGN_PARAM_VAL": "200",
    "COMPONENT_NAME": "front_left_level_2_cylinder",
    "COMPONENT_PARAM": "DIAMETER"
  },
  {
    "DESIGN_PARAM": "top_cyls_diam",
    "DESIGN_PARAM_VAL": "200",
    "COMPONENT_NAME": "front_level_1_cylinder",
    "COMPONENT_PARAM": "DIAMETER"
  },
  {
    "DESIGN_PARAM": "top_cyls_diam",
    "DESIGN_PARAM_VAL": "200",
    "COMPONENT_NAME": "front_right_level_3_cylinder",
    "COMPONENT_PARAM": "DIAMETER"
  },
  {
    "DESIGN_PARAM": "level_2_beam_thickness",
    "DESIGN_PARAM_VAL": "150",
    "COMPONENT_NAME": "front_right_level_2_beam",
    "COMPONENT_PARAM": "THICKNESS"
  },
  {
    "DESIGN_PARAM": "level_2_beam_thickness",
    "DESIGN_PARAM_VAL": "150",
    "COMPONENT_NAME": "rear_left_level_2_beam",
    "COMPONENT_PARAM": "THICKNESS"
  },
  {
    "DESIGN_PARAM": "level_2_beam_thickness",
    "DESIGN_PARAM_VAL": "150",
    "COMPONENT_NAME": "front_left_level_2_beam",
    "COMPONENT_PARAM": "THICKNESS"
  },
  {
    "DESIGN_PARAM": "level_2_beam_thickness",
    "DESIGN_PARAM_VAL": "150",
    "COMPONENT_NAME": "rear_right_level_2_beam",
    "COMPONENT_PARAM": "THICKNESS"
  },
  {
    "DESIGN_PARAM": "rear_cyl_diam",
    "DESIGN_PARAM_VAL": "900",
    "COMPONENT_NAME": "rear_cyl_battery",
    "COMPONENT_PARAM": "CHORD_1"
  },
  {
    "DESIGN_PARAM": "rear_cyl_diam",
    "DESIGN_PARAM_VAL": "900",
    "COMPONENT_NAME": "rear_cylinder",
    "COMPONENT_PARAM": "DIAMETER"
  },
  {
    "DESIGN_PARAM": "seat_lr",
    "DESIGN_PARAM_VAL": "0",
    "COMPONENT_NAME": "NACA_Fuse",
    "COMPONENT_PARAM": "SEAT_2_LR"
  },
  {
    "DESIGN_PARAM": "seat_lr",
    "DESIGN_PARAM_VAL": "0",
    "COMPONENT_NAME": "NACA_Fuse",
    "COMPONENT_PARAM": "SEAT_1_LR"
  },
  {
    "DESIGN_PARAM": "level_1_beam_thickness",
    "DESIGN_PARAM_VAL": "150",
    "COMPONENT_NAME": "left_level_1_beam",
    "COMPONENT_PARAM": "THICKNESS"
  },
  {
    "DESIGN_PARAM": "level_1_beam_thickness",
    "DESIGN_PARAM_VAL": "150",
    "COMPONENT_NAME": "right_level_1_beam",
    "COMPONENT_PARAM": "THICKNESS"
  },
  {
    "DESIGN_PARAM": "level_1_beam_thickness",
    "DESIGN_PARAM_VAL": "150",
    "COMPONENT_NAME": "rear_level_1_beam",
    "COMPONENT_PARAM": "THICKNESS"
  },
  {
    "DESIGN_PARAM": "level_1_beam_thickness",
    "DESIGN_PARAM_VAL": "150",
    "COMPONENT_NAME": "front_level_1_beam",
    "COMPONENT_PARAM": "THICKNESS"
  },
  {
    "DESIGN_PARAM": "r_wing_angle",
    "DESIGN_PARAM_VAL": "15",
    "COMPONENT_NAME": "right_wing_cylinder",
    "COMPONENT_PARAM": "FRONT_ANGLE"
  },
  {
    "DESIGN_PARAM": "top_cyls_p_thick",
    "DESIGN_PARAM_VAL": "150",
    "COMPONENT_NAME": "left_level_1_cylinder",
    "COMPONENT_PARAM": "PORT_THICKNESS"
  },
  {
    "DESIGN_PARAM": "top_cyls_p_thick",
    "DESIGN_PARAM_VAL": "150",
    "COMPONENT_NAME": "rear_left_level_2_cylinder",
    "COMPONENT_PARAM": "PORT_THICKNESS"
  },
  {
    "DESIGN_PARAM": "top_cyls_p_thick",
    "DESIGN_PARAM_VAL": "150",
    "COMPONENT_NAME": "front_left_level_2_cylinder",
    "COMPONENT_PARAM": "PORT_THICKNESS"
  },
  {
    "DESIGN_PARAM": "top_cyls_p_thick",
    "DESIGN_PARAM_VAL": "150",
    "COMPONENT_NAME": "rear_right_level_3_cylinder",
    "COMPONENT_PARAM": "PORT_THICKNESS"
  },
  {
    "DESIGN_PARAM": "top_cyls_p_thick",
    "DESIGN_PARAM_VAL": "150",
    "COMPONENT_NAME": "2_oclock_level_3_cylinder",
    "COMPONENT_PARAM": "PORT_THICKNESS"
  },
  {
    "DESIGN_PARAM": "top_cyls_p_thick",
    "DESIGN_PARAM_VAL": "150",
    "COMPONENT_NAME": "front_left_level_3_cylinder",
    "COMPONENT_PARAM": "PORT_THICKNESS"
  },
  {
    "DESIGN_PARAM": "top_cyls_p_thick",
    "DESIGN_PARAM_VAL": "150",
    "COMPONENT_NAME": "10_oclock_level_3_cylinder",
    "COMPONENT_PARAM": "PORT_THICKNESS"
  },
  {
    "DESIGN_PARAM": "top_cyls_p_thick",
    "DESIGN_PARAM_VAL": "150",
    "COMPONENT_NAME": "7_oclock_level_3_cylinder",
    "COMPONENT_PARAM": "PORT_THICKNESS"
  },
  {
    "DESIGN_PARAM": "top_cyls_p_thick",
    "DESIGN_PARAM_VAL": "150",
    "COMPONENT_NAME": "rear_left_level_3_cylinder",
    "COMPONENT_PARAM": "PORT_THICKNESS"
  },
  {
    "DESIGN_PARAM": "top_cyls_p_thick",
    "DESIGN_PARAM_VAL": "150",
    "COMPONENT_NAME": "8_oclock_level_3_cylinder",
    "COMPONENT_PARAM": "PORT_THICKNESS"
  },
  {
    "DESIGN_PARAM": "top_cyls_p_thick",
    "DESIGN_PARAM_VAL": "150",
    "COMPONENT_NAME": "4_oclock_level_3_cylinder",
    "COMPONENT_PARAM": "PORT_THICKNESS"
  },
  {
    "DESIGN_PARAM": "top_cyls_p_thick",
    "DESIGN_PARAM_VAL": "150",
    "COMPONENT_NAME": "rear_level_1_cylinder",
    "COMPONENT_PARAM": "PORT_THICKNESS"
  },
  {
    "DESIGN_PARAM": "top_cyls_p_thick",
    "DESIGN_PARAM_VAL": "150",
    "COMPONENT_NAME": "5_oclock_level_3_cylinder",
    "COMPONENT_PARAM": "PORT_THICKNESS"
  },
  {
    "DESIGN_PARAM": "top_cyls_p_thick",
    "DESIGN_PARAM_VAL": "150",
    "COMPONENT_NAME": "1_oclock_level_3_cylinder",
    "COMPONENT_PARAM": "PORT_THICKNESS"
  },
  {
    "DESIGN_PARAM": "top_cyls_p_thick",
    "DESIGN_PARAM_VAL": "150",
    "COMPONENT_NAME": "front_right_level_3_cylinder",
    "COMPONENT_PARAM": "PORT_THICKNESS"
  },
  {
    "DESIGN_PARAM": "top_cyls_p_thick",
    "DESIGN_PARAM_VAL": "150",
    "COMPONENT_NAME": "top_level_2_cylinder",
    "COMPONENT_PARAM": "PORT_THICKNESS"
  },
  {
    "DESIGN_PARAM": "top_cyls_p_thick",
    "DESIGN_PARAM_VAL": "150",
    "COMPONENT_NAME": "11_oclock_level_3_cylinder",
    "COMPONENT_PARAM": "PORT_THICKNESS"
  },
  {
    "DESIGN_PARAM": "top_cyls_p_thick",
    "DESIGN_PARAM_VAL": "150",
    "COMPONENT_NAME": "front_level_1_cylinder",
    "COMPONENT_PARAM": "PORT_THICKNESS"
  },
  {
    "DESIGN_PARAM": "top_cyls_p_thick",
    "DESIGN_PARAM_VAL": "150",
    "COMPONENT_NAME": "right_level_1_cylinder",
    "COMPONENT_PARAM": "PORT_THICKNESS"
  },
  {
    "DESIGN_PARAM": "top_cyls_p_thick",
    "DESIGN_PARAM_VAL": "150",
    "COMPONENT_NAME": "front_right_level_2_cylinder",
    "COMPONENT_PARAM": "PORT_THICKNESS"
  },
  {
    "DESIGN_PARAM": "top_cyls_p_thick",
    "DESIGN_PARAM_VAL": "150",
    "COMPONENT_NAME": "rear_right_level_2_cylinder",
    "COMPONENT_PARAM": "PORT_THICKNESS"
  },
  {
    "DESIGN_PARAM": "v_wing_load",
    "DESIGN_PARAM_VAL": "1000",
    "COMPONENT_NAME": "right_v_wing",
    "COMPONENT_PARAM": "LOAD"
  },
  {
    "DESIGN_PARAM": "v_wing_load",
    "DESIGN_PARAM_VAL": "1000",
    "COMPONENT_NAME": "left_v_wing",
    "COMPONENT_PARAM": "LOAD"
  },
  {
    "DESIGN_PARAM": "v_wing_tip_chord",
    "DESIGN_PARAM_VAL": "100",
    "COMPONENT_NAME": "right_v_wing",
    "COMPONENT_PARAM": "CHORD_2"
  },
  {
    "DESIGN_PARAM": "v_wing_tip_chord",
    "DESIGN_PARAM_VAL": "100",
    "COMPONENT_NAME": "left_v_wing",
    "COMPONENT_PARAM": "CHORD_2"
  },
  {
    "DESIGN_PARAM": "level_1_beam_chord",
    "DESIGN_PARAM_VAL": "5",
    "COMPONENT_NAME": "right_level_1_beam",
    "COMPONENT_PARAM": "CHORD"
  },
  {
    "DESIGN_PARAM": "level_1_beam_chord",
    "DESIGN_PARAM_VAL": "5",
    "COMPONENT_NAME": "rear_level_1_beam",
    "COMPONENT_PARAM": "CHORD"
  },
  {
    "DESIGN_PARAM": "level_1_beam_chord",
    "DESIGN_PARAM_VAL": "5",
    "COMPONENT_NAME": "left_level_1_beam",
    "COMPONENT_PARAM": "CHORD"
  },
  {
    "DESIGN_PARAM": "level_1_beam_chord",
    "DESIGN_PARAM_VAL": "5",
    "COMPONENT_NAME": "front_level_1_beam",
    "COMPONENT_PARAM": "CHORD"
  },
  {
    "DESIGN_PARAM": "UpFacingCW_PropType",
    "DESIGN_PARAM_VAL": "1",
    "COMPONENT_NAME": "7_oclock_prop",
    "COMPONENT_PARAM": "Prop_type"
  },
  {
    "DESIGN_PARAM": "UpFacingCW_PropType",
    "DESIGN_PARAM_VAL": "1",
    "COMPONENT_NAME": "front_right_prop",
    "COMPONENT_PARAM": "Prop_type"
  },
  {
    "DESIGN_PARAM": "UpFacingCW_PropType",
    "DESIGN_PARAM_VAL": "1",
    "COMPONENT_NAME": "rear_left_prop",
    "COMPONENT_PARAM": "Prop_type"
  },
  {
    "DESIGN_PARAM": "UpFacingCW_PropType",
    "DESIGN_PARAM_VAL": "1",
    "COMPONENT_NAME": "right_level_1_prop",
    "COMPONENT_PARAM": "Prop_type"
  },
  {
    "DESIGN_PARAM": "UpFacingCW_PropType",
    "DESIGN_PARAM_VAL": "1",
    "COMPONENT_NAME": "2_oclock_prop",
    "COMPONENT_PARAM": "Prop_type"
  },
  {
    "DESIGN_PARAM": "UpFacingCW_PropType",
    "DESIGN_PARAM_VAL": "1",
    "COMPONENT_NAME": "left_level_1_prop",
    "COMPONENT_PARAM": "Prop_type"
  },
  {
    "DESIGN_PARAM": "UpFacingCW_PropType",
    "DESIGN_PARAM_VAL": "1",
    "COMPONENT_NAME": "8_oclock_prop",
    "COMPONENT_PARAM": "Prop_type"
  },
  {
    "DESIGN_PARAM": "UpFacingCW_PropType",
    "DESIGN_PARAM_VAL": "1",
    "COMPONENT_NAME": "1_oclock_prop",
    "COMPONENT_PARAM": "Prop_type"
  },
  {
    "DESIGN_PARAM": "h_wing_taper_offset",
    "DESIGN_PARAM_VAL": "1",
    "COMPONENT_NAME": "left_h_wing",
    "COMPONENT_PARAM": "TAPER_OFFSET"
  },
  {
    "DESIGN_PARAM": "h_wing_taper_offset",
    "DESIGN_PARAM_VAL": "1",
    "COMPONENT_NAME": "right_h_wing",
    "COMPONENT_PARAM": "TAPER_OFFSET"
  },
  {
    "DESIGN_PARAM": "bot_beam_chord",
    "DESIGN_PARAM_VAL": "500",
    "COMPONENT_NAME": "bottom_beam_battery",
    "COMPONENT_PARAM": "CHORD_1"
  },
  {
    "DESIGN_PARAM": "bot_beam_chord",
    "DESIGN_PARAM_VAL": "500",
    "COMPONENT_NAME": "Beam",
    "COMPONENT_PARAM": "CHORD"
  },
  {
    "DESIGN_PARAM": "rotation_180",
    "DESIGN_PARAM_VAL": "180",
    "COMPONENT_NAME": "top_level_1_cylinder",
    "COMPONENT_PARAM": "FRONT_ANGLE"
  },
  {
    "DESIGN_PARAM": "wing_cylinder_diam",
    "DESIGN_PARAM_VAL": "60",
    "COMPONENT_NAME": "left_wing_cylinder",
    "COMPONENT_PARAM": "DIAMETER"
  },
  {
    "DESIGN_PARAM": "wing_cylinder_diam",
    "DESIGN_PARAM_VAL": "60",
    "COMPONENT_NAME": "right_wing_wing_cylinder",
    "COMPONENT_PARAM": "DIAMETER"
  },
  {
    "DESIGN_PARAM": "wing_cylinder_diam",
    "DESIGN_PARAM_VAL": "60",
    "COMPONENT_NAME": "right_wing_cylinder",
    "COMPONENT_PARAM": "DIAMETER"
  },
  {
    "DESIGN_PARAM": "wing_cylinder_diam",
    "DESIGN_PARAM_VAL": "60",
    "COMPONENT_NAME": "left_wing_wing_cylinder",
    "COMPONENT_PARAM": "DIAMETER"
  },
  {
    "DESIGN_PARAM": "level_3_beam_thickness",
    "DESIGN_PARAM_VAL": "150",
    "COMPONENT_NAME": "11_oclock_level_3_beam",
    "COMPONENT_PARAM": "THICKNESS"
  },
  {
    "DESIGN_PARAM": "level_3_beam_thickness",
    "DESIGN_PARAM_VAL": "150",
    "COMPONENT_NAME": "8_oclock_level_3_beam",
    "COMPONENT_PARAM": "THICKNESS"
  },
  {
    "DESIGN_PARAM": "level_3_beam_thickness",
    "DESIGN_PARAM_VAL": "150",
    "COMPONENT_NAME": "2_oclock_level_3_beam",
    "COMPONENT_PARAM": "THICKNESS"
  },
  {
    "DESIGN_PARAM": "level_3_beam_thickness",
    "DESIGN_PARAM_VAL": "150",
    "COMPONENT_NAME": "4_oclock_level_3_beam",
    "COMPONENT_PARAM": "THICKNESS"
  },
  {
    "DESIGN_PARAM": "level_3_beam_thickness",
    "DESIGN_PARAM_VAL": "150",
    "COMPONENT_NAME": "7_oclock_level_3_beam",
    "COMPONENT_PARAM": "THICKNESS"
  },
  {
    "DESIGN_PARAM": "level_3_beam_thickness",
    "DESIGN_PARAM_VAL": "150",
    "COMPONENT_NAME": "1_oclock_level_3_beam",
    "COMPONENT_PARAM": "THICKNESS"
  },
  {
    "DESIGN_PARAM": "level_3_beam_thickness",
    "DESIGN_PARAM_VAL": "150",
    "COMPONENT_NAME": "10_oclock_level_3_beam",
    "COMPONENT_PARAM": "THICKNESS"
  },
  {
    "DESIGN_PARAM": "level_3_beam_thickness",
    "DESIGN_PARAM_VAL": "150",
    "COMPONENT_NAME": "5_oclock_level_3_beam",
    "COMPONENT_PARAM": "THICKNESS"
  },
  {
    "DESIGN_PARAM": "level_2_beam_chord",
    "DESIGN_PARAM_VAL": "5",
    "COMPONENT_NAME": "front_right_level_2_beam",
    "COMPONENT_PARAM": "CHORD"
  },
  {
    "DESIGN_PARAM": "level_2_beam_chord",
    "DESIGN_PARAM_VAL": "5",
    "COMPONENT_NAME": "rear_left_level_2_beam",
    "COMPONENT_PARAM": "CHORD"
  },
  {
    "DESIGN_PARAM": "level_2_beam_chord",
    "DESIGN_PARAM_VAL": "5",
    "COMPONENT_NAME": "rear_right_level_2_beam",
    "COMPONENT_PARAM": "CHORD"
  },
  {
    "DESIGN_PARAM": "level_2_beam_chord",
    "DESIGN_PARAM_VAL": "5",
    "COMPONENT_NAME": "front_left_level_2_beam",
    "COMPONENT_PARAM": "CHORD"
  },
  {
    "DESIGN_PARAM": "bot_cyl_diam",
    "DESIGN_PARAM_VAL": "150",
    "COMPONENT_NAME": "right_bot_cyl_battery",
    "COMPONENT_PARAM": "CHORD_1"
  },
  {
    "DESIGN_PARAM": "bot_cyl_diam",
    "DESIGN_PARAM_VAL": "150",
    "COMPONENT_NAME": "right_bot_cylinder",
    "COMPONENT_PARAM": "DIAMETER"
  },
  {
    "DESIGN_PARAM": "bot_cyl_diam",
    "DESIGN_PARAM_VAL": "150",
    "COMPONENT_NAME": "left_bot_cylinder",
    "COMPONENT_PARAM": "DIAMETER"
  },
  {
    "DESIGN_PARAM": "bot_cyl_diam",
    "DESIGN_PARAM_VAL": "150",
    "COMPONENT_NAME": "left_bot_cyl_battery",
    "COMPONENT_PARAM": "CHORD_1"
  },
  {
    "DESIGN_PARAM": "level_1_beam_span",
    "DESIGN_PARAM_VAL": "811",
    "COMPONENT_NAME": "rear_level_1_beam",
    "COMPONENT_PARAM": "SPAN"
  },
  {
    "DESIGN_PARAM": "level_1_beam_span",
    "DESIGN_PARAM_VAL": "811",
    "COMPONENT_NAME": "left_level_1_beam",
    "COMPONENT_PARAM": "SPAN"
  },
  {
    "DESIGN_PARAM": "level_1_beam_span",
    "DESIGN_PARAM_VAL": "811",
    "COMPONENT_NAME": "right_level_1_beam",
    "COMPONENT_PARAM": "SPAN"
  },
  {
    "DESIGN_PARAM": "level_1_beam_span",
    "DESIGN_PARAM_VAL": "811",
    "COMPONENT_NAME": "front_level_1_beam",
    "COMPONENT_PARAM": "SPAN"
  },
  {
    "DESIGN_PARAM": "bot_cyl_p_thick",
    "DESIGN_PARAM_VAL": "50",
    "COMPONENT_NAME": "right_bot_cylinder",
    "COMPONENT_PARAM": "PORT_THICKNESS"
  },
  {
    "DESIGN_PARAM": "bot_cyl_p_thick",
    "DESIGN_PARAM_VAL": "50",
    "COMPONENT_NAME": "left_bot_cylinder",
    "COMPONENT_PARAM": "PORT_THICKNESS"
  },
  {
    "DESIGN_PARAM": "bot_beam_thickness",
    "DESIGN_PARAM_VAL": "150",
    "COMPONENT_NAME": "bottom_beam_battery",
    "COMPONENT_PARAM": "THICKNESS"
  },
  {
    "DESIGN_PARAM": "bot_beam_thickness",
    "DESIGN_PARAM_VAL": "150",
    "COMPONENT_NAME": "Beam",
    "COMPONENT_PARAM": "THICKNESS"
  },
  {
    "DESIGN_PARAM": "seat_2_fb",
    "DESIGN_PARAM_VAL": "1550",
    "COMPONENT_NAME": "NACA_Fuse",
    "COMPONENT_PARAM": "SEAT_2_FB"
  }
]
