DESIGN_PARAM,DESIGN_PARAM_VAL,COMPONENT_NAME,COMPONENT_PARAM
bot_cyl_length,2000,left_bot_cylinder,LENGTH
bot_cyl_length,2000,left_bot_cyl_battery,SPAN
bot_cyl_length,2000,right_bot_cylinder,LENGTH
bot_cyl_length,2000,right_bot_cyl_battery,SPAN
h_wing_root_chord,500,right_h_wing,CHORD_1
h_wing_root_chord,500,left_h_wing,CHORD_2
wing_wing_cylinder_p_thick:,48,left_wing_wing_cylinder,PORT_THICKNESS
wing_wing_cylinder_p_thick:,48,right_wing_wing_cylinder,PORT_THICKNESS
level_3_beam_chord,5,10_oclock_level_3_beam,CHORD
level_3_beam_chord,5,8_oclock_level_3_beam,CHORD
level_3_beam_chord,5,4_oclock_level_3_beam,CHORD
level_3_beam_chord,5,2_oclock_level_3_beam,CHORD
level_3_beam_chord,5,11_oclock_level_3_beam,CHORD
level_3_beam_chord,5,5_oclock_level_3_beam,CHORD
level_3_beam_chord,5,7_oclock_level_3_beam,CHORD
level_3_beam_chord,5,1_oclock_level_3_beam,CHORD
fuse_port_offset,1500,NACA_Fuse,PORT_OFFSET
wing_thickness,12,right_v_wing,THICKNESS
wing_thickness,12,left_v_wing,THICKNESS
wing_thickness,12,left_h_wing,THICKNESS
wing_thickness,12,right_h_wing,THICKNESS
top_cylinder_rotation,45,rear_left_level_3_cylinder,FRONT_ANGLE
top_cylinder_rotation,45,top_level_2_cylinder,FRONT_ANGLE
top_cylinder_rotation,45,rear_right_level_3_cylinder,FRONT_ANGLE
top_cylinder_rotation,45,front_right_level_3_cylinder,FRONT_ANGLE
top_cylinder_rotation,45,front_left_level_3_cylinder,FRONT_ANGLE
fuse_port_chord,5,NACA_Fuse,PORT_CHORD
fuse_length,2300,NACA_Fuse,LENGTH
UpFacingCCW_Spin,-1,11_oclock_prop,Direction
UpFacingCCW_Spin,-1,front_level_1_prop,Direction
UpFacingCCW_Spin,-1,front_left_prop,Direction
UpFacingCCW_Spin,-1,rear_level_1_prop,Direction
UpFacingCCW_Spin,-1,rear_right_prop,Direction
UpFacingCCW_Spin,-1,center_prop,Direction
UpFacingCCW_Spin,-1,5_oclock_prop,Direction
UpFacingCCW_Spin,-1,10_oclock_prop,Direction
UpFacingCCW_Spin,-1,4_oclock_prop,Direction
UpFacingCCW_PropType,-1,center_prop,Prop_type
UpFacingCCW_PropType,-1,4_oclock_prop,Prop_type
UpFacingCCW_PropType,-1,11_oclock_prop,Prop_type
UpFacingCCW_PropType,-1,rear_right_prop,Prop_type
UpFacingCCW_PropType,-1,10_oclock_prop,Prop_type
UpFacingCCW_PropType,-1,front_left_prop,Prop_type
UpFacingCCW_PropType,-1,rear_level_1_prop,Prop_type
UpFacingCCW_PropType,-1,front_level_1_prop,Prop_type
UpFacingCCW_PropType,-1,5_oclock_prop,Prop_type
wing_cylinder_length,20,left_wing_cylinder,LENGTH
wing_cylinder_length,20,right_wing_cylinder,LENGTH
v_wing_span,500,left_v_wing,SPAN
v_wing_span,500,right_v_wing,SPAN
top_l1_cyl_p_thick,150,top_level_1_cylinder,PORT_THICKNESS
h_wing_load,2000,right_h_wing,LOAD
h_wing_load,2000,left_h_wing,LOAD
h_wing_tip_chord,400,right_h_wing,CHORD_2
h_wing_tip_chord,400,right_wing_wing_cylinder,LENGTH
h_wing_tip_chord,400,left_h_wing,CHORD_1
h_wing_tip_chord,400,left_wing_wing_cylinder,LENGTH
top_cyls_length,155,rear_left_level_3_cylinder,LENGTH
top_cyls_length,155,8_oclock_level_3_cylinder,LENGTH
top_cyls_length,155,front_right_level_3_cylinder,LENGTH
top_cyls_length,155,4_oclock_level_3_cylinder,LENGTH
top_cyls_length,155,front_left_level_3_cylinder,LENGTH
top_cyls_length,155,front_left_level_2_cylinder,LENGTH
top_cyls_length,155,rear_right_level_2_cylinder,LENGTH
top_cyls_length,155,2_oclock_level_3_cylinder,LENGTH
top_cyls_length,155,right_level_1_cylinder,LENGTH
top_cyls_length,155,rear_level_1_cylinder,LENGTH
top_cyls_length,155,front_level_1_cylinder,LENGTH
top_cyls_length,155,rear_left_level_2_cylinder,LENGTH
top_cyls_length,155,10_oclock_level_3_cylinder,LENGTH
top_cyls_length,155,7_oclock_level_3_cylinder,LENGTH
top_cyls_length,155,left_level_1_cylinder,LENGTH
top_cyls_length,155,5_oclock_level_3_cylinder,LENGTH
top_cyls_length,155,top_level_2_cylinder,LENGTH
top_cyls_length,155,rear_right_level_3_cylinder,LENGTH
top_cyls_length,155,front_right_level_2_cylinder,LENGTH
top_cyls_length,155,11_oclock_level_3_cylinder,LENGTH
top_cyls_length,155,1_oclock_level_3_cylinder,LENGTH
h_wing_span,700,right_h_wing,SPAN
h_wing_span,700,left_h_wing,SPAN
rear_cyl_wing_offset,-85,rear_cylinder,RIGHT_CONN_DISP
rear_cyl_wing_offset,-85,rear_cylinder,LEFT_CONN_DISP
voltage,250,right_bot_cyl_battery,VOLTAGE_REQUEST
voltage,250,bottom_beam_battery,VOLTAGE_REQUEST
voltage,250,left_bot_cyl_battery,VOLTAGE_REQUEST
voltage,250,rear_cyl_battery,VOLTAGE_REQUEST
top_l1_cyl_length,200,top_level_1_cylinder,LENGTH
fuse_floor_height,150,NACA_Fuse,FLOOR_HEIGHT
rear_cyl_length,285,rear_cylinder,LENGTH
rear_cyl_length,285,rear_cyl_battery,SPAN
bot_beam_span,1019,Beam,SPAN
bot_beam_span,1019,bottom_beam_battery,SPAN
level_3_beam_span,800,7_oclock_level_3_beam,SPAN
level_3_beam_span,800,4_oclock_level_3_beam,SPAN
level_3_beam_span,800,8_oclock_level_3_beam,SPAN
level_3_beam_span,800,5_oclock_level_3_beam,SPAN
level_3_beam_span,800,1_oclock_level_3_beam,SPAN
level_3_beam_span,800,2_oclock_level_3_beam,SPAN
level_3_beam_span,800,11_oclock_level_3_beam,SPAN
level_3_beam_span,800,10_oclock_level_3_beam,SPAN
fuse_port_thickness,200,NACA_Fuse,PORT_THICKNESS
fuse_port_thickness,200,Cyl_Flip_Out,DIAMETER
fuse_thickness,48,NACA_Fuse,THICKNESS
seat_1_fb,700,NACA_Fuse,SEAT_1_FB
v_wing_taper_offset,0,right_v_wing,TAPER_OFFSET
v_wing_taper_offset,0,left_v_wing,TAPER_OFFSET
rear_cyl_p_thick,50,rear_cylinder,PORT_THICKNESS
level_2_beam_span,1200,front_left_level_2_beam,SPAN
level_2_beam_span,1200,rear_left_level_2_beam,SPAN
level_2_beam_span,1200,front_right_level_2_beam,SPAN
level_2_beam_span,1200,rear_right_level_2_beam,SPAN
l_wing_angle,345,left_wing_cylinder,FRONT_ANGLE
fuse_chord,3200,NACA_Fuse,CHORD
v_wing_root_chord,400,right_v_wing,CHORD_1
v_wing_root_chord,400,left_v_wing,CHORD_1
top_l1_cyl_diam,200,top_level_1_cylinder,DIAMETER
UpFacingCW_Spin,1,8_oclock_prop,Direction
UpFacingCW_Spin,1,1_oclock_prop,Direction
UpFacingCW_Spin,1,2_oclock_prop,Direction
UpFacingCW_Spin,1,7_oclock_prop,Direction
UpFacingCW_Spin,1,rear_left_prop,Direction
UpFacingCW_Spin,1,front_right_prop,Direction
UpFacingCW_Spin,1,right_level_1_prop,Direction
UpFacingCW_Spin,1,left_level_1_prop,Direction
wing_cylinder_p_thick,10,right_wing_cylinder,PORT_THICKNESS
wing_cylinder_p_thick,10,left_wing_cylinder,PORT_THICKNESS
NACA,0012,right_h_wing,NACA_Profile
NACA,0012,left_v_wing,NACA_Profile
NACA,0012,right_v_wing,NACA_Profile
NACA,0012,left_h_wing,NACA_Profile
top_cyls_diam,200,rear_right_level_2_cylinder,DIAMETER
top_cyls_diam,200,5_oclock_level_3_cylinder,DIAMETER
top_cyls_diam,200,1_oclock_level_3_cylinder,DIAMETER
top_cyls_diam,200,left_level_1_cylinder,DIAMETER
top_cyls_diam,200,rear_left_level_3_cylinder,DIAMETER
top_cyls_diam,200,right_level_1_cylinder,DIAMETER
top_cyls_diam,200,rear_left_level_2_cylinder,DIAMETER
top_cyls_diam,200,top_level_2_cylinder,DIAMETER
top_cyls_diam,200,10_oclock_level_3_cylinder,DIAMETER
top_cyls_diam,200,11_oclock_level_3_cylinder,DIAMETER
top_cyls_diam,200,front_left_level_3_cylinder,DIAMETER
top_cyls_diam,200,front_right_level_2_cylinder,DIAMETER
top_cyls_diam,200,8_oclock_level_3_cylinder,DIAMETER
top_cyls_diam,200,rear_level_1_cylinder,DIAMETER
top_cyls_diam,200,2_oclock_level_3_cylinder,DIAMETER
top_cyls_diam,200,4_oclock_level_3_cylinder,DIAMETER
top_cyls_diam,200,7_oclock_level_3_cylinder,DIAMETER
top_cyls_diam,200,rear_right_level_3_cylinder,DIAMETER
top_cyls_diam,200,front_left_level_2_cylinder,DIAMETER
top_cyls_diam,200,front_level_1_cylinder,DIAMETER
top_cyls_diam,200,front_right_level_3_cylinder,DIAMETER
level_2_beam_thickness,150,front_right_level_2_beam,THICKNESS
level_2_beam_thickness,150,rear_left_level_2_beam,THICKNESS
level_2_beam_thickness,150,front_left_level_2_beam,THICKNESS
level_2_beam_thickness,150,rear_right_level_2_beam,THICKNESS
rear_cyl_diam,900,rear_cyl_battery,CHORD_1
rear_cyl_diam,900,rear_cylinder,DIAMETER
seat_lr,0,NACA_Fuse,SEAT_2_LR
seat_lr,0,NACA_Fuse,SEAT_1_LR
level_1_beam_thickness,150,left_level_1_beam,THICKNESS
level_1_beam_thickness,150,right_level_1_beam,THICKNESS
level_1_beam_thickness,150,rear_level_1_beam,THICKNESS
level_1_beam_thickness,150,front_level_1_beam,THICKNESS
r_wing_angle,15,right_wing_cylinder,FRONT_ANGLE
top_cyls_p_thick,150,left_level_1_cylinder,PORT_THICKNESS
top_cyls_p_thick,150,rear_left_level_2_cylinder,PORT_THICKNESS
top_cyls_p_thick,150,front_left_level_2_cylinder,PORT_THICKNESS
top_cyls_p_thick,150,rear_right_level_3_cylinder,PORT_THICKNESS
top_cyls_p_thick,150,2_oclock_level_3_cylinder,PORT_THICKNESS
top_cyls_p_thick,150,front_left_level_3_cylinder,PORT_THICKNESS
top_cyls_p_thick,150,10_oclock_level_3_cylinder,PORT_THICKNESS
top_cyls_p_thick,150,7_oclock_level_3_cylinder,PORT_THICKNESS
top_cyls_p_thick,150,rear_left_level_3_cylinder,PORT_THICKNESS
top_cyls_p_thick,150,8_oclock_level_3_cylinder,PORT_THICKNESS
top_cyls_p_thick,150,4_oclock_level_3_cylinder,PORT_THICKNESS
top_cyls_p_thick,150,rear_level_1_cylinder,PORT_THICKNESS
top_cyls_p_thick,150,5_oclock_level_3_cylinder,PORT_THICKNESS
top_cyls_p_thick,150,1_oclock_level_3_cylinder,PORT_THICKNESS
top_cyls_p_thick,150,front_right_level_3_cylinder,PORT_THICKNESS
top_cyls_p_thick,150,top_level_2_cylinder,PORT_THICKNESS
top_cyls_p_thick,150,11_oclock_level_3_cylinder,PORT_THICKNESS
top_cyls_p_thick,150,front_level_1_cylinder,PORT_THICKNESS
top_cyls_p_thick,150,right_level_1_cylinder,PORT_THICKNESS
top_cyls_p_thick,150,front_right_level_2_cylinder,PORT_THICKNESS
top_cyls_p_thick,150,rear_right_level_2_cylinder,PORT_THICKNESS
v_wing_load,1000,right_v_wing,LOAD
v_wing_load,1000,left_v_wing,LOAD
v_wing_tip_chord,100,right_v_wing,CHORD_2
v_wing_tip_chord,100,left_v_wing,CHORD_2
level_1_beam_chord,5,right_level_1_beam,CHORD
level_1_beam_chord,5,rear_level_1_beam,CHORD
level_1_beam_chord,5,left_level_1_beam,CHORD
level_1_beam_chord,5,front_level_1_beam,CHORD
UpFacingCW_PropType,1,7_oclock_prop,Prop_type
UpFacingCW_PropType,1,front_right_prop,Prop_type
UpFacingCW_PropType,1,rear_left_prop,Prop_type
UpFacingCW_PropType,1,right_level_1_prop,Prop_type
UpFacingCW_PropType,1,2_oclock_prop,Prop_type
UpFacingCW_PropType,1,left_level_1_prop,Prop_type
UpFacingCW_PropType,1,8_oclock_prop,Prop_type
UpFacingCW_PropType,1,1_oclock_prop,Prop_type
h_wing_taper_offset,1,left_h_wing,TAPER_OFFSET
h_wing_taper_offset,1,right_h_wing,TAPER_OFFSET
bot_beam_chord,500,bottom_beam_battery,CHORD_1
bot_beam_chord,500,Beam,CHORD
rotation_180,180,top_level_1_cylinder,FRONT_ANGLE
wing_cylinder_diam,60,left_wing_cylinder,DIAMETER
wing_cylinder_diam,60,right_wing_wing_cylinder,DIAMETER
wing_cylinder_diam,60,right_wing_cylinder,DIAMETER
wing_cylinder_diam,60,left_wing_wing_cylinder,DIAMETER
level_3_beam_thickness,150,11_oclock_level_3_beam,THICKNESS
level_3_beam_thickness,150,8_oclock_level_3_beam,THICKNESS
level_3_beam_thickness,150,2_oclock_level_3_beam,THICKNESS
level_3_beam_thickness,150,4_oclock_level_3_beam,THICKNESS
level_3_beam_thickness,150,7_oclock_level_3_beam,THICKNESS
level_3_beam_thickness,150,1_oclock_level_3_beam,THICKNESS
level_3_beam_thickness,150,10_oclock_level_3_beam,THICKNESS
level_3_beam_thickness,150,5_oclock_level_3_beam,THICKNESS
level_2_beam_chord,5,front_right_level_2_beam,CHORD
level_2_beam_chord,5,rear_left_level_2_beam,CHORD
level_2_beam_chord,5,rear_right_level_2_beam,CHORD
level_2_beam_chord,5,front_left_level_2_beam,CHORD
bot_cyl_diam,150,right_bot_cyl_battery,CHORD_1
bot_cyl_diam,150,right_bot_cylinder,DIAMETER
bot_cyl_diam,150,left_bot_cylinder,DIAMETER
bot_cyl_diam,150,left_bot_cyl_battery,CHORD_1
level_1_beam_span,811,rear_level_1_beam,SPAN
level_1_beam_span,811,left_level_1_beam,SPAN
level_1_beam_span,811,right_level_1_beam,SPAN
level_1_beam_span,811,front_level_1_beam,SPAN
bot_cyl_p_thick,50,right_bot_cylinder,PORT_THICKNESS
bot_cyl_p_thick,50,left_bot_cylinder,PORT_THICKNESS
bot_beam_thickness,150,bottom_beam_battery,THICKNESS
bot_beam_thickness,150,Beam,THICKNESS
seat_2_fb,1550,NACA_Fuse,SEAT_2_FB
