{
    "ABSTRACTION_LEVEL": 4,
    "DESCRIPTION": "",
    "NAME": "NewAxe_Cargo",
    "TOPOLOGY": {
        "BatteryController_instance_1": {
            "CONNECTIONS": {
                "Battery_instance_1": "ANY",
                "Battery_instance_2": "ANY",
                "Motor_instance_1": "ANY",
                "Motor_instance_2": "ANY",
                "Motor_instance_3": "ANY",
                "Motor_instance_4": "ANY"
            },
            "PARAMETERS": {}
        },
        "Battery_instance_1": {
            "CONNECTIONS": {
                "BatteryController_instance_1": "ANY",
                "Fuselage_instance_1": "BOTTOM-2"
            },
            "PARAMETERS": {}
        },
        "Battery_instance_2": {
            "CONNECTIONS": {
                "BatteryController_instance_1": "ANY",
                "Fuselage_instance_1": "BOTTOM-1"
            },
            "PARAMETERS": {}
        },
        "Cargo_str_instance_1": {
            "CONNECTIONS": {},
            "PARAMETERS": {}
        },
        "Fuselage_str_instance_1": {
            "CONNECTIONS": {},
            "PARAMETERS": {}
        },
        "Hub3_instance_1": {
            "CONNECTIONS": {
                "CargoCase_instance_1": "ANY",
                "Fuselage_instance_1": "TOP",
                "Orient": "ANY",
                "Tube_instance_1": "BOTTOM-SIDE1",
                "Tube_instance_16": "BOTTOM-SIDE3"
            },
            "PARAMETERS": {}
        },
        "Hub3_instance_2": {
            "CONNECTIONS": {
                "Tube_instance_13": "BOTTOM-SIDE1",
                "Tube_instance_3": "TOP-SIDE3",
                "Tube_instance_6": "BOTTOM-SIDE2",
                "Tube_instance_8": "TOP-CENTER"
            },
            "PARAMETERS": {}
        },
        "Hub3_instance_3": {
            "CONNECTIONS": {
                "Tube_instance_1": "TOP-SIDE2",
                "Tube_instance_14": "BOTTOM-SIDE3",
                "Tube_instance_3": "BOTTOM-SIDE1"
            },
            "PARAMETERS": {}
        },
        "Hub3_instance_4": {
            "CONNECTIONS": {
                "Tube_instance_16": "TOP-SIDE2",
                "Tube_instance_4": "BOTTOM-SIDE3",
                "Tube_instance_9": "BOTTOM-SIDE1"
            },
            "PARAMETERS": {}
        },
        "Hub3_instance_5": {
            "CONNECTIONS": {
                "Tube_instance_11": "BOTTOM-SIDE3",
                "Tube_instance_15": "TOP-CENTER",
                "Tube_instance_7": "BOTTOM-SIDE2",
                "Tube_instance_9": "TOP-SIDE1"
            },
            "PARAMETERS": {}
        },
        "Orient": {
            "CONNECTIONS": {
                "Hub3_instance_1": "ANY"
            },
            "PARAMETERS": {
                "Orient__Z_ANGLE": 90.0
            }
        },
        "Propeller_str_top_instance_1": {
            "CONNECTIONS": {},
            "PARAMETERS": {}
        },
        "Propeller_str_top_instance_2": {
            "CONNECTIONS": {},
            "PARAMETERS": {}
        },
        "Propeller_str_top_instance_3": {
            "CONNECTIONS": {},
            "PARAMETERS": {}
        },
        "Propeller_str_top_instance_4": {
            "CONNECTIONS": {},
            "PARAMETERS": {}
        },
        "Tube_instance_1": {
            "CONNECTIONS": {
                "Hub3_instance_1": "SIDE1-BOTTOM",
                "Hub3_instance_3": "SIDE2-TOP"
            },
            "PARAMETERS": {
                "Tube__END_ROT": 0.0,
                "Tube__Length": 140.0,
                "Tube__Offset1": 0.0
            }
        },
        "Tube_instance_10": {
            "CONNECTIONS": {
                "Flange_instance_2": "BOTTOM-BOTTOM"
            },
            "PARAMETERS": {
                "Tube__END_ROT": 0.0,
                "Tube__Length": 150.1524,
                "Tube__Offset1": 0.0
            }
        },
        "Tube_instance_11": {
            "CONNECTIONS": {
                "Hub3_instance_5": "SIDE3-BOTTOM"
            },
            "PARAMETERS": {
                "Tube__END_ROT": 0.0,
                "Tube__Length": 150.0,
                "Tube__Offset1": 0.0
            }
        },
        "Tube_instance_12": {
            "CONNECTIONS": {
                "Flange_instance_4": "BOTTOM-SIDE",
                "Wing_instance_5": "BOTTOM"
            },
            "PARAMETERS": {
                "Tube__END_ROT": 0.0,
                "Tube__Length": 52.0,
                "Tube__Offset1": 0.0
            }
        },
        "Tube_instance_13": {
            "CONNECTIONS": {
                "Hub3_instance_2": "SIDE1-BOTTOM"
            },
            "PARAMETERS": {
                "Tube__END_ROT": 0.0,
                "Tube__Length": 150.0,
                "Tube__Offset1": 0.0
            }
        },
        "Tube_instance_14": {
            "CONNECTIONS": {
                "Flange_instance_4": "TOP-BOTTOM",
                "Hub3_instance_3": "SIDE3-BOTTOM"
            },
            "PARAMETERS": {
                "Tube__END_ROT": 90.0,
                "Tube__Length": 335.0,
                "Tube__Offset1": 0.0
            }
        },
        "Tube_instance_15": {
            "CONNECTIONS": {
                "Hub3_instance_5": "CENTER-TOP",
                "Wing_instance_4": "BOTTOM"
            },
            "PARAMETERS": {
                "Tube__END_ROT": 0.0,
                "Tube__Length": 41.0,
                "Tube__Offset1": 0.0
            }
        },
        "Tube_instance_16": {
            "CONNECTIONS": {
                "Hub3_instance_1": "SIDE3-BOTTOM",
                "Hub3_instance_4": "SIDE2-TOP"
            },
            "PARAMETERS": {
                "Tube__END_ROT": 180.0,
                "Tube__Length": 140.0,
                "Tube__Offset1": 0.0
            }
        },
        "Tube_instance_2": {
            "CONNECTIONS": {
                "Flange_instance_3": "BOTTOM-BOTTOM"
            },
            "PARAMETERS": {
                "Tube__END_ROT": 0.0,
                "Tube__Length": 150.1524,
                "Tube__Offset1": 0.0
            }
        },
        "Tube_instance_3": {
            "CONNECTIONS": {
                "Hub3_instance_2": "SIDE3-TOP",
                "Hub3_instance_3": "SIDE1-BOTTOM"
            },
            "PARAMETERS": {
                "Tube__END_ROT": 90.0,
                "Tube__Length": 220.0,
                "Tube__Offset1": 0.0
            }
        },
        "Tube_instance_4": {
            "CONNECTIONS": {
                "Flange_instance_1": "TOP-BOTTOM",
                "Hub3_instance_4": "SIDE3-BOTTOM"
            },
            "PARAMETERS": {
                "Tube__END_ROT": 270.0,
                "Tube__Length": 335.0,
                "Tube__Offset1": 0.0
            }
        },
        "Tube_instance_5": {
            "CONNECTIONS": {
                "Flange_instance_1": "BOTTOM-SIDE",
                "Wing_instance_2": "BOTTOM"
            },
            "PARAMETERS": {
                "Tube__END_ROT": 0.0,
                "Tube__Length": 52.0,
                "Tube__Offset1": 0.0
            }
        },
        "Tube_instance_6": {
            "CONNECTIONS": {
                "Flange_instance_3": "TOP-SIDE",
                "Hub3_instance_2": "SIDE2-BOTTOM",
                "Wing_instance_6": "MID-TOP"
            },
            "PARAMETERS": {
                "Tube__END_ROT": 270.0,
                "Tube__Length": 150.0,
                "Tube__Offset1": 90.0
            }
        },
        "Tube_instance_7": {
            "CONNECTIONS": {
                "Flange_instance_2": "TOP-SIDE",
                "Hub3_instance_5": "SIDE2-BOTTOM",
                "Wing_instance_3": "MID-TOP"
            },
            "PARAMETERS": {
                "Tube__END_ROT": 90.0,
                "Tube__Length": 150.0,
                "Tube__Offset1": 90.0
            }
        },
        "Tube_instance_8": {
            "CONNECTIONS": {
                "Hub3_instance_2": "CENTER-TOP",
                "Wing_instance_1": "BOTTOM"
            },
            "PARAMETERS": {
                "Tube__END_ROT": 0.0,
                "Tube__Length": 41.0,
                "Tube__Offset1": 0.0
            }
        },
        "Tube_instance_9": {
            "CONNECTIONS": {
                "Hub3_instance_4": "SIDE1-BOTTOM",
                "Hub3_instance_5": "SIDE1-TOP"
            },
            "PARAMETERS": {
                "Tube__END_ROT": 90.0,
                "Tube__Length": 220.0,
                "Tube__Offset1": 0.0
            }
        },
        "Wing_instance_1": {
            "CONNECTIONS": {
                "Tube_instance_8": "TOP"
            },
            "PARAMETERS": {
                "Wing__CHORD_1": 100.0,
                "Wing__CHORD_2": 100.0,
                "Wing__CONTROL_CHANNEL": 9.0,
                "Wing__LOAD": 15.0,
                "Wing__SPAN": 140.0,
                "Wing__TUBE_OFFSET": 50.0,
                "Wing__TUBE_ROTATION": 0.0
            }
        },
        "Wing_instance_2": {
            "CONNECTIONS": {
                "Tube_instance_5": "TOP"
            },
            "PARAMETERS": {
                "Wing__CHORD_1": 150.0,
                "Wing__CHORD_2": 150.0,
                "Wing__CONTROL_CHANNEL": 5.0,
                "Wing__LOAD": 15.0,
                "Wing__SPAN": 450.0,
                "Wing__TUBE_OFFSET": 289.68,
                "Wing__TUBE_ROTATION": 180.0
            }
        },
        "Wing_instance_3": {
            "CONNECTIONS": {
                "Tube_instance_7": "MID-BOTTOM"
            },
            "PARAMETERS": {
                "Wing__CHORD_1": 180.0,
                "Wing__CHORD_2": 180.0,
                "Wing__CONTROL_CHANNEL": 8.0,
                "Wing__LOAD": 15.0,
                "Wing__SPAN": 609.0,
                "Wing__TUBE_OFFSET": 448.68,
                "Wing__TUBE_ROTATION": 270.0
            }
        },
        "Wing_instance_4": {
            "CONNECTIONS": {
                "Tube_instance_15": "TOP"
            },
            "PARAMETERS": {
                "Wing__CHORD_1": 100.0,
                "Wing__CHORD_2": 100.0,
                "Wing__CONTROL_CHANNEL": 10.0,
                "Wing__LOAD": 15.0,
                "Wing__SPAN": 140.0,
                "Wing__TUBE_OFFSET": 90.0,
                "Wing__TUBE_ROTATION": 180.0
            }
        },
        "Wing_instance_5": {
            "CONNECTIONS": {
                "Tube_instance_12": "TOP"
            },
            "PARAMETERS": {
                "Wing__CHORD_1": 150.0,
                "Wing__CHORD_2": 150.0,
                "Wing__CONTROL_CHANNEL": 6.0,
                "Wing__LOAD": 15.0,
                "Wing__SPAN": 450.0,
                "Wing__TUBE_OFFSET": 160.32,
                "Wing__TUBE_ROTATION": 180.0
            }
        },
        "Wing_instance_6": {
            "CONNECTIONS": {
                "Tube_instance_6": "MID-BOTTOM"
            },
            "PARAMETERS": {
                "Wing__CHORD_1": 180.0,
                "Wing__CHORD_2": 180.0,
                "Wing__CONTROL_CHANNEL": 7.0,
                "Wing__LOAD": 15.0,
                "Wing__SPAN": 609.0,
                "Wing__TUBE_OFFSET": 160.32,
                "Wing__TUBE_ROTATION": 90.0
            }
        }
    }
}