{
  "extra": {
    "generator_version": "2022-05-23"
  },
  "name": "design_91_460d2c7c_47b0_4680_b3ca_cd854c524869",
  "parameters": [
    {
      "parameter_name": "WingWithBatteryMain_13_VOLUME_PERCENT",
      "value": "65.17098886502498",
      "component_properties": [
        {
          "component_name": "Battery_63_1",
          "component_property": "VOLUME_PERCENT"
        },
        {
          "component_name": "Battery_64_1",
          "component_property": "VOLUME_PERCENT"
        }
      ]
    },
    {
      "parameter_name": "WingWithBatteryMain_13_SPAN",
      "value": "5880.449368496143",
      "component_properties": [
        {
          "component_name": "Wing_32_1",
          "component_property": "SPAN"
        },
        {
          "component_name": "Battery_63_1",
          "component_property": "SPAN"
        },
        {
          "component_name": "Wing_32_2",
          "component_property": "SPAN"
        },
        {
          "component_name": "Battery_64_1",
          "component_property": "SPAN"
        }
      ]
    },
    {
      "parameter_name": "WingWithBatteryMain_13_AILERON_BIAS",
      "value": "0.6485998590532535",
      "component_properties": [
        {
          "component_name": "Wing_32_1",
          "component_property": "AILERON_BIAS"
        },
        {
          "component_name": "Wing_32_2",
          "component_property": "AILERON_BIAS"
        }
      ]
    },
    {
      "parameter_name": "FuselageDualSeat_19_LENGTH",
      "value": "2000.0",
      "component_properties": [
        {
          "component_name": "FuselageDualSeat_19_1",
          "component_property": "LENGTH"
        }
      ]
    },
    {
      "parameter_name": "FuselageDualSeat_19_SEAT_2_LR",
      "value": "210.0",
      "component_properties": [
        {
          "component_name": "FuselageDualSeat_19_1",
          "component_property": "SEAT_2_LR"
        }
      ]
    },
    {
      "parameter_name": "NACA_0021_THICKNESS",
      "value": "21",
      "component_properties": [
        {
          "component_name": "Wing_32_1",
          "component_property": "THICKNESS"
        },
        {
          "component_name": "Battery_63_1",
          "component_property": "THICKNESS"
        },
        {
          "component_name": "Wing_32_2",
          "component_property": "THICKNESS"
        },
        {
          "component_name": "Battery_64_1",
          "component_property": "THICKNESS"
        }
      ]
    },
    {
      "parameter_name": "GLOBAL_VOLTAGE",
      "value": "802.9000000000001",
      "component_properties": [
        {
          "component_name": "Battery_63_1",
          "component_property": "VOLTAGE_REQUEST"
        },
        {
          "component_name": "Battery_64_1",
          "component_property": "VOLTAGE_REQUEST"
        }
      ]
    },
    {
      "parameter_name": "PosPropDir",
      "value": "1",
      "component_properties": [
        {
          "component_name": "Propeller_1",
          "component_property": "Direction"
        },
        {
          "component_name": "Propeller_3",
          "component_property": "Direction"
        },
        {
          "component_name": "Propeller_5",
          "component_property": "Direction"
        },
        {
          "component_name": "Propeller_7",
          "component_property": "Direction"
        },
        {
          "component_name": "Propeller_8",
          "component_property": "Direction"
        },
        {
          "component_name": "Propeller_10",
          "component_property": "Direction"
        },
        {
          "component_name": "Propeller_12",
          "component_property": "Direction"
        }
      ]
    },
    {
      "parameter_name": "FrontBackPropArmMulti_27_PROP_SEGMENT_LENGTH",
      "value": "609.123317950734",
      "component_properties": [
        {
          "component_name": "StraightArm_81_1",
          "component_property": "LENGTH"
        },
        {
          "component_name": "StraightArm_81_2",
          "component_property": "LENGTH"
        },
        {
          "component_name": "StraightArm_81_3",
          "component_property": "LENGTH"
        },
        {
          "component_name": "StraightArm_81_4",
          "component_property": "LENGTH"
        }
      ]
    },
    {
      "parameter_name": "FrontBackPropArmMulti_27_PROP_OFFSET",
      "value": "1072.442001749029",
      "component_properties": [
        {
          "component_name": "StraightArm_81_1",
          "component_property": "TOP_CONN_DISP"
        },
        {
          "component_name": "StraightArm_81_1",
          "component_property": "BOTTOM_CONN_DISP"
        },
        {
          "component_name": "StraightArm_81_1",
          "component_property": "LEFT_CONN_DISP"
        },
        {
          "component_name": "StraightArm_81_1",
          "component_property": "RIGHT_CONN_DISP"
        },
        {
          "component_name": "StraightArm_81_2",
          "component_property": "TOP_CONN_DISP"
        },
        {
          "component_name": "StraightArm_81_2",
          "component_property": "BOTTOM_CONN_DISP"
        },
        {
          "component_name": "StraightArm_81_2",
          "component_property": "LEFT_CONN_DISP"
        },
        {
          "component_name": "StraightArm_81_2",
          "component_property": "RIGHT_CONN_DISP"
        },
        {
          "component_name": "StraightArm_81_3",
          "component_property": "TOP_CONN_DISP"
        },
        {
          "component_name": "StraightArm_81_3",
          "component_property": "BOTTOM_CONN_DISP"
        },
        {
          "component_name": "StraightArm_81_3",
          "component_property": "LEFT_CONN_DISP"
        },
        {
          "component_name": "StraightArm_81_3",
          "component_property": "RIGHT_CONN_DISP"
        },
        {
          "component_name": "StraightArm_81_4",
          "component_property": "TOP_CONN_DISP"
        },
        {
          "component_name": "StraightArm_81_4",
          "component_property": "BOTTOM_CONN_DISP"
        },
        {
          "component_name": "StraightArm_81_4",
          "component_property": "LEFT_CONN_DISP"
        },
        {
          "component_name": "StraightArm_81_4",
          "component_property": "RIGHT_CONN_DISP"
        }
      ]
    },
    {
      "parameter_name": "ControlChannelAuto",
      "value": "-1",
      "component_properties": [
        {
          "component_name": "Motor_1",
          "component_property": "CONTROL_CHANNEL"
        },
        {
          "component_name": "Motor_3",
          "component_property": "CONTROL_CHANNEL"
        },
        {
          "component_name": "Motor_2",
          "component_property": "CONTROL_CHANNEL"
        },
        {
          "component_name": "Motor_4",
          "component_property": "CONTROL_CHANNEL"
        },
        {
          "component_name": "Motor_5",
          "component_property": "CONTROL_CHANNEL"
        },
        {
          "component_name": "Motor_6",
          "component_property": "CONTROL_CHANNEL"
        },
        {
          "component_name": "Motor_7",
          "component_property": "CONTROL_CHANNEL"
        },
        {
          "component_name": "Motor_9",
          "component_property": "CONTROL_CHANNEL"
        },
        {
          "component_name": "Motor_8",
          "component_property": "CONTROL_CHANNEL"
        },
        {
          "component_name": "Motor_10",
          "component_property": "CONTROL_CHANNEL"
        },
        {
          "component_name": "Motor_11",
          "component_property": "CONTROL_CHANNEL"
        },
        {
          "component_name": "Motor_12",
          "component_property": "CONTROL_CHANNEL"
        },
        {
          "component_name": "Motor_13",
          "component_property": "CONTROL_CHANNEL"
        }
      ]
    },
    {
      "parameter_name": "NegPropType",
      "value": "-1",
      "component_properties": [
        {
          "component_name": "Propeller_9",
          "component_property": "Prop_type"
        },
        {
          "component_name": "Propeller_8",
          "component_property": "Prop_type"
        },
        {
          "component_name": "Propeller_10",
          "component_property": "Prop_type"
        },
        {
          "component_name": "Propeller_11",
          "component_property": "Prop_type"
        },
        {
          "component_name": "Propeller_12",
          "component_property": "Prop_type"
        },
        {
          "component_name": "Propeller_13",
          "component_property": "Prop_type"
        }
      ]
    },
    {
      "parameter_name": "WingWithBatteryMain_13_TAPER_OFFSET",
      "value": "0",
      "component_properties": [
        {
          "component_name": "Wing_32_1",
          "component_property": "TAPER_OFFSET"
        },
        {
          "component_name": "Battery_63_1",
          "component_property": "TAPER_OFFSET"
        },
        {
          "component_name": "Wing_32_2",
          "component_property": "TAPER_OFFSET"
        },
        {
          "component_name": "Battery_64_1",
          "component_property": "TAPER_OFFSET"
        }
      ]
    },
    {
      "parameter_name": "PosPropType",
      "value": "1",
      "component_properties": [
        {
          "component_name": "Propeller_1",
          "component_property": "Prop_type"
        },
        {
          "component_name": "Propeller_3",
          "component_property": "Prop_type"
        },
        {
          "component_name": "Propeller_2",
          "component_property": "Prop_type"
        },
        {
          "component_name": "Propeller_4",
          "component_property": "Prop_type"
        },
        {
          "component_name": "Propeller_5",
          "component_property": "Prop_type"
        },
        {
          "component_name": "Propeller_6",
          "component_property": "Prop_type"
        },
        {
          "component_name": "Propeller_7",
          "component_property": "Prop_type"
        }
      ]
    },
    {
      "parameter_name": "FuselageDualSeat_19_SEAT_2_FB",
      "value": "790.0",
      "component_properties": [
        {
          "component_name": "FuselageDualSeat_19_1",
          "component_property": "SEAT_2_FB"
        }
      ]
    },
    {
      "parameter_name": "WingWithBatteryMain_13_CHORD_OUTER",
      "value": "725.3697216178849",
      "component_properties": [
        {
          "component_name": "Wing_32_1",
          "component_property": "CHORD_2"
        },
        {
          "component_name": "Battery_63_1",
          "component_property": "CHORD_2"
        },
        {
          "component_name": "Wing_32_2",
          "component_property": "CHORD_1"
        },
        {
          "component_name": "Battery_64_1",
          "component_property": "CHORD_1"
        }
      ]
    },
    {
      "parameter_name": "RightMountSide",
      "value": "2",
      "component_properties": [
        {
          "component_name": "Battery_64_1",
          "component_property": "MOUNT_SIDE"
        }
      ]
    },
    {
      "parameter_name": "NegPropDir",
      "value": "-1",
      "component_properties": [
        {
          "component_name": "Propeller_2",
          "component_property": "Direction"
        },
        {
          "component_name": "Propeller_4",
          "component_property": "Direction"
        },
        {
          "component_name": "Propeller_6",
          "component_property": "Direction"
        },
        {
          "component_name": "Propeller_9",
          "component_property": "Direction"
        },
        {
          "component_name": "Propeller_11",
          "component_property": "Direction"
        },
        {
          "component_name": "Propeller_13",
          "component_property": "Direction"
        }
      ]
    },
    {
      "parameter_name": "FuselageDualSeat_19_FLOOR_HEIGHT",
      "value": "150.0",
      "component_properties": [
        {
          "component_name": "FuselageDualSeat_19_1",
          "component_property": "FLOOR_HEIGHT"
        }
      ]
    },
    {
      "parameter_name": "FuselageDualSeat_19_SEAT_1_FB",
      "value": "790.0",
      "component_properties": [
        {
          "component_name": "FuselageDualSeat_19_1",
          "component_property": "SEAT_1_FB"
        }
      ]
    },
    {
      "parameter_name": "WingWithBatteryMain_13_FLAP_BIAS",
      "value": "0.47923002410352533",
      "component_properties": [
        {
          "component_name": "Wing_32_1",
          "component_property": "FLAP_BIAS"
        },
        {
          "component_name": "Wing_32_2",
          "component_property": "FLAP_BIAS"
        }
      ]
    },
    {
      "parameter_name": "WingWithBatteryMain_13_CHORD_INNER",
      "value": "2440.914068084168",
      "component_properties": [
        {
          "component_name": "Wing_32_1",
          "component_property": "CHORD_1"
        },
        {
          "component_name": "Battery_63_1",
          "component_property": "CHORD_1"
        },
        {
          "component_name": "Wing_32_2",
          "component_property": "CHORD_2"
        },
        {
          "component_name": "Battery_64_1",
          "component_property": "CHORD_2"
        }
      ]
    },
    {
      "parameter_name": "SideMountedPropArmSegment_27_LENGTH",
      "value": "1175.8387469081717",
      "component_properties": [
        {
          "component_name": "StraightArm_80_1",
          "component_property": "LENGTH"
        },
        {
          "component_name": "StraightArm_80_2",
          "component_property": "LENGTH"
        }
      ]
    },
    {
      "parameter_name": "WingWithBatteryMain_13_LOAD",
      "value": "556.3880511384739",
      "component_properties": [
        {
          "component_name": "Wing_32_1",
          "component_property": "LOAD"
        },
        {
          "component_name": "Wing_32_2",
          "component_property": "LOAD"
        }
      ]
    },
    {
      "parameter_name": "FuselageDualSeat_19_MIDDLE_LENGTH",
      "value": "275.0",
      "component_properties": [
        {
          "component_name": "FuselageDualSeat_19_1",
          "component_property": "MIDDLE_LENGTH"
        }
      ]
    },
    {
      "parameter_name": "SideMountedPropArmSegment_27_OFFSET",
      "value": "1047.6035087026023",
      "component_properties": [
        {
          "component_name": "StraightArm_80_1",
          "component_property": "TOP_CONN_DISP"
        },
        {
          "component_name": "StraightArm_80_1",
          "component_property": "BOTTOM_CONN_DISP"
        },
        {
          "component_name": "StraightArm_80_1",
          "component_property": "LEFT_CONN_DISP"
        },
        {
          "component_name": "StraightArm_80_1",
          "component_property": "RIGHT_CONN_DISP"
        },
        {
          "component_name": "StraightArm_80_2",
          "component_property": "TOP_CONN_DISP"
        },
        {
          "component_name": "StraightArm_80_2",
          "component_property": "BOTTOM_CONN_DISP"
        },
        {
          "component_name": "StraightArm_80_2",
          "component_property": "LEFT_CONN_DISP"
        },
        {
          "component_name": "StraightArm_80_2",
          "component_property": "RIGHT_CONN_DISP"
        }
      ]
    },
    {
      "parameter_name": "Wing_32_NACA_Profile",
      "value": "0021",
      "component_properties": [
        {
          "component_name": "Wing_32_1",
          "component_property": "NACA_Profile"
        },
        {
          "component_name": "Wing_32_2",
          "component_property": "NACA_Profile"
        }
      ]
    },
    {
      "parameter_name": "OrientAngle",
      "value": "0.0",
      "component_properties": [
        {
          "component_name": "Orient",
          "component_property": "Z_ANGLE"
        }
      ]
    },
    {
      "parameter_name": "FuselageDualSeat_19_SEAT_1_LR",
      "value": "-210.0",
      "component_properties": [
        {
          "component_name": "FuselageDualSeat_19_1",
          "component_property": "SEAT_1_LR"
        }
      ]
    },
    {
      "parameter_name": "LeftMountSide",
      "value": "1",
      "component_properties": [
        {
          "component_name": "Battery_63_1",
          "component_property": "MOUNT_SIDE"
        }
      ]
    },
    {
      "parameter_name": "FuselageDualSeat_19_SPHERE_DIAMETER",
      "value": "1520.0",
      "component_properties": [
        {
          "component_name": "FuselageDualSeat_19_1",
          "component_property": "SPHERE_DIAMETER"
        }
      ]
    },
    {
      "parameter_name": "FuselageDualSeat_19_TAIL_DIAMETER",
      "value": "300.0",
      "component_properties": [
        {
          "component_name": "FuselageDualSeat_19_1",
          "component_property": "TAIL_DIAMETER"
        }
      ]
    }
  ],
  "components": [
    {
      "component_instance": "BatteryController_19_1",
      "component_type": "BatteryController",
      "component_choice": "BatteryController"
    },
    {
      "component_instance": "Battery_63_1",
      "component_type": "Battery",
      "component_choice": "VitalyBeta"
    },
    {
      "component_instance": "Battery_64_1",
      "component_type": "Battery",
      "component_choice": "VitalyBeta"
    },
    {
      "component_instance": "FuselageDualSeat_19_1",
      "component_type": "Fuselage",
      "component_choice": "FUSE_SPHERE_CYL_CONE"
    },
    {
      "component_instance": "Motor_1",
      "component_type": "Motor",
      "component_choice": "Emrax348MV"
    },
    {
      "component_instance": "Motor_10",
      "component_type": "Motor",
      "component_choice": "Emrax348MV"
    },
    {
      "component_instance": "Motor_11",
      "component_type": "Motor",
      "component_choice": "Emrax348MV"
    },
    {
      "component_instance": "Motor_12",
      "component_type": "Motor",
      "component_choice": "Emrax348MV"
    },
    {
      "component_instance": "Motor_13",
      "component_type": "Motor",
      "component_choice": "Emrax348MV"
    },
    {
      "component_instance": "Motor_2",
      "component_type": "Motor",
      "component_choice": "Emrax348MV"
    },
    {
      "component_instance": "Motor_3",
      "component_type": "Motor",
      "component_choice": "Emrax348MV"
    },
    {
      "component_instance": "Motor_4",
      "component_type": "Motor",
      "component_choice": "Emrax348MV"
    },
    {
      "component_instance": "Motor_5",
      "component_type": "Motor",
      "component_choice": "Emrax348MV"
    },
    {
      "component_instance": "Motor_6",
      "component_type": "Motor",
      "component_choice": "Emrax348MV"
    },
    {
      "component_instance": "Motor_7",
      "component_type": "Motor",
      "component_choice": "Emrax348MV"
    },
    {
      "component_instance": "Motor_8",
      "component_type": "Motor",
      "component_choice": "Emrax348MV"
    },
    {
      "component_instance": "Motor_9",
      "component_type": "Motor",
      "component_choice": "Emrax348MV"
    },
    {
      "component_instance": "Orient",
      "component_type": "Orient",
      "component_choice": "Orient"
    },
    {
      "component_instance": "Passenger_1",
      "component_type": "Passenger",
      "component_choice": "Passenger"
    },
    {
      "component_instance": "Passenger_2",
      "component_type": "Passenger",
      "component_choice": "Passenger"
    },
    {
      "component_instance": "Propeller_1",
      "component_type": "Propeller",
      "component_choice": "62x9_4_2200_51_1290"
    },
    {
      "component_instance": "Propeller_10",
      "component_type": "Propeller",
      "component_choice": "62x9_4_2200_51_1290"
    },
    {
      "component_instance": "Propeller_11",
      "component_type": "Propeller",
      "component_choice": "62x9_4_2200_51_1290"
    },
    {
      "component_instance": "Propeller_12",
      "component_type": "Propeller",
      "component_choice": "62x9_4_2200_51_1290"
    },
    {
      "component_instance": "Propeller_13",
      "component_type": "Propeller",
      "component_choice": "62x9_4_2200_51_1290"
    },
    {
      "component_instance": "Propeller_2",
      "component_type": "Propeller",
      "component_choice": "62x9_4_2200_51_1290"
    },
    {
      "component_instance": "Propeller_3",
      "component_type": "Propeller",
      "component_choice": "62x9_4_2200_51_1290"
    },
    {
      "component_instance": "Propeller_4",
      "component_type": "Propeller",
      "component_choice": "62x9_4_2200_51_1290"
    },
    {
      "component_instance": "Propeller_5",
      "component_type": "Propeller",
      "component_choice": "62x9_4_2200_51_1290"
    },
    {
      "component_instance": "Propeller_6",
      "component_type": "Propeller",
      "component_choice": "62x9_4_2200_51_1290"
    },
    {
      "component_instance": "Propeller_7",
      "component_type": "Propeller",
      "component_choice": "62x9_4_2200_51_1290"
    },
    {
      "component_instance": "Propeller_8",
      "component_type": "Propeller",
      "component_choice": "62x9_4_2200_51_1290"
    },
    {
      "component_instance": "Propeller_9",
      "component_type": "Propeller",
      "component_choice": "62x9_4_2200_51_1290"
    },
    {
      "component_instance": "StraightArm_80_1",
      "component_type": "Cylinder",
      "component_choice": "PORTED_CYL"
    },
    {
      "component_instance": "StraightArm_80_2",
      "component_type": "Cylinder",
      "component_choice": "PORTED_CYL"
    },
    {
      "component_instance": "StraightArm_81_1",
      "component_type": "Cylinder",
      "component_choice": "PORTED_CYL"
    },
    {
      "component_instance": "StraightArm_81_2",
      "component_type": "Cylinder",
      "component_choice": "PORTED_CYL"
    },
    {
      "component_instance": "StraightArm_81_3",
      "component_type": "Cylinder",
      "component_choice": "PORTED_CYL"
    },
    {
      "component_instance": "StraightArm_81_4",
      "component_type": "Cylinder",
      "component_choice": "PORTED_CYL"
    },
    {
      "component_instance": "Wing_32_1",
      "component_type": "Wing",
      "component_choice": "naca_wing"
    },
    {
      "component_instance": "Wing_32_2",
      "component_type": "Wing",
      "component_choice": "naca_wing"
    }
  ],
  "connections": [
    {
      "from_ci": "BatteryController_19_1",
      "from_conn": "MotorPower",
      "to_ci": "Motor_9",
      "to_conn": "MotorPower"
    },
    {
      "from_ci": "BatteryController_19_1",
      "from_conn": "MotorPower",
      "to_ci": "Motor_7",
      "to_conn": "MotorPower"
    },
    {
      "from_ci": "BatteryController_19_1",
      "from_conn": "MotorPower",
      "to_ci": "Motor_6",
      "to_conn": "MotorPower"
    },
    {
      "from_ci": "BatteryController_19_1",
      "from_conn": "MotorPower",
      "to_ci": "Motor_5",
      "to_conn": "MotorPower"
    },
    {
      "from_ci": "BatteryController_19_1",
      "from_conn": "MotorPower",
      "to_ci": "Motor_2",
      "to_conn": "MotorPower"
    },
    {
      "from_ci": "BatteryController_19_1",
      "from_conn": "MotorPower",
      "to_ci": "Motor_12",
      "to_conn": "MotorPower"
    },
    {
      "from_ci": "BatteryController_19_1",
      "from_conn": "MotorPower",
      "to_ci": "Motor_8",
      "to_conn": "MotorPower"
    },
    {
      "from_ci": "BatteryController_19_1",
      "from_conn": "MotorPower",
      "to_ci": "Motor_1",
      "to_conn": "MotorPower"
    },
    {
      "from_ci": "BatteryController_19_1",
      "from_conn": "MotorPower",
      "to_ci": "Motor_3",
      "to_conn": "MotorPower"
    },
    {
      "from_ci": "BatteryController_19_1",
      "from_conn": "MotorPower",
      "to_ci": "Motor_13",
      "to_conn": "MotorPower"
    },
    {
      "from_ci": "BatteryController_19_1",
      "from_conn": "BatteryPower",
      "to_ci": "Battery_64_1",
      "to_conn": "PowerBus"
    },
    {
      "from_ci": "BatteryController_19_1",
      "from_conn": "MotorPower",
      "to_ci": "Motor_11",
      "to_conn": "MotorPower"
    },
    {
      "from_ci": "BatteryController_19_1",
      "from_conn": "MotorPower",
      "to_ci": "Motor_4",
      "to_conn": "MotorPower"
    },
    {
      "from_ci": "BatteryController_19_1",
      "from_conn": "BatteryPower",
      "to_ci": "Battery_63_1",
      "to_conn": "PowerBus"
    },
    {
      "from_ci": "BatteryController_19_1",
      "from_conn": "MotorPower",
      "to_ci": "Motor_10",
      "to_conn": "MotorPower"
    },
    {
      "from_ci": "FuselageDualSeat_19_1",
      "from_conn": "SEAT_2_CONNECTOR",
      "to_ci": "Passenger_2",
      "to_conn": "Connector"
    },
    {
      "from_ci": "FuselageDualSeat_19_1",
      "from_conn": "SEAT_1_CONNECTOR",
      "to_ci": "Passenger_1",
      "to_conn": "Connector"
    },
    {
      "from_ci": "FuselageDualSeat_19_1",
      "from_conn": "RIGHT_CONNECTOR",
      "to_ci": "Wing_32_2",
      "to_conn": "Connector_2"
    },
    {
      "from_ci": "FuselageDualSeat_19_1",
      "from_conn": "LEFT_CONNECTOR",
      "to_ci": "Wing_32_1",
      "to_conn": "Connector_1"
    },
    {
      "from_ci": "FuselageDualSeat_19_1",
      "from_conn": "TOP_CONNECTOR",
      "to_ci": "Motor_1",
      "to_conn": "Base_Connector"
    },
    {
      "from_ci": "Motor_1",
      "from_conn": "Prop_Connector",
      "to_ci": "Propeller_1",
      "to_conn": "MOTOR_CONNECTOR_CS_IN"
    },
    {
      "from_ci": "Motor_10",
      "from_conn": "Prop_Connector",
      "to_ci": "Propeller_10",
      "to_conn": "MOTOR_CONNECTOR_CS_IN"
    },
    {
      "from_ci": "Motor_11",
      "from_conn": "Prop_Connector",
      "to_ci": "Propeller_11",
      "to_conn": "MOTOR_CONNECTOR_CS_IN"
    },
    {
      "from_ci": "Motor_12",
      "from_conn": "Prop_Connector",
      "to_ci": "Propeller_12",
      "to_conn": "MOTOR_CONNECTOR_CS_IN"
    },
    {
      "from_ci": "Motor_13",
      "from_conn": "Prop_Connector",
      "to_ci": "Propeller_13",
      "to_conn": "MOTOR_CONNECTOR_CS_IN"
    },
    {
      "from_ci": "Motor_2",
      "from_conn": "Prop_Connector",
      "to_ci": "Propeller_2",
      "to_conn": "MOTOR_CONNECTOR_CS_IN"
    },
    {
      "from_ci": "Motor_3",
      "from_conn": "Prop_Connector",
      "to_ci": "Propeller_3",
      "to_conn": "MOTOR_CONNECTOR_CS_IN"
    },
    {
      "from_ci": "Motor_4",
      "from_conn": "Prop_Connector",
      "to_ci": "Propeller_4",
      "to_conn": "MOTOR_CONNECTOR_CS_IN"
    },
    {
      "from_ci": "Motor_5",
      "from_conn": "Prop_Connector",
      "to_ci": "Propeller_5",
      "to_conn": "MOTOR_CONNECTOR_CS_IN"
    },
    {
      "from_ci": "Motor_6",
      "from_conn": "Prop_Connector",
      "to_ci": "Propeller_6",
      "to_conn": "MOTOR_CONNECTOR_CS_IN"
    },
    {
      "from_ci": "Motor_7",
      "from_conn": "Prop_Connector",
      "to_ci": "Propeller_7",
      "to_conn": "MOTOR_CONNECTOR_CS_IN"
    },
    {
      "from_ci": "Motor_8",
      "from_conn": "Prop_Connector",
      "to_ci": "Propeller_8",
      "to_conn": "MOTOR_CONNECTOR_CS_IN"
    },
    {
      "from_ci": "Motor_9",
      "from_conn": "Prop_Connector",
      "to_ci": "Propeller_9",
      "to_conn": "MOTOR_CONNECTOR_CS_IN"
    },
    {
      "from_ci": "Orient",
      "from_conn": "ORIENTCONN",
      "to_ci": "FuselageDualSeat_19_1",
      "to_conn": "ORIENT"
    },
    {
      "from_ci": "StraightArm_80_1",
      "from_conn": "FRONT_CONNECTOR",
      "to_ci": "StraightArm_81_1",
      "to_conn": "FRONT_CONNECTOR"
    },
    {
      "from_ci": "StraightArm_80_1",
      "from_conn": "TOP_CONNECTOR",
      "to_ci": "Motor_3",
      "to_conn": "Base_Connector"
    },
    {
      "from_ci": "StraightArm_80_1",
      "from_conn": "REAR_CONNECTOR",
      "to_ci": "StraightArm_81_2",
      "to_conn": "FRONT_CONNECTOR"
    },
    {
      "from_ci": "StraightArm_80_1",
      "from_conn": "BOTTOM_CONNECTOR",
      "to_ci": "Motor_2",
      "to_conn": "Base_Connector"
    },
    {
      "from_ci": "StraightArm_80_2",
      "from_conn": "TOP_CONNECTOR",
      "to_ci": "Motor_9",
      "to_conn": "Base_Connector"
    },
    {
      "from_ci": "StraightArm_80_2",
      "from_conn": "FRONT_CONNECTOR",
      "to_ci": "StraightArm_81_3",
      "to_conn": "FRONT_CONNECTOR"
    },
    {
      "from_ci": "StraightArm_80_2",
      "from_conn": "BOTTOM_CONNECTOR",
      "to_ci": "Motor_8",
      "to_conn": "Base_Connector"
    },
    {
      "from_ci": "StraightArm_80_2",
      "from_conn": "REAR_CONNECTOR",
      "to_ci": "StraightArm_81_4",
      "to_conn": "FRONT_CONNECTOR"
    },
    {
      "from_ci": "StraightArm_81_1",
      "from_conn": "TOP_CONNECTOR",
      "to_ci": "Motor_5",
      "to_conn": "Base_Connector"
    },
    {
      "from_ci": "StraightArm_81_1",
      "from_conn": "BOTTOM_CONNECTOR",
      "to_ci": "Motor_4",
      "to_conn": "Base_Connector"
    },
    {
      "from_ci": "StraightArm_81_2",
      "from_conn": "TOP_CONNECTOR",
      "to_ci": "Motor_7",
      "to_conn": "Base_Connector"
    },
    {
      "from_ci": "StraightArm_81_2",
      "from_conn": "BOTTOM_CONNECTOR",
      "to_ci": "Motor_6",
      "to_conn": "Base_Connector"
    },
    {
      "from_ci": "StraightArm_81_3",
      "from_conn": "TOP_CONNECTOR",
      "to_ci": "Motor_11",
      "to_conn": "Base_Connector"
    },
    {
      "from_ci": "StraightArm_81_3",
      "from_conn": "BOTTOM_CONNECTOR",
      "to_ci": "Motor_10",
      "to_conn": "Base_Connector"
    },
    {
      "from_ci": "StraightArm_81_4",
      "from_conn": "TOP_CONNECTOR",
      "to_ci": "Motor_13",
      "to_conn": "Base_Connector"
    },
    {
      "from_ci": "StraightArm_81_4",
      "from_conn": "BOTTOM_CONNECTOR",
      "to_ci": "Motor_12",
      "to_conn": "Base_Connector"
    },
    {
      "from_ci": "Wing_32_1",
      "from_conn": "Connector_2",
      "to_ci": "StraightArm_80_1",
      "to_conn": "RIGHT_CONNECTOR"
    },
    {
      "from_ci": "Wing_32_1",
      "from_conn": "Battery_Connector_1",
      "to_ci": "Battery_63_1",
      "to_conn": "Battery_Connector_1_out"
    },
    {
      "from_ci": "Wing_32_2",
      "from_conn": "Battery_Connector_2",
      "to_ci": "Battery_64_1",
      "to_conn": "Battery_Connector_2_out"
    },
    {
      "from_ci": "Wing_32_2",
      "from_conn": "Connector_1",
      "to_ci": "StraightArm_80_2",
      "to_conn": "LEFT_CONNECTOR"
    }
  ]
}
