{
    "COMPONENTS": {
        "Battery": "TurnigyGraphene6000mAh6S75C",
        "BatteryController": "BatteryController",
        "Cargo": "Cargo",
        "CargoCase": "CargoCase",
        "Flange": "0394_para_flange",
        "Fuselage": "capsule_fuselage",
        "Hub2": "0394od_para_hub_2",
        "Hub3": "0394od_para_hub_3",
        "Hub4": "0394od_para_hub_4",
        "Motor": "t_motor_AntigravityMN4006KV380",
        "Orient": "Orient",
        "Propeller": "apc_propellers_12x3_8SF",
        "SensorAutopilot": "Autopilot",
        "SensorCurrent": "Current",
        "SensorGPS": "GPS",
        "SensorRpmTemp": "RpmTemp",
        "SensorVariometer": "Variometer",
        "SensorVoltage": "Voltage",
        "Tube": "0394OD_para_tube",
        "Wing": "Wing_vert_hole"
    }
}