id,name,gender
2591445,"Taylor, Joan",f
640876,"Harris, R.H.",m
614937,"Gélinas, Jean-Maurice",m
987924,"Martins, Pedro",m
104379,"Bass, Monty",m
66819,"Atanasov, Grudi",m
1309781,"Rios, Raul",m
497885,"Flouw, Jonathan",m
484858,"Ficarra, Amedeo",m
2356357,"Nance, Nichole",f
1850956,"Bryant, Lela",f
463041,"Evans, Troy",m
842805,"Kravitz, Steven",m
1763469,"Andreasson, Ann-Katrin",f
70838,"Austin, Matt",m
2444621,"Rain, Mykal",f
261751,"Champagne, Jean",m
2212104,"Lafleur, Jennifer",f
1707507,"Xiong, Matthew",m
66815,"Atanasov, Dimitre",m
