{
  "extra": {
    "generator_version": "2022-05-23"
  },
  "name": "design_11_49db77db_dca8_4a38_91dd_e3b431599a01",
  "parameters": [
    {
      "parameter_name": "TailWingWithPropArm_1_TAIL_FIRST_LENGTH",
      "value": "1385.099086409426",
      "component_properties": [
        {
          "component_name": "StraightArmNoSides_1_1",
          "component_property": "LENGTH"
        }
      ]
    },
    {
      "parameter_name": "PosPropType",
      "value": "1",
      "component_properties": [
        {
          "component_name": "Propeller_1",
          "component_property": "Prop_type"
        },
        {
          "component_name": "Propeller_3",
          "component_property": "Prop_type"
        },
        {
          "component_name": "Propeller_2",
          "component_property": "Prop_type"
        },
        {
          "component_name": "Propeller_4",
          "component_property": "Prop_type"
        },
        {
          "component_name": "Propeller_5",
          "component_property": "Prop_type"
        },
        {
          "component_name": "Propeller_6",
          "component_property": "Prop_type"
        },
        {
          "component_name": "Propeller_7",
          "component_property": "Prop_type"
        }
      ]
    },
    {
      "parameter_name": "WingPair_1_LOAD",
      "value": "9789.034676996565",
      "component_properties": [
        {
          "component_name": "Wing_2_1",
          "component_property": "LOAD"
        },
        {
          "component_name": "Wing_2_2",
          "component_property": "LOAD"
        }
      ]
    },
    {
      "parameter_name": "FuselageDualSeat_1_SEAT_2_FB",
      "value": "790.0",
      "component_properties": [
        {
          "component_name": "FuselageDualSeat_1_1",
          "component_property": "SEAT_2_FB"
        }
      ]
    },
    {
      "parameter_name": "WingWithBatteryMain_1_LOAD",
      "value": "8937.51218597203",
      "component_properties": [
        {
          "component_name": "Wing_1_1",
          "component_property": "LOAD"
        },
        {
          "component_name": "Wing_1_2",
          "component_property": "LOAD"
        }
      ]
    },
    {
      "parameter_name": "WingWithBatteryMain_1_CHORD_INNER",
      "value": "3044.6062621669794",
      "component_properties": [
        {
          "component_name": "Wing_1_1",
          "component_property": "CHORD_1"
        },
        {
          "component_name": "Battery_1_1",
          "component_property": "CHORD_1"
        },
        {
          "component_name": "Wing_1_2",
          "component_property": "CHORD_2"
        },
        {
          "component_name": "Battery_2_1",
          "component_property": "CHORD_2"
        }
      ]
    },
    {
      "parameter_name": "WingPair_1_CHORD_INNER",
      "value": "1182.1233123061195",
      "component_properties": [
        {
          "component_name": "NACAPortConnector_1",
          "component_property": "CHORD"
        },
        {
          "component_name": "Wing_2_1",
          "component_property": "CHORD_1"
        },
        {
          "component_name": "Battery_3_1",
          "component_property": "CHORD_1"
        },
        {
          "component_name": "Wing_2_2",
          "component_property": "CHORD_2"
        },
        {
          "component_name": "Battery_4_1",
          "component_property": "CHORD_2"
        }
      ]
    },
    {
      "parameter_name": "PosPropDir",
      "value": "1",
      "component_properties": [
        {
          "component_name": "Propeller_1",
          "component_property": "Direction"
        },
        {
          "component_name": "Propeller_3",
          "component_property": "Direction"
        },
        {
          "component_name": "Propeller_5",
          "component_property": "Direction"
        },
        {
          "component_name": "Propeller_7",
          "component_property": "Direction"
        },
        {
          "component_name": "Propeller_8",
          "component_property": "Direction"
        },
        {
          "component_name": "Propeller_10",
          "component_property": "Direction"
        },
        {
          "component_name": "Propeller_12",
          "component_property": "Direction"
        },
        {
          "component_name": "Propeller_14",
          "component_property": "Direction"
        }
      ]
    },
    {
      "parameter_name": "Wing_1_NACA_Profile",
      "value": "4315",
      "component_properties": [
        {
          "component_name": "Wing_1_1",
          "component_property": "NACA_Profile"
        },
        {
          "component_name": "Wing_1_2",
          "component_property": "NACA_Profile"
        }
      ]
    },
    {
      "parameter_name": "NegPropType",
      "value": "-1",
      "component_properties": [
        {
          "component_name": "Propeller_9",
          "component_property": "Prop_type"
        },
        {
          "component_name": "Propeller_8",
          "component_property": "Prop_type"
        },
        {
          "component_name": "Propeller_10",
          "component_property": "Prop_type"
        },
        {
          "component_name": "Propeller_11",
          "component_property": "Prop_type"
        },
        {
          "component_name": "Propeller_12",
          "component_property": "Prop_type"
        },
        {
          "component_name": "Propeller_13",
          "component_property": "Prop_type"
        },
        {
          "component_name": "Propeller_14",
          "component_property": "Prop_type"
        },
        {
          "component_name": "Propeller_15",
          "component_property": "Prop_type"
        }
      ]
    },
    {
      "parameter_name": "ControlChannelAuto",
      "value": "-1",
      "component_properties": [
        {
          "component_name": "Motor_1",
          "component_property": "CONTROL_CHANNEL"
        },
        {
          "component_name": "Motor_3",
          "component_property": "CONTROL_CHANNEL"
        },
        {
          "component_name": "Motor_2",
          "component_property": "CONTROL_CHANNEL"
        },
        {
          "component_name": "Motor_4",
          "component_property": "CONTROL_CHANNEL"
        },
        {
          "component_name": "Motor_5",
          "component_property": "CONTROL_CHANNEL"
        },
        {
          "component_name": "Motor_6",
          "component_property": "CONTROL_CHANNEL"
        },
        {
          "component_name": "Motor_7",
          "component_property": "CONTROL_CHANNEL"
        },
        {
          "component_name": "Motor_9",
          "component_property": "CONTROL_CHANNEL"
        },
        {
          "component_name": "Motor_8",
          "component_property": "CONTROL_CHANNEL"
        },
        {
          "component_name": "Motor_10",
          "component_property": "CONTROL_CHANNEL"
        },
        {
          "component_name": "Motor_11",
          "component_property": "CONTROL_CHANNEL"
        },
        {
          "component_name": "Motor_12",
          "component_property": "CONTROL_CHANNEL"
        },
        {
          "component_name": "Motor_13",
          "component_property": "CONTROL_CHANNEL"
        },
        {
          "component_name": "Motor_14",
          "component_property": "CONTROL_CHANNEL"
        },
        {
          "component_name": "Motor_15",
          "component_property": "CONTROL_CHANNEL"
        }
      ]
    },
    {
      "parameter_name": "FuselageDualSeat_1_MIDDLE_LENGTH",
      "value": "275.0",
      "component_properties": [
        {
          "component_name": "FuselageDualSeat_1_1",
          "component_property": "MIDDLE_LENGTH"
        }
      ]
    },
    {
      "parameter_name": "NACA_4315_THICKNESS",
      "value": "15",
      "component_properties": [
        {
          "component_name": "Wing_1_1",
          "component_property": "THICKNESS"
        },
        {
          "component_name": "Battery_1_1",
          "component_property": "THICKNESS"
        },
        {
          "component_name": "Wing_1_2",
          "component_property": "THICKNESS"
        },
        {
          "component_name": "Battery_2_1",
          "component_property": "THICKNESS"
        }
      ]
    },
    {
      "parameter_name": "Wing_2_NACA_Profile",
      "value": "6612",
      "component_properties": [
        {
          "component_name": "Wing_2_1",
          "component_property": "NACA_Profile"
        },
        {
          "component_name": "Wing_2_2",
          "component_property": "NACA_Profile"
        }
      ]
    },
    {
      "parameter_name": "FuselageDualSeat_1_SEAT_1_FB",
      "value": "790.0",
      "component_properties": [
        {
          "component_name": "FuselageDualSeat_1_1",
          "component_property": "SEAT_1_FB"
        }
      ]
    },
    {
      "parameter_name": "WingPair_1_TAPER_OFFSET",
      "value": "1",
      "component_properties": [
        {
          "component_name": "Wing_2_1",
          "component_property": "TAPER_OFFSET"
        },
        {
          "component_name": "Battery_3_1",
          "component_property": "TAPER_OFFSET"
        },
        {
          "component_name": "Wing_2_2",
          "component_property": "TAPER_OFFSET"
        },
        {
          "component_name": "Battery_4_1",
          "component_property": "TAPER_OFFSET"
        }
      ]
    },
    {
      "parameter_name": "FrontBackPropArmMulti_1_PROP_SEGMENT_LENGTH",
      "value": "710.867767081151",
      "component_properties": [
        {
          "component_name": "StraightArm_2_1",
          "component_property": "LENGTH"
        },
        {
          "component_name": "StraightArm_2_2",
          "component_property": "LENGTH"
        },
        {
          "component_name": "StraightArm_2_3",
          "component_property": "LENGTH"
        },
        {
          "component_name": "StraightArm_2_4",
          "component_property": "LENGTH"
        }
      ]
    },
    {
      "parameter_name": "SideMountedPropArmSegment_1_LENGTH",
      "value": "866.8816261157297",
      "component_properties": [
        {
          "component_name": "StraightArm_1_1",
          "component_property": "LENGTH"
        },
        {
          "component_name": "StraightArm_1_2",
          "component_property": "LENGTH"
        }
      ]
    },
    {
      "parameter_name": "WingWithBatteryMain_1_AILERON_BIAS",
      "value": "0.13149115037655068",
      "component_properties": [
        {
          "component_name": "Wing_1_1",
          "component_property": "AILERON_BIAS"
        },
        {
          "component_name": "Wing_1_2",
          "component_property": "AILERON_BIAS"
        }
      ]
    },
    {
      "parameter_name": "WingPair_1_VOLUME_PERCENT",
      "value": "82.70656031801083",
      "component_properties": [
        {
          "component_name": "Battery_3_1",
          "component_property": "VOLUME_PERCENT"
        },
        {
          "component_name": "Battery_4_1",
          "component_property": "VOLUME_PERCENT"
        }
      ]
    },
    {
      "parameter_name": "FuselageDualSeat_1_LENGTH",
      "value": "2000.0",
      "component_properties": [
        {
          "component_name": "FuselageDualSeat_1_1",
          "component_property": "LENGTH"
        }
      ]
    },
    {
      "parameter_name": "FuselageDualSeat_1_TAIL_DIAMETER",
      "value": "300.0",
      "component_properties": [
        {
          "component_name": "FuselageDualSeat_1_1",
          "component_property": "TAIL_DIAMETER"
        }
      ]
    },
    {
      "parameter_name": "GLOBAL_VOLTAGE",
      "value": "421.8",
      "component_properties": [
        {
          "component_name": "Battery_1_1",
          "component_property": "VOLTAGE_REQUEST"
        },
        {
          "component_name": "Battery_2_1",
          "component_property": "VOLTAGE_REQUEST"
        },
        {
          "component_name": "Battery_3_1",
          "component_property": "VOLTAGE_REQUEST"
        },
        {
          "component_name": "Battery_4_1",
          "component_property": "VOLTAGE_REQUEST"
        }
      ]
    },
    {
      "parameter_name": "NegPropDir",
      "value": "-1",
      "component_properties": [
        {
          "component_name": "Propeller_2",
          "component_property": "Direction"
        },
        {
          "component_name": "Propeller_4",
          "component_property": "Direction"
        },
        {
          "component_name": "Propeller_6",
          "component_property": "Direction"
        },
        {
          "component_name": "Propeller_9",
          "component_property": "Direction"
        },
        {
          "component_name": "Propeller_11",
          "component_property": "Direction"
        },
        {
          "component_name": "Propeller_13",
          "component_property": "Direction"
        },
        {
          "component_name": "Propeller_15",
          "component_property": "Direction"
        }
      ]
    },
    {
      "parameter_name": "RightMountSide",
      "value": "2",
      "component_properties": [
        {
          "component_name": "Battery_2_1",
          "component_property": "MOUNT_SIDE"
        },
        {
          "component_name": "Battery_4_1",
          "component_property": "MOUNT_SIDE"
        }
      ]
    },
    {
      "parameter_name": "WingPair_1_FLAP_BIAS",
      "value": "0.23696509160378038",
      "component_properties": [
        {
          "component_name": "Wing_2_1",
          "component_property": "FLAP_BIAS"
        },
        {
          "component_name": "Wing_2_2",
          "component_property": "FLAP_BIAS"
        }
      ]
    },
    {
      "parameter_name": "TailWingWithPropArm_1_PROP_SEGMENT_LENGTH",
      "value": "1319.006664843706",
      "component_properties": [
        {
          "component_name": "StraightArm_4_1",
          "component_property": "LENGTH"
        }
      ]
    },
    {
      "parameter_name": "WingPair_1_CHORD_OUTER",
      "value": "1320.3791261180083",
      "component_properties": [
        {
          "component_name": "Wing_2_1",
          "component_property": "CHORD_2"
        },
        {
          "component_name": "Battery_3_1",
          "component_property": "CHORD_2"
        },
        {
          "component_name": "Wing_2_2",
          "component_property": "CHORD_1"
        },
        {
          "component_name": "Battery_4_1",
          "component_property": "CHORD_1"
        }
      ]
    },
    {
      "parameter_name": "WingPair_1_SPAN",
      "value": "9189.426011454261",
      "component_properties": [
        {
          "component_name": "Wing_2_1",
          "component_property": "SPAN"
        },
        {
          "component_name": "Battery_3_1",
          "component_property": "SPAN"
        },
        {
          "component_name": "Wing_2_2",
          "component_property": "SPAN"
        },
        {
          "component_name": "Battery_4_1",
          "component_property": "SPAN"
        }
      ]
    },
    {
      "parameter_name": "FrontBackPropArmMulti_1_PROP_OFFSET",
      "value": "858.3940794710735",
      "component_properties": [
        {
          "component_name": "StraightArm_2_1",
          "component_property": "TOP_CONN_DISP"
        },
        {
          "component_name": "StraightArm_2_1",
          "component_property": "BOTTOM_CONN_DISP"
        },
        {
          "component_name": "StraightArm_2_1",
          "component_property": "LEFT_CONN_DISP"
        },
        {
          "component_name": "StraightArm_2_1",
          "component_property": "RIGHT_CONN_DISP"
        },
        {
          "component_name": "StraightArm_2_2",
          "component_property": "TOP_CONN_DISP"
        },
        {
          "component_name": "StraightArm_2_2",
          "component_property": "BOTTOM_CONN_DISP"
        },
        {
          "component_name": "StraightArm_2_2",
          "component_property": "LEFT_CONN_DISP"
        },
        {
          "component_name": "StraightArm_2_2",
          "component_property": "RIGHT_CONN_DISP"
        },
        {
          "component_name": "StraightArm_2_3",
          "component_property": "TOP_CONN_DISP"
        },
        {
          "component_name": "StraightArm_2_3",
          "component_property": "BOTTOM_CONN_DISP"
        },
        {
          "component_name": "StraightArm_2_3",
          "component_property": "LEFT_CONN_DISP"
        },
        {
          "component_name": "StraightArm_2_3",
          "component_property": "RIGHT_CONN_DISP"
        },
        {
          "component_name": "StraightArm_2_4",
          "component_property": "TOP_CONN_DISP"
        },
        {
          "component_name": "StraightArm_2_4",
          "component_property": "BOTTOM_CONN_DISP"
        },
        {
          "component_name": "StraightArm_2_4",
          "component_property": "LEFT_CONN_DISP"
        },
        {
          "component_name": "StraightArm_2_4",
          "component_property": "RIGHT_CONN_DISP"
        }
      ]
    },
    {
      "parameter_name": "TailWingWithPropArm_1_TAIL_WING_OFFSET",
      "value": "0.0",
      "component_properties": [
        {
          "component_name": "StraightArm_3_1",
          "component_property": "TOP_CONN_DISP"
        },
        {
          "component_name": "StraightArm_3_1",
          "component_property": "BOTTOM_CONN_DISP"
        },
        {
          "component_name": "StraightArm_3_1",
          "component_property": "LEFT_CONN_DISP"
        },
        {
          "component_name": "StraightArm_3_1",
          "component_property": "RIGHT_CONN_DISP"
        }
      ]
    },
    {
      "parameter_name": "WingWithBatteryMain_1_FLAP_BIAS",
      "value": "0.13127169061319846",
      "component_properties": [
        {
          "component_name": "Wing_1_1",
          "component_property": "FLAP_BIAS"
        },
        {
          "component_name": "Wing_1_2",
          "component_property": "FLAP_BIAS"
        }
      ]
    },
    {
      "parameter_name": "OrientAngle",
      "value": "0.0",
      "component_properties": [
        {
          "component_name": "Orient",
          "component_property": "Z_ANGLE"
        }
      ]
    },
    {
      "parameter_name": "TailWingWithPropArm_1_TAIL_LENGTH",
      "value": "3400.9953116225447",
      "component_properties": [
        {
          "component_name": "StraightArm_3_1",
          "component_property": "LENGTH"
        }
      ]
    },
    {
      "parameter_name": "FuselageDualSeat_1_SEAT_2_LR",
      "value": "210.0",
      "component_properties": [
        {
          "component_name": "FuselageDualSeat_1_1",
          "component_property": "SEAT_2_LR"
        }
      ]
    },
    {
      "parameter_name": "WingWithBatteryMain_1_CHORD_OUTER",
      "value": "1216.3772546818664",
      "component_properties": [
        {
          "component_name": "Wing_1_1",
          "component_property": "CHORD_2"
        },
        {
          "component_name": "Battery_1_1",
          "component_property": "CHORD_2"
        },
        {
          "component_name": "Wing_1_2",
          "component_property": "CHORD_1"
        },
        {
          "component_name": "Battery_2_1",
          "component_property": "CHORD_1"
        }
      ]
    },
    {
      "parameter_name": "FuselageDualSeat_1_SEAT_1_LR",
      "value": "-210.0",
      "component_properties": [
        {
          "component_name": "FuselageDualSeat_1_1",
          "component_property": "SEAT_1_LR"
        }
      ]
    },
    {
      "parameter_name": "WingWithBatteryMain_1_TAPER_OFFSET",
      "value": "1",
      "component_properties": [
        {
          "component_name": "Wing_1_1",
          "component_property": "TAPER_OFFSET"
        },
        {
          "component_name": "Battery_1_1",
          "component_property": "TAPER_OFFSET"
        },
        {
          "component_name": "Wing_1_2",
          "component_property": "TAPER_OFFSET"
        },
        {
          "component_name": "Battery_2_1",
          "component_property": "TAPER_OFFSET"
        }
      ]
    },
    {
      "parameter_name": "LeftMountSide",
      "value": "1",
      "component_properties": [
        {
          "component_name": "Battery_1_1",
          "component_property": "MOUNT_SIDE"
        },
        {
          "component_name": "Battery_3_1",
          "component_property": "MOUNT_SIDE"
        }
      ]
    },
    {
      "parameter_name": "WingPair_1_AILERON_BIAS",
      "value": "0.8260639374260574",
      "component_properties": [
        {
          "component_name": "Wing_2_1",
          "component_property": "AILERON_BIAS"
        },
        {
          "component_name": "Wing_2_2",
          "component_property": "AILERON_BIAS"
        }
      ]
    },
    {
      "parameter_name": "FuselageDualSeat_1_FLOOR_HEIGHT",
      "value": "150.0",
      "component_properties": [
        {
          "component_name": "FuselageDualSeat_1_1",
          "component_property": "FLOOR_HEIGHT"
        }
      ]
    },
    {
      "parameter_name": "TailWingWithPropArm_1_PROP_OFFSET",
      "value": "1180.3076198220124",
      "component_properties": [
        {
          "component_name": "StraightArm_4_1",
          "component_property": "TOP_CONN_DISP"
        },
        {
          "component_name": "StraightArm_4_1",
          "component_property": "BOTTOM_CONN_DISP"
        },
        {
          "component_name": "StraightArm_4_1",
          "component_property": "LEFT_CONN_DISP"
        },
        {
          "component_name": "StraightArm_4_1",
          "component_property": "RIGHT_CONN_DISP"
        }
      ]
    },
    {
      "parameter_name": "SideMountedPropArmSegment_1_OFFSET",
      "value": "795.4819688425667",
      "component_properties": [
        {
          "component_name": "StraightArm_1_1",
          "component_property": "TOP_CONN_DISP"
        },
        {
          "component_name": "StraightArm_1_1",
          "component_property": "BOTTOM_CONN_DISP"
        },
        {
          "component_name": "StraightArm_1_1",
          "component_property": "LEFT_CONN_DISP"
        },
        {
          "component_name": "StraightArm_1_1",
          "component_property": "RIGHT_CONN_DISP"
        },
        {
          "component_name": "StraightArm_1_2",
          "component_property": "TOP_CONN_DISP"
        },
        {
          "component_name": "StraightArm_1_2",
          "component_property": "BOTTOM_CONN_DISP"
        },
        {
          "component_name": "StraightArm_1_2",
          "component_property": "LEFT_CONN_DISP"
        },
        {
          "component_name": "StraightArm_1_2",
          "component_property": "RIGHT_CONN_DISP"
        }
      ]
    },
    {
      "parameter_name": "NACA_6612_THICKNESS",
      "value": "12",
      "component_properties": [
        {
          "component_name": "NACAPortConnector_1",
          "component_property": "THICKNESS"
        },
        {
          "component_name": "Wing_2_1",
          "component_property": "THICKNESS"
        },
        {
          "component_name": "Battery_3_1",
          "component_property": "THICKNESS"
        },
        {
          "component_name": "Wing_2_2",
          "component_property": "THICKNESS"
        },
        {
          "component_name": "Battery_4_1",
          "component_property": "THICKNESS"
        }
      ]
    },
    {
      "parameter_name": "FuselageDualSeat_1_SPHERE_DIAMETER",
      "value": "1520.0",
      "component_properties": [
        {
          "component_name": "FuselageDualSeat_1_1",
          "component_property": "SPHERE_DIAMETER"
        }
      ]
    },
    {
      "parameter_name": "WingWithBatteryMain_1_SPAN",
      "value": "12317.812432523493",
      "component_properties": [
        {
          "component_name": "Wing_1_1",
          "component_property": "SPAN"
        },
        {
          "component_name": "Battery_1_1",
          "component_property": "SPAN"
        },
        {
          "component_name": "Wing_1_2",
          "component_property": "SPAN"
        },
        {
          "component_name": "Battery_2_1",
          "component_property": "SPAN"
        }
      ]
    },
    {
      "parameter_name": "WingWithBatteryMain_1_VOLUME_PERCENT",
      "value": "1.414578696634058",
      "component_properties": [
        {
          "component_name": "Battery_1_1",
          "component_property": "VOLUME_PERCENT"
        },
        {
          "component_name": "Battery_2_1",
          "component_property": "VOLUME_PERCENT"
        }
      ]
    }
  ],
  "components": [
    {
      "component_instance": "BatteryController_1_1",
      "component_type": "BatteryController",
      "component_choice": "BatteryController"
    },
    {
      "component_instance": "Battery_1_1",
      "component_type": "Battery",
      "component_choice": "VitalyBeta"
    },
    {
      "component_instance": "Battery_2_1",
      "component_type": "Battery",
      "component_choice": "VitalyBeta"
    },
    {
      "component_instance": "Battery_3_1",
      "component_type": "Battery",
      "component_choice": "VitalyBeta"
    },
    {
      "component_instance": "Battery_4_1",
      "component_type": "Battery",
      "component_choice": "VitalyBeta"
    },
    {
      "component_instance": "FuselageDualSeat_1_1",
      "component_type": "Fuselage",
      "component_choice": "FUSE_SPHERE_CYL_CONE"
    },
    {
      "component_instance": "Motor_1",
      "component_type": "Motor",
      "component_choice": "Emrax348LV"
    },
    {
      "component_instance": "Motor_10",
      "component_type": "Motor",
      "component_choice": "Emrax348LV"
    },
    {
      "component_instance": "Motor_11",
      "component_type": "Motor",
      "component_choice": "Emrax348LV"
    },
    {
      "component_instance": "Motor_12",
      "component_type": "Motor",
      "component_choice": "Emrax348LV"
    },
    {
      "component_instance": "Motor_13",
      "component_type": "Motor",
      "component_choice": "Emrax348LV"
    },
    {
      "component_instance": "Motor_14",
      "component_type": "Motor",
      "component_choice": "Emrax348LV"
    },
    {
      "component_instance": "Motor_15",
      "component_type": "Motor",
      "component_choice": "Emrax348LV"
    },
    {
      "component_instance": "Motor_2",
      "component_type": "Motor",
      "component_choice": "Emrax348LV"
    },
    {
      "component_instance": "Motor_3",
      "component_type": "Motor",
      "component_choice": "Emrax348LV"
    },
    {
      "component_instance": "Motor_4",
      "component_type": "Motor",
      "component_choice": "Emrax348LV"
    },
    {
      "component_instance": "Motor_5",
      "component_type": "Motor",
      "component_choice": "Emrax348LV"
    },
    {
      "component_instance": "Motor_6",
      "component_type": "Motor",
      "component_choice": "Emrax348LV"
    },
    {
      "component_instance": "Motor_7",
      "component_type": "Motor",
      "component_choice": "Emrax348LV"
    },
    {
      "component_instance": "Motor_8",
      "component_type": "Motor",
      "component_choice": "Emrax348LV"
    },
    {
      "component_instance": "Motor_9",
      "component_type": "Motor",
      "component_choice": "Emrax348LV"
    },
    {
      "component_instance": "NACAPortConnector_1",
      "component_type": "NACA_Port_Connector",
      "component_choice": "naca_connector"
    },
    {
      "component_instance": "Orient",
      "component_type": "Orient",
      "component_choice": "Orient"
    },
    {
      "component_instance": "Passenger_1",
      "component_type": "Passenger",
      "component_choice": "Passenger"
    },
    {
      "component_instance": "Passenger_2",
      "component_type": "Passenger",
      "component_choice": "Passenger"
    },
    {
      "component_instance": "Propeller_1",
      "component_type": "Propeller",
      "component_choice": "55x9_2_2200_51_830"
    },
    {
      "component_instance": "Propeller_10",
      "component_type": "Propeller",
      "component_choice": "55x9_2_2200_51_830"
    },
    {
      "component_instance": "Propeller_11",
      "component_type": "Propeller",
      "component_choice": "55x9_2_2200_51_830"
    },
    {
      "component_instance": "Propeller_12",
      "component_type": "Propeller",
      "component_choice": "55x9_2_2200_51_830"
    },
    {
      "component_instance": "Propeller_13",
      "component_type": "Propeller",
      "component_choice": "55x9_2_2200_51_830"
    },
    {
      "component_instance": "Propeller_14",
      "component_type": "Propeller",
      "component_choice": "55x9_2_2200_51_830"
    },
    {
      "component_instance": "Propeller_15",
      "component_type": "Propeller",
      "component_choice": "55x9_2_2200_51_830"
    },
    {
      "component_instance": "Propeller_2",
      "component_type": "Propeller",
      "component_choice": "55x9_2_2200_51_830"
    },
    {
      "component_instance": "Propeller_3",
      "component_type": "Propeller",
      "component_choice": "55x9_2_2200_51_830"
    },
    {
      "component_instance": "Propeller_4",
      "component_type": "Propeller",
      "component_choice": "55x9_2_2200_51_830"
    },
    {
      "component_instance": "Propeller_5",
      "component_type": "Propeller",
      "component_choice": "55x9_2_2200_51_830"
    },
    {
      "component_instance": "Propeller_6",
      "component_type": "Propeller",
      "component_choice": "55x9_2_2200_51_830"
    },
    {
      "component_instance": "Propeller_7",
      "component_type": "Propeller",
      "component_choice": "55x9_2_2200_51_830"
    },
    {
      "component_instance": "Propeller_8",
      "component_type": "Propeller",
      "component_choice": "55x9_2_2200_51_830"
    },
    {
      "component_instance": "Propeller_9",
      "component_type": "Propeller",
      "component_choice": "55x9_2_2200_51_830"
    },
    {
      "component_instance": "StraightArmNoSides_1_1",
      "component_type": "Cylinder",
      "component_choice": "PORTED_CYL"
    },
    {
      "component_instance": "StraightArm_1_1",
      "component_type": "Cylinder",
      "component_choice": "PORTED_CYL"
    },
    {
      "component_instance": "StraightArm_1_2",
      "component_type": "Cylinder",
      "component_choice": "PORTED_CYL"
    },
    {
      "component_instance": "StraightArm_2_1",
      "component_type": "Cylinder",
      "component_choice": "PORTED_CYL"
    },
    {
      "component_instance": "StraightArm_2_2",
      "component_type": "Cylinder",
      "component_choice": "PORTED_CYL"
    },
    {
      "component_instance": "StraightArm_2_3",
      "component_type": "Cylinder",
      "component_choice": "PORTED_CYL"
    },
    {
      "component_instance": "StraightArm_2_4",
      "component_type": "Cylinder",
      "component_choice": "PORTED_CYL"
    },
    {
      "component_instance": "StraightArm_3_1",
      "component_type": "Cylinder",
      "component_choice": "PORTED_CYL"
    },
    {
      "component_instance": "StraightArm_4_1",
      "component_type": "Cylinder",
      "component_choice": "PORTED_CYL"
    },
    {
      "component_instance": "Wing_1_1",
      "component_type": "Wing",
      "component_choice": "naca_wing"
    },
    {
      "component_instance": "Wing_1_2",
      "component_type": "Wing",
      "component_choice": "naca_wing"
    },
    {
      "component_instance": "Wing_2_1",
      "component_type": "Wing",
      "component_choice": "naca_wing"
    },
    {
      "component_instance": "Wing_2_2",
      "component_type": "Wing",
      "component_choice": "naca_wing"
    }
  ],
  "connections": [
    {
      "from_ci": "BatteryController_1_1",
      "from_conn": "MotorPower",
      "to_ci": "Motor_11",
      "to_conn": "MotorPower"
    },
    {
      "from_ci": "BatteryController_1_1",
      "from_conn": "MotorPower",
      "to_ci": "Motor_9",
      "to_conn": "MotorPower"
    },
    {
      "from_ci": "BatteryController_1_1",
      "from_conn": "MotorPower",
      "to_ci": "Motor_2",
      "to_conn": "MotorPower"
    },
    {
      "from_ci": "BatteryController_1_1",
      "from_conn": "MotorPower",
      "to_ci": "Motor_10",
      "to_conn": "MotorPower"
    },
    {
      "from_ci": "BatteryController_1_1",
      "from_conn": "BatteryPower",
      "to_ci": "Battery_2_1",
      "to_conn": "PowerBus"
    },
    {
      "from_ci": "BatteryController_1_1",
      "from_conn": "MotorPower",
      "to_ci": "Motor_12",
      "to_conn": "MotorPower"
    },
    {
      "from_ci": "BatteryController_1_1",
      "from_conn": "MotorPower",
      "to_ci": "Motor_7",
      "to_conn": "MotorPower"
    },
    {
      "from_ci": "BatteryController_1_1",
      "from_conn": "BatteryPower",
      "to_ci": "Battery_4_1",
      "to_conn": "PowerBus"
    },
    {
      "from_ci": "BatteryController_1_1",
      "from_conn": "MotorPower",
      "to_ci": "Motor_14",
      "to_conn": "MotorPower"
    },
    {
      "from_ci": "BatteryController_1_1",
      "from_conn": "MotorPower",
      "to_ci": "Motor_13",
      "to_conn": "MotorPower"
    },
    {
      "from_ci": "BatteryController_1_1",
      "from_conn": "MotorPower",
      "to_ci": "Motor_5",
      "to_conn": "MotorPower"
    },
    {
      "from_ci": "BatteryController_1_1",
      "from_conn": "BatteryPower",
      "to_ci": "Battery_1_1",
      "to_conn": "PowerBus"
    },
    {
      "from_ci": "BatteryController_1_1",
      "from_conn": "MotorPower",
      "to_ci": "Motor_15",
      "to_conn": "MotorPower"
    },
    {
      "from_ci": "BatteryController_1_1",
      "from_conn": "MotorPower",
      "to_ci": "Motor_4",
      "to_conn": "MotorPower"
    },
    {
      "from_ci": "BatteryController_1_1",
      "from_conn": "BatteryPower",
      "to_ci": "Battery_3_1",
      "to_conn": "PowerBus"
    },
    {
      "from_ci": "BatteryController_1_1",
      "from_conn": "MotorPower",
      "to_ci": "Motor_6",
      "to_conn": "MotorPower"
    },
    {
      "from_ci": "BatteryController_1_1",
      "from_conn": "MotorPower",
      "to_ci": "Motor_3",
      "to_conn": "MotorPower"
    },
    {
      "from_ci": "BatteryController_1_1",
      "from_conn": "MotorPower",
      "to_ci": "Motor_1",
      "to_conn": "MotorPower"
    },
    {
      "from_ci": "BatteryController_1_1",
      "from_conn": "MotorPower",
      "to_ci": "Motor_8",
      "to_conn": "MotorPower"
    },
    {
      "from_ci": "FuselageDualSeat_1_1",
      "from_conn": "SEAT_1_CONNECTOR",
      "to_ci": "Passenger_1",
      "to_conn": "Connector"
    },
    {
      "from_ci": "FuselageDualSeat_1_1",
      "from_conn": "RIGHT_CONNECTOR",
      "to_ci": "Wing_1_2",
      "to_conn": "Connector_2"
    },
    {
      "from_ci": "FuselageDualSeat_1_1",
      "from_conn": "REAR_CONNECTOR",
      "to_ci": "StraightArmNoSides_1_1",
      "to_conn": "FRONT_CONNECTOR"
    },
    {
      "from_ci": "FuselageDualSeat_1_1",
      "from_conn": "TOP_CONNECTOR",
      "to_ci": "Motor_1",
      "to_conn": "Base_Connector"
    },
    {
      "from_ci": "FuselageDualSeat_1_1",
      "from_conn": "SEAT_2_CONNECTOR",
      "to_ci": "Passenger_2",
      "to_conn": "Connector"
    },
    {
      "from_ci": "FuselageDualSeat_1_1",
      "from_conn": "LEFT_CONNECTOR",
      "to_ci": "Wing_1_1",
      "to_conn": "Connector_1"
    },
    {
      "from_ci": "Motor_1",
      "from_conn": "Prop_Connector",
      "to_ci": "Propeller_1",
      "to_conn": "MOTOR_CONNECTOR_CS_IN"
    },
    {
      "from_ci": "Motor_10",
      "from_conn": "Prop_Connector",
      "to_ci": "Propeller_10",
      "to_conn": "MOTOR_CONNECTOR_CS_IN"
    },
    {
      "from_ci": "Motor_11",
      "from_conn": "Prop_Connector",
      "to_ci": "Propeller_11",
      "to_conn": "MOTOR_CONNECTOR_CS_IN"
    },
    {
      "from_ci": "Motor_12",
      "from_conn": "Prop_Connector",
      "to_ci": "Propeller_12",
      "to_conn": "MOTOR_CONNECTOR_CS_IN"
    },
    {
      "from_ci": "Motor_13",
      "from_conn": "Prop_Connector",
      "to_ci": "Propeller_13",
      "to_conn": "MOTOR_CONNECTOR_CS_IN"
    },
    {
      "from_ci": "Motor_14",
      "from_conn": "Prop_Connector",
      "to_ci": "Propeller_14",
      "to_conn": "MOTOR_CONNECTOR_CS_IN"
    },
    {
      "from_ci": "Motor_15",
      "from_conn": "Prop_Connector",
      "to_ci": "Propeller_15",
      "to_conn": "MOTOR_CONNECTOR_CS_IN"
    },
    {
      "from_ci": "Motor_2",
      "from_conn": "Prop_Connector",
      "to_ci": "Propeller_2",
      "to_conn": "MOTOR_CONNECTOR_CS_IN"
    },
    {
      "from_ci": "Motor_3",
      "from_conn": "Prop_Connector",
      "to_ci": "Propeller_3",
      "to_conn": "MOTOR_CONNECTOR_CS_IN"
    },
    {
      "from_ci": "Motor_4",
      "from_conn": "Prop_Connector",
      "to_ci": "Propeller_4",
      "to_conn": "MOTOR_CONNECTOR_CS_IN"
    },
    {
      "from_ci": "Motor_5",
      "from_conn": "Prop_Connector",
      "to_ci": "Propeller_5",
      "to_conn": "MOTOR_CONNECTOR_CS_IN"
    },
    {
      "from_ci": "Motor_6",
      "from_conn": "Prop_Connector",
      "to_ci": "Propeller_6",
      "to_conn": "MOTOR_CONNECTOR_CS_IN"
    },
    {
      "from_ci": "Motor_7",
      "from_conn": "Prop_Connector",
      "to_ci": "Propeller_7",
      "to_conn": "MOTOR_CONNECTOR_CS_IN"
    },
    {
      "from_ci": "Motor_8",
      "from_conn": "Prop_Connector",
      "to_ci": "Propeller_8",
      "to_conn": "MOTOR_CONNECTOR_CS_IN"
    },
    {
      "from_ci": "Motor_9",
      "from_conn": "Prop_Connector",
      "to_ci": "Propeller_9",
      "to_conn": "MOTOR_CONNECTOR_CS_IN"
    },
    {
      "from_ci": "NACAPortConnector_1",
      "from_conn": "End_Connector_1",
      "to_ci": "Wing_2_1",
      "to_conn": "Connector_1"
    },
    {
      "from_ci": "NACAPortConnector_1",
      "from_conn": "End_Connector_2",
      "to_ci": "Wing_2_2",
      "to_conn": "Connector_2"
    },
    {
      "from_ci": "Orient",
      "from_conn": "ORIENTCONN",
      "to_ci": "FuselageDualSeat_1_1",
      "to_conn": "ORIENT"
    },
    {
      "from_ci": "StraightArmNoSides_1_1",
      "from_conn": "REAR_CONNECTOR",
      "to_ci": "StraightArm_4_1",
      "to_conn": "FRONT_CONNECTOR"
    },
    {
      "from_ci": "StraightArm_1_1",
      "from_conn": "BOTTOM_CONNECTOR",
      "to_ci": "Motor_2",
      "to_conn": "Base_Connector"
    },
    {
      "from_ci": "StraightArm_1_1",
      "from_conn": "TOP_CONNECTOR",
      "to_ci": "Motor_3",
      "to_conn": "Base_Connector"
    },
    {
      "from_ci": "StraightArm_1_1",
      "from_conn": "FRONT_CONNECTOR",
      "to_ci": "StraightArm_2_1",
      "to_conn": "FRONT_CONNECTOR"
    },
    {
      "from_ci": "StraightArm_1_1",
      "from_conn": "REAR_CONNECTOR",
      "to_ci": "StraightArm_2_2",
      "to_conn": "FRONT_CONNECTOR"
    },
    {
      "from_ci": "StraightArm_1_2",
      "from_conn": "BOTTOM_CONNECTOR",
      "to_ci": "Motor_8",
      "to_conn": "Base_Connector"
    },
    {
      "from_ci": "StraightArm_1_2",
      "from_conn": "TOP_CONNECTOR",
      "to_ci": "Motor_9",
      "to_conn": "Base_Connector"
    },
    {
      "from_ci": "StraightArm_1_2",
      "from_conn": "REAR_CONNECTOR",
      "to_ci": "StraightArm_2_4",
      "to_conn": "FRONT_CONNECTOR"
    },
    {
      "from_ci": "StraightArm_1_2",
      "from_conn": "FRONT_CONNECTOR",
      "to_ci": "StraightArm_2_3",
      "to_conn": "FRONT_CONNECTOR"
    },
    {
      "from_ci": "StraightArm_2_1",
      "from_conn": "TOP_CONNECTOR",
      "to_ci": "Motor_5",
      "to_conn": "Base_Connector"
    },
    {
      "from_ci": "StraightArm_2_1",
      "from_conn": "BOTTOM_CONNECTOR",
      "to_ci": "Motor_4",
      "to_conn": "Base_Connector"
    },
    {
      "from_ci": "StraightArm_2_2",
      "from_conn": "BOTTOM_CONNECTOR",
      "to_ci": "Motor_6",
      "to_conn": "Base_Connector"
    },
    {
      "from_ci": "StraightArm_2_2",
      "from_conn": "TOP_CONNECTOR",
      "to_ci": "Motor_7",
      "to_conn": "Base_Connector"
    },
    {
      "from_ci": "StraightArm_2_3",
      "from_conn": "BOTTOM_CONNECTOR",
      "to_ci": "Motor_10",
      "to_conn": "Base_Connector"
    },
    {
      "from_ci": "StraightArm_2_3",
      "from_conn": "TOP_CONNECTOR",
      "to_ci": "Motor_11",
      "to_conn": "Base_Connector"
    },
    {
      "from_ci": "StraightArm_2_4",
      "from_conn": "TOP_CONNECTOR",
      "to_ci": "Motor_13",
      "to_conn": "Base_Connector"
    },
    {
      "from_ci": "StraightArm_2_4",
      "from_conn": "BOTTOM_CONNECTOR",
      "to_ci": "Motor_12",
      "to_conn": "Base_Connector"
    },
    {
      "from_ci": "StraightArm_3_1",
      "from_conn": "TOP_CONNECTOR",
      "to_ci": "NACAPortConnector_1",
      "to_conn": "Bottom_Connector"
    },
    {
      "from_ci": "StraightArm_4_1",
      "from_conn": "REAR_CONNECTOR",
      "to_ci": "StraightArm_3_1",
      "to_conn": "FRONT_CONNECTOR"
    },
    {
      "from_ci": "StraightArm_4_1",
      "from_conn": "BOTTOM_CONNECTOR",
      "to_ci": "Motor_14",
      "to_conn": "Base_Connector"
    },
    {
      "from_ci": "StraightArm_4_1",
      "from_conn": "TOP_CONNECTOR",
      "to_ci": "Motor_15",
      "to_conn": "Base_Connector"
    },
    {
      "from_ci": "Wing_1_1",
      "from_conn": "Battery_Connector_1",
      "to_ci": "Battery_1_1",
      "to_conn": "Battery_Connector_1_out"
    },
    {
      "from_ci": "Wing_1_1",
      "from_conn": "Connector_2",
      "to_ci": "StraightArm_1_1",
      "to_conn": "RIGHT_CONNECTOR"
    },
    {
      "from_ci": "Wing_1_2",
      "from_conn": "Battery_Connector_2",
      "to_ci": "Battery_2_1",
      "to_conn": "Battery_Connector_2_out"
    },
    {
      "from_ci": "Wing_1_2",
      "from_conn": "Connector_1",
      "to_ci": "StraightArm_1_2",
      "to_conn": "LEFT_CONNECTOR"
    },
    {
      "from_ci": "Wing_2_1",
      "from_conn": "Battery_Connector_1",
      "to_ci": "Battery_3_1",
      "to_conn": "Battery_Connector_1_out"
    },
    {
      "from_ci": "Wing_2_2",
      "from_conn": "Battery_Connector_2",
      "to_ci": "Battery_4_1",
      "to_conn": "Battery_Connector_2_out"
    }
  ]
}
