{
    "NACA 0006": {
        "Name": "NACA 0006",
        "CL_Max": "0.88",
        "AoA_CL_Max": "13",
        "AoA_L0": "-0.1",
        "dCl_dAoA_Slope": "0.102",
        "CD0_Min": "0.0065",
        "CL_Max_CD0_Min": "135",
        "CM0": "-0.002",
        "CD_Min": "0.0065",
        "LD_Max": "23.8",
        "CL_LD_Max": "0.31"
    },
    "NACA 0009": {
        "Name": "NACA 0009",
        "CL_Max": "1.27",
        "AoA_CL_Max": "14",
        "AoA_L0": "0",
        "dCl_dAoA_Slope": "0.101",
        "CD0_Min": "0.0074",
        "CL_Max_CD0_Min": "172",
        "CM0": "-0.003",
        "CD_Min": "0.0074",
        "LD_Max": "22.9",
        "CL_LD_Max": "0.36"
    },
    "NACA 0012": {
        "Name": "NACA 0012",
        "CL_Max": "1.53",
        "AoA_CL_Max": "17",
        "AoA_L0": "0",
        "dCl_dAoA_Slope": "0.101",
        "CD0_Min": "0.0083",
        "CL_Max_CD0_Min": "184",
        "CM0": "-0.002",
        "CD_Min": "0.0083",
        "LD_Max": "22.2",
        "CL_LD_Max": "0.37"
    },
    "NACA 0015": {
        "Name": "NACA 0015",
        "CL_Max": "1.53",
        "AoA_CL_Max": "17",
        "AoA_L0": "0",
        "dCl_dAoA_Slope": "0.1",
        "CD0_Min": "0.0093",
        "CL_Max_CD0_Min": "164",
        "CM0": "0",
        "CD_Min": "0.0093",
        "LD_Max": "21.2",
        "CL_LD_Max": "0.4"
    },
    "NACA 0018": {
        "Name": "NACA 0018",
        "CL_Max": "1.49",
        "AoA_CL_Max": "17",
        "AoA_L0": "0",
        "dCl_dAoA_Slope": "0.098",
        "CD0_Min": "0.0108",
        "CL_Max_CD0_Min": "138",
        "CM0": "-0.002",
        "CD_Min": "0.0108",
        "LD_Max": "19.8",
        "CL_LD_Max": "0.4"
    },
    "NACA 0021": {
        "Name": "NACA 0021",
        "CL_Max": "1.38",
        "AoA_CL_Max": "17",
        "AoA_L0": "-0.1",
        "dCl_dAoA_Slope": "0.094",
        "CD0_Min": "0.012",
        "CL_Max_CD0_Min": "115",
        "CM0": "-0.001",
        "CD_Min": "0.012",
        "LD_Max": "18.5",
        "CL_LD_Max": "0.44"
    },
    "NACA 0025": {
        "Name": "NACA 0025",
        "CL_Max": "1.2",
        "AoA_CL_Max": "16",
        "AoA_L0": "0",
        "dCl_dAoA_Slope": "0.089",
        "CD0_Min": "0.0143",
        "CL_Max_CD0_Min": "84",
        "CM0": "-0.003",
        "CD_Min": "0.0143",
        "LD_Max": "16.5",
        "CL_LD_Max": "0.47"
    },
    "NACA 2212": {
        "Name": "NACA 2212",
        "CL_Max": "1.6",
        "AoA_CL_Max": "16",
        "AoA_L0": "-1.8",
        "dCl_dAoA_Slope": "0.103",
        "CD0_Min": "0.0087",
        "CL_Max_CD0_Min": "184",
        "CM0": "-0.029",
        "CD_Min": "0.0088",
        "LD_Max": "22.4",
        "CL_LD_Max": "0.4"
    },
    "NACA 2306": {
        "Name": "NACA 2306",
        "CL_Max": "1.04",
        "AoA_CL_Max": "11",
        "AoA_L0": "-1.8",
        "dCl_dAoA_Slope": "0.104",
        "CD0_Min": "0.0073",
        "CL_Max_CD0_Min": "142",
        "CM0": "-0.036",
        "CD_Min": "0.0075",
        "LD_Max": "23.9",
        "CL_LD_Max": "0.33"
    },
    "NACA 2309": {
        "Name": "NACA 2309",
        "CL_Max": "1.51",
        "AoA_CL_Max": "15",
        "AoA_L0": "-2",
        "dCl_dAoA_Slope": "0.103",
        "CD0_Min": "0.0083",
        "CL_Max_CD0_Min": "182",
        "CM0": "-0.036",
        "CD_Min": "0.0085",
        "LD_Max": "22.9",
        "CL_LD_Max": "0.39"
    },
    "NACA 2312": {
        "Name": "NACA 2312",
        "CL_Max": "1.61",
        "AoA_CL_Max": "16",
        "AoA_L0": "-1.9",
        "dCl_dAoA_Slope": "0.101",
        "CD0_Min": "0.0089",
        "CL_Max_CD0_Min": "181",
        "CM0": "-0.038",
        "CD_Min": "0.009",
        "LD_Max": "22.1",
        "CL_LD_Max": "0.39"
    },
    "NACA 2315": {
        "Name": "NACA 2315",
        "CL_Max": "1.54",
        "AoA_CL_Max": "15",
        "AoA_L0": "-1.7",
        "dCl_dAoA_Slope": "0.102",
        "CD0_Min": "0.01",
        "CL_Max_CD0_Min": "154",
        "CM0": "-0.034",
        "CD_Min": "0.01",
        "LD_Max": "20.5",
        "CL_LD_Max": "0.41"
    },
    "NACA 2406": {
        "Name": "NACA 2406",
        "CL_Max": "1.01",
        "AoA_CL_Max": "13",
        "AoA_L0": "-1.7",
        "dCl_dAoA_Slope": "0.103",
        "CD0_Min": "0.007",
        "CL_Max_CD0_Min": "144",
        "CM0": "-0.039",
        "CD_Min": "0.0074",
        "LD_Max": "24.9",
        "CL_LD_Max": "0.32"
    },
    "NACA 2409": {
        "Name": "NACA 2409",
        "CL_Max": "1.51",
        "AoA_CL_Max": "14",
        "AoA_L0": "-1.7",
        "dCl_dAoA_Slope": "0.103",
        "CD0_Min": "0.008",
        "CL_Max_CD0_Min": "189",
        "CM0": "-0.044",
        "CD_Min": "0.0082",
        "LD_Max": "23.1",
        "CL_LD_Max": "0.36"
    },
    "NACA 2412": {
        "Name": "NACA 2412",
        "CL_Max": "1.62",
        "AoA_CL_Max": "17",
        "AoA_L0": "-1.8",
        "dCl_dAoA_Slope": "0.101",
        "CD0_Min": "0.0085",
        "CL_Max_CD0_Min": "190",
        "CM0": "-0.044",
        "CD_Min": "0.0087",
        "LD_Max": "22.5",
        "CL_LD_Max": "0.39"
    },
    "NACA 2415": {
        "Name": "NACA 2415",
        "CL_Max": "1.55",
        "AoA_CL_Max": "16",
        "AoA_L0": "-1.7",
        "dCl_dAoA_Slope": "0.101",
        "CD0_Min": "0.0099",
        "CL_Max_CD0_Min": "156",
        "CM0": "-0.04",
        "CD_Min": "0.01",
        "LD_Max": "20.8",
        "CL_LD_Max": "0.4"
    },
    "NACA 2418": {
        "Name": "NACA 2418",
        "CL_Max": "1.43",
        "AoA_CL_Max": "15",
        "AoA_L0": "-1.9",
        "dCl_dAoA_Slope": "0.098",
        "CD0_Min": "0.0112",
        "CL_Max_CD0_Min": "128",
        "CM0": "-0.037",
        "CD_Min": "0.0113",
        "LD_Max": "19.4",
        "CL_LD_Max": "0.42"
    },
    "NACA 2421": {
        "Name": "NACA 2421",
        "CL_Max": "1.35",
        "AoA_CL_Max": "16",
        "AoA_L0": "-1.7",
        "dCl_dAoA_Slope": "0.097",
        "CD0_Min": "0.0127",
        "CL_Max_CD0_Min": "106",
        "CM0": "-0.036",
        "CD_Min": "0.0128",
        "LD_Max": "17.9",
        "CL_LD_Max": "0.43"
    },
    "NACA 2506": {
        "Name": "NACA 2506",
        "CL_Max": "1.03",
        "AoA_CL_Max": "15",
        "AoA_L0": "-2",
        "dCl_dAoA_Slope": "0.103",
        "CD0_Min": "0.0073",
        "CL_Max_CD0_Min": "141",
        "CM0": "-0.048",
        "CD_Min": "0.0076",
        "LD_Max": "24.2",
        "CL_LD_Max": "0.36"
    },
    "NACA 2509": {
        "Name": "NACA 2509",
        "CL_Max": "1.38",
        "AoA_CL_Max": "13",
        "AoA_L0": "-2",
        "dCl_dAoA_Slope": "0.102",
        "CD0_Min": "0.0081",
        "CL_Max_CD0_Min": "170",
        "CM0": "-0.052",
        "CD_Min": "0.0083",
        "LD_Max": "22.9",
        "CL_LD_Max": "0.37"
    },
    "NACA 2512": {
        "Name": "NACA 2512",
        "CL_Max": "1.62",
        "AoA_CL_Max": "17",
        "AoA_L0": "-2.1",
        "dCl_dAoA_Slope": "0.102",
        "CD0_Min": "0.0088",
        "CL_Max_CD0_Min": "184",
        "CM0": "-0.054",
        "CD_Min": "0.0091",
        "LD_Max": "22.3",
        "CL_LD_Max": "0.39"
    },
    "NACA 2515": {
        "Name": "NACA 2515",
        "CL_Max": "1.53",
        "AoA_CL_Max": "16",
        "AoA_L0": "-2",
        "dCl_dAoA_Slope": "0.099",
        "CD0_Min": "0.0103",
        "CL_Max_CD0_Min": "148",
        "CM0": "-0.049",
        "CD_Min": "0.0104",
        "LD_Max": "20.4",
        "CL_LD_Max": "0.41"
    },
    "NACA 2518": {
        "Name": "NACA 2518",
        "CL_Max": "1.48",
        "AoA_CL_Max": "16",
        "AoA_L0": "-2",
        "dCl_dAoA_Slope": "0.096",
        "CD0_Min": "0.0112",
        "CL_Max_CD0_Min": "132",
        "CM0": "-0.047",
        "CD_Min": "0.0113",
        "LD_Max": "19.1",
        "CL_LD_Max": "0.42"
    },
    "NACA 2521": {
        "Name": "NACA 2521",
        "CL_Max": "1.38",
        "AoA_CL_Max": "16",
        "AoA_L0": "-1.8",
        "dCl_dAoA_Slope": "0.095",
        "CD0_Min": "0.0126",
        "CL_Max_CD0_Min": "109",
        "CM0": "-0.043",
        "CD_Min": "0.0126",
        "LD_Max": "17.7",
        "CL_LD_Max": "0.44"
    },
    "NACA 2612": {
        "Name": "NACA 2612",
        "CL_Max": "1.66",
        "AoA_CL_Max": "17",
        "AoA_L0": "-2.3",
        "dCl_dAoA_Slope": "0.1",
        "CD0_Min": "0.0089",
        "CL_Max_CD0_Min": "187",
        "CM0": "-0.06",
        "CD_Min": "0.0091",
        "LD_Max": "22.1",
        "CL_LD_Max": "0.38"
    },
    "NACA 2712": {
        "Name": "NACA 2712",
        "CL_Max": "1.68",
        "AoA_CL_Max": "17",
        "AoA_L0": "-2.6",
        "dCl_dAoA_Slope": "0.1",
        "CD0_Min": "0.009",
        "CL_Max_CD0_Min": "187",
        "CM0": "-0.075",
        "CD_Min": "0.0093",
        "LD_Max": "22",
        "CL_LD_Max": "0.38"
    },
    "NACA 4212": {
        "Name": "NACA 4212",
        "CL_Max": "1.71",
        "AoA_CL_Max": "16",
        "AoA_L0": "-3.4",
        "dCl_dAoA_Slope": "0.102",
        "CD0_Min": "0.0092",
        "CL_Max_CD0_Min": "186",
        "CM0": "-0.059",
        "CD_Min": "0.01",
        "LD_Max": "22.1",
        "CL_LD_Max": "0.4"
    },
    "NACA 4306": {
        "Name": "NACA 4306",
        "CL_Max": "1.2",
        "AoA_CL_Max": "10",
        "AoA_L0": "-3.8",
        "dCl_dAoA_Slope": "0.103",
        "CD0_Min": "0.008",
        "CL_Max_CD0_Min": "150",
        "CM0": "-0.075",
        "CD_Min": "0.0094",
        "LD_Max": "23.7",
        "CL_LD_Max": "0.38"
    },
    "NACA 4309": {
        "Name": "NACA 4309",
        "CL_Max": "1.6",
        "AoA_CL_Max": "15",
        "AoA_L0": "-3.6",
        "dCl_dAoA_Slope": "0.103",
        "CD0_Min": "0.0089",
        "CL_Max_CD0_Min": "180",
        "CM0": "-0.073",
        "CD_Min": "0.0094",
        "LD_Max": "22.3",
        "CL_LD_Max": "0.39"
    },
    "NACA 4312": {
        "Name": "NACA 4312",
        "CL_Max": "1.63",
        "AoA_CL_Max": "16",
        "AoA_L0": "-3.9",
        "dCl_dAoA_Slope": "0.1",
        "CD0_Min": "0.0095",
        "CL_Max_CD0_Min": "172",
        "CM0": "-0.075",
        "CD_Min": "0.01",
        "LD_Max": "21.7",
        "CL_LD_Max": "0.4"
    },
    "NACA 4315": {
        "Name": "NACA 4315",
        "CL_Max": "1.56",
        "AoA_CL_Max": "15",
        "AoA_L0": "-3.6",
        "dCl_dAoA_Slope": "0.103",
        "CD0_Min": "0.0107",
        "CL_Max_CD0_Min": "146",
        "CM0": "-0.068",
        "CD_Min": "0.0108",
        "LD_Max": "20.2",
        "CL_LD_Max": "0.42"
    },
    "NACA 4318": {
        "Name": "NACA 4318",
        "CL_Max": "1.46",
        "AoA_CL_Max": "14",
        "AoA_L0": "-3.5",
        "dCl_dAoA_Slope": "0.099",
        "CD0_Min": "0.0119",
        "CL_Max_CD0_Min": "123",
        "CM0": "-0.065",
        "CD_Min": "0.0121",
        "LD_Max": "19",
        "CL_LD_Max": "0.43"
    },
    "NACA 4321": {
        "Name": "NACA 4321",
        "CL_Max": "1.29",
        "AoA_CL_Max": "15",
        "AoA_L0": "-3.6",
        "dCl_dAoA_Slope": "0.095",
        "CD0_Min": "0.0134",
        "CL_Max_CD0_Min": "96",
        "CM0": "-0.057",
        "CD_Min": "0.0134",
        "LD_Max": "17.4",
        "CL_LD_Max": "0.45"
    },
    "NACA 4406": {
        "Name": "NACA 4406",
        "CL_Max": "1.23",
        "AoA_CL_Max": "10",
        "AoA_L0": "-3.9",
        "dCl_dAoA_Slope": "0.104",
        "CD0_Min": "0.0076",
        "CL_Max_CD0_Min": "162",
        "CM0": "-0.087",
        "CD_Min": "0.0089",
        "LD_Max": "24.2",
        "CL_LD_Max": "0.38"
    },
    "NACA 4409": {
        "Name": "NACA 4409",
        "CL_Max": "1.6",
        "AoA_CL_Max": "15",
        "AoA_L0": "-3.6",
        "dCl_dAoA_Slope": "0.103",
        "CD0_Min": "0.0086",
        "CL_Max_CD0_Min": "186",
        "CM0": "-0.086",
        "CD_Min": "0.0092",
        "LD_Max": "22.9",
        "CL_LD_Max": "0.4"
    },
    "NACA 4412": {
        "Name": "NACA 4412",
        "CL_Max": "1.65",
        "AoA_CL_Max": "16",
        "AoA_L0": "-3.9",
        "dCl_dAoA_Slope": "0.1",
        "CD0_Min": "0.0092",
        "CL_Max_CD0_Min": "179",
        "CM0": "-0.089",
        "CD_Min": "0.0096",
        "LD_Max": "22.1",
        "CL_LD_Max": "0.4"
    },
    "NACA 4415": {
        "Name": "NACA 4415",
        "CL_Max": "1.57",
        "AoA_CL_Max": "15",
        "AoA_L0": "-3.8",
        "dCl_dAoA_Slope": "0.101",
        "CD0_Min": "0.0105",
        "CL_Max_CD0_Min": "150",
        "CM0": "-0.083",
        "CD_Min": "0.0108",
        "LD_Max": "20.5",
        "CL_LD_Max": "0.42"
    },
    "NACA 4418": {
        "Name": "NACA 4418",
        "CL_Max": "1.47",
        "AoA_CL_Max": "17",
        "AoA_L0": "-3.7",
        "dCl_dAoA_Slope": "0.096",
        "CD0_Min": "0.0116",
        "CL_Max_CD0_Min": "127",
        "CM0": "-0.078",
        "CD_Min": "0.012",
        "LD_Max": "19.2",
        "CL_LD_Max": "0.43"
    },
    "NACA 4421": {
        "Name": "NACA 4421",
        "CL_Max": "1.37",
        "AoA_CL_Max": "19",
        "AoA_L0": "-3.4",
        "dCl_dAoA_Slope": "0.093",
        "CD0_Min": "0.0132",
        "CL_Max_CD0_Min": "104",
        "CM0": "-0.071",
        "CD_Min": "0.0133",
        "LD_Max": "17.7",
        "CL_LD_Max": "0.44"
    },
    "NACA 4506": {
        "Name": "NACA 4506",
        "CL_Max": "1.15",
        "AoA_CL_Max": "13",
        "AoA_L0": "-4.3",
        "dCl_dAoA_Slope": "0.104",
        "CD0_Min": "0.0087",
        "CL_Max_CD0_Min": "132",
        "CM0": "-0.109",
        "CD_Min": "0.0098",
        "LD_Max": "22.7",
        "CL_LD_Max": "0.4"
    },
    "NACA 4509": {
        "Name": "NACA 4509",
        "CL_Max": "1.56",
        "AoA_CL_Max": "13",
        "AoA_L0": "-4.1",
        "dCl_dAoA_Slope": "0.103",
        "CD0_Min": "0.0093",
        "CL_Max_CD0_Min": "168",
        "CM0": "-0.106",
        "CD_Min": "0.0099",
        "LD_Max": "22",
        "CL_LD_Max": "0.4"
    },
    "NACA 4512": {
        "Name": "NACA 4512",
        "CL_Max": "1.69",
        "AoA_CL_Max": "17",
        "AoA_L0": "-4.2",
        "dCl_dAoA_Slope": "0.097",
        "CD0_Min": "0.0095",
        "CL_Max_CD0_Min": "178",
        "CM0": "-0.105",
        "CD_Min": "0.0099",
        "LD_Max": "21.7",
        "CL_LD_Max": "0.4"
    },
    "NACA 4515": {
        "Name": "NACA 4515",
        "CL_Max": "1.62",
        "AoA_CL_Max": "17",
        "AoA_L0": "-4.1",
        "dCl_dAoA_Slope": "0.101",
        "CD0_Min": "0.0113",
        "CL_Max_CD0_Min": "143",
        "CM0": "-0.097",
        "CD_Min": "0.0116",
        "LD_Max": "19.6",
        "CL_LD_Max": "0.43"
    },
    "NACA 4518": {
        "Name": "NACA 4518",
        "CL_Max": "1.54",
        "AoA_CL_Max": "17",
        "AoA_L0": "-3.9",
        "dCl_dAoA_Slope": "0.096",
        "CD0_Min": "0.0125",
        "CL_Max_CD0_Min": "123",
        "CM0": "-0.094",
        "CD_Min": "0.0126",
        "LD_Max": "18.4",
        "CL_LD_Max": "0.43"
    },
    "NACA 4521": {
        "Name": "NACA 4521",
        "CL_Max": "1.46",
        "AoA_CL_Max": "19",
        "AoA_L0": "-3.4",
        "dCl_dAoA_Slope": "0.095",
        "CD0_Min": "0.0138",
        "CL_Max_CD0_Min": "106",
        "CM0": "-0.082",
        "CD_Min": "0.0138",
        "LD_Max": "17.2",
        "CL_LD_Max": "0.45"
    },
    "NACA 4612": {
        "Name": "NACA 4612",
        "CL_Max": "1.76",
        "AoA_CL_Max": "17",
        "AoA_L0": "-4.6",
        "dCl_dAoA_Slope": "0.098",
        "CD0_Min": "0.0099",
        "CL_Max_CD0_Min": "178",
        "CM0": "-0.124",
        "CD_Min": "0.0105",
        "LD_Max": "21.1",
        "CL_LD_Max": "0.41"
    },
    "NACA 4712": {
        "Name": "NACA 4712",
        "CL_Max": "1.82",
        "AoA_CL_Max": "18",
        "AoA_L0": "-5",
        "dCl_dAoA_Slope": "0.097",
        "CD0_Min": "0.0104",
        "CL_Max_CD0_Min": "175",
        "CM0": "-0.143",
        "CD_Min": "0.011",
        "LD_Max": "20.7",
        "CL_LD_Max": "0.41"
    },
    "NACA 6212": {
        "Name": "NACA 6212",
        "CL_Max": "1.75",
        "AoA_CL_Max": "14",
        "AoA_L0": "-5.2",
        "dCl_dAoA_Slope": "0.1",
        "CD0_Min": "0.0101",
        "CL_Max_CD0_Min": "173",
        "CM0": "-0.087",
        "CD_Min": "0.0117",
        "LD_Max": "20.9",
        "CL_LD_Max": "0.44"
    },
    "NACA 6306": {
        "Name": "NACA 6306",
        "CL_Max": "1.54",
        "AoA_CL_Max": "12",
        "AoA_L0": "5.2",
        "dCl_dAoA_Slope": "0.105",
        "CD0_Min": "0.0092",
        "CL_Max_CD0_Min": "167",
        "CM0": "-0.109",
        "CD_Min": "0.0177",
        "LD_Max": "21.6",
        "CL_LD_Max": "0.42"
    },
    "NACA 6309": {
        "Name": "NACA 6309",
        "CL_Max": "1.67",
        "AoA_CL_Max": "13",
        "AoA_L0": "-5.4",
        "dCl_dAoA_Slope": "0.104",
        "CD0_Min": "0.0101",
        "CL_Max_CD0_Min": "165",
        "CM0": "-0.11",
        "CD_Min": "0.0116",
        "LD_Max": "21.1",
        "CL_LD_Max": "0.42"
    },
    "NACA 6312": {
        "Name": "NACA 6312",
        "CL_Max": "1.66",
        "AoA_CL_Max": "14",
        "AoA_L0": "-5.5",
        "dCl_dAoA_Slope": "0.101",
        "CD0_Min": "0.0102",
        "CL_Max_CD0_Min": "163",
        "CM0": "-0.11",
        "CD_Min": "0.0115",
        "LD_Max": "20.9",
        "CL_LD_Max": "0.44"
    },
    "NACA 6315": {
        "Name": "NACA 6315",
        "CL_Max": "1.55",
        "AoA_CL_Max": "13",
        "AoA_L0": "-5.4",
        "dCl_dAoA_Slope": "0.101",
        "CD0_Min": "0.012",
        "CL_Max_CD0_Min": "129",
        "CM0": "-0.105",
        "CD_Min": "0.0125",
        "LD_Max": "19.3",
        "CL_LD_Max": "0.45"
    },
    "NACA 6318": {
        "Name": "NACA 6318",
        "CL_Max": "1.43",
        "AoA_CL_Max": "13",
        "AoA_L0": "-5.2",
        "dCl_dAoA_Slope": "0.098",
        "CD0_Min": "0.013",
        "CL_Max_CD0_Min": "110",
        "CM0": "-0.097",
        "CD_Min": "0.0133",
        "LD_Max": "18.4",
        "CL_LD_Max": "0.45"
    },
    "NACA 6321": {
        "Name": "NACA 6321",
        "CL_Max": "1.37",
        "AoA_CL_Max": "17",
        "AoA_L0": "-5.2",
        "dCl_dAoA_Slope": "0.096",
        "CD0_Min": "0.0144",
        "CL_Max_CD0_Min": "95",
        "CM0": "-0.09",
        "CD_Min": "0.0145",
        "LD_Max": "17",
        "CL_LD_Max": "0.47"
    },
    "NACA 6406": {
        "Name": "NACA 6406",
        "CL_Max": "1.43",
        "AoA_CL_Max": "9",
        "AoA_L0": "-5.6",
        "dCl_dAoA_Slope": "0.104",
        "CD0_Min": "0.0086",
        "CL_Max_CD0_Min": "166",
        "CM0": "-0.129",
        "CD_Min": "0.0139",
        "LD_Max": "22.6",
        "CL_LD_Max": "0.42"
    },
    "NACA 6409": {
        "Name": "NACA 6409",
        "CL_Max": "1.68",
        "AoA_CL_Max": "15",
        "AoA_L0": "-5.9",
        "dCl_dAoA_Slope": "0.101",
        "CD0_Min": "0.0094",
        "CL_Max_CD0_Min": "179",
        "CM0": "-0.133",
        "CD_Min": "0.0113",
        "LD_Max": "21.6",
        "CL_LD_Max": "0.42"
    },
    "NACA 6412": {
        "Name": "NACA 6412",
        "CL_Max": "1.67",
        "AoA_CL_Max": "15",
        "AoA_L0": "-5.7",
        "dCl_dAoA_Slope": "0.101",
        "CD0_Min": "0.0104",
        "CL_Max_CD0_Min": "160",
        "CM0": "-0.132",
        "CD_Min": "0.0117",
        "LD_Max": "20.8",
        "CL_LD_Max": "0.42"
    },
    "NACA 6415": {
        "Name": "NACA 6415",
        "CL_Max": "1.59",
        "AoA_CL_Max": "17",
        "AoA_L0": "-5.7",
        "dCl_dAoA_Slope": "0.099",
        "CD0_Min": "0.012",
        "CL_Max_CD0_Min": "133",
        "CM0": "-0.125",
        "CD_Min": "0.0127",
        "LD_Max": "19.2",
        "CL_LD_Max": "0.45"
    },
    "NACA 6418": {
        "Name": "NACA 6418",
        "CL_Max": "1.51",
        "AoA_CL_Max": "18",
        "AoA_L0": "-5.7",
        "dCl_dAoA_Slope": "0.099",
        "CD0_Min": "0.0132",
        "CL_Max_CD0_Min": "114",
        "CM0": "-0.118",
        "CD_Min": "0.0137",
        "LD_Max": "18.1",
        "CL_LD_Max": "0.45"
    },
    "NACA 6421": {
        "Name": "NACA 6421",
        "CL_Max": "1.41",
        "AoA_CL_Max": "18",
        "AoA_L0": "-5.2",
        "dCl_dAoA_Slope": "0.096",
        "CD0_Min": "0.0146",
        "CL_Max_CD0_Min": "97",
        "CM0": "-0.11",
        "CD_Min": "0.0148",
        "LD_Max": "16.9",
        "CL_LD_Max": "0.46"
    },
    "NACA 6506": {
        "Name": "NACA 6506",
        "CL_Max": "1.29",
        "AoA_CL_Max": "10",
        "AoA_L0": "-6.3",
        "dCl_dAoA_Slope": "0.101",
        "CD0_Min": "0.0093",
        "CL_Max_CD0_Min": "139",
        "CM0": "-0.159",
        "CD_Min": "0.0122",
        "LD_Max": "21.6",
        "CL_LD_Max": "0.42"
    },
    "NACA 6509": {
        "Name": "NACA 6509",
        "CL_Max": "1.71",
        "AoA_CL_Max": "15",
        "AoA_L0": "-6.3",
        "dCl_dAoA_Slope": "0.103",
        "CD0_Min": "0.01",
        "CL_Max_CD0_Min": "171",
        "CM0": "-0.158",
        "CD_Min": "0.0119",
        "LD_Max": "21",
        "CL_LD_Max": "0.43"
    },
    "NACA 6512": {
        "Name": "NACA 6512",
        "CL_Max": "1.75",
        "AoA_CL_Max": "17",
        "AoA_L0": "-6.2",
        "dCl_dAoA_Slope": "0.101",
        "CD0_Min": "0.0106",
        "CL_Max_CD0_Min": "165",
        "CM0": "-0.159",
        "CD_Min": "0.0119",
        "LD_Max": "20.6",
        "CL_LD_Max": "0.42"
    },
    "NACA 6515": {
        "Name": "NACA 6515",
        "CL_Max": "1.67",
        "AoA_CL_Max": "18",
        "AoA_L0": "-6",
        "dCl_dAoA_Slope": "0.099",
        "CD0_Min": "0.0127",
        "CL_Max_CD0_Min": "132",
        "CM0": "-0.15",
        "CD_Min": "0.0134",
        "LD_Max": "18.7",
        "CL_LD_Max": "0.44"
    },
    "NACA 6518": {
        "Name": "NACA 6518",
        "CL_Max": "1.61",
        "AoA_CL_Max": "18",
        "AoA_L0": "-5.7",
        "dCl_dAoA_Slope": "0.095",
        "CD0_Min": "0.0141",
        "CL_Max_CD0_Min": "114",
        "CM0": "-0.139",
        "CD_Min": "0.0142",
        "LD_Max": "17.4",
        "CL_LD_Max": "0.46"
    },
    "NACA 6521": {
        "Name": "NACA 6521",
        "CL_Max": "1.49",
        "AoA_CL_Max": "19",
        "AoA_L0": "-5.3",
        "dCl_dAoA_Slope": "0.094",
        "CD0_Min": "0.0154",
        "CL_Max_CD0_Min": "97",
        "CM0": "-0.129",
        "CD_Min": "0.0155",
        "LD_Max": "16",
        "CL_LD_Max": "0.47"
    },
    "NACA 6612": {
        "Name": "NACA 6612",
        "CL_Max": "1.83",
        "AoA_CL_Max": "17",
        "AoA_L0": "-6.6",
        "dCl_dAoA_Slope": "0.099",
        "CD0_Min": "0.0114",
        "CL_Max_CD0_Min": "161",
        "CM0": "-0.186",
        "CD_Min": "0.0124",
        "LD_Max": "19.8",
        "CL_LD_Max": "0.43"
    },
    "NACA 6712": {
        "Name": "NACA 6712",
        "CL_Max": "1.95",
        "AoA_CL_Max": "18",
        "AoA_L0": "-7",
        "dCl_dAoA_Slope": "0.097",
        "CD0_Min": "0.0126",
        "CL_Max_CD0_Min": "155",
        "CM0": "-0.206",
        "CD_Min": "0.0135",
        "LD_Max": "18.6",
        "CL_LD_Max": "0.45"
    }
}