{
    "DESIGN_PARAMETERS": {
        "Arm_Length": {
            "PARAMETERS": {
                "Tube__Length": [
                    "Tube_instance_7_Tube__Length",
                    "Tube_instance_3_Tube__Length",
                    "Tube_instance_5_Tube__Length",
                    "Tube_instance_4_Tube__Length"
                ]
            },
            "VALUE": 220.0
        },
        "Battery_1_Offset": {
            "PARAMETERS": {
                "capsule_fuselage__FLOOR_CONNECTOR_1_DISP_WIDTH": [
                    "capsule_fuselage_instance_1_capsule_fuselage__FLOOR_CONNECTOR_1_DISP_WIDTH"
                ]
            },
            "VALUE": 24.0
        },
        "Battery_2_Offset": {
            "PARAMETERS": {
                "capsule_fuselage__FLOOR_CONNECTOR_2_DISP_WIDTH": [
                    "capsule_fuselage_instance_1_capsule_fuselage__FLOOR_CONNECTOR_2_DISP_WIDTH"
                ]
            },
            "VALUE": -24.0
        },
        "Leg_Length": {
            "PARAMETERS": {
                "Tube__Length": [
                    "Tube_instance_2_Tube__Length",
                    "Tube_instance_8_Tube__Length",
                    "Tube_instance_1_Tube__Length",
                    "Tube_instance_6_Tube__Length"
                ]
            },
            "VALUE": 95.0
        },
        "UpFacingCCW_PropType": {
            "PARAMETERS": {
                "Propeller__Prop_type": [
                    "Propeller_instance_1_Propeller__Prop_type",
                    "Propeller_instance_2_Propeller__Prop_type"
                ]
            },
            "VALUE": -1.0
        },
        "UpFacingCCW_Spin": {
            "PARAMETERS": {
                "Propeller__Direction": [
                    "Propeller_instance_1_Propeller__Direction",
                    "Propeller_instance_2_Propeller__Direction"
                ]
            },
            "VALUE": -1.0
        },
        "UpFacingCW_PropType": {
            "PARAMETERS": {
                "Propeller__Prop_type": [
                    "Propeller_instance_3_Propeller__Prop_type",
                    "Propeller_instance_4_Propeller__Prop_type"
                ]
            },
            "VALUE": 1.0
        },
        "UpFacingCW_Spin": {
            "PARAMETERS": {
                "Propeller__Direction": [
                    "Propeller_instance_4_Propeller__Direction",
                    "Propeller_instance_3_Propeller__Direction"
                ]
            },
            "VALUE": 1.0
        },
        "flight_angle": {
            "PARAMETERS": {
                "Orient__Z_ANGLE": [
                    "Orient_Orient__Z_ANGLE"
                ],
                "capsule_fuselage__BOTTOM_CONNECTOR_ROTATION": [
                    "capsule_fuselage_instance_1_capsule_fuselage__BOTTOM_CONNECTOR_ROTATION"
                ]
            },
            "VALUE": 45.0
        },
        "fuse_floor": {
            "PARAMETERS": {
                "capsule_fuselage__FLOOR_HEIGHT": [
                    "capsule_fuselage_instance_1_capsule_fuselage__FLOOR_HEIGHT"
                ]
            },
            "VALUE": 20.0
        },
        "fuse_height": {
            "PARAMETERS": {
                "capsule_fuselage__VERT_DIAMETER": [
                    "capsule_fuselage_instance_1_capsule_fuselage__VERT_DIAMETER"
                ]
            },
            "VALUE": 90.0
        },
        "fuse_length": {
            "PARAMETERS": {
                "capsule_fuselage__TUBE_LENGTH": [
                    "capsule_fuselage_instance_1_capsule_fuselage__TUBE_LENGTH"
                ]
            },
            "VALUE": 100.0
        },
        "fuse_width": {
            "PARAMETERS": {
                "capsule_fuselage__HORZ_DIAMETER": [
                    "capsule_fuselage_instance_1_capsule_fuselage__HORZ_DIAMETER"
                ]
            },
            "VALUE": 145.0
        }
    },
    "PARAMETERS": {
        "COMPONENT": {
            "BatteryController__Input_Voltage": 1.0,
            "BatteryController__Output_Voltage": 1.0,
            "Battery_UAV__ROTATION": 0.0,
            "Battery__CHORD_1": 200.0,
            "Battery__CHORD_2": 1.0,
            "Battery__MOUNT_SIDE": 1.0,
            "Battery__SPAN": 2500.0,
            "Battery__TAPER_OFFSET": 0.0,
            "Battery__THICKNESS": 200.0,
            "Battery__VOLTAGE_REQUEST": 400.0,
            "Battery__VOLUME_PERCENT": 100.0,
            "Beam_Cap__CHORD": 500.0,
            "Beam_Cap__THICKNESS": 40.0,
            "Beam__BOTTOM_CONN_DISP": 0.0,
            "Beam__CHORD": 500.0,
            "Beam__SPAN": 1000.0,
            "Beam__THICKNESS": 40.0,
            "Beam__TOP_CONN_DISP": 0.0,
            "Cylinder_Flip_Out__DIAMETER": 200.0,
            "Cylinder_Flip__DIAMETER": 200.0,
            "Cylinder__BOTTOM_CONN_DISP": 0.0,
            "Cylinder__DIAMETER": 200.0,
            "Cylinder__FRONT_ANGLE": 0.0,
            "Cylinder__LEFT_CONN_DISP": 0.0,
            "Cylinder__LENGTH": 5000.0,
            "Cylinder__PORT_THICKNESS": 100.0,
            "Cylinder__RIGHT_CONN_DISP": 0.0,
            "Cylinder__TOP_CONN_DISP": 0.0,
            "Flange__BOTTOM_ANGLE": 0.0,
            "Flange__SIDE_ANGLE": 0.0,
            "FuselageNACA__BOTTOM_PORT_DISP": 0.0,
            "FuselageNACA__CHORD": 6000.0,
            "FuselageNACA__FLOOR_HEIGHT": 150.0,
            "FuselageNACA__LEFT_PORT_DISP": 0.0,
            "FuselageNACA__LENGTH": 2000.0,
            "FuselageNACA__PORT_CHORD": 1000.0,
            "FuselageNACA__PORT_OFFSET": 4000.0,
            "FuselageNACA__PORT_THICKNESS": 100.0,
            "FuselageNACA__RIGHT_PORT_DISP": 0.0,
            "FuselageNACA__SEAT_1_FB": 1000.0,
            "FuselageNACA__SEAT_1_LR": -200.0,
            "FuselageNACA__SEAT_2_FB": 1000.0,
            "FuselageNACA__SEAT_2_LR": 200.0,
            "FuselageNACA__THICKNESS": 24.0,
            "FuselageNACA__TOP_PORT_DISP": 0.0,
            "Fuselage__BOTTOM_PORT_DISP": 0.0,
            "Fuselage__FLOOR_HEIGHT": 150.0,
            "Fuselage__LEFT_PORT_DISP": 0.0,
            "Fuselage__LENGTH": 2000.0,
            "Fuselage__MIDDLE_LENGTH": 750.0,
            "Fuselage__PORT_THICKNESS": 100.0,
            "Fuselage__RIGHT_PORT_DISP": 0.0,
            "Fuselage__SEAT_1_FB": 1000.0,
            "Fuselage__SEAT_1_LR": -200.0,
            "Fuselage__SEAT_2_FB": 1000.0,
            "Fuselage__SEAT_2_LR": 200.0,
            "Fuselage__SPHERE_DIAMETER": 1520.0,
            "Fuselage__TAIL_DIAMETER": 200.0,
            "Fuselage__TOP_PORT_DISP": 0.0,
            "Hub2__ANGHORZCONN:": 180.0,
            "Hub2__ANGVERTCONN:": 0.0,
            "Hub3__ANGHORZCONN": 120.0,
            "Hub3__ANGVERTCONN": 0.0,
            "Hub4__ANGHORZCONN:": 90.0,
            "Hub4__ANGVERTCONN:": 0.0,
            "Hub5__ANGHORZCONN:": 72.0,
            "Hub5__ANGVERTCONN:": 0.0,
            "Hub6__ANGHORZCONN:": 60.0,
            "Hub6__ANGVERTCONN:": 0.0,
            "Instrument_Battery__ROTATION": 0.0,
            "Motor__CONTROL_CHANNEL": 1.0,
            "NACA_Port_Connector__BOTTOM_CONNECTION_DISP": 0.0,
            "NACA_Port_Connector__CHORD": 4000.0,
            "NACA_Port_Connector__PORT_THICKNESS": 100.0,
            "NACA_Port_Connector__THICKNESS": 12.0,
            "Orient__Z_ANGLE": 45.0,
            "Propeller__Direction": -1.0,
            "Propeller__Prop_type": -1.0,
            "Tube__BASE_ROT": 0.0,
            "Tube__END_ROT": 0.0,
            "Tube__Offset1": 0.0,
            "Tube__Offset2": 0.0,
            "Wing__AILERON_BIAS": 0.5,
            "Wing__CHORD_1": 250.0,
            "Wing__CHORD_2": 250.0,
            "Wing__FLAP_BIAS": 0.5,
            "Wing__LOAD": 15.0,
            "Wing__NACA_Profile": 12.0,
            "Wing__SERVO_LENGTH": 10.0,
            "Wing__SERVO_THICKNESS": 10.0,
            "Wing__SERVO_WIDTH": 10.0,
            "Wing__SPAN": 1000.0,
            "Wing__TAPER_OFFSET": 0.0,
            "Wing__THICKNESS": 12.0,
            "Wing__TUBE_DIAMETER": 10.0,
            "Wing__TUBE_OFFSET": 100.0,
            "Wing__TUBE_ROTATION": 0.0,
            "Wing_horiz_hole__AILERON_BIAS": 0.5,
            "Wing_horiz_hole__CHORD_1": 250.0,
            "Wing_horiz_hole__CHORD_2": 250.0,
            "Wing_horiz_hole__FLAP_BIAS": 0.5,
            "Wing_horiz_hole__LOAD": 15.0,
            "Wing_horiz_hole__NACA_Profile": 12.0,
            "Wing_horiz_hole__SERVO_LENGTH": 10.0,
            "Wing_horiz_hole__SERVO_THICKNESS": 10.0,
            "Wing_horiz_hole__SERVO_WIDTH": 10.0,
            "Wing_horiz_hole__SPAN": 1000.0,
            "Wing_horiz_hole__TAPER_OFFSET": 0.0,
            "Wing_horiz_hole__THICKNESS": 12.0,
            "Wing_horiz_hole__TUBE_DIAMETER": 10.0,
            "Wing_horiz_hole__TUBE_OFFSET": 100.0,
            "Wing_horiz_hole__TUBE_ROTATION": 0.0,
            "capsule_fuselage__BOTTOM_CONNECTOR_OFFSET_LENGTH": 0.0,
            "capsule_fuselage__BOTTOM_CONNECTOR_OFFSET_WIDTH": 0.0,
            "capsule_fuselage__BOTTOM_CONNECTOR_ROTATION": 45.0,
            "capsule_fuselage__FLOOR_CONNECTOR_1_DISP_LENGTH": 0.0,
            "capsule_fuselage__FLOOR_CONNECTOR_1_DISP_WIDTH": 24.0,
            "capsule_fuselage__FLOOR_CONNECTOR_2_DISP_LENGTH": 0.0,
            "capsule_fuselage__FLOOR_CONNECTOR_2_DISP_WIDTH": -24.0,
            "capsule_fuselage__FLOOR_CONNECTOR_3_DISP_LENGTH": 0.0,
            "capsule_fuselage__FLOOR_CONNECTOR_3_DISP_WIDTH": 0.0,
            "capsule_fuselage__FLOOR_CONNECTOR_4_DISP_LENGTH": 0.0,
            "capsule_fuselage__FLOOR_CONNECTOR_4_DISP_WIDTH": 0.0
        },
        "DEFAULT": {
            "Battery__CHORD_1": {
                "Hub4_instance_1_Battery__CHORD_1": 200.0
            },
            "Battery__CHORD_2": {
                "Hub4_instance_1_Battery__CHORD_2": 1.0
            },
            "Battery__SPAN": {
                "Hub4_instance_1_Battery__SPAN": 2500.0
            },
            "Battery__THICKNESS": {
                "Hub4_instance_1_Battery__THICKNESS": 200.0
            },
            "Battery__VOLTAGE_REQUEST": {
                "Hub4_instance_1_Battery__VOLTAGE_REQUEST": 400.0
            },
            "Beam_Cap__CHORD": {
                "Hub4_instance_1_Beam_Cap__CHORD": 500.0
            },
            "Beam__CHORD": {
                "Hub4_instance_1_Beam__CHORD": 500.0
            },
            "Cylinder_Flip_Out__DIAMETER": {
                "Hub4_instance_1_Cylinder_Flip_Out__DIAMETER": 200.0
            },
            "Cylinder_Flip__DIAMETER": {
                "Hub4_instance_1_Cylinder_Flip__DIAMETER": 200.0
            },
            "Cylinder__DIAMETER": {
                "Hub4_instance_1_Cylinder__DIAMETER": 200.0
            },
            "Cylinder__FRONT_ANGLE": {
                "Hub4_instance_1_Cylinder__FRONT_ANGLE": 0.0
            },
            "Cylinder__LENGTH": {
                "Hub4_instance_1_Cylinder__LENGTH": 5000.0
            },
            "FuselageNACA__BOTTOM_PORT_DISP": {
                "Hub4_instance_1_FuselageNACA__BOTTOM_PORT_DISP": 0.0
            },
            "FuselageNACA__CHORD": {
                "Hub4_instance_1_FuselageNACA__CHORD": 6000.0
            },
            "FuselageNACA__FLOOR_HEIGHT": {
                "Hub4_instance_1_FuselageNACA__FLOOR_HEIGHT": 150.0
            },
            "FuselageNACA__LEFT_PORT_DISP": {
                "Hub4_instance_1_FuselageNACA__LEFT_PORT_DISP": 0.0
            },
            "FuselageNACA__LENGTH": {
                "Hub4_instance_1_FuselageNACA__LENGTH": 2000.0
            },
            "FuselageNACA__PORT_CHORD": {
                "Hub4_instance_1_FuselageNACA__PORT_CHORD": 1000.0
            },
            "FuselageNACA__PORT_OFFSET": {
                "Hub4_instance_1_FuselageNACA__PORT_OFFSET": 4000.0
            },
            "FuselageNACA__RIGHT_PORT_DISP": {
                "Hub4_instance_1_FuselageNACA__RIGHT_PORT_DISP": 0.0
            },
            "FuselageNACA__SEAT_1_FB": {
                "Hub4_instance_1_FuselageNACA__SEAT_1_FB": 1000.0
            },
            "FuselageNACA__SEAT_1_LR": {
                "Hub4_instance_1_FuselageNACA__SEAT_1_LR": -200.0
            },
            "FuselageNACA__SEAT_2_FB": {
                "Hub4_instance_1_FuselageNACA__SEAT_2_FB": 1000.0
            },
            "FuselageNACA__SEAT_2_LR": {
                "Hub4_instance_1_FuselageNACA__SEAT_2_LR": 200.0
            },
            "FuselageNACA__THICKNESS": {
                "Hub4_instance_1_FuselageNACA__THICKNESS": 24.0
            },
            "FuselageNACA__TOP_PORT_DISP": {
                "Hub4_instance_1_FuselageNACA__TOP_PORT_DISP": 0.0
            },
            "Fuselage__BOTTOM_PORT_DISP": {
                "Hub4_instance_1_Fuselage__BOTTOM_PORT_DISP": 0.0
            },
            "Fuselage__FLOOR_HEIGHT": {
                "Hub4_instance_1_Fuselage__FLOOR_HEIGHT": 150.0
            },
            "Fuselage__LEFT_PORT_DISP": {
                "Hub4_instance_1_Fuselage__LEFT_PORT_DISP": 0.0
            },
            "Fuselage__LENGTH": {
                "Hub4_instance_1_Fuselage__LENGTH": 2000.0
            },
            "Fuselage__MIDDLE_LENGTH": {
                "Hub4_instance_1_Fuselage__MIDDLE_LENGTH": 750.0
            },
            "Fuselage__RIGHT_PORT_DISP": {
                "Hub4_instance_1_Fuselage__RIGHT_PORT_DISP": 0.0
            },
            "Fuselage__SEAT_1_FB": {
                "Hub4_instance_1_Fuselage__SEAT_1_FB": 1000.0
            },
            "Fuselage__SEAT_1_LR": {
                "Hub4_instance_1_Fuselage__SEAT_1_LR": -200.0
            },
            "Fuselage__SEAT_2_FB": {
                "Hub4_instance_1_Fuselage__SEAT_2_FB": 1000.0
            },
            "Fuselage__SEAT_2_LR": {
                "Hub4_instance_1_Fuselage__SEAT_2_LR": 200.0
            },
            "Fuselage__SPHERE_DIAMETER": {
                "Hub4_instance_1_Fuselage__SPHERE_DIAMETER": 1520.0
            },
            "Fuselage__TAIL_DIAMETER": {
                "Hub4_instance_1_Fuselage__TAIL_DIAMETER": 200.0
            },
            "Fuselage__TOP_PORT_DISP": {
                "Hub4_instance_1_Fuselage__TOP_PORT_DISP": 0.0
            },
            "NACA_Port_Connector__CHORD": {
                "Hub4_instance_1_NACA_Port_Connector__CHORD": 4000.0
            },
            "Orient__Z_ANGLE": {
                "Orient_Orient__Z_ANGLE": 45.0
            },
            "Propeller__Direction": {
                "Propeller_instance_1_Propeller__Direction": -1.0,
                "Propeller_instance_2_Propeller__Direction": -1.0
            },
            "Propeller__Prop_type": {
                "Propeller_instance_1_Propeller__Prop_type": -1.0,
                "Propeller_instance_2_Propeller__Prop_type": -1.0
            },
            "Tube__Length": {
                "Tube_instance_1_Tube__Length": 95.0,
                "Tube_instance_2_Tube__Length": 95.0,
                "Tube_instance_3_Tube__Length": 220.0,
                "Tube_instance_4_Tube__Length": 220.0,
                "Tube_instance_5_Tube__Length": 220.0,
                "Tube_instance_6_Tube__Length": 95.0,
                "Tube_instance_7_Tube__Length": 220.0,
                "Tube_instance_8_Tube__Length": 95.0
            },
            "Tube__Offset1": {
                "Hub4_instance_1_Tube__Offset1": 0.0,
                "Tube_instance_1_Tube__Offset1": 0.0,
                "Tube_instance_2_Tube__Offset1": 0.0,
                "Tube_instance_3_Tube__Offset1": 0.0,
                "Tube_instance_4_Tube__Offset1": 0.0,
                "Tube_instance_5_Tube__Offset1": 0.0,
                "Tube_instance_6_Tube__Offset1": 0.0,
                "Tube_instance_7_Tube__Offset1": 0.0,
                "Tube_instance_8_Tube__Offset1": 0.0
            },
            "Tube__Offset2": {
                "Hub4_instance_1_Tube__Offset2": 0.0,
                "Tube_instance_1_Tube__Offset2": 0.0,
                "Tube_instance_2_Tube__Offset2": 0.0,
                "Tube_instance_3_Tube__Offset2": 0.0,
                "Tube_instance_4_Tube__Offset2": 0.0,
                "Tube_instance_5_Tube__Offset2": 0.0,
                "Tube_instance_6_Tube__Offset2": 0.0,
                "Tube_instance_7_Tube__Offset2": 0.0,
                "Tube_instance_8_Tube__Offset2": 0.0
            },
            "Wing__CHORD_1": {
                "Hub4_instance_1_Wing__CHORD_1": 250.0
            },
            "Wing__CHORD_2": {
                "Hub4_instance_1_Wing__CHORD_2": 250.0
            },
            "Wing__SERVO_LENGTH": {
                "Hub4_instance_1_Wing__SERVO_LENGTH": 10.0
            },
            "Wing__SERVO_THICKNESS": {
                "Hub4_instance_1_Wing__SERVO_THICKNESS": 10.0
            },
            "Wing__SERVO_WIDTH": {
                "Hub4_instance_1_Wing__SERVO_WIDTH": 10.0
            },
            "Wing__TUBE_DIAMETER": {
                "Hub4_instance_1_Wing__TUBE_DIAMETER": 10.0
            },
            "Wing__TUBE_OFFSET": {
                "Hub4_instance_1_Wing__TUBE_OFFSET": 100.0
            },
            "Wing_horiz_hole__CHORD_1": {
                "Hub4_instance_1_Wing_horiz_hole__CHORD_1": 250.0
            },
            "Wing_horiz_hole__CHORD_2": {
                "Hub4_instance_1_Wing_horiz_hole__CHORD_2": 250.0
            },
            "Wing_horiz_hole__SERVO_LENGTH": {
                "Hub4_instance_1_Wing_horiz_hole__SERVO_LENGTH": 10.0
            },
            "Wing_horiz_hole__SERVO_THICKNESS": {
                "Hub4_instance_1_Wing_horiz_hole__SERVO_THICKNESS": 10.0
            },
            "Wing_horiz_hole__SERVO_WIDTH": {
                "Hub4_instance_1_Wing_horiz_hole__SERVO_WIDTH": 10.0
            },
            "Wing_horiz_hole__TUBE_DIAMETER": {
                "Hub4_instance_1_Wing_horiz_hole__TUBE_DIAMETER": 10.0
            },
            "Wing_horiz_hole__TUBE_OFFSET": {
                "Hub4_instance_1_Wing_horiz_hole__TUBE_OFFSET": 100.0
            },
            "capsule_fuselage__BOTTOM_CONNECTOR_ROTATION": {
                "capsule_fuselage_instance_1_capsule_fuselage__BOTTOM_CONNECTOR_ROTATION": 45.0
            },
            "capsule_fuselage__FLOOR_CONNECTOR_1_DISP_WIDTH": {
                "capsule_fuselage_instance_1_capsule_fuselage__FLOOR_CONNECTOR_1_DISP_WIDTH": 24.0
            },
            "capsule_fuselage__FLOOR_CONNECTOR_2_DISP_WIDTH": {
                "capsule_fuselage_instance_1_capsule_fuselage__FLOOR_CONNECTOR_2_DISP_WIDTH": -24.0
            },
            "capsule_fuselage__FLOOR_HEIGHT": {
                "Hub4_instance_1_capsule_fuselage__FLOOR_HEIGHT": 50.0,
                "capsule_fuselage_instance_1_capsule_fuselage__FLOOR_HEIGHT": 20.0
            },
            "capsule_fuselage__HORZ_DIAMETER": {
                "Hub4_instance_1_capsule_fuselage__HORZ_DIAMETER": 500.0,
                "capsule_fuselage_instance_1_capsule_fuselage__HORZ_DIAMETER": 145.0
            },
            "capsule_fuselage__TUBE_LENGTH": {
                "Hub4_instance_1_capsule_fuselage__TUBE_LENGTH": 500.0,
                "capsule_fuselage_instance_1_capsule_fuselage__TUBE_LENGTH": 100.0
            },
            "capsule_fuselage__VERT_DIAMETER": {
                "Hub4_instance_1_capsule_fuselage__VERT_DIAMETER": 100.0,
                "capsule_fuselage_instance_1_capsule_fuselage__VERT_DIAMETER": 90.0
            }
        },
        "MODIFIED": {
            "BatteryController__Input_Voltage": {
                "BatteryController_instance_1_BatteryController__Input_Voltage": 1.0,
                "Hub4_instance_1_BatteryController__Input_Voltage": 1.0
            },
            "BatteryController__Output_Voltage": {
                "BatteryController_instance_1_BatteryController__Output_Voltage": 1.0,
                "Hub4_instance_1_BatteryController__Output_Voltage": 1.0
            },
            "Battery_UAV__ROTATION": {
                "Battery_UAV_instance_1_Battery_UAV__ROTATION": 0.0,
                "Battery_UAV_instance_2_Battery_UAV__ROTATION": 0.0,
                "Hub4_instance_1_Battery_UAV__ROTATION": 0.0
            },
            "Battery__MOUNT_SIDE": {
                "Hub4_instance_1_Battery__MOUNT_SIDE": 1.0
            },
            "Battery__TAPER_OFFSET": {
                "Hub4_instance_1_Battery__TAPER_OFFSET": 0.0
            },
            "Battery__VOLUME_PERCENT": {
                "Hub4_instance_1_Battery__VOLUME_PERCENT": 100.0
            },
            "Beam_Cap__THICKNESS": {
                "Hub4_instance_1_Beam_Cap__THICKNESS": 40.0
            },
            "Beam__BOTTOM_CONN_DISP": {
                "Hub4_instance_1_Beam__BOTTOM_CONN_DISP": 0.0
            },
            "Beam__SPAN": {
                "Hub4_instance_1_Beam__SPAN": 1000.0
            },
            "Beam__THICKNESS": {
                "Hub4_instance_1_Beam__THICKNESS": 40.0
            },
            "Beam__TOP_CONN_DISP": {
                "Hub4_instance_1_Beam__TOP_CONN_DISP": 0.0
            },
            "Cylinder__BOTTOM_CONN_DISP": {
                "Hub4_instance_1_Cylinder__BOTTOM_CONN_DISP": 0.0
            },
            "Cylinder__LEFT_CONN_DISP": {
                "Hub4_instance_1_Cylinder__LEFT_CONN_DISP": 0.0
            },
            "Cylinder__PORT_THICKNESS": {
                "Hub4_instance_1_Cylinder__PORT_THICKNESS": 100.0
            },
            "Cylinder__RIGHT_CONN_DISP": {
                "Hub4_instance_1_Cylinder__RIGHT_CONN_DISP": 0.0
            },
            "Cylinder__TOP_CONN_DISP": {
                "Hub4_instance_1_Cylinder__TOP_CONN_DISP": 0.0
            },
            "Flange__BOTTOM_ANGLE": {
                "Flange_instance_1_Flange__BOTTOM_ANGLE": 0.0,
                "Flange_instance_2_Flange__BOTTOM_ANGLE": 0.0,
                "Flange_instance_3_Flange__BOTTOM_ANGLE": 0.0,
                "Flange_instance_4_Flange__BOTTOM_ANGLE": 0.0,
                "Hub4_instance_1_Flange__BOTTOM_ANGLE": 0.0
            },
            "Flange__SIDE_ANGLE": {
                "Flange_instance_1_Flange__SIDE_ANGLE": 0.0,
                "Flange_instance_2_Flange__SIDE_ANGLE": 0.0,
                "Flange_instance_3_Flange__SIDE_ANGLE": 0.0,
                "Flange_instance_4_Flange__SIDE_ANGLE": 0.0,
                "Hub4_instance_1_Flange__SIDE_ANGLE": 0.0
            },
            "FuselageNACA__PORT_THICKNESS": {
                "Hub4_instance_1_FuselageNACA__PORT_THICKNESS": 100.0
            },
            "Fuselage__PORT_THICKNESS": {
                "Hub4_instance_1_Fuselage__PORT_THICKNESS": 100.0
            },
            "Hub2__ANGHORZCONN:": {
                "Hub4_instance_1_Hub2__ANGHORZCONN:": 180.0
            },
            "Hub2__ANGVERTCONN:": {
                "Hub4_instance_1_Hub2__ANGVERTCONN:": 0.0
            },
            "Hub3__ANGHORZCONN": {
                "Hub4_instance_1_Hub3__ANGHORZCONN": 120.0
            },
            "Hub3__ANGVERTCONN": {
                "Hub4_instance_1_Hub3__ANGVERTCONN": 0.0
            },
            "Hub4__ANGHORZCONN:": {
                "Hub4_instance_1_Hub4__ANGHORZCONN:": 90.0
            },
            "Hub4__ANGVERTCONN:": {
                "Hub4_instance_1_Hub4__ANGVERTCONN:": 0.0
            },
            "Hub5__ANGHORZCONN:": {
                "Hub4_instance_1_Hub5__ANGHORZCONN:": 72.0
            },
            "Hub5__ANGVERTCONN:": {
                "Hub4_instance_1_Hub5__ANGVERTCONN:": 0.0
            },
            "Hub6__ANGHORZCONN:": {
                "Hub4_instance_1_Hub6__ANGHORZCONN:": 60.0
            },
            "Hub6__ANGVERTCONN:": {
                "Hub4_instance_1_Hub6__ANGVERTCONN:": 0.0
            },
            "Instrument_Battery__ROTATION": {
                "Hub4_instance_1_Instrument_Battery__ROTATION": 0.0
            },
            "Motor__CONTROL_CHANNEL": {
                "Hub4_instance_1_Motor__CONTROL_CHANNEL": 1.0,
                "Motor_instance_1_Motor__CONTROL_CHANNEL": 1.0,
                "Motor_instance_2_Motor__CONTROL_CHANNEL": 1.0,
                "Motor_instance_3_Motor__CONTROL_CHANNEL": 1.0,
                "Motor_instance_4_Motor__CONTROL_CHANNEL": 1.0
            },
            "NACA_Port_Connector__BOTTOM_CONNECTION_DISP": {
                "Hub4_instance_1_NACA_Port_Connector__BOTTOM_CONNECTION_DISP": 0.0
            },
            "NACA_Port_Connector__PORT_THICKNESS": {
                "Hub4_instance_1_NACA_Port_Connector__PORT_THICKNESS": 100.0
            },
            "NACA_Port_Connector__THICKNESS": {
                "Hub4_instance_1_NACA_Port_Connector__THICKNESS": 12.0
            },
            "Orient__Z_ANGLE": {
                "Hub4_instance_1_Orient__Z_ANGLE": 0.0
            },
            "Propeller__Direction": {
                "Hub4_instance_1_Propeller__Direction": 1.0,
                "Propeller_instance_3_Propeller__Direction": 1.0,
                "Propeller_instance_4_Propeller__Direction": 1.0
            },
            "Propeller__Prop_type": {
                "Hub4_instance_1_Propeller__Prop_type": 1.0,
                "Propeller_instance_3_Propeller__Prop_type": 1.0,
                "Propeller_instance_4_Propeller__Prop_type": 1.0
            },
            "Tube__BASE_ROT": {
                "Hub4_instance_1_Tube__BASE_ROT": 0.0,
                "Tube_instance_1_Tube__BASE_ROT": 0.0,
                "Tube_instance_2_Tube__BASE_ROT": 0.0,
                "Tube_instance_3_Tube__BASE_ROT": 0.0,
                "Tube_instance_4_Tube__BASE_ROT": 0.0,
                "Tube_instance_5_Tube__BASE_ROT": 0.0,
                "Tube_instance_6_Tube__BASE_ROT": 0.0,
                "Tube_instance_7_Tube__BASE_ROT": 0.0,
                "Tube_instance_8_Tube__BASE_ROT": 0.0
            },
            "Tube__END_ROT": {
                "Hub4_instance_1_Tube__END_ROT": 0.0,
                "Tube_instance_1_Tube__END_ROT": 0.0,
                "Tube_instance_2_Tube__END_ROT": 0.0,
                "Tube_instance_3_Tube__END_ROT": 0.0,
                "Tube_instance_4_Tube__END_ROT": 0.0,
                "Tube_instance_5_Tube__END_ROT": 0.0,
                "Tube_instance_6_Tube__END_ROT": 0.0,
                "Tube_instance_7_Tube__END_ROT": 0.0,
                "Tube_instance_8_Tube__END_ROT": 0.0
            },
            "Tube__Length": {
                "Hub4_instance_1_Tube__Length": 100.0
            },
            "Wing__AILERON_BIAS": {
                "Hub4_instance_1_Wing__AILERON_BIAS": 0.5
            },
            "Wing__FLAP_BIAS": {
                "Hub4_instance_1_Wing__FLAP_BIAS": 0.5
            },
            "Wing__LOAD": {
                "Hub4_instance_1_Wing__LOAD": 15.0
            },
            "Wing__NACA_Profile": {
                "Hub4_instance_1_Wing__NACA_Profile": 12.0
            },
            "Wing__SPAN": {
                "Hub4_instance_1_Wing__SPAN": 1000.0
            },
            "Wing__TAPER_OFFSET": {
                "Hub4_instance_1_Wing__TAPER_OFFSET": 0.0
            },
            "Wing__THICKNESS": {
                "Hub4_instance_1_Wing__THICKNESS": 12.0
            },
            "Wing__TUBE_ROTATION": {
                "Hub4_instance_1_Wing__TUBE_ROTATION": 0.0
            },
            "Wing_horiz_hole__AILERON_BIAS": {
                "Hub4_instance_1_Wing_horiz_hole__AILERON_BIAS": 0.5
            },
            "Wing_horiz_hole__FLAP_BIAS": {
                "Hub4_instance_1_Wing_horiz_hole__FLAP_BIAS": 0.5
            },
            "Wing_horiz_hole__LOAD": {
                "Hub4_instance_1_Wing_horiz_hole__LOAD": 15.0
            },
            "Wing_horiz_hole__NACA_Profile": {
                "Hub4_instance_1_Wing_horiz_hole__NACA_Profile": 12.0
            },
            "Wing_horiz_hole__SPAN": {
                "Hub4_instance_1_Wing_horiz_hole__SPAN": 1000.0
            },
            "Wing_horiz_hole__TAPER_OFFSET": {
                "Hub4_instance_1_Wing_horiz_hole__TAPER_OFFSET": 0.0
            },
            "Wing_horiz_hole__THICKNESS": {
                "Hub4_instance_1_Wing_horiz_hole__THICKNESS": 12.0
            },
            "Wing_horiz_hole__TUBE_ROTATION": {
                "Hub4_instance_1_Wing_horiz_hole__TUBE_ROTATION": 0.0
            },
            "capsule_fuselage__BOTTOM_CONNECTOR_OFFSET_LENGTH": {
                "Hub4_instance_1_capsule_fuselage__BOTTOM_CONNECTOR_OFFSET_LENGTH": 0.0,
                "capsule_fuselage_instance_1_capsule_fuselage__BOTTOM_CONNECTOR_OFFSET_LENGTH": 0.0
            },
            "capsule_fuselage__BOTTOM_CONNECTOR_OFFSET_WIDTH": {
                "Hub4_instance_1_capsule_fuselage__BOTTOM_CONNECTOR_OFFSET_WIDTH": 0.0,
                "capsule_fuselage_instance_1_capsule_fuselage__BOTTOM_CONNECTOR_OFFSET_WIDTH": 0.0
            },
            "capsule_fuselage__BOTTOM_CONNECTOR_ROTATION": {
                "Hub4_instance_1_capsule_fuselage__BOTTOM_CONNECTOR_ROTATION": 0.0
            },
            "capsule_fuselage__FLOOR_CONNECTOR_1_DISP_LENGTH": {
                "Hub4_instance_1_capsule_fuselage__FLOOR_CONNECTOR_1_DISP_LENGTH": 0.0,
                "capsule_fuselage_instance_1_capsule_fuselage__FLOOR_CONNECTOR_1_DISP_LENGTH": 0.0
            },
            "capsule_fuselage__FLOOR_CONNECTOR_1_DISP_WIDTH": {
                "Hub4_instance_1_capsule_fuselage__FLOOR_CONNECTOR_1_DISP_WIDTH": 0.0
            },
            "capsule_fuselage__FLOOR_CONNECTOR_2_DISP_LENGTH": {
                "Hub4_instance_1_capsule_fuselage__FLOOR_CONNECTOR_2_DISP_LENGTH": 0.0,
                "capsule_fuselage_instance_1_capsule_fuselage__FLOOR_CONNECTOR_2_DISP_LENGTH": 0.0
            },
            "capsule_fuselage__FLOOR_CONNECTOR_2_DISP_WIDTH": {
                "Hub4_instance_1_capsule_fuselage__FLOOR_CONNECTOR_2_DISP_WIDTH": 0.0
            },
            "capsule_fuselage__FLOOR_CONNECTOR_3_DISP_LENGTH": {
                "Hub4_instance_1_capsule_fuselage__FLOOR_CONNECTOR_3_DISP_LENGTH": 0.0,
                "capsule_fuselage_instance_1_capsule_fuselage__FLOOR_CONNECTOR_3_DISP_LENGTH": 0.0
            },
            "capsule_fuselage__FLOOR_CONNECTOR_3_DISP_WIDTH": {
                "Hub4_instance_1_capsule_fuselage__FLOOR_CONNECTOR_3_DISP_WIDTH": 0.0,
                "capsule_fuselage_instance_1_capsule_fuselage__FLOOR_CONNECTOR_3_DISP_WIDTH": 0.0
            },
            "capsule_fuselage__FLOOR_CONNECTOR_4_DISP_LENGTH": {
                "Hub4_instance_1_capsule_fuselage__FLOOR_CONNECTOR_4_DISP_LENGTH": 0.0,
                "capsule_fuselage_instance_1_capsule_fuselage__FLOOR_CONNECTOR_4_DISP_LENGTH": 0.0
            },
            "capsule_fuselage__FLOOR_CONNECTOR_4_DISP_WIDTH": {
                "Hub4_instance_1_capsule_fuselage__FLOOR_CONNECTOR_4_DISP_WIDTH": 0.0,
                "capsule_fuselage_instance_1_capsule_fuselage__FLOOR_CONNECTOR_4_DISP_WIDTH": 0.0
            }
        }
    },
    "PARAMETERS_ASSIGNED": [
        "capsule_fuselage__FLOOR_CONNECTOR_2_DISP_WIDTH",
        "Orient__Z_ANGLE",
        "capsule_fuselage__BOTTOM_CONNECTOR_ROTATION",
        "capsule_fuselage__VERT_DIAMETER",
        "capsule_fuselage__FLOOR_CONNECTOR_1_DISP_WIDTH",
        "capsule_fuselage__HORZ_DIAMETER",
        "capsule_fuselage__FLOOR_HEIGHT",
        "capsule_fuselage__TUBE_LENGTH",
        "Tube__Length",
        "Propeller__Direction",
        "Propeller__Prop_type"
    ]
}