[{"DESIGN_PARAM": "fuse_floor", "DESIGN_PARAM_VAL": "20", "COMPONENT_NAME": "capsule_fuselage", "COMPONENT_PARAM": "FLOOR_HEIGHT"}, {"DESIGN_PARAM": "Front_Wing_Tube_Length", "DESIGN_PARAM_VAL": "20", "COMPONENT_NAME": "capsule_fuselage", "COMPONENT_PARAM": "FLOOR_CONNECTOR_1_DISP_WIDTH"}, {"DESIGN_PARAM": "Rear_Rail_Length", "DESIGN_PARAM_VAL": "-20", "COMPONENT_NAME": "capsule_fuselage", "COMPONENT_PARAM": "FLOOR_CONNECTOR_2_DISP_WIDTH"}, {"DESIGN_PARAM": "angle_1", "DESIGN_PARAM_VAL": "45", "COMPONENT_NAME": "Orient", "COMPONENT_PARAM": "Z_ANGLE"}, {"DESIGN_PARAM": "angle_1", "DESIGN_PARAM_VAL": "45", "COMPONENT_NAME": "capsule_fuselage", "COMPONENT_PARAM": "BOTTOM_CONNECTOR_ROTATION"}, {"DESIGN_PARAM": "Leg_Length", "DESIGN_PARAM_VAL": "95", "COMPONENT_NAME": "leg_4", "COMPONENT_PARAM": "Length"}, {"DESIGN_PARAM": "Leg_Length", "DESIGN_PARAM_VAL": "95", "COMPONENT_NAME": "leg_3", "COMPONENT_PARAM": "Length"}, {"DESIGN_PARAM": "Leg_Length", "DESIGN_PARAM_VAL": "95", "COMPONENT_NAME": "leg_1", "COMPONENT_PARAM": "Length"}, {"DESIGN_PARAM": "Leg_Length", "DESIGN_PARAM_VAL": "95", "COMPONENT_NAME": "leg_2", "COMPONENT_PARAM": "Length"}, {"DESIGN_PARAM": "Channel_3", "DESIGN_PARAM_VAL": "3", "COMPONENT_NAME": "motor_3", "COMPONENT_PARAM": "CONTROL_CHANNEL"}, {"DESIGN_PARAM": "fuse_length", "DESIGN_PARAM_VAL": "80", "COMPONENT_NAME": "capsule_fuselage", "COMPONENT_PARAM": "FUSE_CYL_LENGTH"}, {"DESIGN_PARAM": "Arm_Length", "DESIGN_PARAM_VAL": "220", "COMPONENT_NAME": "arm_3", "COMPONENT_PARAM": "Length"}, {"DESIGN_PARAM": "Arm_Length", "DESIGN_PARAM_VAL": "220", "COMPONENT_NAME": "arm_4", "COMPONENT_PARAM": "Length"}, {"DESIGN_PARAM": "Arm_Length", "DESIGN_PARAM_VAL": "220", "COMPONENT_NAME": "arm_2", "COMPONENT_PARAM": "Length"}, {"DESIGN_PARAM": "Arm_Length", "DESIGN_PARAM_VAL": "220", "COMPONENT_NAME": "arm_1", "COMPONENT_PARAM": "Length"}, {"DESIGN_PARAM": "UpFacingCCW_PropType", "DESIGN_PARAM_VAL": "-1", "COMPONENT_NAME": "prop_3", "COMPONENT_PARAM": "Prop_type"}, {"DESIGN_PARAM": "UpFacingCCW_PropType", "DESIGN_PARAM_VAL": "-1", "COMPONENT_NAME": "prop_1", "COMPONENT_PARAM": "Prop_type"}, {"DESIGN_PARAM": "Channel_4", "DESIGN_PARAM_VAL": "4", "COMPONENT_NAME": "motor_4", "COMPONENT_PARAM": "CONTROL_CHANNEL"}, {"DESIGN_PARAM": "fuse_height", "DESIGN_PARAM_VAL": "68", "COMPONENT_NAME": "capsule_fuselage", "COMPONENT_PARAM": "VERT_DIAMETER"}, {"DESIGN_PARAM": "UpFacingCCW_Spin", "DESIGN_PARAM_VAL": "-1", "COMPONENT_NAME": "prop_1", "COMPONENT_PARAM": "Direction"}, {"DESIGN_PARAM": "UpFacingCCW_Spin", "DESIGN_PARAM_VAL": "-1", "COMPONENT_NAME": "prop_3", "COMPONENT_PARAM": "Direction"}, {"DESIGN_PARAM": "Channel_2", "DESIGN_PARAM_VAL": "2", "COMPONENT_NAME": "motor_2", "COMPONENT_PARAM": "CONTROL_CHANNEL"}, {"DESIGN_PARAM": "Channel_1", "DESIGN_PARAM_VAL": "1", "COMPONENT_NAME": "motor_1", "COMPONENT_PARAM": "CONTROL_CHANNEL"}, {"DESIGN_PARAM": "fuse_width", "DESIGN_PARAM_VAL": "80", "COMPONENT_NAME": "capsule_fuselage", "COMPONENT_PARAM": "HORZ_DIAMETER"}, {"DESIGN_PARAM": "UpFacingCW_PropType", "DESIGN_PARAM_VAL": "1", "COMPONENT_NAME": "prop_2", "COMPONENT_PARAM": "Prop_type"}, {"DESIGN_PARAM": "UpFacingCW_PropType", "DESIGN_PARAM_VAL": "1", "COMPONENT_NAME": "prop_4", "COMPONENT_PARAM": "Prop_type"}, {"DESIGN_PARAM": "UpFacingCW_Spin", "DESIGN_PARAM_VAL": "1", "COMPONENT_NAME": "prop_4", "COMPONENT_PARAM": "Direction"}, {"DESIGN_PARAM": "UpFacingCW_Spin", "DESIGN_PARAM_VAL": "1", "COMPONENT_NAME": "prop_2", "COMPONENT_PARAM": "Direction"}]