namefirst,namelast,playerid,yearid
Hank,Aaron,aaronha01,1982
Pete,Alexander,alexape01,1938
Roberto,Alomar,alomaro01,2011
Walter,Alston,alstowa01,1983
Sparky,Anderson,andersp01,2000
Cap,Anson,ansonca01,1939
Luis,Aparicio,aparilu01,1984
Luke,Appling,applilu01,1964
Richie,Ashburn,ashburi01,1995
Earl,Averill,averiea01,1975
Jeff,Bagwell,bagweje01,2017
Home Run,Baker,bakerfr01,1955
Dave,Bancroft,bancrda01,1971
Ernie,Banks,bankser01,1977
Al,Barlick,barlial99,1989
Ed,Barrow,barroed99,1953
Jake,Beckley,becklja01,1971
Cool Papa,Bell,bellco99,1974
Johnny,Bench,benchjo01,1989
Chief,Bender,bendech01,1953
Yogi,Berra,berrayo01,1972
Craig,Biggio,biggicr01,2015
Bert,Blyleven,blylebe01,2011
Wade,Boggs,boggswa01,2005
Jim,Bottomley,bottoji01,1974
Lou,Boudreau,boudrlo01,1970
Roger,Bresnahan,bresnro01,1945
George,Brett,brettge01,1999
Lou,Brock,brocklo01,1985
Dan,Brouthers,broutda01,1945
Mordecai,Brown,brownmo01,1949
Ray,Brown,brownra99,2006
Willard,Brown,brownwi02,2006
Morgan,Bulkeley,bulkemo99,1937
Jim,Bunning,bunniji01,1996
Jesse,Burkett,burkeje01,1946
Roy,Campanella,camparo01,1969
Rod,Carew,carewro01,1991
Max,Carey,careyma01,1961
Steve,Carlton,carltst01,1994
Gary,Carter,cartega01,2003
Alexander,Cartwright,cartwal99,1938
Orlando,Cepeda,cepedor01,1999
Henry,Chadwick,chadwhe99,1938
Frank,Chance,chancfr01,1946
Happy,Chandler,chandha99,1982
Oscar,Charleston,charlos99,1976
Jack,Chesbro,chesbja01,1946
Nestor,Chylak,chylane99,1999
Fred,Clarke,clarkfr01,1945
John,Clarkson,clarkjo01,1963
Roberto,Clemente,clemero01,1973
Ty,Cobb,cobbty01,1936
Mickey,Cochrane,cochrmi01,1947
Eddie,Collins,collied01,1939
Jimmy,Collins,colliji01,1945
Earle,Combs,combsea01,1970
Charlie,Comiskey,comisch01,1939
Jocko,Conlan,conlajo01,1974
Roger,Connor,connoro01,1976
Tommy,Connolly,connoto99,1953
Andy,Cooper,coopean99,2006
Stan,Coveleski,covelst01,1969
Bobby,Cox,coxbo01,2014
Sam,Crawford,crawfsa01,1957
Joe,Cronin,cronijo01,1956
Candy,Cummings,cummica01,1939
Kiki,Cuyler,cuyleki01,1968
Ray,Dandridge,dandrra99,1987
George,Davis,davisge01,1998
Andre,Dawson,dawsoan01,2010
Leon,Day,dayle99,1995
Dizzy,Dean,deandi01,1953
Ed,Delahanty,delahed01,1945
Bill,Dickey,dickebi01,1954
Martin,Dihigo,dihigma99,1977
Joe,DiMaggio,dimagjo01,1955
Larry,Doby,dobyla01,1998
Bobby,Doerr,doerrbo01,1986
Barney,Dreyfuss,dreyfba99,2008
Don,Drysdale,drysddo01,1984
Hugh,Duffy,duffyhu01,1945
Leo,Durocher,durocle01,1994
Dennis,Eckersley,eckerde01,2004
Billy,Evans,evansbi99,1973
Johnny,Evers,eversjo01,1946
Buck,Ewing,ewingbu01,1939
Red,Faber,faberre01,1964
Bob,Feller,fellebo01,1962
Rick,Ferrell,ferreri01,1984
Rollie,Fingers,fingero01,1992
Carlton,Fisk,fiskca01,2000
Elmer,Flick,flickel01,1963
Whitey,Ford,fordwh01,1974
Bill,Foster,fostebi99,1996
Rube,Foster,fosteru99,1981
Nellie,Fox,foxne01,1997
Jimmie,Foxx,foxxji01,1951
Ford,Frick,frickfo99,1970
Frankie,Frisch,friscfr01,1947
Pud,Galvin,galvipu01,1965
Charlie,Gehringer,gehrich01,1949
Lou,Gehrig,gehrilo01,1939
Bob,Gibson,gibsobo01,1981
Josh,Gibson,gibsojo99,1972
Warren,Giles,gileswa99,1979
Pat,Gillick,gillipa99,2011
Tom,Glavine,glavito02,2014
Lefty,Gomez,gomezle01,1972
Joe,Gordon,gordojo01,2009
Goose,Goslin,gosligo01,1968
Rich,Gossage,gossari01,2008
Frank,Grant,grantfr99,2006
Hank,Greenberg,greenha01,1956
Clark,Griffith,griffcl01,1946
Ken,Griffey,griffke02,2016
Burleigh,Grimes,grimebu01,1964
Lefty,Grove,grovele01,1947
Vladimir,Guerrero,guerrvl01,2018
Tony,Gwynn,gwynnto01,2007
Chick,Hafey,hafeych01,1971
Jesse,Haines,haineje01,1970
Billy,Hamilton,hamilbi01,1961
Ned,Hanlon,hanlone01,1996
Bucky,Harris,harribu01,1975
Will,Harridge,harriwi99,1972
Gabby,Hartnett,hartnga01,1955
Doug,Harvey,harvedo99,2010
Harry,Heilmann,heilmha01,1952
Rickey,Henderson,henderi01,2009
Billy,Herman,hermabi01,1975
Whitey,Herzog,herzowh01,2010
Pete,Hill,hillpe99,2006
Trevor,Hoffman,hoffmtr01,2018
Harry,Hooper,hoopeha01,1971
Rogers,Hornsby,hornsro01,1942
Waite,Hoyt,hoytwa01,1969
Cal,Hubbard,hubbaca99,1976
Carl,Hubbell,hubbeca01,1947
Miller,Huggins,huggimi01,1964
William,Hulbert,hulbewi99,1995
Catfish,Hunter,hunteca01,1987
Monte,Irvin,irvinmo01,1973
Reggie,Jackson,jacksre01,1993
Travis,Jackson,jackstr01,1982
Fergie,Jenkins,jenkife01,1991
Hughie,Jennings,jennihu01,1945
Ban,Johnson,johnsba99,1937
Judy,Johnson,johnsju99,1975
Randy,Johnson,johnsra05,2015
Walter,Johnson,johnswa01,1936
Chipper,Jones,jonesch06,2018
Addie,Joss,jossad01,1978
Al,Kaline,kalinal01,1980
Tim,Keefe,keefeti01,1964
Willie,Keeler,keelewi01,1939
Joe,Kelley,kellejo01,1971
George,Kell,kellge01,1983
High Pockets,Kelly,kellyge01,1973
King,Kelly,kellyki01,1945
Harmon,Killebrew,killeha01,1984
Ralph,Kiner,kinerra01,1975
Chuck,Klein,kleinch01,1980
Bill,Klem,klembi99,1953
Sandy,Koufax,koufasa01,1972
Bowie,Kuhn,kuhnbo99,2008
Nap,Lajoie,lajoina01,1937
Kenesaw,Landis,landike99,1944
Barry,Larkin,larkiba01,2012
Tony,LaRussa,larusto01,2014
Tom,Lasorda,lasorto01,1997
Tony,Lazzeri,lazzeto01,1991
Bob,Lemon,lemonbo01,1976
Buck,Leonard,leonabu99,1972
Freddie,Lindstrom,lindsfr01,1976
Pop,Lloyd,lloydpo99,1977
Ernie,Lombardi,lombaer01,1986
Al,Lopez,lopezal01,1977
Ted,Lyons,lyonste01,1955
Connie,Mack,mackco01,1937
Biz,Mackey,mackebi99,2006
Larry,MacPhail,macphla99,1978
Lee,MacPhail,macphle99,1998
Greg,Maddux,maddugr01,2014
Effa,Manley,manleef99,2006
Mickey,Mantle,mantlmi01,1974
Heinie,Manush,manushe01,1964
Rabbit,Maranville,maranra01,1954
Juan,Marichal,maricju01,1983
Rube,Marquard,marquru01,1971
Pedro,Martinez,martipe02,2015
Christy,Mathewson,mathech01,1936
Eddie,Mathews,matheed01,1978
Willie,Mays,mayswi01,1979
Bill,Mazeroski,mazerbi01,2001
Joe,McCarthy,mccarjo99,1957
Tommy,McCarthy,mccarto01,1946
Willie,McCovey,mccovwi01,1986
Joe,McGinnity,mcginjo01,1946
Bill,McGowan,mcgowbi99,1992
John,McGraw,mcgrajo01,1937
Bill,McKechnie,mckecbi01,1962
Bid,McPhee,mcphebi01,2000
Joe,Medwick,medwijo01,1968
Jose,Mendez,mendejo99,2006
Johnny,Mize,mizejo01,1981
Paul,Molitor,molitpa01,2004
Joe,Morgan,morgajo02,1990
Jack,Morris,morrija02,2018
Eddie,Murray,murraed02,2003
Stan,Musial,musiast01,1969
Hal,Newhouser,newhoha01,1992
Kid,Nichols,nichoki01,1949
Phil,Niekro,niekrph01,1997
Hank,O'Day,odayha01,2013
Walter,O'Malley,omallwa99,2008
Jim,O'Rourke,orourji01,1945
Mel,Ott,ottme01,1951
Satchel,Paige,paigesa01,1971
Jim,Palmer,palmeji01,1990
Herb,Pennock,pennohe01,1948
Tony,Perez,perezto01,2000
Gaylord,Perry,perryga01,1991
Mike,Piazza,piazzmi01,2016
Eddie,Plank,planked01,1946
Alex,Pompez,pompeal99,2006
Cum,Posey,poseycu99,2006
Kirby,Puckett,puckeki01,2001
Old Hoss,Radbourn,radboch01,1939
Tim,Raines,raineti01,2017
Pee Wee,Reese,reesepe01,1984
Jim,Rice,riceji01,2009
Sam,Rice,ricesa01,1963
Branch,Rickey,rickebr01,1967
Cal,Ripken,ripkeca01,2007
Eppa,Rixey,rixeyep01,1963
Phil,Rizzuto,rizzuph01,1994
Robin,Roberts,roberro01,1976
Brooks,Robinson,robinbr01,1983
Frank,Robinson,robinfr02,1982
Jackie,Robinson,robinja02,1962
Wilbert,Robinson,robinwi01,1945
Ivan,Rodriguez,rodriiv01,2017
Bullet,Rogan,roganbu99,1998
Edd,Roush,roushed01,1962
Red,Ruffing,ruffire01,1967
Jacob,Ruppert,ruperja99,2013
Amos,Rusie,rusieam01,1977
Babe,Ruth,ruthba01,1936
Nolan,Ryan,ryanno01,1999
Ryne,Sandberg,sandbry01,2005
Louis,Santop,santolo99,2006
Ron,Santo,santoro01,2012
Ray,Schalk,schalra01,1955
Mike,Schmidt,schmimi01,1995
Red,Schoendienst,schoere01,1989
John,Schuerholz,schurjo99,2017
Tom,Seaver,seaveto01,1992
Frank,Selee,seleefr99,1999
Bud,Selig,seligbu99,2017
Joe,Sewell,seweljo01,1977
Al,Simmons,simmoal01,1953
George,Sisler,sislege01,1939
Enos,Slaughter,slaugen01,1985
Hilton,Smith,smithhi99,2001
Ozzie,Smith,smithoz01,2002
John,Smoltz,smoltjo01,2015
Duke,Snider,snidedu01,1980
Billy,Southworth,southbi01,2008
Warren,Spahn,spahnwa01,1973
Al,Spalding,spaldal01,1939
Tris,Speaker,speaktr01,1937
Willie,Stargell,stargwi01,1988
Turkey,Stearnes,steartu99,2000
Casey,Stengel,stengca01,1966
Bruce,Sutter,suttebr01,2006
Mule,Suttles,suttlmu99,2006
Don,Sutton,suttodo01,1998
Ben,Taylor,taylobe99,2006
Bill,Terry,terrybi01,1954
Frank,Thomas,thomafr04,2014
Jim,Thome,thomeji01,2018
Sam,Thompson,thompsa01,1974
Joe,Tinker,tinkejo01,1946
Joe,Torre,torrejo01,2014
Cristobal,Torriente,torricr99,2006
Alan,Trammell,trammal01,2018
Pie,Traynor,traynpi01,1948
Dazzy,Vance,vanceda01,1955
Arky,Vaughan,vaughar01,1985
Bill,Veeck,veeckbi99,1991
Rube,Waddell,wadderu01,1946
Honus,Wagner,wagneho01,1936
Bobby,Wallace,wallabo01,1953
Ed,Walsh,walshed01,1946
Lloyd,Waner,wanerll01,1967
Paul,Waner,wanerpa01,1952
John,Ward,wardjo01,1964
Earl,Weaver,weaveea99,1996
George,Weiss,weissge99,1971
Mickey,Welch,welchmi01,1973
Willie,Wells,wellswi99,1997
Zack,Wheat,wheatza01,1959
Deacon,White,whitede01,2013
Sol,White,whiteso99,2006
Hoyt,Wilhelm,wilheho01,1985
J. L.,Wilkinson,wilkijl99,2006
Billy,Williams,willibi01,1987
Dick,Williams,willidi02,2008
Smokey Joe,Williams,willijo99,1999
Ted,Williams,willite01,1966
Vic,Willis,willivi01,1995
Hack,Wilson,wilsoha01,1979
Jud,Wilson,wilsoju99,2006
Dave,Winfield,winfida01,2001
George,Wright,wrighge01,1937
Harry,Wright,wrighha01,1953
Early,Wynn,wynnea01,1972
Carl,Yastrzemski,yastrca01,1989
Tom,Yawkey,yawketo99,1980
Cy,Young,youngcy01,1937
Ross,Youngs,youngro01,1972
Robin,Yount,yountro01,1999
