playerid,yearid,teamid,ab
aaronha01,1955,ML1,602
aaronha01,1956,ML1,609
aaronha01,1957,ML1,615
aaronha01,1958,ML1,601
aaronha01,1959,ML1,629
aaronha01,1960,ML1,590
aaronha01,1961,ML1,603
aaronha01,1962,ML1,592
aaronha01,1963,ML1,631
aaronha01,1964,ML1,570
aaronha01,1965,ML1,570
aaronha01,1966,ATL,603
aaronha01,1967,ATL,600
aaronha01,1968,ATL,606
aaronha01,1969,ATL,547
aaronha01,1970,ATL,516
abbated01,1904,BSN,579
abbated01,1905,BSN,610
abbeych01,1894,WAS,523
abbeych01,1895,WAS,516
abreubo01,1999,PHI,546
abreubo01,2000,PHI,576
abreubo01,2001,PHI,588
abreubo01,2002,PHI,572
abreubo01,2003,PHI,577
abreubo01,2004,PHI,574
abreubo01,2005,PHI,588
abreubo01,2007,NYA,605
abreubo01,2008,NYA,609
abreubo01,2009,LAA,563
abreubo01,2010,LAA,573
abreubo01,2011,LAA,502
abreujo02,2014,CHA,556
abreujo02,2015,CHA,613
abreujo02,2016,CHA,624
abreujo02,2017,CHA,621
abstebi01,1909,PIT,512
ackledu01,2012,SEA,607
ackledu01,2014,SEA,502
adairje01,1962,BAL,538
adairje01,1964,BAL,569
adairje01,1965,BAL,582
adamsbo03,1952,CIN,637
adamsbo03,1953,CIN,607
adamsbu01,1944,PHI,584
adamsbu01,1945,SLN,578
adamsma01,2014,SLN,527
adamssp01,1925,CHN,627
adamssp01,1926,CHN,624
adamssp01,1927,CHN,647
adamssp01,1928,PIT,539
adamssp01,1930,SLN,570
adamssp01,1931,SLN,608
adamssp01,1933,CIN,538
adcocjo01,1953,ML1,590
adcocjo01,1960,ML1,514
adcocjo01,1961,ML1,562
ageeto01,1966,CHA,629
ageeto01,1967,CHA,529
ageeto01,1969,NYN,565
ageeto01,1970,NYN,636
aikenwi01,1980,KCA,543
alexada01,1929,DET,626
alexada01,1930,DET,602
alexada01,1931,DET,517
alfoned01,1997,NYN,518
alfoned01,1998,NYN,557
alfoned01,1999,NYN,628
alfoned01,2000,NYN,544
alfoned01,2003,SFN,514
alfoned01,2004,SFN,519
alicelu01,2000,TEX,540
allenbe01,1962,MIN,573
allenbo01,1892,PHI,563
allendi01,1964,PHI,632
allendi01,1965,PHI,619
allendi01,1966,PHI,524
allendi01,1968,PHI,521
allendi01,1971,LAN,549
allendi01,1972,CHA,506
allenet01,1929,CIN,538
allenet01,1934,PHI,581
allenet01,1935,PHI,645
alleyge01,1966,PIT,579
alleyge01,1967,PIT,550
allisbo01,1959,WS1,570
allisbo01,1960,WS1,501
allisbo01,1961,MIN,556
allisbo01,1962,MIN,519
allisbo01,1963,MIN,527
almadme01,1935,BOS,607
almonbi01,1977,SDN,613
alomaro01,1988,SDN,545
alomaro01,1989,SDN,623
alomaro01,1990,SDN,586
alomaro01,1991,TOR,637
alomaro01,1992,TOR,571
alomaro01,1993,TOR,589
alomaro01,1995,TOR,517
alomaro01,1996,BAL,588
alomaro01,1998,BAL,588
alomaro01,1999,CLE,563
alomaro01,2000,CLE,610
alomaro01,2001,CLE,575
alomaro01,2002,NYN,590
alomasa01,1969,CAL,559
alomasa01,1970,CAL,672
alomasa01,1971,CAL,689
alomasa01,1972,CAL,610
alonsyo01,2012,SDN,549
aloufe01,1962,SFN,561
aloufe01,1963,SFN,565
aloufe01,1965,ML1,555
aloufe01,1966,ATL,666
aloufe01,1967,ATL,574
aloufe01,1968,ATL,662
aloufe01,1970,OAK,575
alouje01,1965,SFN,543
alouje01,1967,SFN,510
alouma01,1966,PIT,535
alouma01,1967,PIT,550
alouma01,1968,PIT,558
alouma01,1969,PIT,698
alouma01,1970,PIT,677
alouma01,1971,SLN,609
aloumo01,1996,MON,540
aloumo01,1997,FLO,538
aloumo01,1998,HOU,584
aloumo01,2001,HOU,513
aloumo01,2003,CHN,565
aloumo01,2004,CHN,601
alperwh01,1907,BRO,558
altizda01,1907,WS1,540
altmage01,1961,CHN,518
altmage01,1962,CHN,534
altuvjo01,2012,HOU,576
altuvjo01,2013,HOU,626
altuvjo01,2014,HOU,660
altuvjo01,2015,HOU,638
altuvjo01,2016,HOU,640
altuvjo01,2017,HOU,590
alvarpe01,2012,PIT,525
alvarpe01,2013,PIT,558
alvisma01,1963,CLE,602
alvisma01,1965,CLE,604
alvisma01,1966,CLE,596
alvisma01,1967,CLE,637
anderbr01,1992,BAL,623
anderbr01,1993,BAL,560
anderbr01,1995,BAL,554
anderbr01,1996,BAL,579
anderbr01,1997,BAL,590
anderbr01,1999,BAL,564
anderbr01,2000,BAL,506
anderga01,1996,CAL,607
anderga01,1997,ANA,624
anderga01,1998,ANA,622
anderga01,1999,ANA,620
anderga01,2000,ANA,647
anderga01,2001,ANA,672
anderga01,2002,ANA,638
anderga01,2003,ANA,638
anderga01,2005,LAA,575
anderga01,2006,LAA,543
anderga01,2008,LAA,557
anderge01,1915,BRF,511
anderha02,1958,PHI,515
anderha02,1959,PHI,508
anderjo01,1901,MLA,576
anderjo01,1902,SLA,524
anderjo01,1903,SLA,550
anderjo01,1904,NYA,558
anderjo01,1906,WS1,583
anderma02,2001,PHI,522
anderma02,2002,PHI,539
anderti01,2017,CHA,587
andreed01,1888,PHI,528
andremi01,1968,BOS,536
andremi01,1970,BOS,589
andremi01,1972,CHA,505
andruel01,2010,TEX,588
andruel01,2011,TEX,587
andruel01,2012,TEX,629
andruel01,2013,TEX,620
andruel01,2014,TEX,619
andruel01,2015,TEX,596
andruel01,2016,TEX,506
andruel01,2017,TEX,643
ansonca01,1886,CHN,504
ansonca01,1888,CHN,515
ansonca01,1889,CHN,518
ansonca01,1890,CHN,504
ansonca01,1891,CHN,540
ansonca01,1892,CHN,559
antonjo01,1945,PHI,504
aokino01,2012,MIL,520
aokino01,2013,MIL,597
aparilu01,1956,CHA,533
aparilu01,1957,CHA,575
aparilu01,1958,CHA,557
aparilu01,1959,CHA,612
aparilu01,1960,CHA,600
aparilu01,1961,CHA,625
aparilu01,1962,CHA,581
aparilu01,1963,BAL,601
aparilu01,1964,BAL,578
aparilu01,1965,BAL,564
aparilu01,1966,BAL,659
aparilu01,1967,BAL,546
aparilu01,1968,CHA,622
aparilu01,1969,CHA,599
aparilu01,1970,CHA,552
applilu01,1933,CHA,612
applilu01,1935,CHA,525
applilu01,1936,CHA,526
applilu01,1937,CHA,574
applilu01,1939,CHA,516
applilu01,1940,CHA,566
applilu01,1941,CHA,592
applilu01,1942,CHA,543
applilu01,1943,CHA,585
applilu01,1946,CHA,582
applilu01,1947,CHA,503
arciaor01,2017,MIL,506
arenano01,2015,COL,616
arenano01,2016,COL,618
arenano01,2017,COL,606
armasto01,1980,OAK,628
armasto01,1982,OAK,536
armasto01,1983,BOS,574
armasto01,1984,BOS,639
arnovmo01,1938,PHI,502
ashburi01,1949,PHI,662
ashburi01,1950,PHI,594
ashburi01,1951,PHI,643
ashburi01,1952,PHI,613
ashburi01,1953,PHI,622
ashburi01,1954,PHI,559
ashburi01,1955,PHI,533
ashburi01,1956,PHI,628
ashburi01,1957,PHI,626
ashburi01,1958,PHI,615
ashburi01,1959,PHI,564
ashburi01,1960,CHN,547
asprobo01,1962,HOU,534
asprobo01,1964,HOU,553
asprobo01,1965,HOU,578
asprobo01,1966,HOU,560
atkinga01,2005,COL,519
atkinga01,2006,COL,602
atkinga01,2007,COL,605
atkinga01,2008,COL,611
auerbri01,1972,ML4,554
aurilri01,1999,SFN,558
aurilri01,2000,SFN,509
aurilri01,2001,SFN,636
aurilri01,2002,SFN,538
aurilri01,2003,SFN,505
ausmubr01,2000,DET,523
austiji01,1911,SLA,541
austiji01,1912,SLA,536
averiea01,1929,CLE,597
averiea01,1930,CLE,534
averiea01,1931,CLE,627
averiea01,1932,CLE,631
averiea01,1933,CLE,599
averiea01,1934,CLE,598
averiea01,1935,CLE,563
averiea01,1936,CLE,614
averiea01,1937,CLE,609
avilabo01,1951,CLE,542
avilabo01,1952,CLE,597
avilabo01,1953,CLE,559
avilabo01,1954,CLE,555
avilabo01,1955,CLE,537
avilabo01,1956,CLE,513
avilemi01,2012,BOS,512
aybarer01,2009,LAA,504
aybarer01,2010,LAA,534
aybarer01,2011,LAA,556
aybarer01,2012,LAA,517
aybarer01,2013,LAA,550
aybarer01,2014,LAA,589
aybarer01,2015,LAA,597
babbch01,1904,BRO,521
backmwa01,1985,NYN,520
baergca01,1991,CLE,593
baergca01,1992,CLE,657
baergca01,1993,CLE,624
baergca01,1995,CLE,557
baergca01,1998,NYN,511
bagweje01,1991,HOU,554
bagweje01,1992,HOU,586
bagweje01,1993,HOU,535
bagweje01,1996,HOU,568
bagweje01,1997,HOU,566
bagweje01,1998,HOU,540
bagweje01,1999,HOU,562
bagweje01,2000,HOU,590
bagweje01,2001,HOU,600
bagweje01,2002,HOU,571
bagweje01,2003,HOU,605
bagweje01,2004,HOU,572
bailebo01,1963,PIT,570
bailebo01,1964,PIT,530
bailebo01,1965,PIT,626
bailebo01,1971,MON,545
bailebo01,1973,MON,513
bailebo01,1974,MON,507
bailobo01,1978,TOR,621
baineha01,1982,CHA,608
baineha01,1983,CHA,596
baineha01,1984,CHA,569
baineha01,1985,CHA,640
baineha01,1986,CHA,570
baineha01,1987,CHA,505
baineha01,1988,CHA,599
bairddo01,1915,PIT,512
bakerdu01,1973,ATL,604
bakerdu01,1974,ATL,574
bakerdu01,1977,LAN,533
bakerdu01,1978,LAN,522
bakerdu01,1979,LAN,554
bakerdu01,1980,LAN,579
bakerdu01,1982,LAN,570
bakerdu01,1983,LAN,531
bakerfr01,1909,PHA,541
bakerfr01,1910,PHA,561
bakerfr01,1911,PHA,592
bakerfr01,1912,PHA,577
bakerfr01,1913,PHA,564
bakerfr01,1914,PHA,570
bakerfr01,1917,NYA,553
bakerfr01,1918,NYA,504
bakerfr01,1919,NYA,567
bakerge02,1954,CHN,541
bakerge02,1955,CHN,609
bakerge02,1956,CHN,546
balbost01,1985,KCA,600
balbost01,1986,KCA,512
baldero01,2003,TBA,637
baldero01,2004,TBA,518
bancrda01,1915,PHI,563
bancrda01,1921,NY1,606
bancrda01,1922,NY1,651
bancrda01,1928,BRO,515
bandosa01,1968,OAK,605
bandosa01,1969,OAK,609
bandosa01,1970,OAK,502
bandosa01,1971,OAK,538
bandosa01,1972,OAK,535
bandosa01,1973,OAK,592
bandosa01,1975,OAK,562
bandosa01,1976,OAK,550
bandosa01,1977,ML4,580
bandosa01,1978,ML4,540
bankser01,1954,CHN,593
bankser01,1955,CHN,596
bankser01,1956,CHN,538
bankser01,1957,CHN,594
bankser01,1958,CHN,617
bankser01,1959,CHN,589
bankser01,1960,CHN,597
bankser01,1961,CHN,511
bankser01,1962,CHN,610
bankser01,1964,CHN,591
bankser01,1965,CHN,612
bankser01,1966,CHN,511
bankser01,1967,CHN,573
bankser01,1968,CHN,552
bankser01,1969,CHN,565
bannial01,1977,CHA,560
bannial01,1979,CHA,506
barbawa01,1921,BSN,550
barclge01,1902,SLN,543
barfije01,1985,TOR,539
barfije01,1986,TOR,589
barfije01,1987,TOR,590
barfijo02,2006,SDN,539
barmecl01,2009,COL,550
barneda01,2011,CHN,529
barneda01,2012,CHN,548
barneda01,2013,CHN,501
barnhcl01,1925,PIT,539
barrebi02,1927,CHA,556
barreji01,1900,CIN,545
barreji01,1901,DET,542
barreji01,1902,DET,509
barreji01,1903,DET,517
barreji01,1904,DET,624
barrejo01,1944,PIT,568
barrejo01,1945,PIT,507
barrema02,1985,BOS,534
barrema02,1986,BOS,625
barrema02,1987,BOS,559
barrema02,1988,BOS,612
barrysh01,1902,PHI,543
barrysh01,1903,PHI,550
bartedi01,1929,PIT,610
bartedi01,1931,PHI,554
bartedi01,1932,PHI,614
bartedi01,1933,PHI,587
bartedi01,1934,PHI,604
bartedi01,1935,NY1,539
bartedi01,1936,NY1,510
bartedi01,1937,NY1,516
bartedi01,1940,DET,528
bartlja01,2007,MIN,510
bartlja01,2011,SDN,554
bartoda02,2010,OAK,556
bassech01,1891,NY1,524
basske01,1985,HOU,539
basske01,1986,HOU,591
basske01,1987,HOU,592
basske01,1988,HOU,541
batchem01,1905,BRO,568
batemjo01,1970,MON,520
batesjo02,1906,BSN,504
batesjo02,1911,CIN,518
batisto01,2000,TOR,620
batisto01,2002,BAL,615
batisto01,2003,BAL,631
batisto01,2004,MON,606
batteea01,1962,MIN,522
batteea01,1963,MIN,508
bauerha01,1952,NYA,553
bauerha01,1956,NYA,539
baumhfr01,1947,CIN,643
baumhfr01,1951,CHN,560
baumhfr01,1953,CHN,520
bautida01,2004,ARI,539
bautijo02,2007,PIT,532
bautijo02,2010,TOR,569
bautijo02,2011,TOR,513
bautijo02,2014,TOR,553
bautijo02,2015,TOR,543
bautijo02,2017,TOR,587
bayha01,1903,CLE,579
bayha01,1904,CLE,506
bayha01,1905,CLE,552
bayja01,2005,PIT,599
bayja01,2006,PIT,570
bayja01,2007,PIT,538
bayja01,2009,BOS,531
baylodo01,1975,BAL,524
baylodo01,1976,OAK,595
baylodo01,1977,CAL,561
baylodo01,1978,CAL,591
baylodo01,1979,CAL,628
baylodo01,1982,CAL,608
baylodo01,1983,NYA,534
baylodo01,1986,BOS,585
beardol01,1889,CN2,558
beaumgi01,1900,PIT,567
beaumgi01,1901,PIT,558
beaumgi01,1902,PIT,541
beaumgi01,1903,PIT,613
beaumgi01,1904,PIT,615
beaumgi01,1907,BSN,580
beckebe01,1909,BSN,562
beckebe01,1914,PHI,514
beckegl01,1965,CHN,614
beckegl01,1966,CHN,656
beckegl01,1967,CHN,597
beckegl01,1968,CHN,643
beckegl01,1969,CHN,543
beckegl01,1970,CHN,591
beckegl01,1971,CHN,530
becker01,1901,CLE,539
beckeri01,1996,MIN,525
beckfr02,1910,BSN,571
beckfr02,1914,CHF,555
beckhgo01,2012,CHA,525
becklja01,1889,PIT,522
becklja01,1890,PTP,529
becklja01,1891,PIT,554
becklja01,1892,PIT,614
becklja01,1893,PIT,542
becklja01,1894,PIT,537
becklja01,1895,PIT,534
becklja01,1899,CIN,517
becklja01,1900,CIN,558
becklja01,1901,CIN,580
becklja01,1902,CIN,531
becklja01,1904,SLN,551
becklja01,1905,SLN,514
beeched01,1890,BFP,536
belanma01,1969,BAL,530
belanma01,1976,BAL,522
bellbe01,1936,SLA,616
bellbe01,1937,SLA,642
bellbe01,1938,SLA,526
bellbu01,1973,CLE,631
bellbu01,1975,CLE,553
bellbu01,1976,CLE,604
bellbu01,1978,CLE,556
bellbu01,1979,TEX,670
bellbu01,1982,TEX,537
bellbu01,1983,TEX,618
bellbu01,1984,TEX,553
bellbu01,1986,CIN,568
bellbu01,1987,CIN,522
bellda01,1999,SEA,597
bellda01,2002,SFN,552
bellda01,2004,PHI,533
bellda01,2005,PHI,557
bellde01,1993,SDN,542
bellde01,1996,HOU,627
bellde01,1998,HOU,630
bellde01,1999,HOU,509
bellde01,2000,NYN,546
belleal01,1992,CLE,585
belleal01,1993,CLE,594
belleal01,1995,CLE,546
belleal01,1996,CLE,602
belleal01,1997,CHA,634
belleal01,1998,CHA,609
belleal01,1999,BAL,610
belleal01,2000,BAL,559
bellge02,1984,TOR,606
bellge02,1985,TOR,607
bellge02,1986,TOR,641
bellge02,1987,TOR,610
bellge02,1988,TOR,614
bellge02,1989,TOR,613
bellge02,1990,TOR,562
bellge02,1991,CHN,558
bellge02,1992,CHA,627
bellgu01,1951,PIT,600
bellgu01,1953,CIN,610
bellgu01,1954,CIN,619
bellgu01,1955,CIN,610
bellgu01,1956,CIN,603
bellgu01,1957,CIN,510
bellgu01,1959,CIN,580
bellgu01,1960,CIN,515
bellhma01,2004,BOS,523
belliro01,2000,MIL,571
belliro01,2004,CLE,599
belliro01,2005,CLE,536
belliro01,2007,WAS,511
bellja01,1990,PIT,583
bellja01,1991,PIT,608
bellja01,1992,PIT,632
bellja01,1993,PIT,604
bellja01,1995,PIT,530
bellja01,1996,PIT,527
bellja01,1997,KCA,573
bellja01,1998,ARI,549
bellja01,1999,ARI,589
bellja01,2000,ARI,565
belljo02,2017,PIT,549
bellle01,1925,SLN,586
bellle01,1926,SLN,581
bellle01,1928,BSN,591
beltbr01,2013,SFN,509
beltbr01,2016,SFN,542
beltrad01,1999,LAN,538
beltrad01,2000,LAN,510
beltrad01,2002,LAN,587
beltrad01,2003,LAN,559
beltrad01,2004,LAN,598
beltrad01,2005,SEA,603
beltrad01,2006,SEA,620
beltrad01,2007,SEA,595
beltrad01,2008,SEA,556
beltrad01,2010,BOS,589
beltrad01,2012,TEX,604
beltrad01,2013,TEX,631
beltrad01,2014,TEX,549
beltrad01,2015,TEX,567
beltrad01,2016,TEX,583
beltrca01,1999,KCA,663
beltrca01,2001,KCA,617
beltrca01,2002,KCA,637
beltrca01,2003,KCA,521
beltrca01,2005,NYN,582
beltrca01,2006,NYN,510
beltrca01,2007,NYN,554
beltrca01,2008,NYN,606
beltrca01,2012,SLN,547
beltrca01,2013,SLN,554
benarma01,1999,SFN,562
benarma01,2000,SFN,560
benchjo01,1968,CIN,564
benchjo01,1969,CIN,532
benchjo01,1970,CIN,605
benchjo01,1971,CIN,562
benchjo01,1972,CIN,538
benchjo01,1973,CIN,557
benchjo01,1974,CIN,621
benchjo01,1975,CIN,530
beninan01,2017,BOS,573
bennepu01,1906,SLN,595
benzito01,1989,CIN,628
berarjo01,1940,SLA,523
berarjo01,1946,SLA,582
bergepe01,2000,MON,518
bergewa01,1930,BSN,555
bergewa01,1931,BSN,617
bergewa01,1932,BSN,602
bergewa01,1933,BSN,528
bergewa01,1934,BSN,615
bergewa01,1935,BSN,589
bergewa01,1936,BSN,534
berkmla01,2001,HOU,577
berkmla01,2002,HOU,578
berkmla01,2003,HOU,538
berkmla01,2004,HOU,544
berkmla01,2006,HOU,536
berkmla01,2007,HOU,561
berkmla01,2008,HOU,554
bernato01,1982,CHA,540
bernato01,1986,CLE,562
berrada01,1982,PIT,529
berrada01,1983,PIT,537
berrayo01,1950,NYA,597
berrayo01,1951,NYA,547
berrayo01,1952,NYA,534
berrayo01,1953,NYA,503
berrayo01,1954,NYA,584
berrayo01,1955,NYA,541
berrayo01,1956,NYA,521
berroan01,2003,KCA,567
berroan01,2004,KCA,512
berroan01,2005,KCA,608
berroge01,1995,OAK,546
berroge01,1996,OAK,586
berryke01,1968,CHA,504
beschbo01,1910,CIN,589
beschbo01,1911,CIN,599
beschbo01,1912,CIN,548
beschbo01,1913,CIN,511
beschbo01,1914,NY1,512
beschbo01,1916,SLN,561
betanyu01,2006,SEA,558
betanyu01,2007,SEA,536
betanyu01,2008,SEA,559
betanyu01,2010,KCA,556
betanyu01,2011,MIL,556
bettsmo01,2015,BOS,597
bettsmo01,2016,BOS,672
bettsmo01,2017,BOS,628
betzebr01,1916,SLN,510
bicheda01,1993,COL,538
bicheda01,1995,COL,579
bicheda01,1996,COL,633
bicheda01,1997,COL,561
bicheda01,1998,COL,662
bicheda01,1999,COL,593
bierblo01,1886,PH4,522
bierblo01,1887,PH4,530
bierblo01,1888,PH4,535
bierblo01,1889,PH4,549
bierblo01,1890,BRP,589
bierblo01,1892,PIT,649
bierblo01,1893,PIT,528
bierblo01,1894,PIT,528
bigbeca01,1920,PIT,550
bigbeca01,1921,PIT,632
bigbeca01,1922,PIT,614
biggicr01,1990,HOU,555
biggicr01,1991,HOU,546
biggicr01,1992,HOU,613
biggicr01,1993,HOU,610
biggicr01,1995,HOU,553
biggicr01,1996,HOU,605
biggicr01,1997,HOU,619
biggicr01,1998,HOU,646
biggicr01,1999,HOU,639
biggicr01,2001,HOU,617
biggicr01,2002,HOU,577
biggicr01,2003,HOU,628
biggicr01,2004,HOU,633
biggicr01,2005,HOU,590
biggicr01,2006,HOU,548
biggicr01,2007,HOU,517
bilkost01,1953,SLN,570
binksge01,1945,WS1,550
bissode01,1928,BRO,587
bissode01,1930,BRO,572
bissode01,1931,BRO,587
blackch02,2014,COL,593
blackch02,2015,COL,614
blackch02,2016,COL,578
blackch02,2017,COL,644
blairfo01,1930,CHN,578
blairpa01,1967,BAL,552
blairpa01,1969,BAL,625
blairpa01,1971,BAL,516
blairpa01,1974,BAL,552
blakeca01,2003,CLE,557
blakeca01,2004,CLE,587
blakeca01,2005,CLE,523
blakeca01,2007,CLE,588
blakeca01,2010,LAN,509
blaloha01,2003,TEX,567
blaloha01,2004,TEX,624
blaloha01,2005,TEX,647
blaloha01,2006,TEX,591
blasido01,1956,SLN,587
blasido01,1957,SLN,650
blasido01,1958,SLN,547
blasido01,1959,SLN,615
blasido01,1960,SFN,523
blasido01,1964,WS2,506
blausje01,1993,ATL,597
blausje01,1997,ATL,519
blefacu01,1967,BAL,554
blefacu01,1969,HOU,542
bloodji01,1941,WS1,506
bloodji01,1942,DET,533
bluegos01,1925,WS1,522
bluegos01,1927,WS1,503
bluegos01,1928,WS1,518
bluegos01,1931,WS1,570
bluegos01,1932,WS1,507
bluegos01,1933,WS1,501
bluelu01,1921,DET,585
bluelu01,1922,DET,584
bluelu01,1923,DET,504
bluelu01,1925,DET,532
bluelu01,1928,SLA,549
bluelu01,1929,SLA,573
bluelu01,1931,CHA,589
bochtbr01,1979,SEA,554
bochtbr01,1980,SEA,520
bochtbr01,1982,SEA,509
bodiepi01,1911,CHA,551
bodiepi01,1917,PHA,557
boeckto01,1920,BSN,582
boeckto01,1921,BSN,592
boeckto01,1923,BSN,568
bogaexa01,2014,BOS,538
bogaexa01,2015,BOS,613
bogaexa01,2016,BOS,652
bogaexa01,2017,BOS,571
boggswa01,1983,BOS,582
boggswa01,1984,BOS,625
boggswa01,1985,BOS,653
boggswa01,1986,BOS,580
boggswa01,1987,BOS,551
boggswa01,1988,BOS,584
boggswa01,1989,BOS,621
boggswa01,1990,BOS,619
boggswa01,1991,BOS,546
boggswa01,1992,BOS,514
boggswa01,1993,NYA,560
boggswa01,1996,NYA,501
bohnesa01,1921,CIN,613
bohnesa01,1923,CIN,539
bollifr01,1957,DET,576
bollifr01,1958,DET,610
bollifr01,1960,DET,536
bollifr01,1961,ML1,585
bollifr01,1963,ML1,542
bollifr01,1965,ML1,535
bondsba01,1987,PIT,551
bondsba01,1988,PIT,538
bondsba01,1989,PIT,580
bondsba01,1990,PIT,519
bondsba01,1991,PIT,510
bondsba01,1993,SFN,539
bondsba01,1995,SFN,506
bondsba01,1996,SFN,517
bondsba01,1997,SFN,532
bondsba01,1998,SFN,552
bondsbo01,1969,SFN,622
bondsbo01,1970,SFN,663
bondsbo01,1971,SFN,619
bondsbo01,1972,SFN,626
bondsbo01,1973,SFN,643
bondsbo01,1974,SFN,567
bondsbo01,1975,NYA,529
bondsbo01,1977,CAL,592
bondsbo01,1979,CLE,538
bondwa01,1964,HOU,543
bonifem01,2011,FLO,565
bonilbo01,1988,PIT,584
bonilbo01,1989,PIT,616
bonilbo01,1990,PIT,625
bonilbo01,1991,PIT,577
bonilbo01,1993,NYN,502
bonilbo01,1996,BAL,595
bonilbo01,1997,FLO,562
bonilju01,1983,SDN,556
bonurze01,1934,CHA,510
bonurze01,1935,CHA,550
bonurze01,1936,CHA,587
bonurze01,1938,WS1,540
booneaa01,2002,CIN,606
booneaa01,2005,CLE,511
boonebo01,1973,PHI,521
boonebr01,1995,CIN,513
boonebr01,1996,CIN,520
boonebr01,1998,CIN,583
boonebr01,1999,ATL,608
boonebr01,2001,SEA,623
boonebr01,2002,SEA,608
boonebr01,2003,SEA,622
boonebr01,2004,SEA,593
boonera01,1951,CLE,544
boonera01,1954,DET,543
bordafr01,1944,BRO,501
bordimi01,1992,OAK,504
bordimi01,1993,OAK,546
bordimi01,1996,OAK,525
bordimi01,1997,BAL,509
bordimi01,1999,BAL,631
bortoba01,1915,SLF,549
bosetri01,1978,TOR,568
bosetri01,1979,TOR,619
bostoly01,1977,MIN,593
bostoly01,1978,CAL,568
bottoji01,1923,SLN,523
bottoji01,1924,SLN,528
bottoji01,1925,SLN,619
bottoji01,1926,SLN,603
bottoji01,1927,SLN,574
bottoji01,1928,SLN,576
bottoji01,1929,SLN,560
bottoji01,1933,CIN,549
bottoji01,1934,CIN,556
bottoji01,1936,SLA,544
bouchal01,1914,SLF,516
bouched01,1957,PHI,574
boudrlo01,1940,CLE,627
boudrlo01,1941,CLE,579
boudrlo01,1942,CLE,506
boudrlo01,1943,CLE,539
boudrlo01,1944,CLE,584
boudrlo01,1946,CLE,515
boudrlo01,1947,CLE,538
boudrlo01,1948,CLE,560
bourjpe01,2011,LAA,502
bournmi01,2009,HOU,606
bournmi01,2010,HOU,535
bournmi01,2012,ATL,624
bournmi01,2013,CLE,525
bowala01,1970,PHI,547
bowala01,1971,PHI,650
bowala01,1972,PHI,579
bowala01,1974,PHI,669
bowala01,1975,PHI,583
bowala01,1976,PHI,624
bowala01,1977,PHI,624
bowala01,1978,PHI,654
bowala01,1979,PHI,539
bowala01,1980,PHI,540
bowensa01,1964,BAL,501
boyercl02,1961,NYA,504
boyercl02,1962,NYA,566
boyercl02,1963,NYA,557
boyercl02,1964,NYA,510
boyercl02,1965,NYA,514
boyercl02,1967,ATL,572
boyerke01,1955,SLN,530
boyerke01,1956,SLN,595
boyerke01,1957,SLN,544
boyerke01,1958,SLN,570
boyerke01,1959,SLN,563
boyerke01,1960,SLN,552
boyerke01,1961,SLN,589
boyerke01,1962,SLN,611
boyerke01,1963,SLN,617
boyerke01,1964,SLN,628
boyerke01,1965,SLN,535
boyleja01,1893,PHI,504
boyleja01,1894,PHI,510
boyleja01,1895,PHI,565
bradlbi01,1901,CLE,516
bradlbi01,1902,CLE,550
bradlbi01,1903,CLE,536
bradlbi01,1904,CLE,609
bradlbi01,1905,CLE,541
bradlbi01,1908,CLE,548
bradlja02,2016,BOS,558
bradlmi01,2004,LAN,516
bradlph01,1985,SEA,641
bradlph01,1986,SEA,526
bradlph01,1987,SEA,603
bradlph01,1988,PHI,569
bradlph01,1989,BAL,545
bragabo01,1941,PHI,557
braggda01,1997,BOS,513
bragggl01,1987,ML4,505
bragggl01,1989,ML4,514
brainda01,1906,BSN,525
brainda01,1907,BSN,509
brancal01,1941,PHA,530
brandja01,1960,BAL,511
brandja01,1961,BAL,516
brandja01,1962,BAL,505
brandja01,1964,BAL,523
branski01,1901,PIT,566
branski01,1903,PIT,505
branski01,1904,PIT,520
branski01,1905,PHI,580
branski01,1906,PHI,524
branski01,1908,PHI,527
branski01,1909,PHI,527
brantmi01,1988,SEA,577
brantmi02,2012,CLE,552
brantmi02,2013,CLE,556
brantmi02,2014,CLE,611
brantmi02,2015,CLE,529
braunry02,2008,MIL,611
braunry02,2009,MIL,635
braunry02,2010,MIL,619
braunry02,2011,MIL,563
braunry02,2012,MIL,598
braunry02,2014,MIL,530
braunry02,2015,MIL,506
braunry02,2016,MIL,511
breamsi01,1986,PIT,522
breamsi01,1987,PIT,516
breedma01,1960,BAL,551
bregmal01,2017,HOU,556
brenlbo01,1984,SFN,506
bressed01,1962,BOS,599
bressed01,1964,BOS,566
bressru01,1928,BRO,501
brettge01,1975,KCA,634
brettge01,1976,KCA,645
brettge01,1977,KCA,564
brettge01,1978,KCA,510
brettge01,1979,KCA,645
brettge01,1982,KCA,552
brettge01,1985,KCA,550
brettge01,1988,KCA,589
brettge01,1990,KCA,544
brettge01,1991,KCA,505
brettge01,1992,KCA,592
brettge01,1993,KCA,560
brickfr01,1931,PHI,514
bridwal01,1907,BSN,509
briggjo02,1974,ML4,554
brinked01,1963,WS2,514
brinked01,1966,WS2,582
brinked01,1969,WS2,576
brinked01,1970,WS2,625
brinked01,1971,DET,527
brinked01,1972,DET,516
brinked01,1973,DET,515
brinked01,1974,DET,502
brockgr01,1987,ML4,532
brocklo01,1963,CHN,547
brocklo01,1965,SLN,631
brocklo01,1966,SLN,643
brocklo01,1967,SLN,689
brocklo01,1968,SLN,660
brocklo01,1969,SLN,655
brocklo01,1970,SLN,664
brocklo01,1971,SLN,640
brocklo01,1972,SLN,621
brocklo01,1973,SLN,650
brocklo01,1974,SLN,635
brocklo01,1975,SLN,528
brodist01,1890,BSN,514
brodist01,1891,BSN,523
brodist01,1892,SLN,602
brodist01,1894,BLN,573
brodist01,1895,BLN,528
brodist01,1896,BLN,516
brodist01,1899,BLN,531
brognri01,1997,PHI,543
brognri01,1998,PHI,565
brognri01,1999,PHI,619
brohaja01,1972,CLE,527
brookhu01,1983,NYN,586
brookhu01,1984,NYN,561
brookhu01,1985,MON,605
brookhu01,1988,MON,588
brookhu01,1989,MON,542
brookhu01,1990,LAN,568
brookto01,1980,DET,509
brosisc01,1998,NYA,530
broutda01,1888,DTN,522
broutda01,1892,BRO,588
broutda01,1894,BLN,525
browned02,1925,BRO,618
browned02,1926,BSN,612
browned02,1927,BSN,558
browned02,1928,BSN,523
brownem01,2005,KCA,545
brownem01,2006,KCA,527
brownge01,1903,NY1,591
brownge01,1904,NY1,596
brownge01,1905,NY1,536
brownge01,1908,BSN,536
brownje01,1989,CLE,598
brownje01,1990,CLE,513
brownji03,1937,SLN,525
brownji03,1939,SLN,645
brownji03,1941,SLN,549
brownji03,1942,SLN,606
brownol02,1969,SDN,568
brownol02,1970,SDN,534
brownpe01,1887,LS2,547
brownto01,1890,BSP,558
