{
    "NAME": "NewAxe",
    "DESCRIPTION": "",
    "ABSTRACTION_LEVEL": 2,
    "TOPOLOGY": {
        "Propeller_instance_1": {
            "CONNECTIONS": {
                "Motor_instance_1": "ANY"
            },
            "PARAMETERS": {
                "Propeller__Prop_type": -1.0,
                "Propeller__Direction": -1.0
            }
        },
        "Tube_instance_1": {
            "CONNECTIONS": {
                "Hub3_instance_2": "SIDE3-BOTTOM",
                "Flange_instance_1": "TOP-BOTTOM"
            },
            "PARAMETERS": {
                "Tube__Offset1": 0.0,
                "Tube__END_ROT": 270.0,
                "Tube__Length": 80.0
            }
        },
        "Orient": {
            "CONNECTIONS": {
                "Hub3_instance_3": "ANY"
            },
            "PARAMETERS": {
                "Orient__Z_ANGLE": 90.0
            }
        },
        "Wing_instance_1": {
            "CONNECTIONS": {
                "Tube_instance_16": "TOP"
            },
            "PARAMETERS": {
                "Wing__LOAD": 15.0,
                "Wing__TUBE_OFFSET": 90.0,
                "Wing__CONTROL_CHANNEL": 10.0,
                "Wing__CHORD_2": 100.0,
                "Wing__SPAN": 140.0,
                "Wing__CHORD_1": 100.0,
                "Wing__TUBE_ROTATION": 180.0
            }
        },
        "Tube_instance_2": {
            "CONNECTIONS": {
                "Flange_instance_2": "BOTTOM-SIDE",
                "Wing_instance_4": "BOTTOM"
            },
            "PARAMETERS": {
                "Tube__Offset1": 0.0,
                "Tube__END_ROT": 0.0,
                "Tube__Length": 55.0
            }
        },
        "Tube_instance_3": {
            "CONNECTIONS": {
                "Hub3_instance_4": "SIDE1-BOTTOM",
                "Hub3_instance_1": "SIDE3-TOP"
            },
            "PARAMETERS": {
                "Tube__Offset1": 0.0,
                "Tube__END_ROT": 90.0,
                "Tube__Length": 220.0
            }
        },
        "Wing_instance_2": {
            "CONNECTIONS": {
                "Tube_instance_5": "MID-BOTTOM"
            },
            "PARAMETERS": {
                "Wing__LOAD": 15.0,
                "Wing__TUBE_OFFSET": 448.68,
                "Wing__CONTROL_CHANNEL": 8.0,
                "Wing__CHORD_2": 180.0,
                "Wing__SPAN": 609.0,
                "Wing__CHORD_1": 180.0,
                "Wing__TUBE_ROTATION": 270.0
            }
        },
        "Tube_instance_4": {
            "CONNECTIONS": {
                "Hub3_instance_5": "SIDE1-TOP",
                "Hub3_instance_2": "SIDE1-BOTTOM"
            },
            "PARAMETERS": {
                "Tube__Offset1": 0.0,
                "Tube__END_ROT": 90.0,
                "Tube__Length": 220.0
            }
        },
        "Flange_instance_1": {
            "CONNECTIONS": {
                "Tube_instance_1": "BOTTOM-TOP",
                "Tube_instance_10": "SIDE-BOTTOM",
                "Motor_instance_1": "ANY"
            },
            "PARAMETERS": {
                "Flange__BOTTOM_ANGLE": 0.0
            }
        },
        "Flange_instance_2": {
            "CONNECTIONS": {
                "Motor_instance_2": "ANY",
                "Tube_instance_2": "SIDE-BOTTOM",
                "Tube_instance_15": "BOTTOM-TOP"
            },
            "PARAMETERS": {
                "Flange__BOTTOM_ANGLE": 90.0
            }
        },
        "Tube_instance_5": {
            "CONNECTIONS": {
                "Flange_instance_3": "TOP-SIDE",
                "Hub3_instance_5": "SIDE2-BOTTOM",
                "Wing_instance_2": "MID-TOP"
            },
            "PARAMETERS": {
                "Tube__Offset1": 90.0,
                "Tube__END_ROT": 90.0,
                "Tube__Length": 150.0
            }
        },
        "Propeller_instance_2": {
            "CONNECTIONS": {
                "Motor_instance_2": "ANY"
            },
            "PARAMETERS": {
                "Propeller__Prop_type": 1.0,
                "Propeller__Direction": 1.0
            }
        },
        "Tube_instance_6": {
            "CONNECTIONS": {
                "Flange_instance_4": "BOTTOM-BOTTOM"
            },
            "PARAMETERS": {
                "Tube__Offset1": 0.0,
                "Tube__END_ROT": 0.0,
                "Tube__Length": 150.1524
            }
        },
        "Hub3_instance_1": {
            "CONNECTIONS": {
                "Tube_instance_9": "TOP-CENTER",
                "Tube_instance_8": "BOTTOM-SIDE2",
                "Tube_instance_3": "TOP-SIDE3",
                "Tube_instance_14": "BOTTOM-SIDE1"
            },
            "PARAMETERS": {}
        },
        "Wing_instance_3": {
            "CONNECTIONS": {
                "Tube_instance_9": "TOP"
            },
            "PARAMETERS": {
                "Wing__LOAD": 15.0,
                "Wing__TUBE_OFFSET": 50.0,
                "Wing__CONTROL_CHANNEL": 9.0,
                "Wing__CHORD_2": 100.0,
                "Wing__SPAN": 140.0,
                "Wing__CHORD_1": 100.0,
                "Wing__TUBE_ROTATION": 0.0
            }
        },
        "Hub3_instance_2": {
            "CONNECTIONS": {
                "Tube_instance_11": "TOP-SIDE2",
                "Tube_instance_4": "BOTTOM-SIDE1",
                "Tube_instance_1": "BOTTOM-SIDE3"
            },
            "PARAMETERS": {}
        },
        "Wing_instance_4": {
            "CONNECTIONS": {
                "Tube_instance_2": "TOP"
            },
            "PARAMETERS": {
                "Wing__LOAD": 15.0,
                "Wing__TUBE_OFFSET": 160.32,
                "Wing__CONTROL_CHANNEL": 6.0,
                "Wing__CHORD_2": 150.0,
                "Wing__SPAN": 450.0,
                "Wing__CHORD_1": 150.0,
                "Wing__TUBE_ROTATION": 180.0
            }
        },
        "Flange_instance_3": {
            "CONNECTIONS": {
                "Tube_instance_13": "BOTTOM-BOTTOM",
                "Tube_instance_5": "SIDE-TOP",
                "Motor_instance_4": "ANY"
            },
            "PARAMETERS": {
                "Flange__BOTTOM_ANGLE": 0.0
            }
        },
        "BatteryController_instance_1": {
            "CONNECTIONS": {
                "Motor_instance_1": "ANY",
                "Motor_instance_2": "ANY",
                "Battery_instance_1": "ANY",
                "Motor_instance_3": "ANY",
                "Motor_instance_4": "ANY"
            },
            "PARAMETERS": {}
        },
        "Tube_instance_7": {
            "CONNECTIONS": {
                "Hub3_instance_4": "SIDE2-TOP",
                "Hub3_instance_3": "SIDE1-BOTTOM"
            },
            "PARAMETERS": {
                "Tube__Offset1": 0.0,
                "Tube__END_ROT": 0.0,
                "Tube__Length": 140.0
            }
        },
        "Motor_instance_1": {
            "CONNECTIONS": {
                "BatteryController_instance_1": "ANY",
                "Flange_instance_1": "ANY",
                "Propeller_instance_1": "ANY"
            },
            "PARAMETERS": {
                "Motor__CONTROL_CHANNEL": 1.0
            }
        },
        "Propeller_instance_3": {
            "CONNECTIONS": {
                "Motor_instance_4": "ANY"
            },
            "PARAMETERS": {
                "Propeller__Prop_type": -1.0,
                "Propeller__Direction": -1.0
            }
        },
        "Tube_instance_8": {
            "CONNECTIONS": {
                "Wing_instance_5": "MID-TOP",
                "Hub3_instance_1": "SIDE2-BOTTOM",
                "Flange_instance_4": "TOP-SIDE"
            },
            "PARAMETERS": {
                "Tube__Offset1": 90.0,
                "Tube__END_ROT": 270.0,
                "Tube__Length": 150.0
            }
        },
        "Propeller_instance_4": {
            "CONNECTIONS": {
                "Motor_instance_3": "ANY"
            },
            "PARAMETERS": {
                "Propeller__Prop_type": 1.0,
                "Propeller__Direction": 1.0
            }
        },
        "Tube_instance_9": {
            "CONNECTIONS": {
                "Hub3_instance_1": "CENTER-TOP",
                "Wing_instance_3": "BOTTOM"
            },
            "PARAMETERS": {
                "Tube__Offset1": 0.0,
                "Tube__END_ROT": 0.0,
                "Tube__Length": 41.0
            }
        },
        "Tube_instance_10": {
            "CONNECTIONS": {
                "Wing_instance_6": "BOTTOM",
                "Flange_instance_1": "BOTTOM-SIDE"
            },
            "PARAMETERS": {
                "Tube__Offset1": 0.0,
                "Tube__END_ROT": 0.0,
                "Tube__Length": 55.0
            }
        },
        "Fuselage_instance_1": {
            "CONNECTIONS": {
                "Hub3_instance_3": "BOTTOM",
                "Battery_instance_1": "INSIDE-1"
            },
            "PARAMETERS": {
                "Fuselage__FLOOR_CONNECTOR_6_DISP_LENGTH": 0.0,
                "Fuselage__FUSE_CYL_LENGTH": 150.0,
                "Fuselage__HORZ_DIAMETER": 80.0,
                "Fuselage__FLOOR_CONNECTOR_7_DISP_LENGTH": 0.0,
                "Fuselage__FLOOR_CONNECTOR_8_DISP_LENGTH": 0.0,
                "Fuselage__BOTTOM_CONNECTOR_ROTATION": 90.0,
                "Fuselage__FLOOR_CONNECTOR_8_DISP_WIDTH": 0.0,
                "Fuselage__FLOOR_CONNECTOR_2_DISP_WIDTH": 0.0,
                "Fuselage__FLOOR_CONNECTOR_3_DISP_LENGTH": 0.0,
                "Fuselage__FLOOR_CONNECTOR_3_DISP_WIDTH": 0.0,
                "Fuselage__FLOOR_CONNECTOR_6_DISP_WIDTH": 0.0,
                "Fuselage__FLOOR_CONNECTOR_4_DISP_LENGTH": 0.0,
                "Fuselage__FLOOR_CONNECTOR_5_DISP_LENGTH": 0.0,
                "Fuselage__VERT_DIAMETER": 105.0,
                "Fuselage__FLOOR_CONNECTOR_1_DISP_WIDTH": 0.0,
                "Fuselage__FLOOR_CONNECTOR_4_DISP_WIDTH": 0.0
            }
        },
        "Hub3_instance_3": {
            "CONNECTIONS": {
                "Tube_instance_7": "BOTTOM-SIDE1",
                "Fuselage_instance_1": "TOP",
                "Orient": "ANY",
                "Tube_instance_11": "BOTTOM-SIDE3"
            },
            "PARAMETERS": {}
        },
        "Tube_instance_11": {
            "CONNECTIONS": {
                "Hub3_instance_2": "SIDE2-TOP",
                "Hub3_instance_3": "SIDE3-BOTTOM"
            },
            "PARAMETERS": {
                "Tube__Offset1": 0.0,
                "Tube__END_ROT": 180.0,
                "Tube__Length": 140.0
            }
        },
        "Tube_instance_12": {
            "CONNECTIONS": {
                "Hub3_instance_5": "SIDE3-BOTTOM"
            },
            "PARAMETERS": {
                "Tube__Offset1": 0.0,
                "Tube__END_ROT": 0.0,
                "Tube__Length": 150.0
            }
        },
        "Tube_instance_13": {
            "CONNECTIONS": {
                "Flange_instance_3": "BOTTOM-BOTTOM"
            },
            "PARAMETERS": {
                "Tube__Offset1": 0.0,
                "Tube__END_ROT": 0.0,
                "Tube__Length": 150.1524
            }
        },
        "Motor_instance_2": {
            "CONNECTIONS": {
                "Propeller_instance_2": "ANY",
                "BatteryController_instance_1": "ANY",
                "Flange_instance_2": "ANY"
            },
            "PARAMETERS": {
                "Motor__CONTROL_CHANNEL": 2.0
            }
        },
        "Motor_instance_3": {
            "CONNECTIONS": {
                "Propeller_instance_4": "ANY",
                "Flange_instance_4": "ANY",
                "BatteryController_instance_1": "ANY"
            },
            "PARAMETERS": {
                "Motor__CONTROL_CHANNEL": 4.0
            }
        },
        "Tube_instance_14": {
            "CONNECTIONS": {
                "Hub3_instance_1": "SIDE1-BOTTOM"
            },
            "PARAMETERS": {
                "Tube__Offset1": 0.0,
                "Tube__END_ROT": 0.0,
                "Tube__Length": 150.0
            }
        },
        "Wing_instance_5": {
            "CONNECTIONS": {
                "Tube_instance_8": "MID-BOTTOM"
            },
            "PARAMETERS": {
                "Wing__LOAD": 15.0,
                "Wing__TUBE_OFFSET": 160.32,
                "Wing__CONTROL_CHANNEL": 7.0,
                "Wing__CHORD_2": 180.0,
                "Wing__SPAN": 609.0,
                "Wing__CHORD_1": 180.0,
                "Wing__TUBE_ROTATION": 90.0
            }
        },
        "Hub3_instance_4": {
            "CONNECTIONS": {
                "Tube_instance_7": "TOP-SIDE2",
                "Tube_instance_3": "BOTTOM-SIDE1",
                "Tube_instance_15": "BOTTOM-SIDE3"
            },
            "PARAMETERS": {}
        },
        "Hub3_instance_5": {
            "CONNECTIONS": {
                "Tube_instance_4": "TOP-SIDE1",
                "Tube_instance_16": "TOP-CENTER",
                "Tube_instance_12": "BOTTOM-SIDE3",
                "Tube_instance_5": "BOTTOM-SIDE2"
            },
            "PARAMETERS": {}
        },
        "Flange_instance_4": {
            "CONNECTIONS": {
                "Tube_instance_6": "BOTTOM-BOTTOM",
                "Tube_instance_8": "SIDE-TOP",
                "Motor_instance_3": "ANY"
            },
            "PARAMETERS": {
                "Flange__BOTTOM_ANGLE": 0.0
            }
        },
        "Tube_instance_15": {
            "CONNECTIONS": {
                "Flange_instance_2": "TOP-BOTTOM",
                "Hub3_instance_4": "SIDE3-BOTTOM"
            },
            "PARAMETERS": {
                "Tube__Offset1": 0.0,
                "Tube__END_ROT": 90.0,
                "Tube__Length": 80.0
            }
        },
        "Tube_instance_16": {
            "CONNECTIONS": {
                "Hub3_instance_5": "CENTER-TOP",
                "Wing_instance_1": "BOTTOM"
            },
            "PARAMETERS": {
                "Tube__Offset1": 0.0,
                "Tube__END_ROT": 0.0,
                "Tube__Length": 41.0
            }
        },
        "Motor_instance_4": {
            "CONNECTIONS": {
                "BatteryController_instance_1": "ANY",
                "Propeller_instance_3": "ANY",
                "Flange_instance_3": "ANY"
            },
            "PARAMETERS": {
                "Motor__CONTROL_CHANNEL": 3.0
            }
        },
        "Battery_instance_1": {
            "CONNECTIONS": {
                "Fuselage_instance_1": "BOTTOM-1",
                "BatteryController_instance_1": "ANY"
            },
            "PARAMETERS": {}
        },
        "Wing_instance_6": {
            "CONNECTIONS": {
                "Tube_instance_10": "TOP"
            },
            "PARAMETERS": {
                "Wing__LOAD": 15.0,
                "Wing__TUBE_OFFSET": 289.68,
                "Wing__CONTROL_CHANNEL": 5.0,
                "Wing__CHORD_2": 150.0,
                "Wing__SPAN": 450.0,
                "Wing__CHORD_1": 150.0,
                "Wing__TUBE_ROTATION": 180.0
            }
        }
    }
}