{
    "COMPONENTS": {
        "Battery": "TurnigyGraphene6000mAh6S75C",
        "BatteryController": "BatteryController",
        "Cargo": "Cargo",
        "CargoCase": "CargoCase",
        "Flange": "0394_para_flange",
        "Fuselage": "capsule_fuselage",
        "Hub4": "0394od_para_hub_4",
        "Motor": "t_motor_AT4130KV300",
        "Orient": "Orient",
        "Propeller": "apc_propellers_17x6",
        "SensorAutopilot": "Autopilot",
        "SensorCurrent": "Current",
        "SensorGPS": "GPS",
        "SensorRpmTemp": "RpmTemp",
        "SensorVariometer": "Variometer",
        "SensorVoltage": "Voltage",
        "Tube": "0394OD_para_tube"
    }
}