{
  "extra": {
    "generator_version": "2022-05-23"
  },
  "name": "design_66_08d91a64_cd17_4912_acfe_077d43752166",
  "parameters": [
    {
      "parameter_name": "FuselageDualSeat_15_FLOOR_HEIGHT",
      "value": "150.0",
      "component_properties": [
        {
          "component_name": "FuselageDualSeat_15_1",
          "component_property": "FLOOR_HEIGHT"
        }
      ]
    },
    {
      "parameter_name": "FuselageDualSeat_15_SPHERE_DIAMETER",
      "value": "1520.0",
      "component_properties": [
        {
          "component_name": "FuselageDualSeat_15_1",
          "component_property": "SPHERE_DIAMETER"
        }
      ]
    },
    {
      "parameter_name": "PosPropType",
      "value": "1",
      "component_properties": [
        {
          "component_name": "Propeller_1",
          "component_property": "Prop_type"
        },
        {
          "component_name": "Propeller_3",
          "component_property": "Prop_type"
        },
        {
          "component_name": "Propeller_2",
          "component_property": "Prop_type"
        },
        {
          "component_name": "Propeller_4",
          "component_property": "Prop_type"
        },
        {
          "component_name": "Propeller_5",
          "component_property": "Prop_type"
        }
      ]
    },
    {
      "parameter_name": "Wing_26_NACA_Profile",
      "value": "6315",
      "component_properties": [
        {
          "component_name": "Wing_26_1",
          "component_property": "NACA_Profile"
        },
        {
          "component_name": "Wing_26_2",
          "component_property": "NACA_Profile"
        }
      ]
    },
    {
      "parameter_name": "WingPair_16_SPAN",
      "value": "11306.542147084372",
      "component_properties": [
        {
          "component_name": "Wing_26_1",
          "component_property": "SPAN"
        },
        {
          "component_name": "Battery_51_1",
          "component_property": "SPAN"
        },
        {
          "component_name": "Wing_26_2",
          "component_property": "SPAN"
        },
        {
          "component_name": "Battery_52_1",
          "component_property": "SPAN"
        }
      ]
    },
    {
      "parameter_name": "FuselageDualSeat_15_TAIL_DIAMETER",
      "value": "300.0",
      "component_properties": [
        {
          "component_name": "FuselageDualSeat_15_1",
          "component_property": "TAIL_DIAMETER"
        }
      ]
    },
    {
      "parameter_name": "WingWithBatteryMain_10_VOLUME_PERCENT",
      "value": "58.99279900315171",
      "component_properties": [
        {
          "component_name": "Battery_49_1",
          "component_property": "VOLUME_PERCENT"
        },
        {
          "component_name": "Battery_50_1",
          "component_property": "VOLUME_PERCENT"
        }
      ]
    },
    {
      "parameter_name": "FuselageDualSeat_15_LENGTH",
      "value": "2000.0",
      "component_properties": [
        {
          "component_name": "FuselageDualSeat_15_1",
          "component_property": "LENGTH"
        }
      ]
    },
    {
      "parameter_name": "WingWithBatteryMain_10_CHORD_INNER",
      "value": "2331.887061996592",
      "component_properties": [
        {
          "component_name": "Wing_25_1",
          "component_property": "CHORD_1"
        },
        {
          "component_name": "Battery_49_1",
          "component_property": "CHORD_1"
        },
        {
          "component_name": "Wing_25_2",
          "component_property": "CHORD_2"
        },
        {
          "component_name": "Battery_50_1",
          "component_property": "CHORD_2"
        }
      ]
    },
    {
      "parameter_name": "WingWithBatteryMain_10_TAPER_OFFSET",
      "value": "1",
      "component_properties": [
        {
          "component_name": "Wing_25_1",
          "component_property": "TAPER_OFFSET"
        },
        {
          "component_name": "Battery_49_1",
          "component_property": "TAPER_OFFSET"
        },
        {
          "component_name": "Wing_25_2",
          "component_property": "TAPER_OFFSET"
        },
        {
          "component_name": "Battery_50_1",
          "component_property": "TAPER_OFFSET"
        }
      ]
    },
    {
      "parameter_name": "LeftMountSide",
      "value": "1",
      "component_properties": [
        {
          "component_name": "Battery_49_1",
          "component_property": "MOUNT_SIDE"
        },
        {
          "component_name": "Battery_51_1",
          "component_property": "MOUNT_SIDE"
        }
      ]
    },
    {
      "parameter_name": "FuselageDualSeat_15_SEAT_2_FB",
      "value": "790.0",
      "component_properties": [
        {
          "component_name": "FuselageDualSeat_15_1",
          "component_property": "SEAT_2_FB"
        }
      ]
    },
    {
      "parameter_name": "PosPropDir",
      "value": "1",
      "component_properties": [
        {
          "component_name": "Propeller_1",
          "component_property": "Direction"
        },
        {
          "component_name": "Propeller_3",
          "component_property": "Direction"
        },
        {
          "component_name": "Propeller_5",
          "component_property": "Direction"
        },
        {
          "component_name": "Propeller_6",
          "component_property": "Direction"
        },
        {
          "component_name": "Propeller_8",
          "component_property": "Direction"
        }
      ]
    },
    {
      "parameter_name": "FrontBackPropArmMulti_21_PROP_OFFSET",
      "value": "891.3238529529302",
      "component_properties": [
        {
          "component_name": "StraightArm_62_1",
          "component_property": "TOP_CONN_DISP"
        },
        {
          "component_name": "StraightArm_62_1",
          "component_property": "BOTTOM_CONN_DISP"
        },
        {
          "component_name": "StraightArm_62_1",
          "component_property": "LEFT_CONN_DISP"
        },
        {
          "component_name": "StraightArm_62_1",
          "component_property": "RIGHT_CONN_DISP"
        },
        {
          "component_name": "StraightArm_62_2",
          "component_property": "TOP_CONN_DISP"
        },
        {
          "component_name": "StraightArm_62_2",
          "component_property": "BOTTOM_CONN_DISP"
        },
        {
          "component_name": "StraightArm_62_2",
          "component_property": "LEFT_CONN_DISP"
        },
        {
          "component_name": "StraightArm_62_2",
          "component_property": "RIGHT_CONN_DISP"
        }
      ]
    },
    {
      "parameter_name": "WingPair_16_FLAP_BIAS",
      "value": "0.42733912814019515",
      "component_properties": [
        {
          "component_name": "Wing_26_1",
          "component_property": "FLAP_BIAS"
        },
        {
          "component_name": "Wing_26_2",
          "component_property": "FLAP_BIAS"
        }
      ]
    },
    {
      "parameter_name": "NegPropType",
      "value": "-1",
      "component_properties": [
        {
          "component_name": "Propeller_7",
          "component_property": "Prop_type"
        },
        {
          "component_name": "Propeller_6",
          "component_property": "Prop_type"
        },
        {
          "component_name": "Propeller_8",
          "component_property": "Prop_type"
        },
        {
          "component_name": "Propeller_9",
          "component_property": "Prop_type"
        }
      ]
    },
    {
      "parameter_name": "FuselageDualSeat_15_MIDDLE_LENGTH",
      "value": "275.0",
      "component_properties": [
        {
          "component_name": "FuselageDualSeat_15_1",
          "component_property": "MIDDLE_LENGTH"
        }
      ]
    },
    {
      "parameter_name": "ControlChannelAuto",
      "value": "-1",
      "component_properties": [
        {
          "component_name": "Motor_1",
          "component_property": "CONTROL_CHANNEL"
        },
        {
          "component_name": "Motor_3",
          "component_property": "CONTROL_CHANNEL"
        },
        {
          "component_name": "Motor_2",
          "component_property": "CONTROL_CHANNEL"
        },
        {
          "component_name": "Motor_4",
          "component_property": "CONTROL_CHANNEL"
        },
        {
          "component_name": "Motor_5",
          "component_property": "CONTROL_CHANNEL"
        },
        {
          "component_name": "Motor_7",
          "component_property": "CONTROL_CHANNEL"
        },
        {
          "component_name": "Motor_6",
          "component_property": "CONTROL_CHANNEL"
        },
        {
          "component_name": "Motor_8",
          "component_property": "CONTROL_CHANNEL"
        },
        {
          "component_name": "Motor_9",
          "component_property": "CONTROL_CHANNEL"
        }
      ]
    },
    {
      "parameter_name": "WingPair_16_LOAD",
      "value": "1214.789699181696",
      "component_properties": [
        {
          "component_name": "Wing_26_1",
          "component_property": "LOAD"
        },
        {
          "component_name": "Wing_26_2",
          "component_property": "LOAD"
        }
      ]
    },
    {
      "parameter_name": "WingWithBatteryMain_10_LOAD",
      "value": "4549.9909662669925",
      "component_properties": [
        {
          "component_name": "Wing_25_1",
          "component_property": "LOAD"
        },
        {
          "component_name": "Wing_25_2",
          "component_property": "LOAD"
        }
      ]
    },
    {
      "parameter_name": "FuselageDualSeat_15_SEAT_1_FB",
      "value": "790.0",
      "component_properties": [
        {
          "component_name": "FuselageDualSeat_15_1",
          "component_property": "SEAT_1_FB"
        }
      ]
    },
    {
      "parameter_name": "WingWithBatteryMain_10_FLAP_BIAS",
      "value": "0.8410353982032865",
      "component_properties": [
        {
          "component_name": "Wing_25_1",
          "component_property": "FLAP_BIAS"
        },
        {
          "component_name": "Wing_25_2",
          "component_property": "FLAP_BIAS"
        }
      ]
    },
    {
      "parameter_name": "FrontBackPropArmMulti_21_PROP_SEGMENT_LENGTH",
      "value": "644.9835330051224",
      "component_properties": [
        {
          "component_name": "StraightArm_62_1",
          "component_property": "LENGTH"
        },
        {
          "component_name": "StraightArm_62_2",
          "component_property": "LENGTH"
        }
      ]
    },
    {
      "parameter_name": "TailWing_3_TAIL_WING_OFFSET",
      "value": "0.0",
      "component_properties": [
        {
          "component_name": "StraightArm_63_1",
          "component_property": "TOP_CONN_DISP"
        },
        {
          "component_name": "StraightArm_63_1",
          "component_property": "BOTTOM_CONN_DISP"
        },
        {
          "component_name": "StraightArm_63_1",
          "component_property": "LEFT_CONN_DISP"
        },
        {
          "component_name": "StraightArm_63_1",
          "component_property": "RIGHT_CONN_DISP"
        }
      ]
    },
    {
      "parameter_name": "RightMountSide",
      "value": "2",
      "component_properties": [
        {
          "component_name": "Battery_50_1",
          "component_property": "MOUNT_SIDE"
        },
        {
          "component_name": "Battery_52_1",
          "component_property": "MOUNT_SIDE"
        }
      ]
    },
    {
      "parameter_name": "NegPropDir",
      "value": "-1",
      "component_properties": [
        {
          "component_name": "Propeller_2",
          "component_property": "Direction"
        },
        {
          "component_name": "Propeller_4",
          "component_property": "Direction"
        },
        {
          "component_name": "Propeller_7",
          "component_property": "Direction"
        },
        {
          "component_name": "Propeller_9",
          "component_property": "Direction"
        }
      ]
    },
    {
      "parameter_name": "WingPair_16_CHORD_INNER",
      "value": "2546.6327412542564",
      "component_properties": [
        {
          "component_name": "NACAPortConnector_1",
          "component_property": "CHORD"
        },
        {
          "component_name": "Wing_26_1",
          "component_property": "CHORD_1"
        },
        {
          "component_name": "Battery_51_1",
          "component_property": "CHORD_1"
        },
        {
          "component_name": "Wing_26_2",
          "component_property": "CHORD_2"
        },
        {
          "component_name": "Battery_52_1",
          "component_property": "CHORD_2"
        }
      ]
    },
    {
      "parameter_name": "WingPair_16_CHORD_OUTER",
      "value": "1269.28422153772",
      "component_properties": [
        {
          "component_name": "Wing_26_1",
          "component_property": "CHORD_2"
        },
        {
          "component_name": "Battery_51_1",
          "component_property": "CHORD_2"
        },
        {
          "component_name": "Wing_26_2",
          "component_property": "CHORD_1"
        },
        {
          "component_name": "Battery_52_1",
          "component_property": "CHORD_1"
        }
      ]
    },
    {
      "parameter_name": "TailWing_3_TAIL_LENGTH",
      "value": "1425.3807342459572",
      "component_properties": [
        {
          "component_name": "StraightArm_63_1",
          "component_property": "LENGTH"
        }
      ]
    },
    {
      "parameter_name": "WingPair_16_VOLUME_PERCENT",
      "value": "76.30567265608968",
      "component_properties": [
        {
          "component_name": "Battery_51_1",
          "component_property": "VOLUME_PERCENT"
        },
        {
          "component_name": "Battery_52_1",
          "component_property": "VOLUME_PERCENT"
        }
      ]
    },
    {
      "parameter_name": "FuselageDualSeat_15_SEAT_1_LR",
      "value": "-210.0",
      "component_properties": [
        {
          "component_name": "FuselageDualSeat_15_1",
          "component_property": "SEAT_1_LR"
        }
      ]
    },
    {
      "parameter_name": "WingPair_16_TAPER_OFFSET",
      "value": "1",
      "component_properties": [
        {
          "component_name": "Wing_26_1",
          "component_property": "TAPER_OFFSET"
        },
        {
          "component_name": "Battery_51_1",
          "component_property": "TAPER_OFFSET"
        },
        {
          "component_name": "Wing_26_2",
          "component_property": "TAPER_OFFSET"
        },
        {
          "component_name": "Battery_52_1",
          "component_property": "TAPER_OFFSET"
        }
      ]
    },
    {
      "parameter_name": "SideMountedPropArmSegment_21_LENGTH",
      "value": "897.5757370618551",
      "component_properties": [
        {
          "component_name": "StraightArm_61_1",
          "component_property": "LENGTH"
        },
        {
          "component_name": "StraightArm_61_2",
          "component_property": "LENGTH"
        }
      ]
    },
    {
      "parameter_name": "Wing_25_NACA_Profile",
      "value": "2312",
      "component_properties": [
        {
          "component_name": "Wing_25_1",
          "component_property": "NACA_Profile"
        },
        {
          "component_name": "Wing_25_2",
          "component_property": "NACA_Profile"
        }
      ]
    },
    {
      "parameter_name": "NACA_2312_THICKNESS",
      "value": "12",
      "component_properties": [
        {
          "component_name": "Wing_25_1",
          "component_property": "THICKNESS"
        },
        {
          "component_name": "Battery_49_1",
          "component_property": "THICKNESS"
        },
        {
          "component_name": "Wing_25_2",
          "component_property": "THICKNESS"
        },
        {
          "component_name": "Battery_50_1",
          "component_property": "THICKNESS"
        }
      ]
    },
    {
      "parameter_name": "FuselageDualSeat_15_SEAT_2_LR",
      "value": "210.0",
      "component_properties": [
        {
          "component_name": "FuselageDualSeat_15_1",
          "component_property": "SEAT_2_LR"
        }
      ]
    },
    {
      "parameter_name": "WingWithBatteryMain_10_CHORD_OUTER",
      "value": "1456.061265698887",
      "component_properties": [
        {
          "component_name": "Wing_25_1",
          "component_property": "CHORD_2"
        },
        {
          "component_name": "Battery_49_1",
          "component_property": "CHORD_2"
        },
        {
          "component_name": "Wing_25_2",
          "component_property": "CHORD_1"
        },
        {
          "component_name": "Battery_50_1",
          "component_property": "CHORD_1"
        }
      ]
    },
    {
      "parameter_name": "GLOBAL_VOLTAGE",
      "value": "802.9000000000001",
      "component_properties": [
        {
          "component_name": "Battery_49_1",
          "component_property": "VOLTAGE_REQUEST"
        },
        {
          "component_name": "Battery_50_1",
          "component_property": "VOLTAGE_REQUEST"
        },
        {
          "component_name": "Battery_51_1",
          "component_property": "VOLTAGE_REQUEST"
        },
        {
          "component_name": "Battery_52_1",
          "component_property": "VOLTAGE_REQUEST"
        }
      ]
    },
    {
      "parameter_name": "WingPair_16_AILERON_BIAS",
      "value": "0.48035891772388795",
      "component_properties": [
        {
          "component_name": "Wing_26_1",
          "component_property": "AILERON_BIAS"
        },
        {
          "component_name": "Wing_26_2",
          "component_property": "AILERON_BIAS"
        }
      ]
    },
    {
      "parameter_name": "WingWithBatteryMain_10_SPAN",
      "value": "9217.171124738696",
      "component_properties": [
        {
          "component_name": "Wing_25_1",
          "component_property": "SPAN"
        },
        {
          "component_name": "Battery_49_1",
          "component_property": "SPAN"
        },
        {
          "component_name": "Wing_25_2",
          "component_property": "SPAN"
        },
        {
          "component_name": "Battery_50_1",
          "component_property": "SPAN"
        }
      ]
    },
    {
      "parameter_name": "WingWithBatteryMain_10_AILERON_BIAS",
      "value": "0.22335718678034888",
      "component_properties": [
        {
          "component_name": "Wing_25_1",
          "component_property": "AILERON_BIAS"
        },
        {
          "component_name": "Wing_25_2",
          "component_property": "AILERON_BIAS"
        }
      ]
    },
    {
      "parameter_name": "SideMountedPropArmSegment_21_OFFSET",
      "value": "461.9856632950773",
      "component_properties": [
        {
          "component_name": "StraightArm_61_1",
          "component_property": "TOP_CONN_DISP"
        },
        {
          "component_name": "StraightArm_61_1",
          "component_property": "BOTTOM_CONN_DISP"
        },
        {
          "component_name": "StraightArm_61_1",
          "component_property": "LEFT_CONN_DISP"
        },
        {
          "component_name": "StraightArm_61_1",
          "component_property": "RIGHT_CONN_DISP"
        },
        {
          "component_name": "StraightArm_61_2",
          "component_property": "TOP_CONN_DISP"
        },
        {
          "component_name": "StraightArm_61_2",
          "component_property": "BOTTOM_CONN_DISP"
        },
        {
          "component_name": "StraightArm_61_2",
          "component_property": "LEFT_CONN_DISP"
        },
        {
          "component_name": "StraightArm_61_2",
          "component_property": "RIGHT_CONN_DISP"
        }
      ]
    },
    {
      "parameter_name": "OrientAngle",
      "value": "0.0",
      "component_properties": [
        {
          "component_name": "Orient",
          "component_property": "Z_ANGLE"
        }
      ]
    },
    {
      "parameter_name": "NACA_6315_THICKNESS",
      "value": "15",
      "component_properties": [
        {
          "component_name": "NACAPortConnector_1",
          "component_property": "THICKNESS"
        },
        {
          "component_name": "Wing_26_1",
          "component_property": "THICKNESS"
        },
        {
          "component_name": "Battery_51_1",
          "component_property": "THICKNESS"
        },
        {
          "component_name": "Wing_26_2",
          "component_property": "THICKNESS"
        },
        {
          "component_name": "Battery_52_1",
          "component_property": "THICKNESS"
        }
      ]
    }
  ],
  "components": [
    {
      "component_instance": "BatteryController_15_1",
      "component_type": "BatteryController",
      "component_choice": "BatteryController"
    },
    {
      "component_instance": "Battery_49_1",
      "component_type": "Battery",
      "component_choice": "VitalyBeta"
    },
    {
      "component_instance": "Battery_50_1",
      "component_type": "Battery",
      "component_choice": "VitalyBeta"
    },
    {
      "component_instance": "Battery_51_1",
      "component_type": "Battery",
      "component_choice": "VitalyBeta"
    },
    {
      "component_instance": "Battery_52_1",
      "component_type": "Battery",
      "component_choice": "VitalyBeta"
    },
    {
      "component_instance": "FuselageDualSeat_15_1",
      "component_type": "Fuselage",
      "component_choice": "FUSE_SPHERE_CYL_CONE"
    },
    {
      "component_instance": "Motor_1",
      "component_type": "Motor",
      "component_choice": "MAGiDRIVE300"
    },
    {
      "component_instance": "Motor_2",
      "component_type": "Motor",
      "component_choice": "MAGiDRIVE300"
    },
    {
      "component_instance": "Motor_3",
      "component_type": "Motor",
      "component_choice": "MAGiDRIVE300"
    },
    {
      "component_instance": "Motor_4",
      "component_type": "Motor",
      "component_choice": "MAGiDRIVE300"
    },
    {
      "component_instance": "Motor_5",
      "component_type": "Motor",
      "component_choice": "MAGiDRIVE300"
    },
    {
      "component_instance": "Motor_6",
      "component_type": "Motor",
      "component_choice": "MAGiDRIVE300"
    },
    {
      "component_instance": "Motor_7",
      "component_type": "Motor",
      "component_choice": "MAGiDRIVE300"
    },
    {
      "component_instance": "Motor_8",
      "component_type": "Motor",
      "component_choice": "MAGiDRIVE300"
    },
    {
      "component_instance": "Motor_9",
      "component_type": "Motor",
      "component_choice": "MAGiDRIVE300"
    },
    {
      "component_instance": "NACAPortConnector_1",
      "component_type": "NACA_Port_Connector",
      "component_choice": "naca_connector"
    },
    {
      "component_instance": "Orient",
      "component_type": "Orient",
      "component_choice": "Orient"
    },
    {
      "component_instance": "Passenger_1",
      "component_type": "Passenger",
      "component_choice": "Passenger"
    },
    {
      "component_instance": "Passenger_2",
      "component_type": "Passenger",
      "component_choice": "Passenger"
    },
    {
      "component_instance": "Propeller_1",
      "component_type": "Propeller",
      "component_choice": "90x8_2_2000_41_2000"
    },
    {
      "component_instance": "Propeller_2",
      "component_type": "Propeller",
      "component_choice": "90x8_2_2000_41_2000"
    },
    {
      "component_instance": "Propeller_3",
      "component_type": "Propeller",
      "component_choice": "90x8_2_2000_41_2000"
    },
    {
      "component_instance": "Propeller_4",
      "component_type": "Propeller",
      "component_choice": "90x8_2_2000_41_2000"
    },
    {
      "component_instance": "Propeller_5",
      "component_type": "Propeller",
      "component_choice": "90x8_2_2000_41_2000"
    },
    {
      "component_instance": "Propeller_6",
      "component_type": "Propeller",
      "component_choice": "90x8_2_2000_41_2000"
    },
    {
      "component_instance": "Propeller_7",
      "component_type": "Propeller",
      "component_choice": "90x8_2_2000_41_2000"
    },
    {
      "component_instance": "Propeller_8",
      "component_type": "Propeller",
      "component_choice": "90x8_2_2000_41_2000"
    },
    {
      "component_instance": "Propeller_9",
      "component_type": "Propeller",
      "component_choice": "90x8_2_2000_41_2000"
    },
    {
      "component_instance": "StraightArm_61_1",
      "component_type": "Cylinder",
      "component_choice": "PORTED_CYL"
    },
    {
      "component_instance": "StraightArm_61_2",
      "component_type": "Cylinder",
      "component_choice": "PORTED_CYL"
    },
    {
      "component_instance": "StraightArm_62_1",
      "component_type": "Cylinder",
      "component_choice": "PORTED_CYL"
    },
    {
      "component_instance": "StraightArm_62_2",
      "component_type": "Cylinder",
      "component_choice": "PORTED_CYL"
    },
    {
      "component_instance": "StraightArm_63_1",
      "component_type": "Cylinder",
      "component_choice": "PORTED_CYL"
    },
    {
      "component_instance": "Wing_25_1",
      "component_type": "Wing",
      "component_choice": "naca_wing"
    },
    {
      "component_instance": "Wing_25_2",
      "component_type": "Wing",
      "component_choice": "naca_wing"
    },
    {
      "component_instance": "Wing_26_1",
      "component_type": "Wing",
      "component_choice": "naca_wing"
    },
    {
      "component_instance": "Wing_26_2",
      "component_type": "Wing",
      "component_choice": "naca_wing"
    }
  ],
  "connections": [
    {
      "from_ci": "BatteryController_15_1",
      "from_conn": "MotorPower",
      "to_ci": "Motor_9",
      "to_conn": "MotorPower"
    },
    {
      "from_ci": "BatteryController_15_1",
      "from_conn": "MotorPower",
      "to_ci": "Motor_6",
      "to_conn": "MotorPower"
    },
    {
      "from_ci": "BatteryController_15_1",
      "from_conn": "BatteryPower",
      "to_ci": "Battery_49_1",
      "to_conn": "PowerBus"
    },
    {
      "from_ci": "BatteryController_15_1",
      "from_conn": "MotorPower",
      "to_ci": "Motor_7",
      "to_conn": "MotorPower"
    },
    {
      "from_ci": "BatteryController_15_1",
      "from_conn": "MotorPower",
      "to_ci": "Motor_5",
      "to_conn": "MotorPower"
    },
    {
      "from_ci": "BatteryController_15_1",
      "from_conn": "MotorPower",
      "to_ci": "Motor_8",
      "to_conn": "MotorPower"
    },
    {
      "from_ci": "BatteryController_15_1",
      "from_conn": "MotorPower",
      "to_ci": "Motor_2",
      "to_conn": "MotorPower"
    },
    {
      "from_ci": "BatteryController_15_1",
      "from_conn": "BatteryPower",
      "to_ci": "Battery_50_1",
      "to_conn": "PowerBus"
    },
    {
      "from_ci": "BatteryController_15_1",
      "from_conn": "MotorPower",
      "to_ci": "Motor_1",
      "to_conn": "MotorPower"
    },
    {
      "from_ci": "BatteryController_15_1",
      "from_conn": "MotorPower",
      "to_ci": "Motor_3",
      "to_conn": "MotorPower"
    },
    {
      "from_ci": "BatteryController_15_1",
      "from_conn": "MotorPower",
      "to_ci": "Motor_4",
      "to_conn": "MotorPower"
    },
    {
      "from_ci": "BatteryController_15_1",
      "from_conn": "BatteryPower",
      "to_ci": "Battery_51_1",
      "to_conn": "PowerBus"
    },
    {
      "from_ci": "BatteryController_15_1",
      "from_conn": "BatteryPower",
      "to_ci": "Battery_52_1",
      "to_conn": "PowerBus"
    },
    {
      "from_ci": "FuselageDualSeat_15_1",
      "from_conn": "RIGHT_CONNECTOR",
      "to_ci": "Wing_25_2",
      "to_conn": "Connector_2"
    },
    {
      "from_ci": "FuselageDualSeat_15_1",
      "from_conn": "REAR_CONNECTOR",
      "to_ci": "StraightArm_63_1",
      "to_conn": "FRONT_CONNECTOR"
    },
    {
      "from_ci": "FuselageDualSeat_15_1",
      "from_conn": "SEAT_2_CONNECTOR",
      "to_ci": "Passenger_2",
      "to_conn": "Connector"
    },
    {
      "from_ci": "FuselageDualSeat_15_1",
      "from_conn": "TOP_CONNECTOR",
      "to_ci": "Motor_1",
      "to_conn": "Base_Connector"
    },
    {
      "from_ci": "FuselageDualSeat_15_1",
      "from_conn": "LEFT_CONNECTOR",
      "to_ci": "Wing_25_1",
      "to_conn": "Connector_1"
    },
    {
      "from_ci": "FuselageDualSeat_15_1",
      "from_conn": "SEAT_1_CONNECTOR",
      "to_ci": "Passenger_1",
      "to_conn": "Connector"
    },
    {
      "from_ci": "Motor_1",
      "from_conn": "Prop_Connector",
      "to_ci": "Propeller_1",
      "to_conn": "MOTOR_CONNECTOR_CS_IN"
    },
    {
      "from_ci": "Motor_2",
      "from_conn": "Prop_Connector",
      "to_ci": "Propeller_2",
      "to_conn": "MOTOR_CONNECTOR_CS_IN"
    },
    {
      "from_ci": "Motor_3",
      "from_conn": "Prop_Connector",
      "to_ci": "Propeller_3",
      "to_conn": "MOTOR_CONNECTOR_CS_IN"
    },
    {
      "from_ci": "Motor_4",
      "from_conn": "Prop_Connector",
      "to_ci": "Propeller_4",
      "to_conn": "MOTOR_CONNECTOR_CS_IN"
    },
    {
      "from_ci": "Motor_5",
      "from_conn": "Prop_Connector",
      "to_ci": "Propeller_5",
      "to_conn": "MOTOR_CONNECTOR_CS_IN"
    },
    {
      "from_ci": "Motor_6",
      "from_conn": "Prop_Connector",
      "to_ci": "Propeller_6",
      "to_conn": "MOTOR_CONNECTOR_CS_IN"
    },
    {
      "from_ci": "Motor_7",
      "from_conn": "Prop_Connector",
      "to_ci": "Propeller_7",
      "to_conn": "MOTOR_CONNECTOR_CS_IN"
    },
    {
      "from_ci": "Motor_8",
      "from_conn": "Prop_Connector",
      "to_ci": "Propeller_8",
      "to_conn": "MOTOR_CONNECTOR_CS_IN"
    },
    {
      "from_ci": "Motor_9",
      "from_conn": "Prop_Connector",
      "to_ci": "Propeller_9",
      "to_conn": "MOTOR_CONNECTOR_CS_IN"
    },
    {
      "from_ci": "NACAPortConnector_1",
      "from_conn": "End_Connector_2",
      "to_ci": "Wing_26_2",
      "to_conn": "Connector_2"
    },
    {
      "from_ci": "NACAPortConnector_1",
      "from_conn": "End_Connector_1",
      "to_ci": "Wing_26_1",
      "to_conn": "Connector_1"
    },
    {
      "from_ci": "Orient",
      "from_conn": "ORIENTCONN",
      "to_ci": "FuselageDualSeat_15_1",
      "to_conn": "ORIENT"
    },
    {
      "from_ci": "StraightArm_61_1",
      "from_conn": "REAR_CONNECTOR",
      "to_ci": "StraightArm_62_1",
      "to_conn": "FRONT_CONNECTOR"
    },
    {
      "from_ci": "StraightArm_61_1",
      "from_conn": "TOP_CONNECTOR",
      "to_ci": "Motor_3",
      "to_conn": "Base_Connector"
    },
    {
      "from_ci": "StraightArm_61_1",
      "from_conn": "BOTTOM_CONNECTOR",
      "to_ci": "Motor_2",
      "to_conn": "Base_Connector"
    },
    {
      "from_ci": "StraightArm_61_2",
      "from_conn": "TOP_CONNECTOR",
      "to_ci": "Motor_7",
      "to_conn": "Base_Connector"
    },
    {
      "from_ci": "StraightArm_61_2",
      "from_conn": "BOTTOM_CONNECTOR",
      "to_ci": "Motor_6",
      "to_conn": "Base_Connector"
    },
    {
      "from_ci": "StraightArm_61_2",
      "from_conn": "REAR_CONNECTOR",
      "to_ci": "StraightArm_62_2",
      "to_conn": "FRONT_CONNECTOR"
    },
    {
      "from_ci": "StraightArm_62_1",
      "from_conn": "BOTTOM_CONNECTOR",
      "to_ci": "Motor_4",
      "to_conn": "Base_Connector"
    },
    {
      "from_ci": "StraightArm_62_1",
      "from_conn": "TOP_CONNECTOR",
      "to_ci": "Motor_5",
      "to_conn": "Base_Connector"
    },
    {
      "from_ci": "StraightArm_62_2",
      "from_conn": "BOTTOM_CONNECTOR",
      "to_ci": "Motor_8",
      "to_conn": "Base_Connector"
    },
    {
      "from_ci": "StraightArm_62_2",
      "from_conn": "TOP_CONNECTOR",
      "to_ci": "Motor_9",
      "to_conn": "Base_Connector"
    },
    {
      "from_ci": "StraightArm_63_1",
      "from_conn": "TOP_CONNECTOR",
      "to_ci": "NACAPortConnector_1",
      "to_conn": "Bottom_Connector"
    },
    {
      "from_ci": "Wing_25_1",
      "from_conn": "Battery_Connector_1",
      "to_ci": "Battery_49_1",
      "to_conn": "Battery_Connector_1_out"
    },
    {
      "from_ci": "Wing_25_1",
      "from_conn": "Connector_2",
      "to_ci": "StraightArm_61_1",
      "to_conn": "RIGHT_CONNECTOR"
    },
    {
      "from_ci": "Wing_25_2",
      "from_conn": "Connector_1",
      "to_ci": "StraightArm_61_2",
      "to_conn": "LEFT_CONNECTOR"
    },
    {
      "from_ci": "Wing_25_2",
      "from_conn": "Battery_Connector_2",
      "to_ci": "Battery_50_1",
      "to_conn": "Battery_Connector_2_out"
    },
    {
      "from_ci": "Wing_26_1",
      "from_conn": "Battery_Connector_1",
      "to_ci": "Battery_51_1",
      "to_conn": "Battery_Connector_1_out"
    },
    {
      "from_ci": "Wing_26_2",
      "from_conn": "Battery_Connector_2",
      "to_ci": "Battery_52_1",
      "to_conn": "Battery_Connector_2_out"
    }
  ]
}
