{"name": "RandomDesign", "parameters": [{"parameter_name": "0_CONTROL_CHANNEL", "value": "1", "component_properties": [{"component_name": "0", "component_property": "CONTROL_CHANNEL"}]}, {"parameter_name": "2_LENGTH", "value": "2000", "component_properties": [{"component_name": "2", "component_property": "LENGTH"}]}, {"parameter_name": "2_SPHERE_DIAMETER", "value": "1520", "component_properties": [{"component_name": "2", "component_property": "SPHERE_DIAMETER"}]}, {"parameter_name": "2_BOTTOM_PORT_DISP", "value": "0", "component_properties": [{"component_name": "2", "component_property": "BOTTOM_PORT_DISP"}]}, {"parameter_name": "2_SEAT_2_LR", "value": "200", "component_properties": [{"component_name": "2", "component_property": "SEAT_2_LR"}]}, {"parameter_name": "2_RIGHT_PORT_DISP", "value": "0", "component_properties": [{"component_name": "2", "component_property": "RIGHT_PORT_DISP"}]}, {"parameter_name": "2_SEAT_2_FB", "value": "1000", "component_properties": [{"component_name": "2", "component_property": "SEAT_2_FB"}]}, {"parameter_name": "2_LEFT_PORT_DISP", "value": "0", "component_properties": [{"component_name": "2", "component_property": "LEFT_PORT_DISP"}]}, {"parameter_name": "2_SEAT_1_FB", "value": "1000", "component_properties": [{"component_name": "2", "component_property": "SEAT_1_FB"}]}, {"parameter_name": "2_TAIL_DIAMETER", "value": "200", "component_properties": [{"component_name": "2", "component_property": "TAIL_DIAMETER"}]}, {"parameter_name": "2_MIDDLE_LENGTH", "value": "750", "component_properties": [{"component_name": "2", "component_property": "MIDDLE_LENGTH"}]}, {"parameter_name": "2_TOP_PORT_DISP", "value": "0", "component_properties": [{"component_name": "2", "component_property": "TOP_PORT_DISP"}]}, {"parameter_name": "2_SEAT_1_LR", "value": "-200", "component_properties": [{"component_name": "2", "component_property": "SEAT_1_LR"}]}, {"parameter_name": "2_FLOOR_HEIGHT", "value": "150", "component_properties": [{"component_name": "2", "component_property": "FLOOR_HEIGHT"}]}, {"parameter_name": "2_PORT_THICKNESS", "value": "100", "component_properties": [{"component_name": "2", "component_property": "PORT_THICKNESS"}]}, {"parameter_name": "1_PORT_THICKNESS", "value": "100", "component_properties": [{"component_name": "1", "component_property": "PORT_THICKNESS"}]}, {"parameter_name": "1_LENGTH", "value": "5000", "component_properties": [{"component_name": "1", "component_property": "LENGTH"}]}, {"parameter_name": "1_BOTTOM_CONN_DISP", "value": "0", "component_properties": [{"component_name": "1", "component_property": "BOTTOM_CONN_DISP"}]}, {"parameter_name": "1_DIAMETER", "value": "200", "component_properties": [{"component_name": "1", "component_property": "DIAMETER"}]}, {"parameter_name": "1_FRONT_ANGLE", "value": "0", "component_properties": [{"component_name": "1", "component_property": "FRONT_ANGLE"}]}, {"parameter_name": "1_LEFT_CONN_DISP", "value": "0", "component_properties": [{"component_name": "1", "component_property": "LEFT_CONN_DISP"}]}, {"parameter_name": "1_RIGHT_CONN_DISP", "value": "0", "component_properties": [{"component_name": "1", "component_property": "RIGHT_CONN_DISP"}]}, {"parameter_name": "1_TOP_CONN_DISP", "value": "0", "component_properties": [{"component_name": "1", "component_property": "TOP_CONN_DISP"}]}, {"parameter_name": "6_CONTROL_CHANNEL", "value": "1", "component_properties": [{"component_name": "6", "component_property": "CONTROL_CHANNEL"}]}, {"parameter_name": "9_THICKNESS", "value": "12", "component_properties": [{"component_name": "9", "component_property": "THICKNESS"}]}, {"parameter_name": "9_PORT_THICKNESS", "value": "100", "component_properties": [{"component_name": "9", "component_property": "PORT_THICKNESS"}]}, {"parameter_name": "9_CHORD", "value": "4000", "component_properties": [{"component_name": "9", "component_property": "CHORD"}]}, {"parameter_name": "9_BOTTOM_CONNECTION_DISP", "value": "0", "component_properties": [{"component_name": "9", "component_property": "BOTTOM_CONNECTION_DISP"}]}, {"parameter_name": "7_PORT_THICKNESS", "value": "100", "component_properties": [{"component_name": "7", "component_property": "PORT_THICKNESS"}]}, {"parameter_name": "7_LENGTH", "value": "5000", "component_properties": [{"component_name": "7", "component_property": "LENGTH"}]}, {"parameter_name": "7_BOTTOM_CONN_DISP", "value": "0", "component_properties": [{"component_name": "7", "component_property": "BOTTOM_CONN_DISP"}]}, {"parameter_name": "7_DIAMETER", "value": "200", "component_properties": [{"component_name": "7", "component_property": "DIAMETER"}]}, {"parameter_name": "7_FRONT_ANGLE", "value": "0", "component_properties": [{"component_name": "7", "component_property": "FRONT_ANGLE"}]}, {"parameter_name": "7_LEFT_CONN_DISP", "value": "0", "component_properties": [{"component_name": "7", "component_property": "LEFT_CONN_DISP"}]}, {"parameter_name": "7_RIGHT_CONN_DISP", "value": "0", "component_properties": [{"component_name": "7", "component_property": "RIGHT_CONN_DISP"}]}, {"parameter_name": "7_TOP_CONN_DISP", "value": "0", "component_properties": [{"component_name": "7", "component_property": "TOP_CONN_DISP"}]}, {"parameter_name": "5_THICKNESS", "value": "12", "component_properties": [{"component_name": "5", "component_property": "THICKNESS"}]}, {"parameter_name": "5_PORT_THICKNESS", "value": "100", "component_properties": [{"component_name": "5", "component_property": "PORT_THICKNESS"}]}, {"parameter_name": "5_CHORD", "value": "4000", "component_properties": [{"component_name": "5", "component_property": "CHORD"}]}, {"parameter_name": "5_BOTTOM_CONNECTION_DISP", "value": "0", "component_properties": [{"component_name": "5", "component_property": "BOTTOM_CONNECTION_DISP"}]}, {"parameter_name": "8_PORT_THICKNESS", "value": "100", "component_properties": [{"component_name": "8", "component_property": "PORT_THICKNESS"}]}, {"parameter_name": "8_LENGTH", "value": "5000", "component_properties": [{"component_name": "8", "component_property": "LENGTH"}]}, {"parameter_name": "8_BOTTOM_CONN_DISP", "value": "0", "component_properties": [{"component_name": "8", "component_property": "BOTTOM_CONN_DISP"}]}, {"parameter_name": "8_DIAMETER", "value": "200", "component_properties": [{"component_name": "8", "component_property": "DIAMETER"}]}, {"parameter_name": "8_FRONT_ANGLE", "value": "0", "component_properties": [{"component_name": "8", "component_property": "FRONT_ANGLE"}]}, {"parameter_name": "8_LEFT_CONN_DISP", "value": "0", "component_properties": [{"component_name": "8", "component_property": "LEFT_CONN_DISP"}]}, {"parameter_name": "8_RIGHT_CONN_DISP", "value": "0", "component_properties": [{"component_name": "8", "component_property": "RIGHT_CONN_DISP"}]}, {"parameter_name": "8_TOP_CONN_DISP", "value": "0", "component_properties": [{"component_name": "8", "component_property": "TOP_CONN_DISP"}]}, {"parameter_name": "10_SERVO_WIDTH", "value": "10", "component_properties": [{"component_name": "10", "component_property": "SERVO_WIDTH"}]}, {"parameter_name": "10_SPAN", "value": "1000", "component_properties": [{"component_name": "10", "component_property": "SPAN"}]}, {"parameter_name": "10_AILERON_BIAS", "value": "0", "component_properties": [{"component_name": "10", "component_property": "AILERON_BIAS"}]}, {"parameter_name": "10_TUBE_DIAMETER", "value": "10", "component_properties": [{"component_name": "10", "component_property": "TUBE_DIAMETER"}]}, {"parameter_name": "10_CHORD_1", "value": "250", "component_properties": [{"component_name": "10", "component_property": "CHORD_1"}]}, {"parameter_name": "10_TAPER_OFFSET", "value": "0", "component_properties": [{"component_name": "10", "component_property": "TAPER_OFFSET"}]}, {"parameter_name": "10_SERVO_LENGTH", "value": "10", "component_properties": [{"component_name": "10", "component_property": "SERVO_LENGTH"}]}, {"parameter_name": "10_SERVO_THICKNESS", "value": "10", "component_properties": [{"component_name": "10", "component_property": "SERVO_THICKNESS"}]}, {"parameter_name": "10_THICKNESS", "value": "12", "component_properties": [{"component_name": "10", "component_property": "THICKNESS"}]}, {"parameter_name": "10_CHORD_2", "value": "250", "component_properties": [{"component_name": "10", "component_property": "CHORD_2"}]}, {"parameter_name": "10_NACA_Profile", "value": "12", "component_properties": [{"component_name": "10", "component_property": "NACA_Profile"}]}, {"parameter_name": "10_LOAD", "value": "15", "component_properties": [{"component_name": "10", "component_property": "LOAD"}]}, {"parameter_name": "10_FLAP_BIAS", "value": "0", "component_properties": [{"component_name": "10", "component_property": "FLAP_BIAS"}]}, {"parameter_name": "10_TUBE_ROTATION", "value": "0", "component_properties": [{"component_name": "10", "component_property": "TUBE_ROTATION"}]}, {"parameter_name": "10_TUBE_OFFSET", "value": "100", "component_properties": [{"component_name": "10", "component_property": "TUBE_OFFSET"}]}, {"parameter_name": "4_Output_Voltage", "value": "1", "component_properties": [{"component_name": "4", "component_property": "Output_Voltage"}]}, {"parameter_name": "4_Input_Voltage", "value": "1", "component_properties": [{"component_name": "4", "component_property": "Input_Voltage"}]}, {"parameter_name": "3_LENGTH", "value": "2000", "component_properties": [{"component_name": "3", "component_property": "LENGTH"}]}, {"parameter_name": "3_SPHERE_DIAMETER", "value": "1520", "component_properties": [{"component_name": "3", "component_property": "SPHERE_DIAMETER"}]}, {"parameter_name": "3_BOTTOM_PORT_DISP", "value": "0", "component_properties": [{"component_name": "3", "component_property": "BOTTOM_PORT_DISP"}]}, {"parameter_name": "3_SEAT_2_LR", "value": "200", "component_properties": [{"component_name": "3", "component_property": "SEAT_2_LR"}]}, {"parameter_name": "3_RIGHT_PORT_DISP", "value": "0", "component_properties": [{"component_name": "3", "component_property": "RIGHT_PORT_DISP"}]}, {"parameter_name": "3_SEAT_2_FB", "value": "1000", "component_properties": [{"component_name": "3", "component_property": "SEAT_2_FB"}]}, {"parameter_name": "3_LEFT_PORT_DISP", "value": "0", "component_properties": [{"component_name": "3", "component_property": "LEFT_PORT_DISP"}]}, {"parameter_name": "3_SEAT_1_FB", "value": "1000", "component_properties": [{"component_name": "3", "component_property": "SEAT_1_FB"}]}, {"parameter_name": "3_TAIL_DIAMETER", "value": "200", "component_properties": [{"component_name": "3", "component_property": "TAIL_DIAMETER"}]}, {"parameter_name": "3_MIDDLE_LENGTH", "value": "750", "component_properties": [{"component_name": "3", "component_property": "MIDDLE_LENGTH"}]}, {"parameter_name": "3_TOP_PORT_DISP", "value": "0", "component_properties": [{"component_name": "3", "component_property": "TOP_PORT_DISP"}]}, {"parameter_name": "3_SEAT_1_LR", "value": "-200", "component_properties": [{"component_name": "3", "component_property": "SEAT_1_LR"}]}, {"parameter_name": "3_FLOOR_HEIGHT", "value": "150", "component_properties": [{"component_name": "3", "component_property": "FLOOR_HEIGHT"}]}, {"parameter_name": "3_PORT_THICKNESS", "value": "100", "component_properties": [{"component_name": "3", "component_property": "PORT_THICKNESS"}]}], "components": [{"component_instance": "0", "component_type": "Motor", "component_choice": "KDE10218XF105"}, {"component_instance": "2", "component_type": "Fuselage", "component_choice": "FUSE_SPHERE_CYL_CONE"}, {"component_instance": "1", "component_type": "Cylinder", "component_choice": "PORTED_CYL"}, {"component_instance": "6", "component_type": "Motor", "component_choice": "Emrax228MV"}, {"component_instance": "9", "component_type": "NACA_Port_Connector", "component_choice": "naca_connector"}, {"component_instance": "7", "component_type": "Cylinder", "component_choice": "PORTED_CYL"}, {"component_instance": "5", "component_type": "NACA_Port_Connector", "component_choice": "naca_connector"}, {"component_instance": "8", "component_type": "Cylinder", "component_choice": "PORTED_CYL"}, {"component_instance": "10", "component_type": "Wing", "component_choice": "Wing_vert_hole"}, {"component_instance": "4", "component_type": "BatteryController", "component_choice": "BatteryController"}, {"component_instance": "3", "component_type": "Fuselage", "component_choice": "FUSE_SPHERE_CYL_CONE"}], "connections": [{"from_ci": "0", "from_conn": "Base_Connector", "to_ci": "3", "to_conn": "TOP_CONNECTOR"}, {"from_ci": "3", "from_conn": "TOP_CONNECTOR", "to_ci": "0", "to_conn": "Base_Connector"}, {"from_ci": "5", "from_conn": "Bottom_Connector", "to_ci": "8", "to_conn": "TOP_CONNECTOR"}, {"from_ci": "8", "from_conn": "TOP_CONNECTOR", "to_ci": "5", "to_conn": "Bottom_Connector"}, {"from_ci": "8", "from_conn": "TOP_CONNECTOR", "to_ci": "9", "to_conn": "Bottom_Connector"}, {"from_ci": "9", "from_conn": "Bottom_Connector", "to_ci": "8", "to_conn": "TOP_CONNECTOR"}, {"from_ci": "1", "from_conn": "FRONT_CONNECTOR", "to_ci": "2", "to_conn": "REAR_CONNECTOR"}, {"from_ci": "2", "from_conn": "REAR_CONNECTOR", "to_ci": "1", "to_conn": "FRONT_CONNECTOR"}, {"from_ci": "4", "from_conn": "MotorPower", "to_ci": "6", "to_conn": "MotorPower"}, {"from_ci": "6", "from_conn": "MotorPower", "to_ci": "4", "to_conn": "MotorPower"}, {"from_ci": "0", "from_conn": "Base_Connector", "to_ci": "1", "to_conn": "BOTTOM_CONNECTOR"}, {"from_ci": "1", "from_conn": "BOTTOM_CONNECTOR", "to_ci": "0", "to_conn": "Base_Connector"}, {"from_ci": "0", "from_conn": "MotorPower", "to_ci": "4", "to_conn": "MotorPower"}, {"from_ci": "4", "from_conn": "MotorPower", "to_ci": "0", "to_conn": "MotorPower"}, {"from_ci": "5", "from_conn": "End_Connector_2", "to_ci": "10", "to_conn": "Connector_1"}, {"from_ci": "10", "from_conn": "Connector_1", "to_ci": "5", "to_conn": "End_Connector_2"}, {"from_ci": "1", "from_conn": "TOP_CONNECTOR", "to_ci": "5", "to_conn": "Bottom_Connector"}, {"from_ci": "5", "from_conn": "Bottom_Connector", "to_ci": "1", "to_conn": "TOP_CONNECTOR"}, {"from_ci": "0", "from_conn": "Base_Connector", "to_ci": "2", "to_conn": "TOP_CONNECTOR"}, {"from_ci": "2", "from_conn": "TOP_CONNECTOR", "to_ci": "0", "to_conn": "Base_Connector"}, {"from_ci": "3", "from_conn": "REAR_CONNECTOR", "to_ci": "7", "to_conn": "FRONT_CONNECTOR"}, {"from_ci": "7", "from_conn": "FRONT_CONNECTOR", "to_ci": "3", "to_conn": "REAR_CONNECTOR"}, {"from_ci": "2", "from_conn": "BOTTOM_CONNECTOR", "to_ci": "5", "to_conn": "Bottom_Connector"}, {"from_ci": "5", "from_conn": "Bottom_Connector", "to_ci": "2", "to_conn": "BOTTOM_CONNECTOR"}]}