[{"FROM_COMP": "front_prop_l", "LIB_COMPONENT": "apc_propellers_7x5E"}, {"FROM_COMP": "front_rail_l", "LIB_COMPONENT": "0394OD_para_tube"}, {"FROM_COMP": "Orient", "LIB_COMPONENT": "Orient"}, {"FROM_COMP": "left_rudder", "LIB_COMPONENT": "Wing_vert_hole"}, {"FROM_COMP": "front_wing_tube_r", "LIB_COMPONENT": "0394OD_para_tube"}, {"FROM_COMP": "rear_rail_r", "LIB_COMPONENT": "0394OD_para_tube"}, {"FROM_COMP": "rear_left_wing", "LIB_COMPONENT": "Wing_vert_hole"}, {"FROM_COMP": "rear_rail_l", "LIB_COMPONENT": "0394OD_para_tube"}, {"FROM_COMP": "front_flange_l", "LIB_COMPONENT": "0394_para_flange"}, {"FROM_COMP": "front_flange_r", "LIB_COMPONENT": "0394_para_flange"}, {"FROM_COMP": "vertical_l", "LIB_COMPONENT": "0394OD_para_tube"}, {"FROM_COMP": "front_prop_r", "LIB_COMPONENT": "apc_propellers_7x5E"}, {"FROM_COMP": "top_leg_r", "LIB_COMPONENT": "0394OD_para_tube"}, {"FROM_COMP": "rear_hub_r", "LIB_COMPONENT": "0394od_para_hub_3"}, {"FROM_COMP": "right_rudder", "LIB_COMPONENT": "Wing_vert_hole"}, {"FROM_COMP": "side_hub_l", "LIB_COMPONENT": "0394od_para_hub_3"}, {"FROM_COMP": "front_right_wing", "LIB_COMPONENT": "Wing_vert_hole"}, {"FROM_COMP": "rear_flange_l", "LIB_COMPONENT": "0394_para_flange"}, {"FROM_COMP": "BatteryController", "LIB_COMPONENT": "BatteryController"}, {"FROM_COMP": "mid_tube_r", "LIB_COMPONENT": "0394OD_para_tube"}, {"FROM_COMP": "front_motor_l", "LIB_COMPONENT": "kde_direct_KDE2315XF_885"}, {"FROM_COMP": "rear_prop_l", "LIB_COMPONENT": "apc_propellers_7x5E"}, {"FROM_COMP": "vertical_r", "LIB_COMPONENT": "0394OD_para_tube"}, {"FROM_COMP": "rear_prop_r", "LIB_COMPONENT": "apc_propellers_7x5E"}, {"FROM_COMP": "rudder_tube_r", "LIB_COMPONENT": "0394OD_para_tube"}, {"FROM_COMP": "front_wing_tube_l", "LIB_COMPONENT": "0394OD_para_tube"}, {"FROM_COMP": "capsule_fuselage", "LIB_COMPONENT": "capsule_fuselage"}, {"FROM_COMP": "main_hub", "LIB_COMPONENT": "0394od_para_hub_3"}, {"FROM_COMP": "mid_tube_l", "LIB_COMPONENT": "0394OD_para_tube"}, {"FROM_COMP": "bottom_leg_l", "LIB_COMPONENT": "0394OD_para_tube"}, {"FROM_COMP": "top_leg_l", "LIB_COMPONENT": "0394OD_para_tube"}, {"FROM_COMP": "front_motor_r", "LIB_COMPONENT": "kde_direct_KDE2315XF_885"}, {"FROM_COMP": "rear_motor_r", "LIB_COMPONENT": "kde_direct_KDE2315XF_885"}, {"FROM_COMP": "bottom_leg_r", "LIB_COMPONENT": "0394OD_para_tube"}, {"FROM_COMP": "rear_right_wing", "LIB_COMPONENT": "Wing_vert_hole"}, {"FROM_COMP": "side_hub_r", "LIB_COMPONENT": "0394od_para_hub_3"}, {"FROM_COMP": "rear_hub_l", "LIB_COMPONENT": "0394od_para_hub_3"}, {"FROM_COMP": "rear_flange_r", "LIB_COMPONENT": "0394_para_flange"}, {"FROM_COMP": "front_rail_r", "LIB_COMPONENT": "0394OD_para_tube"}, {"FROM_COMP": "rudder_tube_l", "LIB_COMPONENT": "0394OD_para_tube"}, {"FROM_COMP": "rear_motor_l", "LIB_COMPONENT": "kde_direct_KDE2315XF_885"}, {"FROM_COMP": "Main_Battery", "LIB_COMPONENT": "TurnigyGraphene6000mAh6S75C"}, {"FROM_COMP": "front_left_wing", "LIB_COMPONENT": "Wing_vert_hole"}]