[{"DESIGN_PARAM": "rudder_chord", "DESIGN_PARAM_VAL": "100", "COMPONENT_NAME": "right_rudder", "COMPONENT_PARAM": "CHORD_2"}, {"DESIGN_PARAM": "rudder_chord", "DESIGN_PARAM_VAL": "100", "COMPONENT_NAME": "left_rudder", "COMPONENT_PARAM": "CHORD_2"}, {"DESIGN_PARAM": "rudder_chord", "DESIGN_PARAM_VAL": "100", "COMPONENT_NAME": "right_rudder", "COMPONENT_PARAM": "CHORD_1"}, {"DESIGN_PARAM": "rudder_chord", "DESIGN_PARAM_VAL": "100", "COMPONENT_NAME": "left_rudder", "COMPONENT_PARAM": "CHORD_1"}, {"DESIGN_PARAM": "Offset_5", "DESIGN_PARAM_VAL": "-80", "COMPONENT_NAME": "capsule_fuselage", "COMPONENT_PARAM": "FLOOR_CONNECTOR_7_DISP_LENGTH"}, {"DESIGN_PARAM": "Channel_7", "DESIGN_PARAM_VAL": "7", "COMPONENT_NAME": "rear_right_wing", "COMPONENT_PARAM": "CONTROL_CHANNEL"}, {"DESIGN_PARAM": "Offset_9", "DESIGN_PARAM_VAL": "-11", "COMPONENT_NAME": "capsule_fuselage", "COMPONENT_PARAM": "FLOOR_CONNECTOR_8_DISP_WIDTH"}, {"DESIGN_PARAM": "Channel_4", "DESIGN_PARAM_VAL": "4", "COMPONENT_NAME": "rear_motor_r", "COMPONENT_PARAM": "CONTROL_CHANNEL"}, {"DESIGN_PARAM": "fuse_height", "DESIGN_PARAM_VAL": "105", "COMPONENT_NAME": "capsule_fuselage", "COMPONENT_PARAM": "VERT_DIAMETER"}, {"DESIGN_PARAM": "NACA_profile", "DESIGN_PARAM_VAL": "0012", "COMPONENT_NAME": "rear_left_wing", "COMPONENT_PARAM": "NACA_Profile"}, {"DESIGN_PARAM": "NACA_profile", "DESIGN_PARAM_VAL": "0012", "COMPONENT_NAME": "right_rudder", "COMPONENT_PARAM": "NACA_Profile"}, {"DESIGN_PARAM": "NACA_profile", "DESIGN_PARAM_VAL": "0012", "COMPONENT_NAME": "front_left_wing", "COMPONENT_PARAM": "NACA_Profile"}, {"DESIGN_PARAM": "NACA_profile", "DESIGN_PARAM_VAL": "0012", "COMPONENT_NAME": "left_rudder", "COMPONENT_PARAM": "NACA_Profile"}, {"DESIGN_PARAM": "NACA_profile", "DESIGN_PARAM_VAL": "0012", "COMPONENT_NAME": "rear_right_wing", "COMPONENT_PARAM": "NACA_Profile"}, {"DESIGN_PARAM": "NACA_profile", "DESIGN_PARAM_VAL": "0012", "COMPONENT_NAME": "front_right_wing", "COMPONENT_PARAM": "NACA_Profile"}, {"DESIGN_PARAM": "Offset_8", "DESIGN_PARAM_VAL": "11", "COMPONENT_NAME": "capsule_fuselage", "COMPONENT_PARAM": "FLOOR_CONNECTOR_6_DISP_WIDTH"}, {"DESIGN_PARAM": "Rear_Rail_Length", "DESIGN_PARAM_VAL": "220", "COMPONENT_NAME": "rear_rail_l", "COMPONENT_PARAM": "Length"}, {"DESIGN_PARAM": "Rear_Rail_Length", "DESIGN_PARAM_VAL": "220", "COMPONENT_NAME": "rear_rail_r", "COMPONENT_PARAM": "Length"}, {"DESIGN_PARAM": "Channel_8", "DESIGN_PARAM_VAL": "8", "COMPONENT_NAME": "rear_left_wing", "COMPONENT_PARAM": "CONTROL_CHANNEL"}, {"DESIGN_PARAM": "wing_thickness", "DESIGN_PARAM_VAL": "12", "COMPONENT_NAME": "right_rudder", "COMPONENT_PARAM": "THICKNESS"}, {"DESIGN_PARAM": "wing_thickness", "DESIGN_PARAM_VAL": "12", "COMPONENT_NAME": "rear_left_wing", "COMPONENT_PARAM": "THICKNESS"}, {"DESIGN_PARAM": "wing_thickness", "DESIGN_PARAM_VAL": "12", "COMPONENT_NAME": "rear_right_wing", "COMPONENT_PARAM": "THICKNESS"}, {"DESIGN_PARAM": "wing_thickness", "DESIGN_PARAM_VAL": "12", "COMPONENT_NAME": "front_left_wing", "COMPONENT_PARAM": "THICKNESS"}, {"DESIGN_PARAM": "wing_thickness", "DESIGN_PARAM_VAL": "12", "COMPONENT_NAME": "left_rudder", "COMPONENT_PARAM": "THICKNESS"}, {"DESIGN_PARAM": "wing_thickness", "DESIGN_PARAM_VAL": "12", "COMPONENT_NAME": "front_right_wing", "COMPONENT_PARAM": "THICKNESS"}, {"DESIGN_PARAM": "FwdFacingCCW_PropType", "DESIGN_PARAM_VAL": "-1", "COMPONENT_NAME": "front_prop_l", "COMPONENT_PARAM": "Prop_type"}, {"DESIGN_PARAM": "FwdFacingCCW_PropType", "DESIGN_PARAM_VAL": "-1", "COMPONENT_NAME": "rear_prop_l", "COMPONENT_PARAM": "Prop_type"}, {"DESIGN_PARAM": "r_rudder_offset", "DESIGN_PARAM_VAL": "50", "COMPONENT_NAME": "right_rudder", "COMPONENT_PARAM": "TUBE_OFFSET"}, {"DESIGN_PARAM": "Rudder_Tube_Length", "DESIGN_PARAM_VAL": "41", "COMPONENT_NAME": "rudder_tube_r", "COMPONENT_PARAM": "Length"}, {"DESIGN_PARAM": "Rudder_Tube_Length", "DESIGN_PARAM_VAL": "41", "COMPONENT_NAME": "rudder_tube_l", "COMPONENT_PARAM": "Length"}, {"DESIGN_PARAM": "Offset_1", "DESIGN_PARAM_VAL": "-20", "COMPONENT_NAME": "capsule_fuselage", "COMPONENT_PARAM": "FLOOR_CONNECTOR_4_DISP_LENGTH"}, {"DESIGN_PARAM": "Offset_1", "DESIGN_PARAM_VAL": "-20", "COMPONENT_NAME": "capsule_fuselage", "COMPONENT_PARAM": "FLOOR_CONNECTOR_6_DISP_LENGTH"}, {"DESIGN_PARAM": "Offset_1", "DESIGN_PARAM_VAL": "-20", "COMPONENT_NAME": "capsule_fuselage", "COMPONENT_PARAM": "FLOOR_CONNECTOR_8_DISP_LENGTH"}, {"DESIGN_PARAM": "Offset_1", "DESIGN_PARAM_VAL": "-20", "COMPONENT_NAME": "capsule_fuselage", "COMPONENT_PARAM": "FLOOR_CONNECTOR_3_DISP_LENGTH"}, {"DESIGN_PARAM": "Offset_2", "DESIGN_PARAM_VAL": "50", "COMPONENT_NAME": "capsule_fuselage", "COMPONENT_PARAM": "FLOOR_CONNECTOR_5_DISP_LENGTH"}, {"DESIGN_PARAM": "Param_14", "DESIGN_PARAM_VAL": "448.68", "COMPONENT_NAME": "rear_left_wing", "COMPONENT_PARAM": "TUBE_OFFSET"}, {"DESIGN_PARAM": "Param_12", "DESIGN_PARAM_VAL": "90", "COMPONENT_NAME": "rear_right_wing", "COMPONENT_PARAM": "TUBE_ROTATION"}, {"DESIGN_PARAM": "Param_12", "DESIGN_PARAM_VAL": "90", "COMPONENT_NAME": "rear_hub_l", "COMPONENT_PARAM": "ANGHORZCONN"}, {"DESIGN_PARAM": "Param_12", "DESIGN_PARAM_VAL": "90", "COMPONENT_NAME": "main_hub", "COMPONENT_PARAM": "ANGHORZCONN"}, {"DESIGN_PARAM": "Param_12", "DESIGN_PARAM_VAL": "90", "COMPONENT_NAME": "rear_hub_r", "COMPONENT_PARAM": "ANGHORZCONN"}, {"DESIGN_PARAM": "Param_12", "DESIGN_PARAM_VAL": "90", "COMPONENT_NAME": "side_hub_r", "COMPONENT_PARAM": "ANGHORZCONN"}, {"DESIGN_PARAM": "Param_12", "DESIGN_PARAM_VAL": "90", "COMPONENT_NAME": "side_hub_l", "COMPONENT_PARAM": "ANGHORZCONN"}, {"DESIGN_PARAM": "BodyRotAngle", "DESIGN_PARAM_VAL": "90", "COMPONENT_NAME": "capsule_fuselage", "COMPONENT_PARAM": "BOTTOM_CONNECTOR_ROTATION"}, {"DESIGN_PARAM": "BodyRotAngle", "DESIGN_PARAM_VAL": "90", "COMPONENT_NAME": "rear_rail_l", "COMPONENT_PARAM": "END_ROT"}, {"DESIGN_PARAM": "BodyRotAngle", "DESIGN_PARAM_VAL": "90", "COMPONENT_NAME": "rear_rail_r", "COMPONENT_PARAM": "END_ROT"}, {"DESIGN_PARAM": "BodyRotAngle", "DESIGN_PARAM_VAL": "90", "COMPONENT_NAME": "front_rail_r", "COMPONENT_PARAM": "END_ROT"}, {"DESIGN_PARAM": "BodyRotAngle", "DESIGN_PARAM_VAL": "90", "COMPONENT_NAME": "vertical_l", "COMPONENT_PARAM": "END_ROT"}, {"DESIGN_PARAM": "BodyRotAngle", "DESIGN_PARAM_VAL": "90", "COMPONENT_NAME": "front_flange_r", "COMPONENT_PARAM": "BOTTOM_ANGLE"}, {"DESIGN_PARAM": "Offset_3", "DESIGN_PARAM_VAL": "33", "COMPONENT_NAME": "capsule_fuselage", "COMPONENT_PARAM": "FLOOR_CONNECTOR_3_DISP_WIDTH"}, {"DESIGN_PARAM": "Offset_4", "DESIGN_PARAM_VAL": "-30", "COMPONENT_NAME": "capsule_fuselage", "COMPONENT_PARAM": "FLOOR_CONNECTOR_4_DISP_WIDTH"}, {"DESIGN_PARAM": "Offset_7", "DESIGN_PARAM_VAL": "-70", "COMPONENT_NAME": "capsule_fuselage", "COMPONENT_PARAM": "FLOOR_CONNECTOR_2_DISP_WIDTH"}, {"DESIGN_PARAM": "Channel_3", "DESIGN_PARAM_VAL": "3", "COMPONENT_NAME": "rear_motor_l", "COMPONENT_PARAM": "CONTROL_CHANNEL"}, {"DESIGN_PARAM": "front_r_wing_offset", "DESIGN_PARAM_VAL": "160.32", "COMPONENT_NAME": "rear_right_wing", "COMPONENT_PARAM": "TUBE_OFFSET"}, {"DESIGN_PARAM": "front_r_wing_offset", "DESIGN_PARAM_VAL": "160.32", "COMPONENT_NAME": "front_right_wing", "COMPONENT_PARAM": "TUBE_OFFSET"}, {"DESIGN_PARAM": "angle_270", "DESIGN_PARAM_VAL": "270", "COMPONENT_NAME": "front_rail_l", "COMPONENT_PARAM": "END_ROT"}, {"DESIGN_PARAM": "angle_270", "DESIGN_PARAM_VAL": "270", "COMPONENT_NAME": "vertical_r", "COMPONENT_PARAM": "END_ROT"}, {"DESIGN_PARAM": "angle_270", "DESIGN_PARAM_VAL": "270", "COMPONENT_NAME": "rear_left_wing", "COMPONENT_PARAM": "TUBE_ROTATION"}, {"DESIGN_PARAM": "rear_wing_offset", "DESIGN_PARAM_VAL": "90", "COMPONENT_NAME": "vertical_r", "COMPONENT_PARAM": "Offset1"}, {"DESIGN_PARAM": "rear_wing_offset", "DESIGN_PARAM_VAL": "90", "COMPONENT_NAME": "vertical_l", "COMPONENT_PARAM": "Offset1"}, {"DESIGN_PARAM": "CargoMass", "DESIGN_PARAM_VAL": "0.5", "COMPONENT_NAME": "Cargo", "COMPONENT_PARAM": "WEIGHT"}, {"DESIGN_PARAM": "Param_11", "DESIGN_PARAM_VAL": "180", "COMPONENT_NAME": "front_left_wing", "COMPONENT_PARAM": "TUBE_ROTATION"}, {"DESIGN_PARAM": "Param_11", "DESIGN_PARAM_VAL": "180", "COMPONENT_NAME": "mid_tube_l", "COMPONENT_PARAM": "END_ROT"}, {"DESIGN_PARAM": "Param_11", "DESIGN_PARAM_VAL": "180", "COMPONENT_NAME": "front_right_wing", "COMPONENT_PARAM": "TUBE_ROTATION"}, {"DESIGN_PARAM": "Param_11", "DESIGN_PARAM_VAL": "180", "COMPONENT_NAME": "left_rudder", "COMPONENT_PARAM": "TUBE_ROTATION"}, {"DESIGN_PARAM": "fuse_floor", "DESIGN_PARAM_VAL": "20", "COMPONENT_NAME": "capsule_fuselage", "COMPONENT_PARAM": "FLOOR_HEIGHT"}, {"DESIGN_PARAM": "front_wing_span", "DESIGN_PARAM_VAL": "450", "COMPONENT_NAME": "front_left_wing", "COMPONENT_PARAM": "SPAN"}, {"DESIGN_PARAM": "front_wing_span", "DESIGN_PARAM_VAL": "450", "COMPONENT_NAME": "front_right_wing", "COMPONENT_PARAM": "SPAN"}, {"DESIGN_PARAM": "l_rudder_offset", "DESIGN_PARAM_VAL": "90", "COMPONENT_NAME": "left_rudder", "COMPONENT_PARAM": "TUBE_OFFSET"}, {"DESIGN_PARAM": "l_rudder_offset", "DESIGN_PARAM_VAL": "90", "COMPONENT_NAME": "Orient", "COMPONENT_PARAM": "Z_ANGLE"}, {"DESIGN_PARAM": "Front_Rail_Length", "DESIGN_PARAM_VAL": "335", "COMPONENT_NAME": "front_rail_l", "COMPONENT_PARAM": "Length"}, {"DESIGN_PARAM": "Front_Rail_Length", "DESIGN_PARAM_VAL": "335", "COMPONENT_NAME": "front_rail_r", "COMPONENT_PARAM": "Length"}, {"DESIGN_PARAM": "Channel_1", "DESIGN_PARAM_VAL": "1", "COMPONENT_NAME": "front_motor_l", "COMPONENT_PARAM": "CONTROL_CHANNEL"}, {"DESIGN_PARAM": "front_wing_chord", "DESIGN_PARAM_VAL": "150", "COMPONENT_NAME": "front_right_wing", "COMPONENT_PARAM": "CHORD_2"}, {"DESIGN_PARAM": "front_wing_chord", "DESIGN_PARAM_VAL": "150", "COMPONENT_NAME": "front_left_wing", "COMPONENT_PARAM": "CHORD_2"}, {"DESIGN_PARAM": "front_wing_chord", "DESIGN_PARAM_VAL": "150", "COMPONENT_NAME": "front_right_wing", "COMPONENT_PARAM": "CHORD_1"}, {"DESIGN_PARAM": "front_wing_chord", "DESIGN_PARAM_VAL": "150", "COMPONENT_NAME": "front_left_wing", "COMPONENT_PARAM": "CHORD_1"}, {"DESIGN_PARAM": "fuse_width", "DESIGN_PARAM_VAL": "300", "COMPONENT_NAME": "capsule_fuselage", "COMPONENT_PARAM": "HORZ_DIAMETER"}, {"DESIGN_PARAM": "rudder_span", "DESIGN_PARAM_VAL": "140", "COMPONENT_NAME": "right_rudder", "COMPONENT_PARAM": "SPAN"}, {"DESIGN_PARAM": "rudder_span", "DESIGN_PARAM_VAL": "140", "COMPONENT_NAME": "left_rudder", "COMPONENT_PARAM": "SPAN"}, {"DESIGN_PARAM": "Channel_5", "DESIGN_PARAM_VAL": "5", "COMPONENT_NAME": "front_left_wing", "COMPONENT_PARAM": "CONTROL_CHANNEL"}, {"DESIGN_PARAM": "FwdFacingCW_PropType", "DESIGN_PARAM_VAL": "1", "COMPONENT_NAME": "front_prop_r", "COMPONENT_PARAM": "Prop_type"}, {"DESIGN_PARAM": "FwdFacingCW_PropType", "DESIGN_PARAM_VAL": "1", "COMPONENT_NAME": "rear_prop_r", "COMPONENT_PARAM": "Prop_type"}, {"DESIGN_PARAM": "Channel_10", "DESIGN_PARAM_VAL": "10", "COMPONENT_NAME": "left_rudder", "COMPONENT_PARAM": "CONTROL_CHANNEL"}, {"DESIGN_PARAM": "Vertical_Tube_Length", "DESIGN_PARAM_VAL": "150", "COMPONENT_NAME": "bottom_leg_l", "COMPONENT_PARAM": "Length"}, {"DESIGN_PARAM": "Vertical_Tube_Length", "DESIGN_PARAM_VAL": "150", "COMPONENT_NAME": "vertical_r", "COMPONENT_PARAM": "Length"}, {"DESIGN_PARAM": "Vertical_Tube_Length", "DESIGN_PARAM_VAL": "150", "COMPONENT_NAME": "capsule_fuselage", "COMPONENT_PARAM": "FUSE_CYL_LENGTH"}, {"DESIGN_PARAM": "Vertical_Tube_Length", "DESIGN_PARAM_VAL": "150", "COMPONENT_NAME": "bottom_leg_r", "COMPONENT_PARAM": "Length"}, {"DESIGN_PARAM": "Vertical_Tube_Length", "DESIGN_PARAM_VAL": "150", "COMPONENT_NAME": "vertical_l", "COMPONENT_PARAM": "Length"}, {"DESIGN_PARAM": "Offset_6", "DESIGN_PARAM_VAL": "70", "COMPONENT_NAME": "capsule_fuselage", "COMPONENT_PARAM": "FLOOR_CONNECTOR_1_DISP_WIDTH"}, {"DESIGN_PARAM": "FwdFacingCW_Spin", "DESIGN_PARAM_VAL": "1", "COMPONENT_NAME": "rear_prop_r", "COMPONENT_PARAM": "Direction"}, {"DESIGN_PARAM": "FwdFacingCW_Spin", "DESIGN_PARAM_VAL": "1", "COMPONENT_NAME": "front_prop_r", "COMPONENT_PARAM": "Direction"}, {"DESIGN_PARAM": "Top_Leg_Tube_Length", "DESIGN_PARAM_VAL": "150.1524", "COMPONENT_NAME": "top_leg_r", "COMPONENT_PARAM": "Length"}, {"DESIGN_PARAM": "Top_Leg_Tube_Length", "DESIGN_PARAM_VAL": "150.1524", "COMPONENT_NAME": "top_leg_l", "COMPONENT_PARAM": "Length"}, {"DESIGN_PARAM": "FwdFacingCCW_Spin", "DESIGN_PARAM_VAL": "-1", "COMPONENT_NAME": "rear_prop_l", "COMPONENT_PARAM": "Direction"}, {"DESIGN_PARAM": "FwdFacingCCW_Spin", "DESIGN_PARAM_VAL": "-1", "COMPONENT_NAME": "front_prop_l", "COMPONENT_PARAM": "Direction"}, {"DESIGN_PARAM": "rear_wing_span", "DESIGN_PARAM_VAL": "609", "COMPONENT_NAME": "rear_right_wing", "COMPONENT_PARAM": "SPAN"}, {"DESIGN_PARAM": "rear_wing_span", "DESIGN_PARAM_VAL": "609", "COMPONENT_NAME": "rear_left_wing", "COMPONENT_PARAM": "SPAN"}, {"DESIGN_PARAM": "Front_Wing_Tube_Length", "DESIGN_PARAM_VAL": "52", "COMPONENT_NAME": "front_wing_tube_r", "COMPONENT_PARAM": "Length"}, {"DESIGN_PARAM": "Front_Wing_Tube_Length", "DESIGN_PARAM_VAL": "52", "COMPONENT_NAME": "front_wing_tube_l", "COMPONENT_PARAM": "Length"}, {"DESIGN_PARAM": "Channel_6", "DESIGN_PARAM_VAL": "6", "COMPONENT_NAME": "front_right_wing", "COMPONENT_PARAM": "CONTROL_CHANNEL"}, {"DESIGN_PARAM": "Channel_9", "DESIGN_PARAM_VAL": "9", "COMPONENT_NAME": "right_rudder", "COMPONENT_PARAM": "CONTROL_CHANNEL"}, {"DESIGN_PARAM": "Mid_Tube_Length", "DESIGN_PARAM_VAL": "140", "COMPONENT_NAME": "mid_tube_r", "COMPONENT_PARAM": "Length"}, {"DESIGN_PARAM": "Mid_Tube_Length", "DESIGN_PARAM_VAL": "140", "COMPONENT_NAME": "mid_tube_l", "COMPONENT_PARAM": "Length"}, {"DESIGN_PARAM": "rear_wing_chord", "DESIGN_PARAM_VAL": "180", "COMPONENT_NAME": "rear_left_wing", "COMPONENT_PARAM": "CHORD_2"}, {"DESIGN_PARAM": "rear_wing_chord", "DESIGN_PARAM_VAL": "180", "COMPONENT_NAME": "rear_left_wing", "COMPONENT_PARAM": "CHORD_1"}, {"DESIGN_PARAM": "rear_wing_chord", "DESIGN_PARAM_VAL": "180", "COMPONENT_NAME": "rear_right_wing", "COMPONENT_PARAM": "CHORD_2"}, {"DESIGN_PARAM": "rear_wing_chord", "DESIGN_PARAM_VAL": "180", "COMPONENT_NAME": "rear_right_wing", "COMPONENT_PARAM": "CHORD_1"}, {"DESIGN_PARAM": "front_l_wing_offset", "DESIGN_PARAM_VAL": "289.68", "COMPONENT_NAME": "front_left_wing", "COMPONENT_PARAM": "TUBE_OFFSET"}, {"DESIGN_PARAM": "Channel_2", "DESIGN_PARAM_VAL": "2", "COMPONENT_NAME": "front_motor_r", "COMPONENT_PARAM": "CONTROL_CHANNEL"}]