[{"FROM_COMP": "main_hub", "FROM_CONN": "Orient_Connector", "TO_COMP": "Orient", "TO_CONN": "ORIENTCONN"}, {"FROM_COMP": "main_hub", "FROM_CONN": "Side_Connector_3", "TO_COMP": "mid_tube_l", "TO_CONN": "BaseConnection"}, {"FROM_COMP": "main_hub", "FROM_CONN": "Bottom_Connector", "TO_COMP": "CargoCase", "TO_CONN": "Case2HubConnector"}, {"FROM_COMP": "main_hub", "FROM_CONN": "Side_Connector_1", "TO_COMP": "mid_tube_r", "TO_CONN": "BaseConnection"}, {"FROM_COMP": "main_hub", "FROM_CONN": "Top_Connector", "TO_COMP": "capsule_fuselage", "TO_CONN": "BottomConnector"}, {"FROM_COMP": "Cargo", "FROM_CONN": "CargoConnector", "TO_COMP": "CargoCase", "TO_CONN": "CargoConnector"}, {"FROM_COMP": "rear_hub_r", "FROM_CONN": "Side_Connector_1", "TO_COMP": "bottom_leg_r", "TO_CONN": "BaseConnection"}, {"FROM_COMP": "rear_hub_r", "FROM_CONN": "Center_Connector", "TO_COMP": "rudder_tube_r", "TO_CONN": "BaseConnection"}, {"FROM_COMP": "rear_hub_r", "FROM_CONN": "Side_Connector_2", "TO_COMP": "vertical_r", "TO_CONN": "BaseConnection"}, {"FROM_COMP": "rear_hub_r", "FROM_CONN": "Side_Connector_3", "TO_COMP": "rear_rail_r", "TO_CONN": "EndConnection"}, {"FROM_COMP": "mid_tube_r", "FROM_CONN": "EndConnection", "TO_COMP": "side_hub_r", "TO_CONN": "Side_Connector_2"}, {"FROM_COMP": "mid_tube_r", "FROM_CONN": "BaseConnection", "TO_COMP": "main_hub", "TO_CONN": "Side_Connector_1"}, {"FROM_COMP": "right_rudder", "FROM_CONN": "Wing_Tube_Connector", "TO_COMP": "rudder_tube_r", "TO_CONN": "EndConnection"}, {"FROM_COMP": "top_leg_r", "FROM_CONN": "BaseConnection", "TO_COMP": "rear_flange_r", "TO_CONN": "BottomConnector"}, {"FROM_COMP": "Battery_1", "FROM_CONN": "Bottom_Connector", "TO_COMP": "capsule_fuselage", "TO_CONN": "FloorConnector2"}, {"FROM_COMP": "Battery_1", "FROM_CONN": "PowerBus", "TO_COMP": "BatteryController", "TO_CONN": "BatteryPower"}, {"FROM_COMP": "side_hub_r", "FROM_CONN": "Side_Connector_1", "TO_COMP": "rear_rail_r", "TO_CONN": "BaseConnection"}, {"FROM_COMP": "side_hub_r", "FROM_CONN": "Side_Connector_2", "TO_COMP": "mid_tube_r", "TO_CONN": "EndConnection"}, {"FROM_COMP": "side_hub_r", "FROM_CONN": "Side_Connector_3", "TO_COMP": "front_rail_r", "TO_CONN": "BaseConnection"}, {"FROM_COMP": "side_hub_l", "FROM_CONN": "Side_Connector_3", "TO_COMP": "front_rail_l", "TO_CONN": "BaseConnection"}, {"FROM_COMP": "side_hub_l", "FROM_CONN": "Side_Connector_2", "TO_COMP": "mid_tube_l", "TO_CONN": "EndConnection"}, {"FROM_COMP": "side_hub_l", "FROM_CONN": "Side_Connector_1", "TO_COMP": "rear_rail_l", "TO_CONN": "BaseConnection"}, {"FROM_COMP": "capsule_fuselage", "FROM_CONN": "FloorConnector4", "TO_COMP": "Current", "TO_CONN": "SensorConnector"}, {"FROM_COMP": "capsule_fuselage", "FROM_CONN": "FloorConnector5", "TO_COMP": "Autopilot", "TO_CONN": "SensorConnector"}, {"FROM_COMP": "capsule_fuselage", "FROM_CONN": "FloorConnector3", "TO_COMP": "RpmTemp", "TO_CONN": "SensorConnector"}, {"FROM_COMP": "capsule_fuselage", "FROM_CONN": "FloorConnector2", "TO_COMP": "Battery_1", "TO_CONN": "Bottom_Connector"}, {"FROM_COMP": "capsule_fuselage", "FROM_CONN": "FloorConnector1", "TO_COMP": "Battery_2", "TO_CONN": "Bottom_Connector"}, {"FROM_COMP": "capsule_fuselage", "FROM_CONN": "FloorConnector7", "TO_COMP": "GPS", "TO_CONN": "SensorConnector"}, {"FROM_COMP": "capsule_fuselage", "FROM_CONN": "FloorConnector8", "TO_COMP": "Variometer", "TO_CONN": "SensorConnector"}, {"FROM_COMP": "capsule_fuselage", "FROM_CONN": "BottomConnector", "TO_COMP": "main_hub", "TO_CONN": "Top_Connector"}, {"FROM_COMP": "capsule_fuselage", "FROM_CONN": "FloorConnector6", "TO_COMP": "Voltage", "TO_CONN": "SensorConnector"}, {"FROM_COMP": "front_prop_l", "FROM_CONN": "MOTOR_CONNECTOR_CS_IN", "TO_COMP": "front_motor_l", "TO_CONN": "Prop_Connector"}, {"FROM_COMP": "rear_motor_r", "FROM_CONN": "Prop_Connector", "TO_COMP": "rear_prop_r", "TO_CONN": "MOTOR_CONNECTOR_CS_IN"}, {"FROM_COMP": "rear_motor_r", "FROM_CONN": "Base_Connector", "TO_COMP": "rear_flange_r", "TO_CONN": "TopConnector"}, {"FROM_COMP": "rear_motor_r", "FROM_CONN": "MotorPower", "TO_COMP": "BatteryController", "TO_CONN": "MotorPower"}, {"FROM_COMP": "rear_rail_r", "FROM_CONN": "BaseConnection", "TO_COMP": "side_hub_r", "TO_CONN": "Side_Connector_1"}, {"FROM_COMP": "rear_rail_r", "FROM_CONN": "EndConnection", "TO_COMP": "rear_hub_r", "TO_CONN": "Side_Connector_3"}, {"FROM_COMP": "front_rail_l", "FROM_CONN": "EndConnection", "TO_COMP": "front_flange_l", "TO_CONN": "BottomConnector"}, {"FROM_COMP": "front_rail_l", "FROM_CONN": "BaseConnection", "TO_COMP": "side_hub_l", "TO_CONN": "Side_Connector_3"}, {"FROM_COMP": "front_flange_l", "FROM_CONN": "TopConnector", "TO_COMP": "front_motor_l", "TO_CONN": "Base_Connector"}, {"FROM_COMP": "front_flange_l", "FROM_CONN": "BottomConnector", "TO_COMP": "front_rail_l", "TO_CONN": "EndConnection"}, {"FROM_COMP": "front_flange_l", "FROM_CONN": "SideConnector", "TO_COMP": "front_wing_tube_l", "TO_CONN": "BaseConnection"}, {"FROM_COMP": "Orient", "FROM_CONN": "ORIENTCONN", "TO_COMP": "main_hub", "TO_CONN": "Orient_Connector"}, {"FROM_COMP": "front_wing_tube_l", "FROM_CONN": "BaseConnection", "TO_COMP": "front_flange_l", "TO_CONN": "SideConnector"}, {"FROM_COMP": "front_wing_tube_l", "FROM_CONN": "EndConnection", "TO_COMP": "front_left_wing", "TO_CONN": "Wing_Tube_Connector"}, {"FROM_COMP": "vertical_r", "FROM_CONN": "OffsetConnection1", "TO_COMP": "rear_right_wing", "TO_CONN": "Wing_Tube_Connector"}, {"FROM_COMP": "vertical_r", "FROM_CONN": "BaseConnection", "TO_COMP": "rear_hub_r", "TO_CONN": "Side_Connector_2"}, {"FROM_COMP": "vertical_r", "FROM_CONN": "EndConnection", "TO_COMP": "rear_flange_r", "TO_CONN": "SideConnector"}, {"FROM_COMP": "Voltage", "FROM_CONN": "SensorConnector", "TO_COMP": "capsule_fuselage", "TO_CONN": "FloorConnector6"}, {"FROM_COMP": "vertical_l", "FROM_CONN": "EndConnection", "TO_COMP": "rear_flange_l", "TO_CONN": "SideConnector"}, {"FROM_COMP": "vertical_l", "FROM_CONN": "OffsetConnection1", "TO_COMP": "rear_left_wing", "TO_CONN": "Wing_Tube_Connector"}, {"FROM_COMP": "vertical_l", "FROM_CONN": "BaseConnection", "TO_COMP": "rear_hub_l", "TO_CONN": "Side_Connector_2"}, {"FROM_COMP": "rear_flange_l", "FROM_CONN": "SideConnector", "TO_COMP": "vertical_l", "TO_CONN": "EndConnection"}, {"FROM_COMP": "rear_flange_l", "FROM_CONN": "TopConnector", "TO_COMP": "rear_motor_l", "TO_CONN": "Base_Connector"}, {"FROM_COMP": "rear_flange_l", "FROM_CONN": "BottomConnector", "TO_COMP": "top_leg_l", "TO_CONN": "BaseConnection"}, {"FROM_COMP": "rudder_tube_r", "FROM_CONN": "EndConnection", "TO_COMP": "right_rudder", "TO_CONN": "Wing_Tube_Connector"}, {"FROM_COMP": "rudder_tube_r", "FROM_CONN": "BaseConnection", "TO_COMP": "rear_hub_r", "TO_CONN": "Center_Connector"}, {"FROM_COMP": "rear_flange_r", "FROM_CONN": "BottomConnector", "TO_COMP": "top_leg_r", "TO_CONN": "BaseConnection"}, {"FROM_COMP": "rear_flange_r", "FROM_CONN": "TopConnector", "TO_COMP": "rear_motor_r", "TO_CONN": "Base_Connector"}, {"FROM_COMP": "rear_flange_r", "FROM_CONN": "SideConnector", "TO_COMP": "vertical_r", "TO_CONN": "EndConnection"}, {"FROM_COMP": "front_left_wing", "FROM_CONN": "Wing_Tube_Connector", "TO_COMP": "front_wing_tube_l", "TO_CONN": "EndConnection"}, {"FROM_COMP": "rear_rail_l", "FROM_CONN": "EndConnection", "TO_COMP": "rear_hub_l", "TO_CONN": "Side_Connector_1"}, {"FROM_COMP": "rear_rail_l", "FROM_CONN": "BaseConnection", "TO_COMP": "side_hub_l", "TO_CONN": "Side_Connector_1"}, {"FROM_COMP": "GPS", "FROM_CONN": "SensorConnector", "TO_COMP": "capsule_fuselage", "TO_CONN": "FloorConnector7"}, {"FROM_COMP": "rear_left_wing", "FROM_CONN": "Wing_Tube_Connector", "TO_COMP": "vertical_l", "TO_CONN": "OffsetConnection1"}, {"FROM_COMP": "top_leg_l", "FROM_CONN": "BaseConnection", "TO_COMP": "rear_flange_l", "TO_CONN": "BottomConnector"}, {"FROM_COMP": "Variometer", "FROM_CONN": "SensorConnector", "TO_COMP": "capsule_fuselage", "TO_CONN": "FloorConnector8"}, {"FROM_COMP": "Autopilot", "FROM_CONN": "SensorConnector", "TO_COMP": "capsule_fuselage", "TO_CONN": "FloorConnector5"}, {"FROM_COMP": "front_motor_r", "FROM_CONN": "MotorPower", "TO_COMP": "BatteryController", "TO_CONN": "MotorPower"}, {"FROM_COMP": "front_motor_r", "FROM_CONN": "Base_Connector", "TO_COMP": "front_flange_r", "TO_CONN": "TopConnector"}, {"FROM_COMP": "front_motor_r", "FROM_CONN": "Prop_Connector", "TO_COMP": "front_prop_r", "TO_CONN": "MOTOR_CONNECTOR_CS_IN"}, {"FROM_COMP": "RpmTemp", "FROM_CONN": "SensorConnector", "TO_COMP": "capsule_fuselage", "TO_CONN": "FloorConnector3"}, {"FROM_COMP": "bottom_leg_l", "FROM_CONN": "BaseConnection", "TO_COMP": "rear_hub_l", "TO_CONN": "Side_Connector_3"}, {"FROM_COMP": "rear_prop_l", "FROM_CONN": "MOTOR_CONNECTOR_CS_IN", "TO_COMP": "rear_motor_l", "TO_CONN": "Prop_Connector"}, {"FROM_COMP": "BatteryController", "FROM_CONN": "BatteryPower", "TO_COMP": "Battery_2", "TO_CONN": "PowerBus"}, {"FROM_COMP": "BatteryController", "FROM_CONN": "BatteryPower", "TO_COMP": "Battery_1", "TO_CONN": "PowerBus"}, {"FROM_COMP": "BatteryController", "FROM_CONN": "MotorPower", "TO_COMP": "front_motor_r", "TO_CONN": "MotorPower"}, {"FROM_COMP": "BatteryController", "FROM_CONN": "MotorPower", "TO_COMP": "front_motor_l", "TO_CONN": "MotorPower"}, {"FROM_COMP": "BatteryController", "FROM_CONN": "MotorPower", "TO_COMP": "rear_motor_r", "TO_CONN": "MotorPower"}, {"FROM_COMP": "BatteryController", "FROM_CONN": "MotorPower", "TO_COMP": "rear_motor_l", "TO_CONN": "MotorPower"}, {"FROM_COMP": "front_wing_tube_r", "FROM_CONN": "EndConnection", "TO_COMP": "front_right_wing", "TO_CONN": "Wing_Tube_Connector"}, {"FROM_COMP": "front_wing_tube_r", "FROM_CONN": "BaseConnection", "TO_COMP": "front_flange_r", "TO_CONN": "SideConnector"}, {"FROM_COMP": "bottom_leg_r", "FROM_CONN": "BaseConnection", "TO_COMP": "rear_hub_r", "TO_CONN": "Side_Connector_1"}, {"FROM_COMP": "rear_prop_r", "FROM_CONN": "MOTOR_CONNECTOR_CS_IN", "TO_COMP": "rear_motor_r", "TO_CONN": "Prop_Connector"}, {"FROM_COMP": "front_rail_r", "FROM_CONN": "EndConnection", "TO_COMP": "front_flange_r", "TO_CONN": "BottomConnector"}, {"FROM_COMP": "front_rail_r", "FROM_CONN": "BaseConnection", "TO_COMP": "side_hub_r", "TO_CONN": "Side_Connector_3"}, {"FROM_COMP": "rudder_tube_l", "FROM_CONN": "EndConnection", "TO_COMP": "left_rudder", "TO_CONN": "Wing_Tube_Connector"}, {"FROM_COMP": "rudder_tube_l", "FROM_CONN": "BaseConnection", "TO_COMP": "rear_hub_l", "TO_CONN": "Center_Connector"}, {"FROM_COMP": "front_prop_r", "FROM_CONN": "MOTOR_CONNECTOR_CS_IN", "TO_COMP": "front_motor_r", "TO_CONN": "Prop_Connector"}, {"FROM_COMP": "mid_tube_l", "FROM_CONN": "EndConnection", "TO_COMP": "side_hub_l", "TO_CONN": "Side_Connector_2"}, {"FROM_COMP": "mid_tube_l", "FROM_CONN": "BaseConnection", "TO_COMP": "main_hub", "TO_CONN": "Side_Connector_3"}, {"FROM_COMP": "left_rudder", "FROM_CONN": "Wing_Tube_Connector", "TO_COMP": "rudder_tube_l", "TO_CONN": "EndConnection"}, {"FROM_COMP": "front_right_wing", "FROM_CONN": "Wing_Tube_Connector", "TO_COMP": "front_wing_tube_r", "TO_CONN": "EndConnection"}, {"FROM_COMP": "front_flange_r", "FROM_CONN": "BottomConnector", "TO_COMP": "front_rail_r", "TO_CONN": "EndConnection"}, {"FROM_COMP": "front_flange_r", "FROM_CONN": "SideConnector", "TO_COMP": "front_wing_tube_r", "TO_CONN": "BaseConnection"}, {"FROM_COMP": "front_flange_r", "FROM_CONN": "TopConnector", "TO_COMP": "front_motor_r", "TO_CONN": "Base_Connector"}, {"FROM_COMP": "rear_hub_l", "FROM_CONN": "Side_Connector_1", "TO_COMP": "rear_rail_l", "TO_CONN": "EndConnection"}, {"FROM_COMP": "rear_hub_l", "FROM_CONN": "Center_Connector", "TO_COMP": "rudder_tube_l", "TO_CONN": "BaseConnection"}, {"FROM_COMP": "rear_hub_l", "FROM_CONN": "Side_Connector_2", "TO_COMP": "vertical_l", "TO_CONN": "BaseConnection"}, {"FROM_COMP": "rear_hub_l", "FROM_CONN": "Side_Connector_3", "TO_COMP": "bottom_leg_l", "TO_CONN": "BaseConnection"}, {"FROM_COMP": "CargoCase", "FROM_CONN": "Case2HubConnector", "TO_COMP": "main_hub", "TO_CONN": "Bottom_Connector"}, {"FROM_COMP": "CargoCase", "FROM_CONN": "CargoConnector", "TO_COMP": "Cargo", "TO_CONN": "CargoConnector"}, {"FROM_COMP": "Current", "FROM_CONN": "SensorConnector", "TO_COMP": "capsule_fuselage", "TO_CONN": "FloorConnector4"}, {"FROM_COMP": "front_motor_l", "FROM_CONN": "MotorPower", "TO_COMP": "BatteryController", "TO_CONN": "MotorPower"}, {"FROM_COMP": "front_motor_l", "FROM_CONN": "Base_Connector", "TO_COMP": "front_flange_l", "TO_CONN": "TopConnector"}, {"FROM_COMP": "front_motor_l", "FROM_CONN": "Prop_Connector", "TO_COMP": "front_prop_l", "TO_CONN": "MOTOR_CONNECTOR_CS_IN"}, {"FROM_COMP": "rear_right_wing", "FROM_CONN": "Wing_Tube_Connector", "TO_COMP": "vertical_r", "TO_CONN": "OffsetConnection1"}, {"FROM_COMP": "rear_motor_l", "FROM_CONN": "Prop_Connector", "TO_COMP": "rear_prop_l", "TO_CONN": "MOTOR_CONNECTOR_CS_IN"}, {"FROM_COMP": "rear_motor_l", "FROM_CONN": "Base_Connector", "TO_COMP": "rear_flange_l", "TO_CONN": "TopConnector"}, {"FROM_COMP": "rear_motor_l", "FROM_CONN": "MotorPower", "TO_COMP": "BatteryController", "TO_CONN": "MotorPower"}, {"FROM_COMP": "Battery_2", "FROM_CONN": "PowerBus", "TO_COMP": "BatteryController", "TO_CONN": "BatteryPower"}, {"FROM_COMP": "Battery_2", "FROM_CONN": "Bottom_Connector", "TO_COMP": "capsule_fuselage", "TO_CONN": "FloorConnector1"}]