{
    "0394od_para_hub_4": {
        "id": "0394od_para_hub_4",
        "type": "Hub4",
        "parameters": [
            {
                "name": "DIAMETER",
                "min": "7.1374",
                "max": "7.1374",
                "default": "10.0076",
                "learned": "10.0076"
            },
            {
                "name": "ANGHORZCONN",
                "min": "55.0",
                "max": "55.0",
                "default": "90.0",
                "learned": "90.0"
            },
            {
                "name": "ANGVERTCONN",
                "min": "0.0",
                "max": "0.0",
                "default": "0.0",
                "learned": "0.0"
            }
        ],
        "properties": {
            "NUMHORZCONN": 4.0,
            "CORPUS": "UAV"
        },
        "connectors": [
            "Center_Connector",
            "Side_Connector_4",
            "Bottom_Connector",
            "Side_Connector_1",
            "Side_Connector_3",
            "Orient_Connector",
            "Top_Connector",
            "Side_Connector_2"
        ]
    }
}