{
    "RpmTemp": {
        "id": "RpmTemp",
        "type": "SensorRpmTemp",
        "parameters": [
            {
                "name": "ROTATION",
                "min": "0.0",
                "max": "0.0",
                "default": "0.0",
                "learned": "0.0"
            }
        ],
        "properties": {
            "Manufacturer": "FrSKY",
            "Model": "SP_RPM",
            "WIDTH": 20.0,
            "WEIGHT": 0.0067,
            "LENGTH": 29.0,
            "HEIGHT": 2.0,
            "CORPUS": "UAV"
        },
        "connectors": [
            "SensorConnector"
        ]
    }
}