{
    "Hitec_D485HW": {
        "id": "Hitec_D485HW",
        "type": "Servo",
        "parameters": [],
        "properties": {
            "Output_Shaft_Spline": "H25T",
            "Stall_Current": 1500.0,
            "LENA": 44.0,
            "LENB": 40.0,
            "Servo_Thickness": 20.0,
            "Max_Voltage": 7.4,
            "Max_Stall_Torque": 7.41,
            "LENF": 28.0,
            "Max_PWM_Range": "850-2350",
            "LENC": 40.0,
            "CORPUS": "UAV",
            "Wire_Gauge": 22.0,
            "WEIGHT": 0.045,
            "Deadband_Width": 1.0,
            "Min_Voltage": 4.8,
            "Current_Idle": 30.0,
            "Max_No_Load_Speed": 0.2,
            "Max_Rotation": 88.0,
            "LENE": 53.5,
            "Min_Stall_Torque": 4.82,
            "Min_No_Load_Speed": 0.15,
            "Travel": 0.098,
            "Servo_Class": "Standard",
            "Current_No_Load": 320.0
        },
        "connectors": [
            "Connector"
        ]
    },
    "Hitec_D89MW": {
        "id": "Hitec_D89MW",
        "type": "Servo",
        "parameters": [],
        "properties": {
            "WEIGHT": 0.024,
            "Min_Voltage": 4.8,
            "Max_Stall_Torque": 8.5,
            "Current_No_Load": 300.0,
            "Min_Stall_Torque": 5.3,
            "LENC": 30.8,
            "LENF": 19.8,
            "Deadband_Width": 2.0,
            "Wire_Gauge": 28.0,
            "CORPUS": "UAV",
            "Current_Idle": 30.0,
            "Travel": 0.095,
            "Min_No_Load_Speed": 0.11,
            "LENA": 35.3,
            "Servo_Class": "Micro",
            "Max_Rotation": 85.0,
            "LENE": 40.2,
            "Stall_Current": 2900.0,
            "Max_PWM_Range": "850-2350",
            "LENB": 29.0,
            "Output_Shaft_Spline": "H25T",
            "Max_No_Load_Speed": 0.17,
            "Servo_Thickness": 13.0,
            "Max_Voltage": 7.4
        },
        "connectors": [
            "Connector"
        ]
    },
    "Hitec_D954SW": {
        "id": "Hitec_D954SW",
        "type": "Servo",
        "parameters": [],
        "properties": {
            "Stall_Current": 5200.0,
            "LENF": 27.0,
            "Max_No_Load_Speed": 0.19,
            "Min_Voltage": 4.8,
            "Max_Voltage": 7.4,
            "Max_Rotation": 89.0,
            "Servo_Thickness": 20.0,
            "Current_Idle": 30.0,
            "Current_No_Load": 500.0,
            "Min_Stall_Torque": 18.07,
            "Max_PWM_Range": "850-2350",
            "CORPUS": "UAV",
            "Wire_Gauge": 20.0,
            "Min_No_Load_Speed": 0.12,
            "Deadband_Width": 1.0,
            "Output_Shaft_Spline": "H25T",
            "LENC": 38.0,
            "Max_Stall_Torque": 29.16,
            "WEIGHT": 0.068,
            "LENA": 45.4,
            "LENE": 54.0,
            "Servo_Class": "Standard",
            "Travel": 0.099,
            "LENB": 40.0
        },
        "connectors": [
            "Connector"
        ]
    },
    "Hitec_HS_225BB": {
        "id": "Hitec_HS_225BB",
        "type": "Servo",
        "parameters": [],
        "properties": {
            "Max_No_Load_Speed": 0.14,
            "Min_No_Load_Speed": 0.11,
            "WEIGHT": 0.027,
            "Wire_Gauge": 25.0,
            "LENB": 32.3,
            "Current_Idle": 8.0,
            "Max_PWM_Range": "553-2520",
            "Current_No_Load": 300.0,
            "Servo_Thickness": 16.8,
            "Max_Rotation": 87.0,
            "LENF": 23.5,
            "LENA": 36.3,
            "Travel": 0.097,
            "CORPUS": "UAV",
            "LENE": 44.3,
            "LENC": 33.0,
            "Max_Stall_Torque": 4.8,
            "Max_Voltage": 6.0,
            "Stall_Current": 1200.0,
            "Min_Voltage": 4.8,
            "Servo_Class": "Mini",
            "Min_Stall_Torque": 3.9,
            "Output_Shaft_Spline": "C24T",
            "Deadband_Width": 8.0
        },
        "connectors": [
            "Connector"
        ]
    },
    "Hitec_HS_225MG": {
        "id": "Hitec_HS_225MG",
        "type": "Servo",
        "parameters": [],
        "properties": {
            "LENC": 33.0,
            "Wire_Gauge": 25.0,
            "Min_Voltage": 4.8,
            "Min_No_Load_Speed": 0.11,
            "WEIGHT": 0.031,
            "Deadband_Width": 8.0,
            "Stall_Current": 1200.0,
            "Output_Shaft_Spline": "C24T",
            "Travel": 0.097,
            "Max_Voltage": 6.0,
            "Min_Stall_Torque": 3.9,
            "CORPUS": "UAV",
            "Servo_Thickness": 16.8,
            "LENF": 23.5,
            "Max_No_Load_Speed": 0.14,
            "Max_Rotation": 87.0,
            "Current_No_Load": 300.0,
            "LENB": 32.3,
            "Current_Idle": 8.0,
            "Servo_Class": "Mini",
            "Max_PWM_Range": "553-2520",
            "LENA": 36.4,
            "LENE": 44.3,
            "Max_Stall_Torque": 4.8
        },
        "connectors": [
            "Connector"
        ]
    },
    "Hitec_HS_40": {
        "id": "Hitec_HS_40",
        "type": "Servo",
        "parameters": [],
        "properties": {
            "CORPUS": "UAV",
            "Min_Stall_Torque": 0.6,
            "Servo_Thickness": 8.7,
            "LENC": 20.3,
            "Max_PWM_Range": "615-2495",
            "Max_No_Load_Speed": 0.12,
            "WEIGHT": 0.0048,
            "Max_Voltage": 6.0,
            "Output_Shaft_Spline": "A15T",
            "Travel": 0.104,
            "Max_Rotation": 93.0,
            "Min_No_Load_Speed": 0.1,
            "Servo_Class": "Nano",
            "Min_Voltage": 4.8,
            "Current_No_Load": 60.0,
            "Deadband_Width": 5.0,
            "LENF": 12.0,
            "LENB": 20.0,
            "LENA": 23.1,
            "Max_Stall_Torque": 0.75,
            "Stall_Current": 460.0,
            "LENE": 28.0,
            "Current_Idle": 8.0,
            "Wire_Gauge": 28.0
        },
        "connectors": [
            "Connector"
        ]
    },
    "Hitec_HS_45HB": {
        "id": "Hitec_HS_45HB",
        "type": "Servo",
        "parameters": [],
        "properties": {
            "Wire_Gauge": 28.0,
            "Max_PWM_Range": "790-2405",
            "Max_Stall_Torque": 1.2,
            "WEIGHT": 0.008,
            "LENC": 23.9,
            "CORPUS": "UAV",
            "Min_Voltage": 4.8,
            "Max_Rotation": 106.0,
            "LENB": 23.7,
            "LENE": 33.6,
            "Stall_Current": 440.0,
            "Servo_Class": "Sub-Micro",
            "Min_Stall_Torque": 1.0,
            "Output_Shaft_Spline": "A15T",
            "Travel": 0.118,
            "Max_No_Load_Speed": 0.14,
            "Servo_Thickness": 9.9,
            "Current_Idle": 8.0,
            "Current_No_Load": 100.0,
            "Max_Voltage": 6.0,
            "LENF": 15.4,
            "Deadband_Width": 5.0,
            "Min_No_Load_Speed": 0.12,
            "LENA": 26.3
        },
        "connectors": [
            "Connector"
        ]
    },
    "Hitec_HS_5055MG": {
        "id": "Hitec_HS_5055MG",
        "type": "Servo",
        "parameters": [],
        "properties": {
            "Deadband_Width": 6.0,
            "LENA": 27.8,
            "Servo_Thickness": 11.6,
            "LENC": 24.0,
            "Max_Stall_Torque": 1.6,
            "Max_PWM_Range": "750-2250",
            "Current_No_Load": 120.0,
            "Min_No_Load_Speed": 0.17,
            "Travel": 0.119,
            "LENB": 22.8,
            "CORPUS": "UAV",
            "Output_Shaft_Spline": "A15T",
            "Min_Stall_Torque": 1.3,
            "Wire_Gauge": 28.0,
            "Max_Rotation": 75.0,
            "Stall_Current": 700.0,
            "LENE": 30.0,
            "Max_No_Load_Speed": 0.2,
            "WEIGHT": 0.0095,
            "Min_Voltage": 4.8,
            "LENF": 16.7,
            "Servo_Class": "Sub-Micro",
            "Current_Idle": 8.0,
            "Max_Voltage": 6.0
        },
        "connectors": [
            "Connector"
        ]
    },
    "Hitec_HS_5065MG": {
        "id": "Hitec_HS_5065MG",
        "type": "Servo",
        "parameters": [],
        "properties": {
            "Min_Voltage": 4.8,
            "Min_No_Load_Speed": 0.11,
            "Travel": 0.085,
            "Max_Voltage": 6.0,
            "Min_Stall_Torque": 1.8,
            "Max_PWM_Range": "750-2250",
            "LENE": 32.3,
            "LENC": 26.0,
            "Max_Rotation": 76.0,
            "LENB": 23.7,
            "LENF": 17.0,
            "Current_Idle": 3.0,
            "Wire_Gauge": 28.0,
            "Current_No_Load": 220.0,
            "Max_No_Load_Speed": 0.14,
            "WEIGHT": 0.0119,
            "Stall_Current": 1200.0,
            "LENA": 29.3,
            "Deadband_Width": 2.0,
            "Max_Stall_Torque": 2.2,
            "Output_Shaft_Spline": "B25T",
            "Servo_Class": "Sub-Micro",
            "CORPUS": "UAV",
            "Servo_Thickness": 11.6
        },
        "connectors": [
            "Connector"
        ]
    },
    "Hitec_HS_5070MH": {
        "id": "Hitec_HS_5070MH",
        "type": "Servo",
        "parameters": [],
        "properties": {
            "Min_Stall_Torque": 3.1,
            "LENA": 33.3,
            "Min_Voltage": 6.0,
            "Max_Stall_Torque": 3.8,
            "Max_PWM_Range": "750-2250",
            "LENE": 32.3,
            "Min_No_Load_Speed": 0.12,
            "Deadband_Width": 2.0,
            "Max_No_Load_Speed": 0.14,
            "CORPUS": "UAV",
            "Travel": 0.083,
            "LENF": 21.0,
            "Current_Idle": 3.0,
            "Current_No_Load": 240.0,
            "Servo_Thickness": 11.6,
            "Wire_Gauge": 28.0,
            "LENC": 30.0,
            "LENB": 23.7,
            "Max_Voltage": 7.4,
            "Max_Rotation": 74.0,
            "Output_Shaft_Spline": "B25T",
            "WEIGHT": 0.0125,
            "Servo_Class": "Micro",
            "Stall_Current": 1300.0
        },
        "connectors": [
            "Connector"
        ]
    },
    "Hitec_HS_5087MH": {
        "id": "Hitec_HS_5087MH",
        "type": "Servo",
        "parameters": [],
        "properties": {
            "Stall_Current": 1750.0,
            "LENC": 30.3,
            "Wire_Gauge": 28.0,
            "WEIGHT": 0.0219,
            "Min_Voltage": 6.0,
            "Min_Stall_Torque": 3.6,
            "Current_Idle": 3.0,
            "Min_No_Load_Speed": 0.13,
            "Deadband_Width": 2.0,
            "LENA": 33.8,
            "Max_Stall_Torque": 4.3,
            "Max_No_Load_Speed": 0.17,
            "LENE": 39.5,
            "Max_Voltage": 7.4,
            "LENF": 19.3,
            "CORPUS": "UAV",
            "Travel": 0.089,
            "Output_Shaft_Spline": "C24T",
            "Max_Rotation": 80.0,
            "Servo_Thickness": 12.5,
            "LENB": 28.5,
            "Servo_Class": "Micro",
            "Max_PWM_Range": "750-2250",
            "Current_No_Load": 200.0
        },
        "connectors": [
            "Connector"
        ]
    },
    "Hitec_HS_5245MG": {
        "id": "Hitec_HS_5245MG",
        "type": "Servo",
        "parameters": [],
        "properties": {
            "LENA": 38.1,
            "LENE": 44.0,
            "Min_No_Load_Speed": 0.12,
            "Min_Stall_Torque": 4.4,
            "Max_PWM_Range": "750-2250",
            "Current_No_Load": 300.0,
            "Stall_Current": 1200.0,
            "Deadband_Width": 4.0,
            "WEIGHT": 0.032,
            "Wire_Gauge": 25.0,
            "Min_Voltage": 4.8,
            "Travel": 0.79,
            "Servo_Class": "Mini",
            "Current_Idle": 3.0,
            "LENF": 23.8,
            "Servo_Thickness": 16.8,
            "Max_Rotation": 71.0,
            "LENC": 30.8,
            "Output_Shaft_Spline": "C24T",
            "Max_No_Load_Speed": 0.15,
            "CORPUS": "UAV",
            "Max_Voltage": 6.0,
            "LENB": 32.4,
            "Max_Stall_Torque": 5.5
        },
        "connectors": [
            "Connector"
        ]
    },
    "Hitec_HS_53": {
        "id": "Hitec_HS_53",
        "type": "Servo",
        "parameters": [],
        "properties": {
            "LENA": 25.7,
            "Max_Stall_Torque": 1.91,
            "Current_Idle": 10.0,
            "LENE": 32.8,
            "Stall_Current": 550.0,
            "Min_Stall_Torque": 1.51,
            "CORPUS": "UAV",
            "Wire_Gauge": 28.0,
            "Min_Voltage": 4.8,
            "LENF": 15.2,
            "Min_No_Load_Speed": 0.11,
            "Current_No_Load": 125.0,
            "LENC": 23.3,
            "Max_No_Load_Speed": 0.14,
            "Max_PWM_Range": "553-2270",
            "Max_Rotation": 94.0,
            "Servo_Class": "Sub-Micro",
            "Servo_Thickness": 10.2,
            "Deadband_Width": 5.0,
            "WEIGHT": 0.008,
            "Max_Voltage": 6.0,
            "LENB": 22.8,
            "Output_Shaft_Spline": "A15T",
            "Travel": 0.105
        },
        "connectors": [
            "Connector"
        ]
    },
    "Hitec_HS_5496MH": {
        "id": "Hitec_HS_5496MH",
        "type": "Servo",
        "parameters": [],
        "properties": {
            "Max_PWM_Range": "750-2250",
            "Output_Shaft_Spline": "C24T",
            "Max_Voltage": 7.4,
            "Current_Idle": 12.0,
            "Min_Voltage": 6.0,
            "LENA": 43.0,
            "LENE": 53.0,
            "LENB": 40.2,
            "WEIGHT": 0.052,
            "LENF": 27.7,
            "Min_Stall_Torque": 6.4,
            "Current_No_Load": 190.0,
            "Wire_Gauge": 25.0,
            "Servo_Thickness": 19.8,
            "LENC": 39.7,
            "Travel": 0.078,
            "CORPUS": "UAV",
            "Min_No_Load_Speed": 0.15,
            "Servo_Class": "Standard",
            "Deadband_Width": 4.0,
            "Max_Stall_Torque": 7.5,
            "Max_Rotation": 70.0,
            "Max_No_Load_Speed": 0.17,
            "Stall_Current": 1400.0
        },
        "connectors": [
            "Connector"
        ]
    },
    "Hitec_HS_55": {
        "id": "Hitec_HS_55",
        "type": "Servo",
        "parameters": [],
        "properties": {
            "LENB": 22.6,
            "CORPUS": "UAV",
            "Output_Shaft_Spline": "A15T",
            "Max_Stall_Torque": 1.5,
            "Min_Stall_Torque": 1.2,
            "Max_PWM_Range": "615-2390",
            "Servo_Class": "Sub-Micro",
            "Current_No_Load": 150.0,
            "Deadband_Width": 8.0,
            "Max_No_Load_Speed": 0.18,
            "WEIGHT": 0.008,
            "Servo_Thickness": 11.5,
            "Stall_Current": 450.0,
            "LENE": 32.6,
            "Max_Rotation": 102.0,
            "Wire_Gauge": 28.0,
            "Min_Voltage": 4.8,
            "LENA": 27.0,
            "LENF": 16.6,
            "Current_Idle": 5.5,
            "Travel": 0.144,
            "LENC": 24.5,
            "Max_Voltage": 6.0,
            "Min_No_Load_Speed": 0.14
        },
        "connectors": [
            "Connector"
        ]
    },
    "Hitec_HS_5565MH": {
        "id": "Hitec_HS_5565MH",
        "type": "Servo",
        "parameters": [],
        "properties": {
            "Max_Voltage": 7.4,
            "Min_Voltage": 6.0,
            "Max_Rotation": 71.0,
            "Deadband_Width": 2.0,
            "Max_PWM_Range": "750-2250",
            "LENA": 43.0,
            "LENC": 39.7,
            "Stall_Current": 2700.0,
            "Output_Shaft_Spline": "C24T",
            "Servo_Class": "Standard",
            "WEIGHT": 0.06,
            "LENF": 27.7,
            "Max_Stall_Torque": 14.0,
            "Min_No_Load_Speed": 0.09,
            "CORPUS": "UAV",
            "Travel": 0.079,
            "Min_Stall_Torque": 11.0,
            "LENE": 53.0,
            "Current_No_Load": 300.0,
            "Servo_Thickness": 19.8,
            "Max_No_Load_Speed": 0.11,
            "LENB": 40.2,
            "Current_Idle": 4.0,
            "Wire_Gauge": 22.0
        },
        "connectors": [
            "Connector"
        ]
    },
    "Hitec_HS_625MG": {
        "id": "Hitec_HS_625MG",
        "type": "Servo",
        "parameters": [],
        "properties": {
            "Max_Rotation": 90.0,
            "Min_Stall_Torque": 5.5,
            "Max_No_Load_Speed": 0.18,
            "LENB": 40.2,
            "WEIGHT": 0.055200000000000006,
            "Current_No_Load": 500.0,
            "CORPUS": "UAV",
            "Servo_Thickness": 19.8,
            "LENF": 26.7,
            "Stall_Current": 2500.0,
            "Deadband_Width": 8.0,
            "Min_No_Load_Speed": 0.15,
            "Min_Voltage": 4.8,
            "LENC": 39.0,
            "Max_PWM_Range": "553-2520",
            "Servo_Class": "Standard",
            "LENA": 42.3,
            "Max_Voltage": 6.0,
            "Current_Idle": 9.1,
            "Output_Shaft_Spline": "C24T",
            "Wire_Gauge": 22.0,
            "Max_Stall_Torque": 6.8,
            "LENE": 53.4,
            "Travel": 0.1
        },
        "connectors": [
            "Connector"
        ]
    },
    "Hitec_HS_645MG": {
        "id": "Hitec_HS_645MG",
        "type": "Servo",
        "parameters": [],
        "properties": {
            "LENE": 53.4,
            "CORPUS": "UAV",
            "Wire_Gauge": 22.0,
            "Max_Rotation": 90.0,
            "LENF": 26.7,
            "Max_Stall_Torque": 9.6,
            "Min_Voltage": 4.8,
            "Deadband_Width": 8.0,
            "LENA": 42.3,
            "Min_No_Load_Speed": 0.2,
            "Servo_Class": "Standard",
            "LENC": 39.0,
            "Stall_Current": 2500.0,
            "Current_Idle": 9.1,
            "Current_No_Load": 450.0,
            "Min_Stall_Torque": 7.7,
            "Max_Voltage": 6.0,
            "Output_Shaft_Spline": "C24T",
            "WEIGHT": 0.055200000000000006,
            "Max_PWM_Range": "553-2520",
            "LENB": 40.2,
            "Travel": 0.1,
            "Servo_Thickness": 19.8,
            "Max_No_Load_Speed": 0.24
        },
        "connectors": [
            "Connector"
        ]
    },
    "Hitec_HS_65HB": {
        "id": "Hitec_HS_65HB",
        "type": "Servo",
        "parameters": [],
        "properties": {
            "Servo_Thickness": 11.7,
            "WEIGHT": 0.0112,
            "LENC": 25.6,
            "Wire_Gauge": 28.0,
            "LENF": 16.9,
            "Deadband_Width": 4.0,
            "Min_Voltage": 4.8,
            "Max_Rotation": 97.0,
            "Stall_Current": 1200.0,
            "LENB": 23.7,
            "Max_No_Load_Speed": 0.14,
            "Max_Voltage": 6.0,
            "LENE": 30.5,
            "Output_Shaft_Spline": "B25T",
            "CORPUS": "UAV",
            "Max_PWM_Range": "610-2360",
            "Max_Stall_Torque": 2.2,
            "Travel": 0.108,
            "Current_No_Load": 220.0,
            "Servo_Class": "Sub-Micro",
            "Min_Stall_Torque": 1.8,
            "Current_Idle": 7.7,
            "Min_No_Load_Speed": 0.11,
            "LENA": 33.0
        },
        "connectors": [
            "Connector"
        ]
    },
    "Hitec_HS_65MG": {
        "id": "Hitec_HS_65MG",
        "type": "Servo",
        "parameters": [],
        "properties": {
            "LENB": 23.7,
            "Current_No_Load": 220.0,
            "LENA": 33.0,
            "Min_Voltage": 4.8,
            "Min_No_Load_Speed": 0.11,
            "LENC": 25.6,
            "Max_Stall_Torque": 2.2,
            "Servo_Class": "Sub-Micro",
            "Travel": 0.108,
            "Max_PWM_Range": "610-2360",
            "Min_Stall_Torque": 1.8,
            "Deadband_Width": 5.0,
            "Max_No_Load_Speed": 0.14,
            "Max_Voltage": 6.0,
            "LENF": 16.9,
            "Stall_Current": 1200.0,
            "LENE": 30.5,
            "Servo_Thickness": 11.7,
            "Output_Shaft_Spline": "B25T",
            "CORPUS": "UAV",
            "Current_Idle": 8.0,
            "Max_Rotation": 97.0,
            "Wire_Gauge": 28.0,
            "WEIGHT": 0.0119
        },
        "connectors": [
            "Connector"
        ]
    },
    "Hitec_HS_70MG": {
        "id": "Hitec_HS_70MG",
        "type": "Servo",
        "parameters": [],
        "properties": {
            "Max_Rotation": 101.0,
            "Max_No_Load_Speed": 0.17,
            "Stall_Current": 1250.0,
            "LENE": 32.5,
            "Max_PWM_Range": "650-2370",
            "Travel": 0.113,
            "Current_No_Load": 160.0,
            "Max_Stall_Torque": 3.0,
            "Wire_Gauge": 28.0,
            "Min_Voltage": 4.8,
            "CORPUS": "UAV",
            "LENB": 23.5,
            "WEIGHT": 0.0125,
            "Output_Shaft_Spline": "B25T",
            "LENA": 33.6,
            "Deadband_Width": 5.0,
            "Max_Voltage": 6.0,
            "LENF": 21.3,
            "Servo_Class": "Micro",
            "Min_Stall_Torque": 2.4,
            "Min_No_Load_Speed": 0.14,
            "LENC": 30.3,
            "Current_Idle": 8.0,
            "Servo_Thickness": 11.4
        },
        "connectors": [
            "Connector"
        ]
    },
    "Hitec_HS_7235MH": {
        "id": "Hitec_HS_7235MH",
        "type": "Servo",
        "parameters": [],
        "properties": {
            "LENC": 35.3,
            "Travel": 0.81,
            "Stall_Current": 1600.0,
            "LENA": 38.6,
            "Wire_Gauge": 22.0,
            "Output_Shaft_Spline": "C24T",
            "Min_Stall_Torque": 3.6,
            "Max_PWM_Range": "750-2250",
            "Max_No_Load_Speed": 0.09,
            "Current_No_Load": 190.0,
            "Servo_Thickness": 16.8,
            "LENB": 32.0,
            "Max_Voltage": 7.4,
            "CORPUS": "UAV",
            "Deadband_Width": 2.0,
            "Current_Idle": 12.0,
            "Max_Stall_Torque": 4.4,
            "LENE": 44.0,
            "Min_No_Load_Speed": 0.08,
            "WEIGHT": 0.034,
            "Min_Voltage": 6.0,
            "Servo_Class": "Mini",
            "Max_Rotation": 72.0,
            "LENF": 23.8
        },
        "connectors": [
            "Connector"
        ]
    },
    "Hitec_HS_7245MH": {
        "id": "Hitec_HS_7245MH",
        "type": "Servo",
        "parameters": [],
        "properties": {
            "Travel": 0.081,
            "LENC": 57.6,
            "Stall_Current": 1600.0,
            "Output_Shaft_Spline": "C24T",
            "LENA": 70.0,
            "Min_No_Load_Speed": 0.11,
            "Current_No_Load": 190.0,
            "Max_No_Load_Speed": 0.13,
            "Max_Stall_Torque": 6.4,
            "Min_Stall_Torque": 5.2,
            "Min_Voltage": 6.0,
            "Max_Voltage": 7.4,
            "Max_PWM_Range": "750-2250",
            "Servo_Class": "Mini",
            "LENE": 63.0,
            "CORPUS": "UAV",
            "LENB": 66.0,
            "Wire_Gauge": 22.0,
            "Current_Idle": 12.0,
            "Max_Rotation": 72.0,
            "LENF": 42.4,
            "WEIGHT": 0.034,
            "Deadband_Width": 2.0,
            "Servo_Thickness": 30.0
        },
        "connectors": [
            "Connector"
        ]
    },
    "Hitec_HS_81": {
        "id": "Hitec_HS_81",
        "type": "Servo",
        "parameters": [],
        "properties": {
            "Servo_Class": "Micro",
            "Travel": 0.102,
            "Stall_Current": 1500.0,
            "LENF": 19.9,
            "LENC": 29.6,
            "LENB": 29.8,
            "Max_No_Load_Speed": 0.11,
            "CORPUS": "UAV",
            "LENA": 34.6,
            "Current_No_Load": 280.0,
            "Min_Voltage": 4.8,
            "Max_PWM_Range": "640-2250",
            "Servo_Thickness": 12.0,
            "LENE": 36.4,
            "Output_Shaft_Spline": "C24T",
            "Max_Voltage": 6.0,
            "Max_Stall_Torque": 3.0,
            "Deadband_Width": 8.0,
            "Wire_Gauge": 28.0,
            "Max_Rotation": 91.0,
            "Min_No_Load_Speed": 0.09,
            "Min_Stall_Torque": 2.6,
            "Current_Idle": 8.8,
            "WEIGHT": 0.0166
        },
        "connectors": [
            "Connector"
        ]
    },
    "Hitec_HS_82MG": {
        "id": "Hitec_HS_82MG",
        "type": "Servo",
        "parameters": [],
        "properties": {
            "Servo_Thickness": 12.0,
            "Current_No_Load": 280.0,
            "Min_Voltage": 4.8,
            "LENA": 33.0,
            "Min_No_Load_Speed": 0.1,
            "Max_Stall_Torque": 3.4,
            "Output_Shaft_Spline": "C24T",
            "LENB": 30.0,
            "WEIGHT": 0.019,
            "LENE": 41.0,
            "Max_PWM_Range": "600-2200",
            "Current_Idle": 10.0,
            "LENF": 20.0,
            "Min_Stall_Torque": 2.8,
            "Stall_Current": 1800.0,
            "Max_Rotation": 92.0,
            "Servo_Class": "Micro",
            "Deadband_Width": 5.0,
            "Travel": 0.103,
            "Wire_Gauge": 28.0,
            "LENC": 30.0,
            "Max_No_Load_Speed": 0.12,
            "Max_Voltage": 6.0,
            "CORPUS": "UAV"
        },
        "connectors": [
            "Connector"
        ]
    },
    "Hitec_HS_85BB": {
        "id": "Hitec_HS_85BB",
        "type": "Servo",
        "parameters": [],
        "properties": {
            "Max_Rotation": 93.0,
            "Servo_Class": "Micro",
            "Servo_Thickness": 12.0,
            "LENB": 29.1,
            "LENE": 40.0,
            "Output_Shaft_Spline": "C24T",
            "Travel": 0.104,
            "Max_Stall_Torque": 3.5,
            "Current_Idle": 8.0,
            "Deadband_Width": 8.0,
            "Max_PWM_Range": "553-2300",
            "LENA": 34.2,
            "Max_Voltage": 6.0,
            "Current_No_Load": 280.0,
            "Max_No_Load_Speed": 0.16,
            "Wire_Gauge": 28.0,
            "CORPUS": "UAV",
            "WEIGHT": 0.0192,
            "Min_Stall_Torque": 3.0,
            "Min_No_Load_Speed": 0.14,
            "Stall_Current": 1200.0,
            "LENF": 19.0,
            "LENC": 30.4,
            "Min_Voltage": 4.8
        },
        "connectors": [
            "Connector"
        ]
    },
    "Hitec_HS_85MG": {
        "id": "Hitec_HS_85MG",
        "type": "Servo",
        "parameters": [],
        "properties": {
            "Max_No_Load_Speed": 0.16,
            "Current_Idle": 8.0,
            "Stall_Current": 1200.0,
            "Min_No_Load_Speed": 0.14,
            "Wire_Gauge": 28.0,
            "Travel": 0.104,
            "Max_Voltage": 6.0,
            "Deadband_Width": 8.0,
            "LENF": 18.5,
            "Max_Stall_Torque": 3.5,
            "WEIGHT": 0.0221,
            "Max_Rotation": 93.0,
            "LENB": 29.1,
            "Min_Stall_Torque": 3.0,
            "Current_No_Load": 240.0,
            "Servo_Class": "Micro",
            "Min_Voltage": 4.8,
            "Output_Shaft_Spline": "C24T",
            "Servo_Thickness": 13.0,
            "LENA": 30.6,
            "LENC": 29.9,
            "CORPUS": "UAV",
            "LENE": 40.0,
            "Max_PWM_Range": "553-2300"
        },
        "connectors": [
            "Connector"
        ]
    }
}