{
  "extra": {
    "generator_version": "2022-05-23"
  },
  "name": "design_26_7481231d_546a_4f38_9475_162349151efe",
  "parameters": [
    {
      "parameter_name": "Wing_10_1WithBatteryMain_4_FLAP_BIAS",
      "value": "0.11345845008860903",
      "component_properties": [
        {
          "component_name": "Wing_10_1",
          "component_property": "FLAP_BIAS"
        }
      ]
    },
    {
      "parameter_name": "Wing_10_2WithBatteryMain_4_FLAP_BIAS",
      "value": "0.11345845008860903",
      "component_properties": [
        {
          "component_name": "Wing_10_2",
          "component_property": "FLAP_BIAS"
        }
      ]
    },
    {
      "parameter_name": "SideMountedPropArmSegment_10_LENGTH",
      "value": "531.7231666270455",
      "component_properties": [
        {
          "component_name": "StraightArm_28_1",
          "component_property": "LENGTH"
        },
        {
          "component_name": "StraightArm_28_2",
          "component_property": "LENGTH"
        }
      ]
    },
    {
      "parameter_name": "FuselageDualSeat_6_SEAT_2_FB",
      "value": "-500.0",
      "component_properties": [
        {
          "component_name": "FuselageDualSeat_6_1",
          "component_property": "SEAT_2_FB"
        }
      ]
    },
    {
      "parameter_name": "PosPropType",
      "value": "1",
      "component_properties": [
        {
          "component_name": "Propeller_2",
          "component_property": "Prop_type"
        },
        {
          "component_name": "Propeller_1",
          "component_property": "Prop_type"
        },
        {
          "component_name": "Propeller_3",
          "component_property": "Prop_type"
        },
        {
          "component_name": "Propeller_4",
          "component_property": "Prop_type"
        },
        {
          "component_name": "Propeller_5",
          "component_property": "Prop_type"
        },
        {
          "component_name": "Propeller_12",
          "component_property": "Prop_type"
        },
        {
          "component_name": "Propeller_11",
          "component_property": "Prop_type"
        },
        {
          "component_name": "Propeller_13",
          "component_property": "Prop_type"
        },
        {
          "component_name": "Propeller_14",
          "component_property": "Prop_type"
        },
        {
          "component_name": "Propeller_15",
          "component_property": "Prop_type"
        },
        {
          "component_name": "Propeller_16",
          "component_property": "Prop_type"
        }
      ]
    },
    {
      "parameter_name": "TailWing_2_TAIL_LENGTH",
      "value": "1818.7964538926472",
      "component_properties": [
        {
          "component_name": "StraightArm_30_1",
          "component_property": "LENGTH"
        }
      ]
    },
    {
      "parameter_name": "FuselageDualSeat_6_FLOOR_HEIGHT",
      "value": "150.0",
      "component_properties": [
        {
          "component_name": "FuselageDualSeat_6_1",
          "component_property": "FLOOR_HEIGHT"
        }
      ]
    },
    {
      "parameter_name": "WingPair_7_VOLUME_PERCENT",
      "value": "17.402363891281077",
      "component_properties": [
        {
          "component_name": "Battery_21_1",
          "component_property": "VOLUME_PERCENT"
        },
        {
          "component_name": "Battery_22_1",
          "component_property": "VOLUME_PERCENT"
        }
      ]
    },
    {
      "parameter_name": "SideMountedPropArmSegment_9_OFFSET",
      "value": "752.4688099576359",
      "component_properties": [
        {
          "component_name": "StraightArm_26_1",
          "component_property": "TOP_CONN_DISP"
        },
        {
          "component_name": "StraightArm_26_1",
          "component_property": "BOTTOM_CONN_DISP"
        },
        {
          "component_name": "StraightArm_26_1",
          "component_property": "LEFT_CONN_DISP"
        },
        {
          "component_name": "StraightArm_26_1",
          "component_property": "RIGHT_CONN_DISP"
        },
        {
          "component_name": "StraightArm_26_2",
          "component_property": "TOP_CONN_DISP"
        },
        {
          "component_name": "StraightArm_26_2",
          "component_property": "BOTTOM_CONN_DISP"
        },
        {
          "component_name": "StraightArm_26_2",
          "component_property": "LEFT_CONN_DISP"
        },
        {
          "component_name": "StraightArm_26_2",
          "component_property": "RIGHT_CONN_DISP"
        }
      ]
    },
    {
      "parameter_name": "WingWithBatteryMain_4_CHORD_INNER",
      "value": "1211.944011414468",
      "component_properties": [
        {
          "component_name": "Wing_10_1",
          "component_property": "CHORD_1"
        },
        {
          "component_name": "Battery_19_1",
          "component_property": "CHORD_1"
        },
        {
          "component_name": "Wing_10_2",
          "component_property": "CHORD_2"
        },
        {
          "component_name": "Battery_20_1",
          "component_property": "CHORD_2"
        }
      ]
    },
    {
      "parameter_name": "FuselageDualSeat_6_SEAT_1_FB",
      "value": "1500.0",
      "component_properties": [
        {
          "component_name": "FuselageDualSeat_6_1",
          "component_property": "SEAT_1_FB"
        }
      ]
    },
    {
      "parameter_name": "WingWithBatteryMain_4_VOLUME_PERCENT",
      "value": "59.630547435534815",
      "component_properties": [
        {
          "component_name": "Battery_19_1",
          "component_property": "VOLUME_PERCENT"
        },
        {
          "component_name": "Battery_20_1",
          "component_property": "VOLUME_PERCENT"
        }
      ]
    },
    {
      "parameter_name": "SideMountedPropArmSegment_9_LENGTH",
      "value": "1142.670155658898",
      "component_properties": [
        {
          "component_name": "StraightArm_26_1",
          "component_property": "LENGTH"
        },
        {
          "component_name": "StraightArm_26_2",
          "component_property": "LENGTH"
        }
      ]
    },
    {
      "parameter_name": "WingPair_7_TAPER_OFFSET",
      "value": "0",
      "component_properties": [
        {
          "component_name": "Wing_11_1",
          "component_property": "TAPER_OFFSET"
        },
        {
          "component_name": "Battery_21_1",
          "component_property": "TAPER_OFFSET"
        },
        {
          "component_name": "Wing_11_2",
          "component_property": "TAPER_OFFSET"
        },
        {
          "component_name": "Battery_22_1",
          "component_property": "TAPER_OFFSET"
        }
      ]
    },
    {
      "parameter_name": "OrientAngle",
      "value": "0.0",
      "component_properties": [
        {
          "component_name": "Orient",
          "component_property": "Z_ANGLE"
        }
      ]
    },
    {
      "parameter_name": "WingWithBatteryMain_4_CHORD_OUTER",
      "value": "965.4499816145865",
      "component_properties": [
        {
          "component_name": "Wing_10_1",
          "component_property": "CHORD_2"
        },
        {
          "component_name": "Battery_19_1",
          "component_property": "CHORD_2"
        },
        {
          "component_name": "Wing_10_2",
          "component_property": "CHORD_1"
        },
        {
          "component_name": "Battery_20_1",
          "component_property": "CHORD_1"
        }
      ]
    },
    {
      "parameter_name": "FuselageDualSeat_6_SEAT_1_LR",
      "value": "0.0",
      "component_properties": [
        {
          "component_name": "FuselageDualSeat_6_1",
          "component_property": "SEAT_1_LR"
        }
      ]
    },
    {
      "parameter_name": "PosPropDir",
      "value": "1",
      "component_properties": [
        {
          "component_name": "Propeller_2",
          "component_property": "Direction"
        },
        {
          "component_name": "Propeller_4",
          "component_property": "Direction"
        },
        {
          "component_name": "Propeller_5",
          "component_property": "Direction"
        },
        {
          "component_name": "Propeller_6",
          "component_property": "Direction"
        },
        {
          "component_name": "Propeller_8",
          "component_property": "Direction"
        },
        {
          "component_name": "Propeller_12",
          "component_property": "Direction"
        },
        {
          "component_name": "Propeller_14",
          "component_property": "Direction"
        },
        {
          "component_name": "Propeller_16",
          "component_property": "Direction"
        },
        {
          "component_name": "Propeller_17",
          "component_property": "Direction"
        },
        {
          "component_name": "Propeller_19",
          "component_property": "Direction"
        },
        {
          "component_name": "Propeller_21",
          "component_property": "Direction"
        }
      ]
    },
    {
      "parameter_name": "WingPair_7_FLAP_BIAS",
      "value": "0.7118864418746755",
      "component_properties": [
        {
          "component_name": "Wing_11_1",
          "component_property": "FLAP_BIAS"
        },
        {
          "component_name": "Wing_11_2",
          "component_property": "FLAP_BIAS"
        }
      ]
    },
    {
      "parameter_name": "FuselageDualSeat_6_TAIL_DIAMETER",
      "value": "400.0",
      "component_properties": [
        {
          "component_name": "FuselageDualSeat_6_1",
          "component_property": "TAIL_DIAMETER"
        }
      ]
    },
    {
      "parameter_name": "Wing_11_NACA_Profile",
      "value": "4712",
      "component_properties": [
        {
          "component_name": "Wing_11_1",
          "component_property": "NACA_Profile"
        },
        {
          "component_name": "Wing_11_2",
          "component_property": "NACA_Profile"
        }
      ]
    },
    {
      "parameter_name": "NegPropType",
      "value": "-1",
      "component_properties": [
        {
          "component_name": "Propeller_7",
          "component_property": "Prop_type"
        },
        {
          "component_name": "Propeller_6",
          "component_property": "Prop_type"
        },
        {
          "component_name": "Propeller_8",
          "component_property": "Prop_type"
        },
        {
          "component_name": "Propeller_9",
          "component_property": "Prop_type"
        },
        {
          "component_name": "Propeller_10",
          "component_property": "Prop_type"
        },
        {
          "component_name": "Propeller_18",
          "component_property": "Prop_type"
        },
        {
          "component_name": "Propeller_17",
          "component_property": "Prop_type"
        },
        {
          "component_name": "Propeller_19",
          "component_property": "Prop_type"
        },
        {
          "component_name": "Propeller_20",
          "component_property": "Prop_type"
        },
        {
          "component_name": "Propeller_21",
          "component_property": "Prop_type"
        },
        {
          "component_name": "Propeller_22",
          "component_property": "Prop_type"
        }
      ]
    },
    {
      "parameter_name": "FrontBackPropArmMulti_9_PROP_SEGMENT_LENGTH",
      "value": "1057.3332968490877",
      "component_properties": [
        {
          "component_name": "StraightArm_27_1",
          "component_property": "LENGTH"
        },
        {
          "component_name": "StraightArm_27_2",
          "component_property": "LENGTH"
        }
      ]
    },
    {
      "parameter_name": "WingWithBatteryMain_4_SPAN",
      "value": "8066.330971877007",
      "component_properties": [
        {
          "component_name": "Wing_10_1",
          "component_property": "SPAN"
        },
        {
          "component_name": "Battery_19_1",
          "component_property": "SPAN"
        },
        {
          "component_name": "Wing_10_2",
          "component_property": "SPAN"
        },
        {
          "component_name": "Battery_20_1",
          "component_property": "SPAN"
        }
      ]
    },
    {
      "parameter_name": "ControlChannelAuto",
      "value": "-1",
      "component_properties": [
        {
          "component_name": "Motor_2",
          "component_property": "CONTROL_CHANNEL"
        },
        {
          "component_name": "Motor_1",
          "component_property": "CONTROL_CHANNEL"
        },
        {
          "component_name": "Motor_3",
          "component_property": "CONTROL_CHANNEL"
        },
        {
          "component_name": "Motor_4",
          "component_property": "CONTROL_CHANNEL"
        },
        {
          "component_name": "Motor_5",
          "component_property": "CONTROL_CHANNEL"
        },
        {
          "component_name": "Motor_7",
          "component_property": "CONTROL_CHANNEL"
        },
        {
          "component_name": "Motor_6",
          "component_property": "CONTROL_CHANNEL"
        },
        {
          "component_name": "Motor_8",
          "component_property": "CONTROL_CHANNEL"
        },
        {
          "component_name": "Motor_9",
          "component_property": "CONTROL_CHANNEL"
        },
        {
          "component_name": "Motor_10",
          "component_property": "CONTROL_CHANNEL"
        },
        {
          "component_name": "Motor_12",
          "component_property": "CONTROL_CHANNEL"
        },
        {
          "component_name": "Motor_11",
          "component_property": "CONTROL_CHANNEL"
        },
        {
          "component_name": "Motor_13",
          "component_property": "CONTROL_CHANNEL"
        },
        {
          "component_name": "Motor_14",
          "component_property": "CONTROL_CHANNEL"
        },
        {
          "component_name": "Motor_15",
          "component_property": "CONTROL_CHANNEL"
        },
        {
          "component_name": "Motor_16",
          "component_property": "CONTROL_CHANNEL"
        },
        {
          "component_name": "Motor_18",
          "component_property": "CONTROL_CHANNEL"
        },
        {
          "component_name": "Motor_17",
          "component_property": "CONTROL_CHANNEL"
        },
        {
          "component_name": "Motor_19",
          "component_property": "CONTROL_CHANNEL"
        },
        {
          "component_name": "Motor_20",
          "component_property": "CONTROL_CHANNEL"
        },
        {
          "component_name": "Motor_21",
          "component_property": "CONTROL_CHANNEL"
        },
        {
          "component_name": "Motor_22",
          "component_property": "CONTROL_CHANNEL"
        }
      ]
    },
    {
      "parameter_name": "WingPair_7_CHORD_INNER",
      "value": "2954.253909488755",
      "component_properties": [
        {
          "component_name": "NACAPortConnector_1",
          "component_property": "CHORD"
        },
        {
          "component_name": "Wing_11_1",
          "component_property": "CHORD_1"
        },
        {
          "component_name": "Battery_21_1",
          "component_property": "CHORD_1"
        },
        {
          "component_name": "Wing_11_2",
          "component_property": "CHORD_2"
        },
        {
          "component_name": "Battery_22_1",
          "component_property": "CHORD_2"
        }
      ]
    },
    {
      "parameter_name": "Wing_10_NACA_Profile",
      "value": "2415",
      "component_properties": [
        {
          "component_name": "Wing_10_1",
          "component_property": "NACA_Profile"
        },
        {
          "component_name": "Wing_10_2",
          "component_property": "NACA_Profile"
        }
      ]
    },
    {
      "parameter_name": "WingWithBatteryMain_4_TAPER_OFFSET",
      "value": "0",
      "component_properties": [
        {
          "component_name": "Wing_10_1",
          "component_property": "TAPER_OFFSET"
        },
        {
          "component_name": "Battery_19_1",
          "component_property": "TAPER_OFFSET"
        },
        {
          "component_name": "Wing_10_2",
          "component_property": "TAPER_OFFSET"
        },
        {
          "component_name": "Battery_20_1",
          "component_property": "TAPER_OFFSET"
        }
      ]
    },
    {
      "parameter_name": "WingWithBatteryMain_4_AILERON_BIAS",
      "value": "0.28947173905574797",
      "component_properties": [
        {
          "component_name": "Wing_10_1",
          "component_property": "AILERON_BIAS"
        },
        {
          "component_name": "Wing_10_2",
          "component_property": "AILERON_BIAS"
        }
      ]
    },
    {
      "parameter_name": "RightMountSide",
      "value": "2",
      "component_properties": [
        {
          "component_name": "Battery_20_1",
          "component_property": "MOUNT_SIDE"
        },
        {
          "component_name": "Battery_22_1",
          "component_property": "MOUNT_SIDE"
        }
      ]
    },
    {
      "parameter_name": "NegPropDir",
      "value": "-1",
      "component_properties": [
        {
          "component_name": "Propeller_1",
          "component_property": "Direction"
        },
        {
          "component_name": "Propeller_3",
          "component_property": "Direction"
        },
        {
          "component_name": "Propeller_7",
          "component_property": "Direction"
        },
        {
          "component_name": "Propeller_9",
          "component_property": "Direction"
        },
        {
          "component_name": "Propeller_10",
          "component_property": "Direction"
        },
        {
          "component_name": "Propeller_11",
          "component_property": "Direction"
        },
        {
          "component_name": "Propeller_13",
          "component_property": "Direction"
        },
        {
          "component_name": "Propeller_15",
          "component_property": "Direction"
        },
        {
          "component_name": "Propeller_18",
          "component_property": "Direction"
        },
        {
          "component_name": "Propeller_20",
          "component_property": "Direction"
        },
        {
          "component_name": "Propeller_22",
          "component_property": "Direction"
        }
      ]
    },
    {
      "parameter_name": "FuselageDualSeat_6_MIDDLE_LENGTH",
      "value": "1884.4988083998242",
      "component_properties": [
        {
          "component_name": "FuselageDualSeat_6_1",
          "component_property": "MIDDLE_LENGTH"
        }
      ]
    },
    {
      "parameter_name": "FrontBackPropArmMulti_10_PROP_SEGMENT_LENGTH",
      "value": "655.0858916811616",
      "component_properties": [
        {
          "component_name": "StraightArm_29_1",
          "component_property": "LENGTH"
        },
        {
          "component_name": "StraightArm_29_2",
          "component_property": "LENGTH"
        },
        {
          "component_name": "StraightArm_29_3",
          "component_property": "LENGTH"
        },
        {
          "component_name": "StraightArm_29_4",
          "component_property": "LENGTH"
        }
      ]
    },
    {
      "parameter_name": "TailWing_2_TAIL_WING_OFFSET",
      "value": "0.0",
      "component_properties": [
        {
          "component_name": "StraightArm_30_1",
          "component_property": "TOP_CONN_DISP"
        },
        {
          "component_name": "StraightArm_30_1",
          "component_property": "BOTTOM_CONN_DISP"
        },
        {
          "component_name": "StraightArm_30_1",
          "component_property": "LEFT_CONN_DISP"
        },
        {
          "component_name": "StraightArm_30_1",
          "component_property": "RIGHT_CONN_DISP"
        }
      ]
    },
    {
      "parameter_name": "GLOBAL_VOLTAGE",
      "value": "802.9000000000001",
      "component_properties": [
        {
          "component_name": "Battery_19_1",
          "component_property": "VOLTAGE_REQUEST"
        },
        {
          "component_name": "Battery_20_1",
          "component_property": "VOLTAGE_REQUEST"
        },
        {
          "component_name": "Battery_21_1",
          "component_property": "VOLTAGE_REQUEST"
        },
        {
          "component_name": "Battery_22_1",
          "component_property": "VOLTAGE_REQUEST"
        }
      ]
    },
    {
      "parameter_name": "WingPair_7_SPAN",
      "value": "9992.414426192434",
      "component_properties": [
        {
          "component_name": "Wing_11_1",
          "component_property": "SPAN"
        },
        {
          "component_name": "Battery_21_1",
          "component_property": "SPAN"
        },
        {
          "component_name": "Wing_11_2",
          "component_property": "SPAN"
        },
        {
          "component_name": "Battery_22_1",
          "component_property": "SPAN"
        }
      ]
    },
    {
      "parameter_name": "NACA_4712_THICKNESS",
      "value": "12",
      "component_properties": [
        {
          "component_name": "NACAPortConnector_1",
          "component_property": "THICKNESS"
        },
        {
          "component_name": "Wing_11_1",
          "component_property": "THICKNESS"
        },
        {
          "component_name": "Battery_21_1",
          "component_property": "THICKNESS"
        },
        {
          "component_name": "Wing_11_2",
          "component_property": "THICKNESS"
        },
        {
          "component_name": "Battery_22_1",
          "component_property": "THICKNESS"
        }
      ]
    },
    {
      "parameter_name": "WingPair_7_AILERON_BIAS",
      "value": "0.33229636904394644",
      "component_properties": [
        {
          "component_name": "Wing_11_1",
          "component_property": "AILERON_BIAS"
        },
        {
          "component_name": "Wing_11_2",
          "component_property": "AILERON_BIAS"
        }
      ]
    },
    {
      "parameter_name": "WingPair_7_LOAD",
      "value": "7882.463544307913",
      "component_properties": [
        {
          "component_name": "Wing_11_1",
          "component_property": "LOAD"
        },
        {
          "component_name": "Wing_11_2",
          "component_property": "LOAD"
        }
      ]
    },
    {
      "parameter_name": "FuselageDualSeat_6_SEAT_2_LR",
      "value": "0.0",
      "component_properties": [
        {
          "component_name": "FuselageDualSeat_6_1",
          "component_property": "SEAT_2_LR"
        }
      ]
    },
    {
      "parameter_name": "FuselageDualSeat_6_SPHERE_DIAMETER",
      "value": "1517.772153503433",
      "component_properties": [
        {
          "component_name": "FuselageDualSeat_6_1",
          "component_property": "SPHERE_DIAMETER"
        }
      ]
    },
    {
      "parameter_name": "FrontBackPropArmMulti_10_PROP_OFFSET",
      "value": "304.2529106598661",
      "component_properties": [
        {
          "component_name": "StraightArm_29_1",
          "component_property": "TOP_CONN_DISP"
        },
        {
          "component_name": "StraightArm_29_1",
          "component_property": "BOTTOM_CONN_DISP"
        },
        {
          "component_name": "StraightArm_29_1",
          "component_property": "LEFT_CONN_DISP"
        },
        {
          "component_name": "StraightArm_29_1",
          "component_property": "RIGHT_CONN_DISP"
        },
        {
          "component_name": "StraightArm_29_2",
          "component_property": "TOP_CONN_DISP"
        },
        {
          "component_name": "StraightArm_29_2",
          "component_property": "BOTTOM_CONN_DISP"
        },
        {
          "component_name": "StraightArm_29_2",
          "component_property": "LEFT_CONN_DISP"
        },
        {
          "component_name": "StraightArm_29_2",
          "component_property": "RIGHT_CONN_DISP"
        },
        {
          "component_name": "StraightArm_29_3",
          "component_property": "TOP_CONN_DISP"
        },
        {
          "component_name": "StraightArm_29_3",
          "component_property": "BOTTOM_CONN_DISP"
        },
        {
          "component_name": "StraightArm_29_3",
          "component_property": "LEFT_CONN_DISP"
        },
        {
          "component_name": "StraightArm_29_3",
          "component_property": "RIGHT_CONN_DISP"
        },
        {
          "component_name": "StraightArm_29_4",
          "component_property": "TOP_CONN_DISP"
        },
        {
          "component_name": "StraightArm_29_4",
          "component_property": "BOTTOM_CONN_DISP"
        },
        {
          "component_name": "StraightArm_29_4",
          "component_property": "LEFT_CONN_DISP"
        },
        {
          "component_name": "StraightArm_29_4",
          "component_property": "RIGHT_CONN_DISP"
        }
      ]
    },
    {
      "parameter_name": "WingPair_7_CHORD_OUTER",
      "value": "891.1897110051655",
      "component_properties": [
        {
          "component_name": "Wing_11_1",
          "component_property": "CHORD_2"
        },
        {
          "component_name": "Battery_21_1",
          "component_property": "CHORD_2"
        },
        {
          "component_name": "Wing_11_2",
          "component_property": "CHORD_1"
        },
        {
          "component_name": "Battery_22_1",
          "component_property": "CHORD_1"
        }
      ]
    },
    {
      "parameter_name": "LeftMountSide",
      "value": "1",
      "component_properties": [
        {
          "component_name": "Battery_19_1",
          "component_property": "MOUNT_SIDE"
        },
        {
          "component_name": "Battery_21_1",
          "component_property": "MOUNT_SIDE"
        }
      ]
    },
    {
      "parameter_name": "SideMountedPropArmSegment_10_OFFSET",
      "value": "357.73414381319066",
      "component_properties": [
        {
          "component_name": "StraightArm_28_1",
          "component_property": "TOP_CONN_DISP"
        },
        {
          "component_name": "StraightArm_28_1",
          "component_property": "BOTTOM_CONN_DISP"
        },
        {
          "component_name": "StraightArm_28_1",
          "component_property": "LEFT_CONN_DISP"
        },
        {
          "component_name": "StraightArm_28_1",
          "component_property": "RIGHT_CONN_DISP"
        },
        {
          "component_name": "StraightArm_28_2",
          "component_property": "TOP_CONN_DISP"
        },
        {
          "component_name": "StraightArm_28_2",
          "component_property": "BOTTOM_CONN_DISP"
        },
        {
          "component_name": "StraightArm_28_2",
          "component_property": "LEFT_CONN_DISP"
        },
        {
          "component_name": "StraightArm_28_2",
          "component_property": "RIGHT_CONN_DISP"
        }
      ]
    },
    {
      "parameter_name": "NACA_2415_THICKNESS",
      "value": "15",
      "component_properties": [
        {
          "component_name": "Wing_10_1",
          "component_property": "THICKNESS"
        },
        {
          "component_name": "Battery_19_1",
          "component_property": "THICKNESS"
        },
        {
          "component_name": "Wing_10_2",
          "component_property": "THICKNESS"
        },
        {
          "component_name": "Battery_20_1",
          "component_property": "THICKNESS"
        }
      ]
    },
    {
      "parameter_name": "WingWithBatteryMain_4_LOAD",
      "value": "8848.658691463253",
      "component_properties": [
        {
          "component_name": "Wing_10_1",
          "component_property": "LOAD"
        },
        {
          "component_name": "Wing_10_2",
          "component_property": "LOAD"
        }
      ]
    },
    {
      "parameter_name": "FrontBackPropArmMulti_9_PROP_OFFSET",
      "value": "618.3406182835831",
      "component_properties": [
        {
          "component_name": "StraightArm_27_1",
          "component_property": "TOP_CONN_DISP"
        },
        {
          "component_name": "StraightArm_27_1",
          "component_property": "BOTTOM_CONN_DISP"
        },
        {
          "component_name": "StraightArm_27_1",
          "component_property": "LEFT_CONN_DISP"
        },
        {
          "component_name": "StraightArm_27_1",
          "component_property": "RIGHT_CONN_DISP"
        },
        {
          "component_name": "StraightArm_27_2",
          "component_property": "TOP_CONN_DISP"
        },
        {
          "component_name": "StraightArm_27_2",
          "component_property": "BOTTOM_CONN_DISP"
        },
        {
          "component_name": "StraightArm_27_2",
          "component_property": "LEFT_CONN_DISP"
        },
        {
          "component_name": "StraightArm_27_2",
          "component_property": "RIGHT_CONN_DISP"
        }
      ]
    },
    {
      "parameter_name": "FuselageDualSeat_6_LENGTH",
      "value": "3299.4312308291596",
      "component_properties": [
        {
          "component_name": "FuselageDualSeat_6_1",
          "component_property": "LENGTH"
        }
      ]
    }
  ],
  "components": [
    {
      "component_instance": "BatteryController_6_1",
      "component_type": "BatteryController",
      "component_choice": "BatteryController"
    },
    {
      "component_instance": "Battery_19_1",
      "component_type": "Battery",
      "component_choice": "Saft18AhLi"
    },
    {
      "component_instance": "Battery_20_1",
      "component_type": "Battery",
      "component_choice": "Saft18AhLi"
    },
    {
      "component_instance": "Battery_21_1",
      "component_type": "Battery",
      "component_choice": "Saft18AhLi"
    },
    {
      "component_instance": "Battery_22_1",
      "component_type": "Battery",
      "component_choice": "Saft18AhLi"
    },
    {
      "component_instance": "FuselageDualSeat_6_1",
      "component_type": "Fuselage",
      "component_choice": "FUSE_SPHERE_CYL_CONE"
    },
    {
      "component_instance": "Motor_1",
      "component_type": "Motor",
      "component_choice": "Magni350"
    },
    {
      "component_instance": "Motor_10",
      "component_type": "Motor",
      "component_choice": "Magni350"
    },
    {
      "component_instance": "Motor_11",
      "component_type": "Motor",
      "component_choice": "Magni350"
    },
    {
      "component_instance": "Motor_12",
      "component_type": "Motor",
      "component_choice": "Magni350"
    },
    {
      "component_instance": "Motor_13",
      "component_type": "Motor",
      "component_choice": "Magni350"
    },
    {
      "component_instance": "Motor_14",
      "component_type": "Motor",
      "component_choice": "Magni350"
    },
    {
      "component_instance": "Motor_15",
      "component_type": "Motor",
      "component_choice": "Magni350"
    },
    {
      "component_instance": "Motor_16",
      "component_type": "Motor",
      "component_choice": "Magni350"
    },
    {
      "component_instance": "Motor_17",
      "component_type": "Motor",
      "component_choice": "Magni350"
    },
    {
      "component_instance": "Motor_18",
      "component_type": "Motor",
      "component_choice": "Magni350"
    },
    {
      "component_instance": "Motor_19",
      "component_type": "Motor",
      "component_choice": "Magni350"
    },
    {
      "component_instance": "Motor_2",
      "component_type": "Motor",
      "component_choice": "Magni350"
    },
    {
      "component_instance": "Motor_20",
      "component_type": "Motor",
      "component_choice": "Magni350"
    },
    {
      "component_instance": "Motor_21",
      "component_type": "Motor",
      "component_choice": "Magni350"
    },
    {
      "component_instance": "Motor_22",
      "component_type": "Motor",
      "component_choice": "Magni350"
    },
    {
      "component_instance": "Motor_3",
      "component_type": "Motor",
      "component_choice": "Magni350"
    },
    {
      "component_instance": "Motor_4",
      "component_type": "Motor",
      "component_choice": "Magni350"
    },
    {
      "component_instance": "Motor_5",
      "component_type": "Motor",
      "component_choice": "Magni350"
    },
    {
      "component_instance": "Motor_6",
      "component_type": "Motor",
      "component_choice": "Magni350"
    },
    {
      "component_instance": "Motor_7",
      "component_type": "Motor",
      "component_choice": "Magni350"
    },
    {
      "component_instance": "Motor_8",
      "component_type": "Motor",
      "component_choice": "Magni350"
    },
    {
      "component_instance": "Motor_9",
      "component_type": "Motor",
      "component_choice": "Magni350"
    },
    {
      "component_instance": "NACAPortConnector_1",
      "component_type": "NACA_Port_Connector",
      "component_choice": "naca_connector"
    },
    {
      "component_instance": "Orient",
      "component_type": "Orient",
      "component_choice": "Orient"
    },
    {
      "component_instance": "Passenger_1",
      "component_type": "Passenger",
      "component_choice": "Passenger"
    },
    {
      "component_instance": "Passenger_2",
      "component_type": "Passenger",
      "component_choice": "Passenger"
    },
    {
      "component_instance": "Propeller_1",
      "component_type": "Propeller",
      "component_choice": "69x13_4_1200_41_830"
    },
    {
      "component_instance": "Propeller_10",
      "component_type": "Propeller",
      "component_choice": "69x13_4_1200_41_830"
    },
    {
      "component_instance": "Propeller_11",
      "component_type": "Propeller",
      "component_choice": "69x13_4_1200_41_830"
    },
    {
      "component_instance": "Propeller_12",
      "component_type": "Propeller",
      "component_choice": "69x13_4_1200_41_830"
    },
    {
      "component_instance": "Propeller_13",
      "component_type": "Propeller",
      "component_choice": "69x13_4_1200_41_830"
    },
    {
      "component_instance": "Propeller_14",
      "component_type": "Propeller",
      "component_choice": "69x13_4_1200_41_830"
    },
    {
      "component_instance": "Propeller_15",
      "component_type": "Propeller",
      "component_choice": "69x13_4_1200_41_830"
    },
    {
      "component_instance": "Propeller_16",
      "component_type": "Propeller",
      "component_choice": "69x13_4_1200_41_830"
    },
    {
      "component_instance": "Propeller_17",
      "component_type": "Propeller",
      "component_choice": "69x13_4_1200_41_830"
    },
    {
      "component_instance": "Propeller_18",
      "component_type": "Propeller",
      "component_choice": "69x13_4_1200_41_830"
    },
    {
      "component_instance": "Propeller_19",
      "component_type": "Propeller",
      "component_choice": "69x13_4_1200_41_830"
    },
    {
      "component_instance": "Propeller_2",
      "component_type": "Propeller",
      "component_choice": "69x13_4_1200_41_830"
    },
    {
      "component_instance": "Propeller_20",
      "component_type": "Propeller",
      "component_choice": "69x13_4_1200_41_830"
    },
    {
      "component_instance": "Propeller_21",
      "component_type": "Propeller",
      "component_choice": "69x13_4_1200_41_830"
    },
    {
      "component_instance": "Propeller_22",
      "component_type": "Propeller",
      "component_choice": "69x13_4_1200_41_830"
    },
    {
      "component_instance": "Propeller_3",
      "component_type": "Propeller",
      "component_choice": "69x13_4_1200_41_830"
    },
    {
      "component_instance": "Propeller_4",
      "component_type": "Propeller",
      "component_choice": "69x13_4_1200_41_830"
    },
    {
      "component_instance": "Propeller_5",
      "component_type": "Propeller",
      "component_choice": "69x13_4_1200_41_830"
    },
    {
      "component_instance": "Propeller_6",
      "component_type": "Propeller",
      "component_choice": "69x13_4_1200_41_830"
    },
    {
      "component_instance": "Propeller_7",
      "component_type": "Propeller",
      "component_choice": "69x13_4_1200_41_830"
    },
    {
      "component_instance": "Propeller_8",
      "component_type": "Propeller",
      "component_choice": "69x13_4_1200_41_830"
    },
    {
      "component_instance": "Propeller_9",
      "component_type": "Propeller",
      "component_choice": "69x13_4_1200_41_830"
    },
    {
      "component_instance": "StraightArm_26_1",
      "component_type": "Cylinder",
      "component_choice": "PORTED_CYL"
    },
    {
      "component_instance": "StraightArm_26_2",
      "component_type": "Cylinder",
      "component_choice": "PORTED_CYL"
    },
    {
      "component_instance": "StraightArm_27_1",
      "component_type": "Cylinder",
      "component_choice": "PORTED_CYL"
    },
    {
      "component_instance": "StraightArm_27_2",
      "component_type": "Cylinder",
      "component_choice": "PORTED_CYL"
    },
    {
      "component_instance": "StraightArm_28_1",
      "component_type": "Cylinder",
      "component_choice": "PORTED_CYL"
    },
    {
      "component_instance": "StraightArm_28_2",
      "component_type": "Cylinder",
      "component_choice": "PORTED_CYL"
    },
    {
      "component_instance": "StraightArm_29_1",
      "component_type": "Cylinder",
      "component_choice": "PORTED_CYL"
    },
    {
      "component_instance": "StraightArm_29_2",
      "component_type": "Cylinder",
      "component_choice": "PORTED_CYL"
    },
    {
      "component_instance": "StraightArm_29_3",
      "component_type": "Cylinder",
      "component_choice": "PORTED_CYL"
    },
    {
      "component_instance": "StraightArm_29_4",
      "component_type": "Cylinder",
      "component_choice": "PORTED_CYL"
    },
    {
      "component_instance": "StraightArm_30_1",
      "component_type": "Cylinder",
      "component_choice": "PORTED_CYL"
    },
    {
      "component_instance": "Wing_10_1",
      "component_type": "Wing",
      "component_choice": "naca_wing"
    },
    {
      "component_instance": "Wing_10_2",
      "component_type": "Wing",
      "component_choice": "naca_wing"
    },
    {
      "component_instance": "Wing_11_1",
      "component_type": "Wing",
      "component_choice": "naca_wing"
    },
    {
      "component_instance": "Wing_11_2",
      "component_type": "Wing",
      "component_choice": "naca_wing"
    }
  ],
  "connections": [
    {
      "from_ci": "BatteryController_6_1",
      "from_conn": "MotorPower",
      "to_ci": "Motor_19",
      "to_conn": "MotorPower"
    },
    {
      "from_ci": "BatteryController_6_1",
      "from_conn": "MotorPower",
      "to_ci": "Motor_16",
      "to_conn": "MotorPower"
    },
    {
      "from_ci": "BatteryController_6_1",
      "from_conn": "BatteryPower",
      "to_ci": "Battery_21_1",
      "to_conn": "PowerBus"
    },
    {
      "from_ci": "BatteryController_6_1",
      "from_conn": "MotorPower",
      "to_ci": "Motor_15",
      "to_conn": "MotorPower"
    },
    {
      "from_ci": "BatteryController_6_1",
      "from_conn": "MotorPower",
      "to_ci": "Motor_14",
      "to_conn": "MotorPower"
    },
    {
      "from_ci": "BatteryController_6_1",
      "from_conn": "MotorPower",
      "to_ci": "Motor_22",
      "to_conn": "MotorPower"
    },
    {
      "from_ci": "BatteryController_6_1",
      "from_conn": "MotorPower",
      "to_ci": "Motor_12",
      "to_conn": "MotorPower"
    },
    {
      "from_ci": "BatteryController_6_1",
      "from_conn": "MotorPower",
      "to_ci": "Motor_1",
      "to_conn": "MotorPower"
    },
    {
      "from_ci": "BatteryController_6_1",
      "from_conn": "MotorPower",
      "to_ci": "Motor_8",
      "to_conn": "MotorPower"
    },
    {
      "from_ci": "BatteryController_6_1",
      "from_conn": "MotorPower",
      "to_ci": "Motor_21",
      "to_conn": "MotorPower"
    },
    {
      "from_ci": "BatteryController_6_1",
      "from_conn": "MotorPower",
      "to_ci": "Motor_20",
      "to_conn": "MotorPower"
    },
    {
      "from_ci": "BatteryController_6_1",
      "from_conn": "BatteryPower",
      "to_ci": "Battery_19_1",
      "to_conn": "PowerBus"
    },
    {
      "from_ci": "BatteryController_6_1",
      "from_conn": "MotorPower",
      "to_ci": "Motor_9",
      "to_conn": "MotorPower"
    },
    {
      "from_ci": "BatteryController_6_1",
      "from_conn": "BatteryPower",
      "to_ci": "Battery_20_1",
      "to_conn": "PowerBus"
    },
    {
      "from_ci": "BatteryController_6_1",
      "from_conn": "MotorPower",
      "to_ci": "Motor_10",
      "to_conn": "MotorPower"
    },
    {
      "from_ci": "BatteryController_6_1",
      "from_conn": "MotorPower",
      "to_ci": "Motor_11",
      "to_conn": "MotorPower"
    },
    {
      "from_ci": "BatteryController_6_1",
      "from_conn": "MotorPower",
      "to_ci": "Motor_17",
      "to_conn": "MotorPower"
    },
    {
      "from_ci": "BatteryController_6_1",
      "from_conn": "BatteryPower",
      "to_ci": "Battery_22_1",
      "to_conn": "PowerBus"
    },
    {
      "from_ci": "BatteryController_6_1",
      "from_conn": "MotorPower",
      "to_ci": "Motor_2",
      "to_conn": "MotorPower"
    },
    {
      "from_ci": "BatteryController_6_1",
      "from_conn": "MotorPower",
      "to_ci": "Motor_18",
      "to_conn": "MotorPower"
    },
    {
      "from_ci": "BatteryController_6_1",
      "from_conn": "MotorPower",
      "to_ci": "Motor_5",
      "to_conn": "MotorPower"
    },
    {
      "from_ci": "BatteryController_6_1",
      "from_conn": "MotorPower",
      "to_ci": "Motor_3",
      "to_conn": "MotorPower"
    },
    {
      "from_ci": "BatteryController_6_1",
      "from_conn": "MotorPower",
      "to_ci": "Motor_13",
      "to_conn": "MotorPower"
    },
    {
      "from_ci": "BatteryController_6_1",
      "from_conn": "MotorPower",
      "to_ci": "Motor_4",
      "to_conn": "MotorPower"
    },
    {
      "from_ci": "BatteryController_6_1",
      "from_conn": "MotorPower",
      "to_ci": "Motor_7",
      "to_conn": "MotorPower"
    },
    {
      "from_ci": "BatteryController_6_1",
      "from_conn": "MotorPower",
      "to_ci": "Motor_6",
      "to_conn": "MotorPower"
    },
    {
      "from_ci": "FuselageDualSeat_6_1",
      "from_conn": "REAR_CONNECTOR",
      "to_ci": "StraightArm_30_1",
      "to_conn": "FRONT_CONNECTOR"
    },
    {
      "from_ci": "FuselageDualSeat_6_1",
      "from_conn": "SEAT_2_CONNECTOR",
      "to_ci": "Passenger_2",
      "to_conn": "Connector"
    },
    {
      "from_ci": "FuselageDualSeat_6_1",
      "from_conn": "SEAT_1_CONNECTOR",
      "to_ci": "Passenger_1",
      "to_conn": "Connector"
    },
    {
      "from_ci": "FuselageDualSeat_6_1",
      "from_conn": "RIGHT_CONNECTOR",
      "to_ci": "Wing_10_2",
      "to_conn": "Connector_2"
    },
    {
      "from_ci": "FuselageDualSeat_6_1",
      "from_conn": "LEFT_CONNECTOR",
      "to_ci": "Wing_10_1",
      "to_conn": "Connector_1"
    },
    {
      "from_ci": "Motor_1",
      "from_conn": "Prop_Connector",
      "to_ci": "Propeller_1",
      "to_conn": "MOTOR_CONNECTOR_CS_IN"
    },
    {
      "from_ci": "Motor_10",
      "from_conn": "Prop_Connector",
      "to_ci": "Propeller_10",
      "to_conn": "MOTOR_CONNECTOR_CS_IN"
    },
    {
      "from_ci": "Motor_11",
      "from_conn": "Prop_Connector",
      "to_ci": "Propeller_11",
      "to_conn": "MOTOR_CONNECTOR_CS_IN"
    },
    {
      "from_ci": "Motor_12",
      "from_conn": "Prop_Connector",
      "to_ci": "Propeller_12",
      "to_conn": "MOTOR_CONNECTOR_CS_IN"
    },
    {
      "from_ci": "Motor_13",
      "from_conn": "Prop_Connector",
      "to_ci": "Propeller_13",
      "to_conn": "MOTOR_CONNECTOR_CS_IN"
    },
    {
      "from_ci": "Motor_14",
      "from_conn": "Prop_Connector",
      "to_ci": "Propeller_14",
      "to_conn": "MOTOR_CONNECTOR_CS_IN"
    },
    {
      "from_ci": "Motor_15",
      "from_conn": "Prop_Connector",
      "to_ci": "Propeller_15",
      "to_conn": "MOTOR_CONNECTOR_CS_IN"
    },
    {
      "from_ci": "Motor_16",
      "from_conn": "Prop_Connector",
      "to_ci": "Propeller_16",
      "to_conn": "MOTOR_CONNECTOR_CS_IN"
    },
    {
      "from_ci": "Motor_17",
      "from_conn": "Prop_Connector",
      "to_ci": "Propeller_17",
      "to_conn": "MOTOR_CONNECTOR_CS_IN"
    },
    {
      "from_ci": "Motor_18",
      "from_conn": "Prop_Connector",
      "to_ci": "Propeller_18",
      "to_conn": "MOTOR_CONNECTOR_CS_IN"
    },
    {
      "from_ci": "Motor_19",
      "from_conn": "Prop_Connector",
      "to_ci": "Propeller_19",
      "to_conn": "MOTOR_CONNECTOR_CS_IN"
    },
    {
      "from_ci": "Motor_2",
      "from_conn": "Prop_Connector",
      "to_ci": "Propeller_2",
      "to_conn": "MOTOR_CONNECTOR_CS_IN"
    },
    {
      "from_ci": "Motor_20",
      "from_conn": "Prop_Connector",
      "to_ci": "Propeller_20",
      "to_conn": "MOTOR_CONNECTOR_CS_IN"
    },
    {
      "from_ci": "Motor_21",
      "from_conn": "Prop_Connector",
      "to_ci": "Propeller_21",
      "to_conn": "MOTOR_CONNECTOR_CS_IN"
    },
    {
      "from_ci": "Motor_22",
      "from_conn": "Prop_Connector",
      "to_ci": "Propeller_22",
      "to_conn": "MOTOR_CONNECTOR_CS_IN"
    },
    {
      "from_ci": "Motor_3",
      "from_conn": "Prop_Connector",
      "to_ci": "Propeller_3",
      "to_conn": "MOTOR_CONNECTOR_CS_IN"
    },
    {
      "from_ci": "Motor_4",
      "from_conn": "Prop_Connector",
      "to_ci": "Propeller_4",
      "to_conn": "MOTOR_CONNECTOR_CS_IN"
    },
    {
      "from_ci": "Motor_5",
      "from_conn": "Prop_Connector",
      "to_ci": "Propeller_5",
      "to_conn": "MOTOR_CONNECTOR_CS_IN"
    },
    {
      "from_ci": "Motor_6",
      "from_conn": "Prop_Connector",
      "to_ci": "Propeller_6",
      "to_conn": "MOTOR_CONNECTOR_CS_IN"
    },
    {
      "from_ci": "Motor_7",
      "from_conn": "Prop_Connector",
      "to_ci": "Propeller_7",
      "to_conn": "MOTOR_CONNECTOR_CS_IN"
    },
    {
      "from_ci": "Motor_8",
      "from_conn": "Prop_Connector",
      "to_ci": "Propeller_8",
      "to_conn": "MOTOR_CONNECTOR_CS_IN"
    },
    {
      "from_ci": "Motor_9",
      "from_conn": "Prop_Connector",
      "to_ci": "Propeller_9",
      "to_conn": "MOTOR_CONNECTOR_CS_IN"
    },
    {
      "from_ci": "NACAPortConnector_1",
      "from_conn": "End_Connector_1",
      "to_ci": "Wing_11_1",
      "to_conn": "Connector_1"
    },
    {
      "from_ci": "NACAPortConnector_1",
      "from_conn": "End_Connector_2",
      "to_ci": "Wing_11_2",
      "to_conn": "Connector_2"
    },
    {
      "from_ci": "Orient",
      "from_conn": "ORIENTCONN",
      "to_ci": "FuselageDualSeat_6_1",
      "to_conn": "ORIENT"
    },
    {
      "from_ci": "StraightArm_26_1",
      "from_conn": "REAR_CONNECTOR",
      "to_ci": "StraightArm_27_1",
      "to_conn": "FRONT_CONNECTOR"
    },
    {
      "from_ci": "StraightArm_26_1",
      "from_conn": "TOP_CONNECTOR",
      "to_ci": "Motor_2",
      "to_conn": "Base_Connector"
    },
    {
      "from_ci": "StraightArm_26_1",
      "from_conn": "FRONT_CONNECTOR",
      "to_ci": "Motor_5",
      "to_conn": "Base_Connector"
    },
    {
      "from_ci": "StraightArm_26_1",
      "from_conn": "BOTTOM_CONNECTOR",
      "to_ci": "Motor_1",
      "to_conn": "Base_Connector"
    },
    {
      "from_ci": "StraightArm_26_2",
      "from_conn": "BOTTOM_CONNECTOR",
      "to_ci": "Motor_6",
      "to_conn": "Base_Connector"
    },
    {
      "from_ci": "StraightArm_26_2",
      "from_conn": "FRONT_CONNECTOR",
      "to_ci": "Motor_10",
      "to_conn": "Base_Connector"
    },
    {
      "from_ci": "StraightArm_26_2",
      "from_conn": "TOP_CONNECTOR",
      "to_ci": "Motor_7",
      "to_conn": "Base_Connector"
    },
    {
      "from_ci": "StraightArm_26_2",
      "from_conn": "REAR_CONNECTOR",
      "to_ci": "StraightArm_27_2",
      "to_conn": "FRONT_CONNECTOR"
    },
    {
      "from_ci": "StraightArm_27_1",
      "from_conn": "TOP_CONNECTOR",
      "to_ci": "Motor_4",
      "to_conn": "Base_Connector"
    },
    {
      "from_ci": "StraightArm_27_1",
      "from_conn": "BOTTOM_CONNECTOR",
      "to_ci": "Motor_3",
      "to_conn": "Base_Connector"
    },
    {
      "from_ci": "StraightArm_27_2",
      "from_conn": "BOTTOM_CONNECTOR",
      "to_ci": "Motor_8",
      "to_conn": "Base_Connector"
    },
    {
      "from_ci": "StraightArm_27_2",
      "from_conn": "TOP_CONNECTOR",
      "to_ci": "Motor_9",
      "to_conn": "Base_Connector"
    },
    {
      "from_ci": "StraightArm_28_1",
      "from_conn": "BOTTOM_CONNECTOR",
      "to_ci": "Motor_11",
      "to_conn": "Base_Connector"
    },
    {
      "from_ci": "StraightArm_28_1",
      "from_conn": "FRONT_CONNECTOR",
      "to_ci": "StraightArm_29_1",
      "to_conn": "FRONT_CONNECTOR"
    },
    {
      "from_ci": "StraightArm_28_1",
      "from_conn": "TOP_CONNECTOR",
      "to_ci": "Motor_12",
      "to_conn": "Base_Connector"
    },
    {
      "from_ci": "StraightArm_28_1",
      "from_conn": "REAR_CONNECTOR",
      "to_ci": "StraightArm_29_2",
      "to_conn": "FRONT_CONNECTOR"
    },
    {
      "from_ci": "StraightArm_28_2",
      "from_conn": "FRONT_CONNECTOR",
      "to_ci": "StraightArm_29_3",
      "to_conn": "FRONT_CONNECTOR"
    },
    {
      "from_ci": "StraightArm_28_2",
      "from_conn": "TOP_CONNECTOR",
      "to_ci": "Motor_18",
      "to_conn": "Base_Connector"
    },
    {
      "from_ci": "StraightArm_28_2",
      "from_conn": "BOTTOM_CONNECTOR",
      "to_ci": "Motor_17",
      "to_conn": "Base_Connector"
    },
    {
      "from_ci": "StraightArm_28_2",
      "from_conn": "REAR_CONNECTOR",
      "to_ci": "StraightArm_29_4",
      "to_conn": "FRONT_CONNECTOR"
    },
    {
      "from_ci": "StraightArm_29_1",
      "from_conn": "TOP_CONNECTOR",
      "to_ci": "Motor_14",
      "to_conn": "Base_Connector"
    },
    {
      "from_ci": "StraightArm_29_1",
      "from_conn": "BOTTOM_CONNECTOR",
      "to_ci": "Motor_13",
      "to_conn": "Base_Connector"
    },
    {
      "from_ci": "StraightArm_29_2",
      "from_conn": "BOTTOM_CONNECTOR",
      "to_ci": "Motor_15",
      "to_conn": "Base_Connector"
    },
    {
      "from_ci": "StraightArm_29_2",
      "from_conn": "TOP_CONNECTOR",
      "to_ci": "Motor_16",
      "to_conn": "Base_Connector"
    },
    {
      "from_ci": "StraightArm_29_3",
      "from_conn": "BOTTOM_CONNECTOR",
      "to_ci": "Motor_19",
      "to_conn": "Base_Connector"
    },
    {
      "from_ci": "StraightArm_29_3",
      "from_conn": "TOP_CONNECTOR",
      "to_ci": "Motor_20",
      "to_conn": "Base_Connector"
    },
    {
      "from_ci": "StraightArm_29_4",
      "from_conn": "TOP_CONNECTOR",
      "to_ci": "Motor_22",
      "to_conn": "Base_Connector"
    },
    {
      "from_ci": "StraightArm_29_4",
      "from_conn": "BOTTOM_CONNECTOR",
      "to_ci": "Motor_21",
      "to_conn": "Base_Connector"
    },
    {
      "from_ci": "StraightArm_30_1",
      "from_conn": "TOP_CONNECTOR",
      "to_ci": "NACAPortConnector_1",
      "to_conn": "Bottom_Connector"
    },
    {
      "from_ci": "Wing_10_1",
      "from_conn": "Connector_2",
      "to_ci": "StraightArm_26_1",
      "to_conn": "RIGHT_CONNECTOR"
    },
    {
      "from_ci": "Wing_10_1",
      "from_conn": "Battery_Connector_1",
      "to_ci": "Battery_19_1",
      "to_conn": "Battery_Connector_1_out"
    },
    {
      "from_ci": "Wing_10_2",
      "from_conn": "Battery_Connector_2",
      "to_ci": "Battery_20_1",
      "to_conn": "Battery_Connector_2_out"
    },
    {
      "from_ci": "Wing_10_2",
      "from_conn": "Connector_1",
      "to_ci": "StraightArm_26_2",
      "to_conn": "LEFT_CONNECTOR"
    },
    {
      "from_ci": "Wing_11_1",
      "from_conn": "Connector_2",
      "to_ci": "StraightArm_28_1",
      "to_conn": "RIGHT_CONNECTOR"
    },
    {
      "from_ci": "Wing_11_1",
      "from_conn": "Battery_Connector_1",
      "to_ci": "Battery_21_1",
      "to_conn": "Battery_Connector_1_out"
    },
    {
      "from_ci": "Wing_11_2",
      "from_conn": "Battery_Connector_2",
      "to_ci": "Battery_22_1",
      "to_conn": "Battery_Connector_2_out"
    },
    {
      "from_ci": "Wing_11_2",
      "from_conn": "Connector_1",
      "to_ci": "StraightArm_28_2",
      "to_conn": "LEFT_CONNECTOR"
    }
  ]
}
