FROM_COMP,LIB_COMPONENT
rear_fin_3,naca_wing
27x10_3_2000_51_80,27x10_3_2000_51_80
27x10_3_2000_51_80,27x10_3_2000_51_80
Passenger,Passenger
left_top_cyl,PORTED_CYL
Beam,Beam
rear_cyl_3,PORTED_CYL
left_top_cyl,PORTED_CYL
left_top_flip,Cyl_Flip
rear_fin_2,naca_wing
rear_fin_1,naca_wing
right_battery,Tattu22AhLi
Emrax228HV,Emrax228HV
Orient,Orient
left_top_cyl,PORTED_CYL
27x10_3_2000_51_80,27x10_3_2000_51_80
bot_fuse,FUSE_SPHERE_CYL_CONE
400v_battery_system,BatteryController
Emrax228HV,Emrax228HV
left_top_flip,Cyl_Flip
right_top_fuse,FUSE_SPHERE_CYL_CONE
naca_wing,naca_wing
naca_connector,naca_connector
Emrax228HV,Emrax228HV
Emrax228HV,Emrax228HV
Beam,Beam
Beam,Beam
27x10_3_2000_51_80,27x10_3_2000_51_80
Emrax228HV,Emrax228HV
left_battery,Tattu22AhLi
27x10_3_2000_51_80,27x10_3_2000_51_80
27x10_3_2000_51_80,27x10_3_2000_51_80
27x10_3_2000_51_80,27x10_3_2000_51_80
27x10_3_2000_51_80,27x10_3_2000_51_80
Emrax228HV,Emrax228HV
left_top_cyl,PORTED_CYL
Emrax228HV,Emrax228HV
right_top_flip,Cyl_Flip
27x10_3_2000_51_80,27x10_3_2000_51_80
left_top_fuse,FUSE_SPHERE_CYL_CONE
rear_cyl_2,PORTED_CYL
27x10_3_2000_51_80,27x10_3_2000_51_80
rear_cyl_1,PORTED_CYL
right_top_cyl,PORTED_CYL
Passenger,Passenger
Emrax228HV,Emrax228HV
Emrax228HV,Emrax228HV
left_top_cyl,PORTED_CYL
27x10_3_2000_51_80,27x10_3_2000_51_80
Emrax228HV,Emrax228HV
Emrax228HV,Emrax228HV
naca_connector,naca_connector
naca_wing,naca_wing
