FROM_COMP,FROM_CONN,TO_COMP,TO_CONN
rear_fin_3,Connector_1,rear_cyl_3,BOTTOM_CONNECTOR
27x10_3_2000_51_80,MOTOR_CONNECTOR_CS_IN,Emrax228HV,Prop_Connector
27x10_3_2000_51_80,MOTOR_CONNECTOR_CS_IN,Emrax228HV,Prop_Connector
Passenger,Connector,right_top_fuse,SEAT_2_CONNECTOR
left_top_cyl,REAR_CONNECTOR,left_top_flip,REAR_CONNECTOR
left_top_cyl,RIGHT_CONNECTOR,Emrax228HV,Base_Connector
left_top_cyl,FRONT_CONNECTOR,Beam,TOP_CONNECTOR_IN
Beam,TOP_CONNECTOR_IN,Emrax228HV,Base_Connector
Beam,END_CONNECTOR_2_OUT,left_top_cyl,RIGHT_CONNECTOR
Beam,END_CONNECTOR_1_OUT,bot_fuse,LEFT_CONNECTOR
rear_cyl_3,BOTTOM_CONNECTOR,rear_fin_3,Connector_1
rear_cyl_3,FRONT_CONNECTOR,rear_cyl_2,REAR_CONNECTOR
left_top_cyl,REAR_CONNECTOR,Emrax228HV,Base_Connector
left_top_cyl,RIGHT_CONNECTOR,Beam,END_CONNECTOR_2_OUT
left_top_flip,REAR_CONNECTOR,left_top_cyl,REAR_CONNECTOR
left_top_flip,FRONT_CONNECTOR,left_top_fuse,RIGHT_CONNECTOR
rear_fin_2,Connector_1,rear_cyl_2,BOTTOM_CONNECTOR
rear_fin_1,Connector_1,rear_cyl_1,BOTTOM_CONNECTOR
right_battery,Battery_Connector_1_out,naca_wing,Battery_Connector_1
right_battery,PowerBus,400v_battery_system,BatteryPower
Emrax228HV,Base_Connector,left_top_flip,FRONT_CONNECTOR
Emrax228HV,MotorPower,400v_battery_system,MotorPower
Emrax228HV,Prop_Connector,27x10_3_2000_51_80,MOTOR_CONNECTOR_CS_IN
Orient,ORIENTCONN,bot_fuse,ORIENT
left_top_cyl,RIGHT_CONNECTOR,Emrax228HV,Base_Connector
left_top_cyl,TOP_CONNECTOR,naca_connector,Bottom_Connector
27x10_3_2000_51_80,MOTOR_CONNECTOR_CS_IN,Emrax228HV,Prop_Connector
bot_fuse,REAR_CONNECTOR,rear_cyl_1,FRONT_CONNECTOR
bot_fuse,RIGHT_CONNECTOR,Beam,END_CONNECTOR_2_OUT
bot_fuse,TOP_CONNECTOR,Beam,END_CONNECTOR_2_OUT
bot_fuse,ORIENT,Orient,ORIENTCONN
bot_fuse,BOTTOM_CONNECTOR,Emrax228HV,Base_Connector
bot_fuse,LEFT_CONNECTOR,Beam,END_CONNECTOR_1_OUT
400v_battery_system,MotorPower,Emrax228HV,MotorPower
400v_battery_system,MotorPower,Emrax228HV,MotorPower
400v_battery_system,MotorPower,Emrax228HV,MotorPower
400v_battery_system,MotorPower,Emrax228HV,MotorPower
400v_battery_system,MotorPower,Emrax228HV,MotorPower
400v_battery_system,MotorPower,Emrax228HV,MotorPower
400v_battery_system,MotorPower,Emrax228HV,MotorPower
400v_battery_system,BatteryPower,left_battery,PowerBus
400v_battery_system,BatteryPower,right_battery,PowerBus
Emrax228HV,Base_Connector,left_top_cyl,TOP_CONNECTOR
Emrax228HV,Prop_Connector,27x10_3_2000_51_80,MOTOR_CONNECTOR_CS_IN
Emrax228HV,MotorPower,400v_battery_system,MotorPower
left_top_flip,REAR_CONNECTOR,left_top_cyl,FRONT_CONNECTOR
left_top_flip,FRONT_CONNECTOR,Emrax228HV,Base_Connector
right_top_fuse,TOP_CONNECTOR,naca_connector,Bottom_Connector
right_top_fuse,REAR_CONNECTOR,Emrax228HV,Base_Connector
right_top_fuse,LEFT_CONNECTOR,right_top_flip,FRONT_CONNECTOR
right_top_fuse,RIGHT_CONNECTOR,naca_wing,Connector_1
right_top_fuse,SEAT_2_CONNECTOR,Passenger,Connector
naca_wing,Connector_1,left_top_cyl,RIGHT_CONNECTOR
naca_wing,Connector_2,left_top_fuse,LEFT_CONNECTOR
naca_wing,Battery_Connector_2,left_battery,Battery_Connector_2_out
naca_connector,Bottom_Connector,right_top_fuse,TOP_CONNECTOR
Emrax228HV,Base_Connector,right_top_fuse,REAR_CONNECTOR
Emrax228HV,Prop_Connector,27x10_3_2000_51_80,MOTOR_CONNECTOR_CS_IN
Emrax228HV,Base_Connector,right_top_cyl,LEFT_CONNECTOR
Emrax228HV,Prop_Connector,27x10_3_2000_51_80,MOTOR_CONNECTOR_CS_IN
Beam,TOP_CONNECTOR_IN,Emrax228HV,Base_Connector
Beam,END_CONNECTOR_1_OUT,left_top_cyl,LEFT_CONNECTOR
Beam,END_CONNECTOR_2_OUT,bot_fuse,RIGHT_CONNECTOR
Beam,BOTTOM_CONNECTOR_OUT,right_top_cyl,FRONT_CONNECTOR
Beam,TOP_CONNECTOR_IN,left_top_cyl,FRONT_CONNECTOR
Beam,END_CONNECTOR_2_OUT,bot_fuse,TOP_CONNECTOR
27x10_3_2000_51_80,MOTOR_CONNECTOR_CS_IN,Emrax228HV,Prop_Connector
Emrax228HV,Prop_Connector,27x10_3_2000_51_80,MOTOR_CONNECTOR_CS_IN
Emrax228HV,Base_Connector,left_top_cyl,REAR_CONNECTOR
left_battery,PowerBus,400v_battery_system,BatteryPower
left_battery,Battery_Connector_2_out,naca_wing,Battery_Connector_2
27x10_3_2000_51_80,MOTOR_CONNECTOR_CS_IN,Emrax228HV,Prop_Connector
27x10_3_2000_51_80,MOTOR_CONNECTOR_CS_IN,Emrax228HV,Prop_Connector
27x10_3_2000_51_80,MOTOR_CONNECTOR_CS_IN,Emrax228HV,Prop_Connector
27x10_3_2000_51_80,MOTOR_CONNECTOR_CS_IN,Emrax228HV,Prop_Connector
Emrax228HV,MotorPower,400v_battery_system,MotorPower
Emrax228HV,Prop_Connector,27x10_3_2000_51_80,MOTOR_CONNECTOR_CS_IN
Emrax228HV,Base_Connector,left_top_cyl,RIGHT_CONNECTOR
left_top_cyl,FRONT_CONNECTOR,left_top_flip,REAR_CONNECTOR
left_top_cyl,RIGHT_CONNECTOR,naca_wing,Connector_1
left_top_cyl,TOP_CONNECTOR,Emrax228HV,Base_Connector
Emrax228HV,Base_Connector,left_top_cyl,RIGHT_CONNECTOR
Emrax228HV,MotorPower,400v_battery_system,MotorPower
Emrax228HV,Prop_Connector,27x10_3_2000_51_80,MOTOR_CONNECTOR_CS_IN
right_top_flip,REAR_CONNECTOR,right_top_cyl,REAR_CONNECTOR
right_top_flip,FRONT_CONNECTOR,right_top_fuse,LEFT_CONNECTOR
27x10_3_2000_51_80,MOTOR_CONNECTOR_CS_IN,Emrax228HV,Prop_Connector
left_top_fuse,RIGHT_CONNECTOR,left_top_flip,FRONT_CONNECTOR
left_top_fuse,SEAT_1_CONNECTOR,Passenger,Connector
left_top_fuse,REAR_CONNECTOR,Emrax228HV,Base_Connector
left_top_fuse,LEFT_CONNECTOR,naca_wing,Connector_2
rear_cyl_2,REAR_CONNECTOR,rear_cyl_3,FRONT_CONNECTOR
rear_cyl_2,FRONT_CONNECTOR,rear_cyl_1,REAR_CONNECTOR
rear_cyl_2,BOTTOM_CONNECTOR,rear_fin_2,Connector_1
27x10_3_2000_51_80,MOTOR_CONNECTOR_CS_IN,Emrax228HV,Prop_Connector
rear_cyl_1,FRONT_CONNECTOR,bot_fuse,REAR_CONNECTOR
rear_cyl_1,REAR_CONNECTOR,rear_cyl_2,FRONT_CONNECTOR
rear_cyl_1,BOTTOM_CONNECTOR,rear_fin_1,Connector_1
right_top_cyl,REAR_CONNECTOR,right_top_flip,REAR_CONNECTOR
right_top_cyl,LEFT_CONNECTOR,Emrax228HV,Base_Connector
right_top_cyl,FRONT_CONNECTOR,Beam,BOTTOM_CONNECTOR_OUT
Passenger,Connector,left_top_fuse,SEAT_1_CONNECTOR
Emrax228HV,Prop_Connector,27x10_3_2000_51_80,MOTOR_CONNECTOR_CS_IN
Emrax228HV,Base_Connector,Beam,TOP_CONNECTOR_IN
Emrax228HV,MotorPower,400v_battery_system,MotorPower
Emrax228HV,Prop_Connector,27x10_3_2000_51_80,MOTOR_CONNECTOR_CS_IN
Emrax228HV,Base_Connector,left_top_fuse,REAR_CONNECTOR
left_top_cyl,LEFT_CONNECTOR,Beam,END_CONNECTOR_1_OUT
27x10_3_2000_51_80,MOTOR_CONNECTOR_CS_IN,Emrax228HV,Prop_Connector
Emrax228HV,Base_Connector,bot_fuse,BOTTOM_CONNECTOR
Emrax228HV,Prop_Connector,27x10_3_2000_51_80,MOTOR_CONNECTOR_CS_IN
Emrax228HV,MotorPower,400v_battery_system,MotorPower
Emrax228HV,MotorPower,400v_battery_system,MotorPower
Emrax228HV,Prop_Connector,27x10_3_2000_51_80,MOTOR_CONNECTOR_CS_IN
Emrax228HV,Base_Connector,Beam,TOP_CONNECTOR_IN
naca_connector,End_Connector_1,naca_wing,Connector_2
naca_connector,Bottom_Connector,left_top_cyl,TOP_CONNECTOR
naca_wing,Connector_2,naca_connector,End_Connector_1
naca_wing,Connector_1,right_top_fuse,RIGHT_CONNECTOR
naca_wing,Battery_Connector_1,right_battery,Battery_Connector_1_out
