[
  {
    "FROM_COMP": "rear_fin_3",
    "FROM_CONN": "Connector_1",
    "TO_COMP": "rear_cyl_3",
    "TO_CONN": "BOTTOM_CONNECTOR"
  },
  {
    "FROM_COMP": "27x10_3_2000_51_80",
    "FROM_CONN": "MOTOR_CONNECTOR_CS_IN",
    "TO_COMP": "Emrax228HV",
    "TO_CONN": "Prop_Connector"
  },
  {
    "FROM_COMP": "27x10_3_2000_51_80",
    "FROM_CONN": "MOTOR_CONNECTOR_CS_IN",
    "TO_COMP": "Emrax228HV",
    "TO_CONN": "Prop_Connector"
  },
  {
    "FROM_COMP": "Passenger",
    "FROM_CONN": "Connector",
    "TO_COMP": "right_top_fuse",
    "TO_CONN": "SEAT_2_CONNECTOR"
  },
  {
    "FROM_COMP": "left_top_cyl",
    "FROM_CONN": "REAR_CONNECTOR",
    "TO_COMP": "left_top_flip",
    "TO_CONN": "REAR_CONNECTOR"
  },
  {
    "FROM_COMP": "left_top_cyl",
    "FROM_CONN": "RIGHT_CONNECTOR",
    "TO_COMP": "Emrax228HV",
    "TO_CONN": "Base_Connector"
  },
  {
    "FROM_COMP": "left_top_cyl",
    "FROM_CONN": "FRONT_CONNECTOR",
    "TO_COMP": "Beam",
    "TO_CONN": "TOP_CONNECTOR_IN"
  },
  {
    "FROM_COMP": "Beam",
    "FROM_CONN": "TOP_CONNECTOR_IN",
    "TO_COMP": "Emrax228HV",
    "TO_CONN": "Base_Connector"
  },
  {
    "FROM_COMP": "Beam",
    "FROM_CONN": "END_CONNECTOR_2_OUT",
    "TO_COMP": "left_top_cyl",
    "TO_CONN": "RIGHT_CONNECTOR"
  },
  {
    "FROM_COMP": "Beam",
    "FROM_CONN": "END_CONNECTOR_1_OUT",
    "TO_COMP": "bot_fuse",
    "TO_CONN": "LEFT_CONNECTOR"
  },
  {
    "FROM_COMP": "rear_cyl_3",
    "FROM_CONN": "BOTTOM_CONNECTOR",
    "TO_COMP": "rear_fin_3",
    "TO_CONN": "Connector_1"
  },
  {
    "FROM_COMP": "rear_cyl_3",
    "FROM_CONN": "FRONT_CONNECTOR",
    "TO_COMP": "rear_cyl_2",
    "TO_CONN": "REAR_CONNECTOR"
  },
  {
    "FROM_COMP": "left_top_cyl",
    "FROM_CONN": "REAR_CONNECTOR",
    "TO_COMP": "Emrax228HV",
    "TO_CONN": "Base_Connector"
  },
  {
    "FROM_COMP": "left_top_cyl",
    "FROM_CONN": "RIGHT_CONNECTOR",
    "TO_COMP": "Beam",
    "TO_CONN": "END_CONNECTOR_2_OUT"
  },
  {
    "FROM_COMP": "left_top_flip",
    "FROM_CONN": "REAR_CONNECTOR",
    "TO_COMP": "left_top_cyl",
    "TO_CONN": "REAR_CONNECTOR"
  },
  {
    "FROM_COMP": "left_top_flip",
    "FROM_CONN": "FRONT_CONNECTOR",
    "TO_COMP": "left_top_fuse",
    "TO_CONN": "RIGHT_CONNECTOR"
  },
  {
    "FROM_COMP": "rear_fin_2",
    "FROM_CONN": "Connector_1",
    "TO_COMP": "rear_cyl_2",
    "TO_CONN": "BOTTOM_CONNECTOR"
  },
  {
    "FROM_COMP": "rear_fin_1",
    "FROM_CONN": "Connector_1",
    "TO_COMP": "rear_cyl_1",
    "TO_CONN": "BOTTOM_CONNECTOR"
  },
  {
    "FROM_COMP": "right_battery",
    "FROM_CONN": "Battery_Connector_1_out",
    "TO_COMP": "naca_wing",
    "TO_CONN": "Battery_Connector_1"
  },
  {
    "FROM_COMP": "right_battery",
    "FROM_CONN": "PowerBus",
    "TO_COMP": "400v_battery_system",
    "TO_CONN": "BatteryPower"
  },
  {
    "FROM_COMP": "Emrax228HV",
    "FROM_CONN": "Base_Connector",
    "TO_COMP": "left_top_flip",
    "TO_CONN": "FRONT_CONNECTOR"
  },
  {
    "FROM_COMP": "Emrax228HV",
    "FROM_CONN": "MotorPower",
    "TO_COMP": "400v_battery_system",
    "TO_CONN": "MotorPower"
  },
  {
    "FROM_COMP": "Emrax228HV",
    "FROM_CONN": "Prop_Connector",
    "TO_COMP": "27x10_3_2000_51_80",
    "TO_CONN": "MOTOR_CONNECTOR_CS_IN"
  },
  {
    "FROM_COMP": "Orient",
    "FROM_CONN": "ORIENTCONN",
    "TO_COMP": "bot_fuse",
    "TO_CONN": "ORIENT"
  },
  {
    "FROM_COMP": "left_top_cyl",
    "FROM_CONN": "RIGHT_CONNECTOR",
    "TO_COMP": "Emrax228HV",
    "TO_CONN": "Base_Connector"
  },
  {
    "FROM_COMP": "left_top_cyl",
    "FROM_CONN": "TOP_CONNECTOR",
    "TO_COMP": "naca_connector",
    "TO_CONN": "Bottom_Connector"
  },
  {
    "FROM_COMP": "27x10_3_2000_51_80",
    "FROM_CONN": "MOTOR_CONNECTOR_CS_IN",
    "TO_COMP": "Emrax228HV",
    "TO_CONN": "Prop_Connector"
  },
  {
    "FROM_COMP": "bot_fuse",
    "FROM_CONN": "REAR_CONNECTOR",
    "TO_COMP": "rear_cyl_1",
    "TO_CONN": "FRONT_CONNECTOR"
  },
  {
    "FROM_COMP": "bot_fuse",
    "FROM_CONN": "RIGHT_CONNECTOR",
    "TO_COMP": "Beam",
    "TO_CONN": "END_CONNECTOR_2_OUT"
  },
  {
    "FROM_COMP": "bot_fuse",
    "FROM_CONN": "TOP_CONNECTOR",
    "TO_COMP": "Beam",
    "TO_CONN": "END_CONNECTOR_2_OUT"
  },
  {
    "FROM_COMP": "bot_fuse",
    "FROM_CONN": "ORIENT",
    "TO_COMP": "Orient",
    "TO_CONN": "ORIENTCONN"
  },
  {
    "FROM_COMP": "bot_fuse",
    "FROM_CONN": "BOTTOM_CONNECTOR",
    "TO_COMP": "Emrax228HV",
    "TO_CONN": "Base_Connector"
  },
  {
    "FROM_COMP": "bot_fuse",
    "FROM_CONN": "LEFT_CONNECTOR",
    "TO_COMP": "Beam",
    "TO_CONN": "END_CONNECTOR_1_OUT"
  },
  {
    "FROM_COMP": "400v_battery_system",
    "FROM_CONN": "MotorPower",
    "TO_COMP": "Emrax228HV",
    "TO_CONN": "MotorPower"
  },
  {
    "FROM_COMP": "400v_battery_system",
    "FROM_CONN": "MotorPower",
    "TO_COMP": "Emrax228HV",
    "TO_CONN": "MotorPower"
  },
  {
    "FROM_COMP": "400v_battery_system",
    "FROM_CONN": "MotorPower",
    "TO_COMP": "Emrax228HV",
    "TO_CONN": "MotorPower"
  },
  {
    "FROM_COMP": "400v_battery_system",
    "FROM_CONN": "MotorPower",
    "TO_COMP": "Emrax228HV",
    "TO_CONN": "MotorPower"
  },
  {
    "FROM_COMP": "400v_battery_system",
    "FROM_CONN": "MotorPower",
    "TO_COMP": "Emrax228HV",
    "TO_CONN": "MotorPower"
  },
  {
    "FROM_COMP": "400v_battery_system",
    "FROM_CONN": "MotorPower",
    "TO_COMP": "Emrax228HV",
    "TO_CONN": "MotorPower"
  },
  {
    "FROM_COMP": "400v_battery_system",
    "FROM_CONN": "MotorPower",
    "TO_COMP": "Emrax228HV",
    "TO_CONN": "MotorPower"
  },
  {
    "FROM_COMP": "400v_battery_system",
    "FROM_CONN": "BatteryPower",
    "TO_COMP": "left_battery",
    "TO_CONN": "PowerBus"
  },
  {
    "FROM_COMP": "400v_battery_system",
    "FROM_CONN": "BatteryPower",
    "TO_COMP": "right_battery",
    "TO_CONN": "PowerBus"
  },
  {
    "FROM_COMP": "Emrax228HV",
    "FROM_CONN": "Base_Connector",
    "TO_COMP": "left_top_cyl",
    "TO_CONN": "TOP_CONNECTOR"
  },
  {
    "FROM_COMP": "Emrax228HV",
    "FROM_CONN": "Prop_Connector",
    "TO_COMP": "27x10_3_2000_51_80",
    "TO_CONN": "MOTOR_CONNECTOR_CS_IN"
  },
  {
    "FROM_COMP": "Emrax228HV",
    "FROM_CONN": "MotorPower",
    "TO_COMP": "400v_battery_system",
    "TO_CONN": "MotorPower"
  },
  {
    "FROM_COMP": "left_top_flip",
    "FROM_CONN": "REAR_CONNECTOR",
    "TO_COMP": "left_top_cyl",
    "TO_CONN": "FRONT_CONNECTOR"
  },
  {
    "FROM_COMP": "left_top_flip",
    "FROM_CONN": "FRONT_CONNECTOR",
    "TO_COMP": "Emrax228HV",
    "TO_CONN": "Base_Connector"
  },
  {
    "FROM_COMP": "right_top_fuse",
    "FROM_CONN": "TOP_CONNECTOR",
    "TO_COMP": "naca_connector",
    "TO_CONN": "Bottom_Connector"
  },
  {
    "FROM_COMP": "right_top_fuse",
    "FROM_CONN": "REAR_CONNECTOR",
    "TO_COMP": "Emrax228HV",
    "TO_CONN": "Base_Connector"
  },
  {
    "FROM_COMP": "right_top_fuse",
    "FROM_CONN": "LEFT_CONNECTOR",
    "TO_COMP": "right_top_flip",
    "TO_CONN": "FRONT_CONNECTOR"
  },
  {
    "FROM_COMP": "right_top_fuse",
    "FROM_CONN": "RIGHT_CONNECTOR",
    "TO_COMP": "naca_wing",
    "TO_CONN": "Connector_1"
  },
  {
    "FROM_COMP": "right_top_fuse",
    "FROM_CONN": "SEAT_2_CONNECTOR",
    "TO_COMP": "Passenger",
    "TO_CONN": "Connector"
  },
  {
    "FROM_COMP": "naca_wing",
    "FROM_CONN": "Connector_1",
    "TO_COMP": "left_top_cyl",
    "TO_CONN": "RIGHT_CONNECTOR"
  },
  {
    "FROM_COMP": "naca_wing",
    "FROM_CONN": "Connector_2",
    "TO_COMP": "left_top_fuse",
    "TO_CONN": "LEFT_CONNECTOR"
  },
  {
    "FROM_COMP": "naca_wing",
    "FROM_CONN": "Battery_Connector_2",
    "TO_COMP": "left_battery",
    "TO_CONN": "Battery_Connector_2_out"
  },
  {
    "FROM_COMP": "naca_connector",
    "FROM_CONN": "Bottom_Connector",
    "TO_COMP": "right_top_fuse",
    "TO_CONN": "TOP_CONNECTOR"
  },
  {
    "FROM_COMP": "Emrax228HV",
    "FROM_CONN": "Base_Connector",
    "TO_COMP": "right_top_fuse",
    "TO_CONN": "REAR_CONNECTOR"
  },
  {
    "FROM_COMP": "Emrax228HV",
    "FROM_CONN": "Prop_Connector",
    "TO_COMP": "27x10_3_2000_51_80",
    "TO_CONN": "MOTOR_CONNECTOR_CS_IN"
  },
  {
    "FROM_COMP": "Emrax228HV",
    "FROM_CONN": "Base_Connector",
    "TO_COMP": "right_top_cyl",
    "TO_CONN": "LEFT_CONNECTOR"
  },
  {
    "FROM_COMP": "Emrax228HV",
    "FROM_CONN": "Prop_Connector",
    "TO_COMP": "27x10_3_2000_51_80",
    "TO_CONN": "MOTOR_CONNECTOR_CS_IN"
  },
  {
    "FROM_COMP": "Beam",
    "FROM_CONN": "TOP_CONNECTOR_IN",
    "TO_COMP": "Emrax228HV",
    "TO_CONN": "Base_Connector"
  },
  {
    "FROM_COMP": "Beam",
    "FROM_CONN": "END_CONNECTOR_1_OUT",
    "TO_COMP": "left_top_cyl",
    "TO_CONN": "LEFT_CONNECTOR"
  },
  {
    "FROM_COMP": "Beam",
    "FROM_CONN": "END_CONNECTOR_2_OUT",
    "TO_COMP": "bot_fuse",
    "TO_CONN": "RIGHT_CONNECTOR"
  },
  {
    "FROM_COMP": "Beam",
    "FROM_CONN": "BOTTOM_CONNECTOR_OUT",
    "TO_COMP": "right_top_cyl",
    "TO_CONN": "FRONT_CONNECTOR"
  },
  {
    "FROM_COMP": "Beam",
    "FROM_CONN": "TOP_CONNECTOR_IN",
    "TO_COMP": "left_top_cyl",
    "TO_CONN": "FRONT_CONNECTOR"
  },
  {
    "FROM_COMP": "Beam",
    "FROM_CONN": "END_CONNECTOR_2_OUT",
    "TO_COMP": "bot_fuse",
    "TO_CONN": "TOP_CONNECTOR"
  },
  {
    "FROM_COMP": "27x10_3_2000_51_80",
    "FROM_CONN": "MOTOR_CONNECTOR_CS_IN",
    "TO_COMP": "Emrax228HV",
    "TO_CONN": "Prop_Connector"
  },
  {
    "FROM_COMP": "Emrax228HV",
    "FROM_CONN": "Prop_Connector",
    "TO_COMP": "27x10_3_2000_51_80",
    "TO_CONN": "MOTOR_CONNECTOR_CS_IN"
  },
  {
    "FROM_COMP": "Emrax228HV",
    "FROM_CONN": "Base_Connector",
    "TO_COMP": "left_top_cyl",
    "TO_CONN": "REAR_CONNECTOR"
  },
  {
    "FROM_COMP": "left_battery",
    "FROM_CONN": "PowerBus",
    "TO_COMP": "400v_battery_system",
    "TO_CONN": "BatteryPower"
  },
  {
    "FROM_COMP": "left_battery",
    "FROM_CONN": "Battery_Connector_2_out",
    "TO_COMP": "naca_wing",
    "TO_CONN": "Battery_Connector_2"
  },
  {
    "FROM_COMP": "27x10_3_2000_51_80",
    "FROM_CONN": "MOTOR_CONNECTOR_CS_IN",
    "TO_COMP": "Emrax228HV",
    "TO_CONN": "Prop_Connector"
  },
  {
    "FROM_COMP": "27x10_3_2000_51_80",
    "FROM_CONN": "MOTOR_CONNECTOR_CS_IN",
    "TO_COMP": "Emrax228HV",
    "TO_CONN": "Prop_Connector"
  },
  {
    "FROM_COMP": "27x10_3_2000_51_80",
    "FROM_CONN": "MOTOR_CONNECTOR_CS_IN",
    "TO_COMP": "Emrax228HV",
    "TO_CONN": "Prop_Connector"
  },
  {
    "FROM_COMP": "27x10_3_2000_51_80",
    "FROM_CONN": "MOTOR_CONNECTOR_CS_IN",
    "TO_COMP": "Emrax228HV",
    "TO_CONN": "Prop_Connector"
  },
  {
    "FROM_COMP": "Emrax228HV",
    "FROM_CONN": "MotorPower",
    "TO_COMP": "400v_battery_system",
    "TO_CONN": "MotorPower"
  },
  {
    "FROM_COMP": "Emrax228HV",
    "FROM_CONN": "Prop_Connector",
    "TO_COMP": "27x10_3_2000_51_80",
    "TO_CONN": "MOTOR_CONNECTOR_CS_IN"
  },
  {
    "FROM_COMP": "Emrax228HV",
    "FROM_CONN": "Base_Connector",
    "TO_COMP": "left_top_cyl",
    "TO_CONN": "RIGHT_CONNECTOR"
  },
  {
    "FROM_COMP": "left_top_cyl",
    "FROM_CONN": "FRONT_CONNECTOR",
    "TO_COMP": "left_top_flip",
    "TO_CONN": "REAR_CONNECTOR"
  },
  {
    "FROM_COMP": "left_top_cyl",
    "FROM_CONN": "RIGHT_CONNECTOR",
    "TO_COMP": "naca_wing",
    "TO_CONN": "Connector_1"
  },
  {
    "FROM_COMP": "left_top_cyl",
    "FROM_CONN": "TOP_CONNECTOR",
    "TO_COMP": "Emrax228HV",
    "TO_CONN": "Base_Connector"
  },
  {
    "FROM_COMP": "Emrax228HV",
    "FROM_CONN": "Base_Connector",
    "TO_COMP": "left_top_cyl",
    "TO_CONN": "RIGHT_CONNECTOR"
  },
  {
    "FROM_COMP": "Emrax228HV",
    "FROM_CONN": "MotorPower",
    "TO_COMP": "400v_battery_system",
    "TO_CONN": "MotorPower"
  },
  {
    "FROM_COMP": "Emrax228HV",
    "FROM_CONN": "Prop_Connector",
    "TO_COMP": "27x10_3_2000_51_80",
    "TO_CONN": "MOTOR_CONNECTOR_CS_IN"
  },
  {
    "FROM_COMP": "right_top_flip",
    "FROM_CONN": "REAR_CONNECTOR",
    "TO_COMP": "right_top_cyl",
    "TO_CONN": "REAR_CONNECTOR"
  },
  {
    "FROM_COMP": "right_top_flip",
    "FROM_CONN": "FRONT_CONNECTOR",
    "TO_COMP": "right_top_fuse",
    "TO_CONN": "LEFT_CONNECTOR"
  },
  {
    "FROM_COMP": "27x10_3_2000_51_80",
    "FROM_CONN": "MOTOR_CONNECTOR_CS_IN",
    "TO_COMP": "Emrax228HV",
    "TO_CONN": "Prop_Connector"
  },
  {
    "FROM_COMP": "left_top_fuse",
    "FROM_CONN": "RIGHT_CONNECTOR",
    "TO_COMP": "left_top_flip",
    "TO_CONN": "FRONT_CONNECTOR"
  },
  {
    "FROM_COMP": "left_top_fuse",
    "FROM_CONN": "SEAT_1_CONNECTOR",
    "TO_COMP": "Passenger",
    "TO_CONN": "Connector"
  },
  {
    "FROM_COMP": "left_top_fuse",
    "FROM_CONN": "REAR_CONNECTOR",
    "TO_COMP": "Emrax228HV",
    "TO_CONN": "Base_Connector"
  },
  {
    "FROM_COMP": "left_top_fuse",
    "FROM_CONN": "LEFT_CONNECTOR",
    "TO_COMP": "naca_wing",
    "TO_CONN": "Connector_2"
  },
  {
    "FROM_COMP": "rear_cyl_2",
    "FROM_CONN": "REAR_CONNECTOR",
    "TO_COMP": "rear_cyl_3",
    "TO_CONN": "FRONT_CONNECTOR"
  },
  {
    "FROM_COMP": "rear_cyl_2",
    "FROM_CONN": "FRONT_CONNECTOR",
    "TO_COMP": "rear_cyl_1",
    "TO_CONN": "REAR_CONNECTOR"
  },
  {
    "FROM_COMP": "rear_cyl_2",
    "FROM_CONN": "BOTTOM_CONNECTOR",
    "TO_COMP": "rear_fin_2",
    "TO_CONN": "Connector_1"
  },
  {
    "FROM_COMP": "27x10_3_2000_51_80",
    "FROM_CONN": "MOTOR_CONNECTOR_CS_IN",
    "TO_COMP": "Emrax228HV",
    "TO_CONN": "Prop_Connector"
  },
  {
    "FROM_COMP": "rear_cyl_1",
    "FROM_CONN": "FRONT_CONNECTOR",
    "TO_COMP": "bot_fuse",
    "TO_CONN": "REAR_CONNECTOR"
  },
  {
    "FROM_COMP": "rear_cyl_1",
    "FROM_CONN": "REAR_CONNECTOR",
    "TO_COMP": "rear_cyl_2",
    "TO_CONN": "FRONT_CONNECTOR"
  },
  {
    "FROM_COMP": "rear_cyl_1",
    "FROM_CONN": "BOTTOM_CONNECTOR",
    "TO_COMP": "rear_fin_1",
    "TO_CONN": "Connector_1"
  },
  {
    "FROM_COMP": "right_top_cyl",
    "FROM_CONN": "REAR_CONNECTOR",
    "TO_COMP": "right_top_flip",
    "TO_CONN": "REAR_CONNECTOR"
  },
  {
    "FROM_COMP": "right_top_cyl",
    "FROM_CONN": "LEFT_CONNECTOR",
    "TO_COMP": "Emrax228HV",
    "TO_CONN": "Base_Connector"
  },
  {
    "FROM_COMP": "right_top_cyl",
    "FROM_CONN": "FRONT_CONNECTOR",
    "TO_COMP": "Beam",
    "TO_CONN": "BOTTOM_CONNECTOR_OUT"
  },
  {
    "FROM_COMP": "Passenger",
    "FROM_CONN": "Connector",
    "TO_COMP": "left_top_fuse",
    "TO_CONN": "SEAT_1_CONNECTOR"
  },
  {
    "FROM_COMP": "Emrax228HV",
    "FROM_CONN": "Prop_Connector",
    "TO_COMP": "27x10_3_2000_51_80",
    "TO_CONN": "MOTOR_CONNECTOR_CS_IN"
  },
  {
    "FROM_COMP": "Emrax228HV",
    "FROM_CONN": "Base_Connector",
    "TO_COMP": "Beam",
    "TO_CONN": "TOP_CONNECTOR_IN"
  },
  {
    "FROM_COMP": "Emrax228HV",
    "FROM_CONN": "MotorPower",
    "TO_COMP": "400v_battery_system",
    "TO_CONN": "MotorPower"
  },
  {
    "FROM_COMP": "Emrax228HV",
    "FROM_CONN": "Prop_Connector",
    "TO_COMP": "27x10_3_2000_51_80",
    "TO_CONN": "MOTOR_CONNECTOR_CS_IN"
  },
  {
    "FROM_COMP": "Emrax228HV",
    "FROM_CONN": "Base_Connector",
    "TO_COMP": "left_top_fuse",
    "TO_CONN": "REAR_CONNECTOR"
  },
  {
    "FROM_COMP": "left_top_cyl",
    "FROM_CONN": "LEFT_CONNECTOR",
    "TO_COMP": "Beam",
    "TO_CONN": "END_CONNECTOR_1_OUT"
  },
  {
    "FROM_COMP": "27x10_3_2000_51_80",
    "FROM_CONN": "MOTOR_CONNECTOR_CS_IN",
    "TO_COMP": "Emrax228HV",
    "TO_CONN": "Prop_Connector"
  },
  {
    "FROM_COMP": "Emrax228HV",
    "FROM_CONN": "Base_Connector",
    "TO_COMP": "bot_fuse",
    "TO_CONN": "BOTTOM_CONNECTOR"
  },
  {
    "FROM_COMP": "Emrax228HV",
    "FROM_CONN": "Prop_Connector",
    "TO_COMP": "27x10_3_2000_51_80",
    "TO_CONN": "MOTOR_CONNECTOR_CS_IN"
  },
  {
    "FROM_COMP": "Emrax228HV",
    "FROM_CONN": "MotorPower",
    "TO_COMP": "400v_battery_system",
    "TO_CONN": "MotorPower"
  },
  {
    "FROM_COMP": "Emrax228HV",
    "FROM_CONN": "MotorPower",
    "TO_COMP": "400v_battery_system",
    "TO_CONN": "MotorPower"
  },
  {
    "FROM_COMP": "Emrax228HV",
    "FROM_CONN": "Prop_Connector",
    "TO_COMP": "27x10_3_2000_51_80",
    "TO_CONN": "MOTOR_CONNECTOR_CS_IN"
  },
  {
    "FROM_COMP": "Emrax228HV",
    "FROM_CONN": "Base_Connector",
    "TO_COMP": "Beam",
    "TO_CONN": "TOP_CONNECTOR_IN"
  },
  {
    "FROM_COMP": "naca_connector",
    "FROM_CONN": "End_Connector_1",
    "TO_COMP": "naca_wing",
    "TO_CONN": "Connector_2"
  },
  {
    "FROM_COMP": "naca_connector",
    "FROM_CONN": "Bottom_Connector",
    "TO_COMP": "left_top_cyl",
    "TO_CONN": "TOP_CONNECTOR"
  },
  {
    "FROM_COMP": "naca_wing",
    "FROM_CONN": "Connector_2",
    "TO_COMP": "naca_connector",
    "TO_CONN": "End_Connector_1"
  },
  {
    "FROM_COMP": "naca_wing",
    "FROM_CONN": "Connector_1",
    "TO_COMP": "right_top_fuse",
    "TO_CONN": "RIGHT_CONNECTOR"
  },
  {
    "FROM_COMP": "naca_wing",
    "FROM_CONN": "Battery_Connector_1",
    "TO_COMP": "right_battery",
    "TO_CONN": "Battery_Connector_1_out"
  }
]
