[
  {
    "DESIGN_PARAM": "Param_13",
    "DESIGN_PARAM_VAL": "30",
    "COMPONENT_NAME": "rear_cyl_3",
    "COMPONENT_PARAM": "FRONT_ANGLE"
  },
  {
    "DESIGN_PARAM": "Param_13",
    "DESIGN_PARAM_VAL": "30",
    "COMPONENT_NAME": "rear_cyl_2",
    "COMPONENT_PARAM": "FRONT_ANGLE"
  },
  {
    "DESIGN_PARAM": "Param_13",
    "DESIGN_PARAM_VAL": "30",
    "COMPONENT_NAME": "rear_cyl_1",
    "COMPONENT_PARAM": "FRONT_ANGLE"
  },
  {
    "DESIGN_PARAM": "Param_6",
    "DESIGN_PARAM_VAL": "12",
    "COMPONENT_NAME": "naca_connector",
    "COMPONENT_PARAM": "THICKNESS"
  },
  {
    "DESIGN_PARAM": "Param_6",
    "DESIGN_PARAM_VAL": "12",
    "COMPONENT_NAME": "naca_wing",
    "COMPONENT_PARAM": "THICKNESS"
  },
  {
    "DESIGN_PARAM": "Param_6",
    "DESIGN_PARAM_VAL": "12",
    "COMPONENT_NAME": "right_battery",
    "COMPONENT_PARAM": "THICKNESS"
  },
  {
    "DESIGN_PARAM": "Param_4",
    "DESIGN_PARAM_VAL": "18",
    "COMPONENT_NAME": "left_battery",
    "COMPONENT_PARAM": "THICKNESS"
  },
  {
    "DESIGN_PARAM": "Param_4",
    "DESIGN_PARAM_VAL": "18",
    "COMPONENT_NAME": "naca_wing",
    "COMPONENT_PARAM": "THICKNESS"
  },
  {
    "DESIGN_PARAM": "Param_8",
    "DESIGN_PARAM_VAL": "100",
    "COMPONENT_NAME": "Beam",
    "COMPONENT_PARAM": "THICKNESS"
  },
  {
    "DESIGN_PARAM": "Param_8",
    "DESIGN_PARAM_VAL": "100",
    "COMPONENT_NAME": "Beam",
    "COMPONENT_PARAM": "THICKNESS"
  },
  {
    "DESIGN_PARAM": "Param_8",
    "DESIGN_PARAM_VAL": "100",
    "COMPONENT_NAME": "Beam",
    "COMPONENT_PARAM": "THICKNESS"
  },
  {
    "DESIGN_PARAM": "Param_9",
    "DESIGN_PARAM_VAL": "750",
    "COMPONENT_NAME": "left_battery",
    "COMPONENT_PARAM": "CHORD_1"
  },
  {
    "DESIGN_PARAM": "Param_9",
    "DESIGN_PARAM_VAL": "750",
    "COMPONENT_NAME": "left_top_cyl",
    "COMPONENT_PARAM": "LENGTH"
  },
  {
    "DESIGN_PARAM": "Param_9",
    "DESIGN_PARAM_VAL": "750",
    "COMPONENT_NAME": "left_top_cyl",
    "COMPONENT_PARAM": "LENGTH"
  },
  {
    "DESIGN_PARAM": "Param_9",
    "DESIGN_PARAM_VAL": "750",
    "COMPONENT_NAME": "left_top_cyl",
    "COMPONENT_PARAM": "LENGTH"
  },
  {
    "DESIGN_PARAM": "Param_9",
    "DESIGN_PARAM_VAL": "750",
    "COMPONENT_NAME": "right_top_cyl",
    "COMPONENT_PARAM": "LENGTH"
  },
  {
    "DESIGN_PARAM": "Param_5",
    "DESIGN_PARAM_VAL": "1000",
    "COMPONENT_NAME": "rear_cyl_3",
    "COMPONENT_PARAM": "LENGTH"
  },
  {
    "DESIGN_PARAM": "Param_5",
    "DESIGN_PARAM_VAL": "1000",
    "COMPONENT_NAME": "rear_fin_3",
    "COMPONENT_PARAM": "SPAN"
  },
  {
    "DESIGN_PARAM": "Param_5",
    "DESIGN_PARAM_VAL": "1000",
    "COMPONENT_NAME": "rear_cyl_2",
    "COMPONENT_PARAM": "LENGTH"
  },
  {
    "DESIGN_PARAM": "Param_5",
    "DESIGN_PARAM_VAL": "1000",
    "COMPONENT_NAME": "left_battery",
    "COMPONENT_PARAM": "CHORD_2"
  },
  {
    "DESIGN_PARAM": "Param_5",
    "DESIGN_PARAM_VAL": "1000",
    "COMPONENT_NAME": "rear_cyl_1",
    "COMPONENT_PARAM": "LENGTH"
  },
  {
    "DESIGN_PARAM": "Param_5",
    "DESIGN_PARAM_VAL": "1000",
    "COMPONENT_NAME": "rear_fin_2",
    "COMPONENT_PARAM": "SPAN"
  },
  {
    "DESIGN_PARAM": "Param_5",
    "DESIGN_PARAM_VAL": "1000",
    "COMPONENT_NAME": "rear_fin_1",
    "COMPONENT_PARAM": "SPAN"
  },
  {
    "DESIGN_PARAM": "Param_5",
    "DESIGN_PARAM_VAL": "1000",
    "COMPONENT_NAME": "right_battery",
    "COMPONENT_PARAM": "CHORD_1"
  },
  {
    "DESIGN_PARAM": "Param_1",
    "DESIGN_PARAM_VAL": "750",
    "COMPONENT_NAME": "right_battery",
    "COMPONENT_PARAM": "CHORD_2"
  },
  {
    "DESIGN_PARAM": "Param_1",
    "DESIGN_PARAM_VAL": "750",
    "COMPONENT_NAME": "naca_wing",
    "COMPONENT_PARAM": "CHORD_2"
  },
  {
    "DESIGN_PARAM": "Param_1",
    "DESIGN_PARAM_VAL": "750",
    "COMPONENT_NAME": "naca_wing",
    "COMPONENT_PARAM": "CHORD_1"
  },
  {
    "DESIGN_PARAM": "Param_1",
    "DESIGN_PARAM_VAL": "750",
    "COMPONENT_NAME": "naca_connector",
    "COMPONENT_PARAM": "CHORD"
  },
  {
    "DESIGN_PARAM": "Param_12",
    "DESIGN_PARAM_VAL": "75",
    "COMPONENT_NAME": "right_battery",
    "COMPONENT_PARAM": "VOLUME_PERCENT"
  },
  {
    "DESIGN_PARAM": "Param_11",
    "DESIGN_PARAM_VAL": "400",
    "COMPONENT_NAME": "left_battery",
    "COMPONENT_PARAM": "VOLTAGE_REQUEST"
  },
  {
    "DESIGN_PARAM": "Param_11",
    "DESIGN_PARAM_VAL": "400",
    "COMPONENT_NAME": "right_battery",
    "COMPONENT_PARAM": "VOLTAGE_REQUEST"
  },
  {
    "DESIGN_PARAM": "Param_7",
    "DESIGN_PARAM_VAL": "2",
    "COMPONENT_NAME": "left_battery",
    "COMPONENT_PARAM": "MOUNT_SIDE"
  },
  {
    "DESIGN_PARAM": "Param_3",
    "DESIGN_PARAM_VAL": "1",
    "COMPONENT_NAME": "left_battery",
    "COMPONENT_PARAM": "TAPER_OFFSET"
  },
  {
    "DESIGN_PARAM": "Param_3",
    "DESIGN_PARAM_VAL": "1",
    "COMPONENT_NAME": "naca_wing",
    "COMPONENT_PARAM": "TAPER_OFFSET"
  },
  {
    "DESIGN_PARAM": "Param_3",
    "DESIGN_PARAM_VAL": "1",
    "COMPONENT_NAME": "right_battery",
    "COMPONENT_PARAM": "MOUNT_SIDE"
  },
  {
    "DESIGN_PARAM": "Param_0",
    "DESIGN_PARAM_VAL": "3000",
    "COMPONENT_NAME": "left_top_cyl",
    "COMPONENT_PARAM": "LENGTH"
  },
  {
    "DESIGN_PARAM": "Param_0",
    "DESIGN_PARAM_VAL": "3000",
    "COMPONENT_NAME": "left_top_cyl",
    "COMPONENT_PARAM": "LENGTH"
  },
  {
    "DESIGN_PARAM": "Param_0",
    "DESIGN_PARAM_VAL": "3000",
    "COMPONENT_NAME": "left_battery",
    "COMPONENT_PARAM": "SPAN"
  },
  {
    "DESIGN_PARAM": "Param_0",
    "DESIGN_PARAM_VAL": "3000",
    "COMPONENT_NAME": "right_battery",
    "COMPONENT_PARAM": "SPAN"
  },
  {
    "DESIGN_PARAM": "Param_0",
    "DESIGN_PARAM_VAL": "3000",
    "COMPONENT_NAME": "naca_wing",
    "COMPONENT_PARAM": "SPAN"
  },
  {
    "DESIGN_PARAM": "Param_0",
    "DESIGN_PARAM_VAL": "3000",
    "COMPONENT_NAME": "naca_wing",
    "COMPONENT_PARAM": "SPAN"
  },
  {
    "DESIGN_PARAM": "Param_2",
    "DESIGN_PARAM_VAL": "0",
    "COMPONENT_NAME": "right_top_fuse",
    "COMPONENT_PARAM": "SEAT_2_LR"
  },
  {
    "DESIGN_PARAM": "Param_2",
    "DESIGN_PARAM_VAL": "0",
    "COMPONENT_NAME": "left_top_fuse",
    "COMPONENT_PARAM": "SEAT_1_LR"
  }
]
