[
  { "FROM_COMP": "rear_fin_3", "LIB_COMPONENT": "naca_wing" },
  { "FROM_COMP": "27x10_3_2000_51_80", "LIB_COMPONENT": "27x10_3_2000_51_80" },
  { "FROM_COMP": "27x10_3_2000_51_80", "LIB_COMPONENT": "27x10_3_2000_51_80" },
  { "FROM_COMP": "Passenger", "LIB_COMPONENT": "Passenger" },
  { "FROM_COMP": "left_top_cyl", "LIB_COMPONENT": "PORTED_CYL" },
  { "FROM_COMP": "Beam", "LIB_COMPONENT": "Beam" },
  { "FROM_COMP": "rear_cyl_3", "LIB_COMPONENT": "PORTED_CYL" },
  { "FROM_COMP": "left_top_cyl", "LIB_COMPONENT": "PORTED_CYL" },
  { "FROM_COMP": "left_top_flip", "LIB_COMPONENT": "Cyl_Flip" },
  { "FROM_COMP": "rear_fin_2", "LIB_COMPONENT": "naca_wing" },
  { "FROM_COMP": "rear_fin_1", "LIB_COMPONENT": "naca_wing" },
  { "FROM_COMP": "right_battery", "LIB_COMPONENT": "Tattu22AhLi" },
  { "FROM_COMP": "Emrax228HV", "LIB_COMPONENT": "Emrax228HV" },
  { "FROM_COMP": "Orient", "LIB_COMPONENT": "Orient" },
  { "FROM_COMP": "left_top_cyl", "LIB_COMPONENT": "PORTED_CYL" },
  { "FROM_COMP": "27x10_3_2000_51_80", "LIB_COMPONENT": "27x10_3_2000_51_80" },
  { "FROM_COMP": "bot_fuse", "LIB_COMPONENT": "FUSE_SPHERE_CYL_CONE" },
  { "FROM_COMP": "400v_battery_system", "LIB_COMPONENT": "BatteryController" },
  { "FROM_COMP": "Emrax228HV", "LIB_COMPONENT": "Emrax228HV" },
  { "FROM_COMP": "left_top_flip", "LIB_COMPONENT": "Cyl_Flip" },
  { "FROM_COMP": "right_top_fuse", "LIB_COMPONENT": "FUSE_SPHERE_CYL_CONE" },
  { "FROM_COMP": "naca_wing", "LIB_COMPONENT": "naca_wing" },
  { "FROM_COMP": "naca_connector", "LIB_COMPONENT": "naca_connector" },
  { "FROM_COMP": "Emrax228HV", "LIB_COMPONENT": "Emrax228HV" },
  { "FROM_COMP": "Emrax228HV", "LIB_COMPONENT": "Emrax228HV" },
  { "FROM_COMP": "Beam", "LIB_COMPONENT": "Beam" },
  { "FROM_COMP": "Beam", "LIB_COMPONENT": "Beam" },
  { "FROM_COMP": "27x10_3_2000_51_80", "LIB_COMPONENT": "27x10_3_2000_51_80" },
  { "FROM_COMP": "Emrax228HV", "LIB_COMPONENT": "Emrax228HV" },
  { "FROM_COMP": "left_battery", "LIB_COMPONENT": "Tattu22AhLi" },
  { "FROM_COMP": "27x10_3_2000_51_80", "LIB_COMPONENT": "27x10_3_2000_51_80" },
  { "FROM_COMP": "27x10_3_2000_51_80", "LIB_COMPONENT": "27x10_3_2000_51_80" },
  { "FROM_COMP": "27x10_3_2000_51_80", "LIB_COMPONENT": "27x10_3_2000_51_80" },
  { "FROM_COMP": "27x10_3_2000_51_80", "LIB_COMPONENT": "27x10_3_2000_51_80" },
  { "FROM_COMP": "Emrax228HV", "LIB_COMPONENT": "Emrax228HV" },
  { "FROM_COMP": "left_top_cyl", "LIB_COMPONENT": "PORTED_CYL" },
  { "FROM_COMP": "Emrax228HV", "LIB_COMPONENT": "Emrax228HV" },
  { "FROM_COMP": "right_top_flip", "LIB_COMPONENT": "Cyl_Flip" },
  { "FROM_COMP": "27x10_3_2000_51_80", "LIB_COMPONENT": "27x10_3_2000_51_80" },
  { "FROM_COMP": "left_top_fuse", "LIB_COMPONENT": "FUSE_SPHERE_CYL_CONE" },
  { "FROM_COMP": "rear_cyl_2", "LIB_COMPONENT": "PORTED_CYL" },
  { "FROM_COMP": "27x10_3_2000_51_80", "LIB_COMPONENT": "27x10_3_2000_51_80" },
  { "FROM_COMP": "rear_cyl_1", "LIB_COMPONENT": "PORTED_CYL" },
  { "FROM_COMP": "right_top_cyl", "LIB_COMPONENT": "PORTED_CYL" },
  { "FROM_COMP": "Passenger", "LIB_COMPONENT": "Passenger" },
  { "FROM_COMP": "Emrax228HV", "LIB_COMPONENT": "Emrax228HV" },
  { "FROM_COMP": "Emrax228HV", "LIB_COMPONENT": "Emrax228HV" },
  { "FROM_COMP": "left_top_cyl", "LIB_COMPONENT": "PORTED_CYL" },
  { "FROM_COMP": "27x10_3_2000_51_80", "LIB_COMPONENT": "27x10_3_2000_51_80" },
  { "FROM_COMP": "Emrax228HV", "LIB_COMPONENT": "Emrax228HV" },
  { "FROM_COMP": "Emrax228HV", "LIB_COMPONENT": "Emrax228HV" },
  { "FROM_COMP": "naca_connector", "LIB_COMPONENT": "naca_connector" },
  { "FROM_COMP": "naca_wing", "LIB_COMPONENT": "naca_wing" }
]
