DESIGN_PARAM,DESIGN_PARAM_VAL,COMPONENT_NAME,COMPONENT_PARAM
Param_13,30,rear_cyl_3,FRONT_ANGLE
Param_13,30,rear_cyl_2,FRONT_ANGLE
Param_13,30,rear_cyl_1,FRONT_ANGLE
Param_6,12,naca_connector,THICKNESS
Param_6,12,naca_wing,THICKNESS
Param_6,12,right_battery,THICKNESS
Param_4,18,left_battery,THICKNESS
Param_4,18,naca_wing,THICKNESS
Param_8,100,Beam,THICKNESS
Param_8,100,Beam,THICKNESS
Param_8,100,Beam,THICKNESS
Param_9,750,left_battery,CHORD_1
Param_9,750,left_top_cyl,LENGTH
Param_9,750,left_top_cyl,LENGTH
Param_9,750,left_top_cyl,LENGTH
Param_9,750,right_top_cyl,LENGTH
Param_5,1000,rear_cyl_3,LENGTH
Param_5,1000,rear_fin_3,SPAN
Param_5,1000,rear_cyl_2,LENGTH
Param_5,1000,left_battery,CHORD_2
Param_5,1000,rear_cyl_1,LENGTH
Param_5,1000,rear_fin_2,SPAN
Param_5,1000,rear_fin_1,SPAN
Param_5,1000,right_battery,CHORD_1
Param_1,750,right_battery,CHORD_2
Param_1,750,naca_wing,CHORD_2
Param_1,750,naca_wing,CHORD_1
Param_1,750,naca_connector,CHORD
Param_12,75,right_battery,VOLUME_PERCENT
Param_11,400,left_battery,VOLTAGE_REQUEST
Param_11,400,right_battery,VOLTAGE_REQUEST
Param_7,2,left_battery,MOUNT_SIDE
Param_3,1,left_battery,TAPER_OFFSET
Param_3,1,naca_wing,TAPER_OFFSET
Param_3,1,right_battery,MOUNT_SIDE
Param_0,3000,left_top_cyl,LENGTH
Param_0,3000,left_top_cyl,LENGTH
Param_0,3000,left_battery,SPAN
Param_0,3000,right_battery,SPAN
Param_0,3000,naca_wing,SPAN
Param_0,3000,naca_wing,SPAN
Param_2,0,right_top_fuse,SEAT_2_LR
Param_2,0,left_top_fuse,SEAT_1_LR
