{
  "extra": {
    "generator_version": "2022-05-23"
  },
  "name": "design_38_e5206dd1_68de_4b3b_96c2_4c6c14e7ab8a",
  "parameters": [
    {
      "parameter_name": "SideMountedPropArmSegment_15_OFFSET",
      "value": "961.9970792274898",
      "component_properties": [
        {
          "component_name": "StraightArm_41_1",
          "component_property": "TOP_CONN_DISP"
        },
        {
          "component_name": "StraightArm_41_1",
          "component_property": "BOTTOM_CONN_DISP"
        },
        {
          "component_name": "StraightArm_41_1",
          "component_property": "LEFT_CONN_DISP"
        },
        {
          "component_name": "StraightArm_41_1",
          "component_property": "RIGHT_CONN_DISP"
        },
        {
          "component_name": "StraightArm_41_2",
          "component_property": "TOP_CONN_DISP"
        },
        {
          "component_name": "StraightArm_41_2",
          "component_property": "BOTTOM_CONN_DISP"
        },
        {
          "component_name": "StraightArm_41_2",
          "component_property": "LEFT_CONN_DISP"
        },
        {
          "component_name": "StraightArm_41_2",
          "component_property": "RIGHT_CONN_DISP"
        }
      ]
    },
    {
      "parameter_name": "WingWithBatteryMain_7_AILERON_BIAS",
      "value": "0.7159286906478701",
      "component_properties": [
        {
          "component_name": "Wing_16_1",
          "component_property": "AILERON_BIAS"
        },
        {
          "component_name": "Wing_16_2",
          "component_property": "AILERON_BIAS"
        }
      ]
    },
    {
      "parameter_name": "NACA_2406_THICKNESS",
      "value": "6",
      "component_properties": [
        {
          "component_name": "Wing_16_1",
          "component_property": "THICKNESS"
        },
        {
          "component_name": "Battery_31_1",
          "component_property": "THICKNESS"
        },
        {
          "component_name": "Wing_16_2",
          "component_property": "THICKNESS"
        },
        {
          "component_name": "Battery_32_1",
          "component_property": "THICKNESS"
        }
      ]
    },
    {
      "parameter_name": "SideMountedPropArmSegment_15_LENGTH",
      "value": "1053.496954459048",
      "component_properties": [
        {
          "component_name": "StraightArm_41_1",
          "component_property": "LENGTH"
        },
        {
          "component_name": "StraightArm_41_2",
          "component_property": "LENGTH"
        }
      ]
    },
    {
      "parameter_name": "WingWithBatteryMain_7_VOLUME_PERCENT",
      "value": "96.70098017821942",
      "component_properties": [
        {
          "component_name": "Battery_31_1",
          "component_property": "VOLUME_PERCENT"
        },
        {
          "component_name": "Battery_32_1",
          "component_property": "VOLUME_PERCENT"
        }
      ]
    },
    {
      "parameter_name": "FuselageDualSeat_10_FLOOR_HEIGHT",
      "value": "150.0",
      "component_properties": [
        {
          "component_name": "FuselageDualSeat_10_1",
          "component_property": "FLOOR_HEIGHT"
        }
      ]
    },
    {
      "parameter_name": "WingWithBatteryMain_7_SPAN",
      "value": "9597.10134396702",
      "component_properties": [
        {
          "component_name": "Wing_16_1",
          "component_property": "SPAN"
        },
        {
          "component_name": "Battery_31_1",
          "component_property": "SPAN"
        },
        {
          "component_name": "Wing_16_2",
          "component_property": "SPAN"
        },
        {
          "component_name": "Battery_32_1",
          "component_property": "SPAN"
        }
      ]
    },
    {
      "parameter_name": "FuselageDualSeat_10_TAIL_DIAMETER",
      "value": "300.0",
      "component_properties": [
        {
          "component_name": "FuselageDualSeat_10_1",
          "component_property": "TAIL_DIAMETER"
        }
      ]
    },
    {
      "parameter_name": "Wing_16_NACA_Profile",
      "value": "2406",
      "component_properties": [
        {
          "component_name": "Wing_16_1",
          "component_property": "NACA_Profile"
        },
        {
          "component_name": "Wing_16_2",
          "component_property": "NACA_Profile"
        }
      ]
    },
    {
      "parameter_name": "OrientAngle",
      "value": "0.0",
      "component_properties": [
        {
          "component_name": "Orient",
          "component_property": "Z_ANGLE"
        }
      ]
    },
    {
      "parameter_name": "FrontBackPropArmMulti_15_PROP_SEGMENT_LENGTH",
      "value": "1493.5163755934384",
      "component_properties": [
        {
          "component_name": "StraightArm_42_1",
          "component_property": "LENGTH"
        },
        {
          "component_name": "StraightArm_42_2",
          "component_property": "LENGTH"
        },
        {
          "component_name": "StraightArm_42_3",
          "component_property": "LENGTH"
        },
        {
          "component_name": "StraightArm_42_4",
          "component_property": "LENGTH"
        }
      ]
    },
    {
      "parameter_name": "LeftMountSide",
      "value": "1",
      "component_properties": [
        {
          "component_name": "Battery_31_1",
          "component_property": "MOUNT_SIDE"
        }
      ]
    },
    {
      "parameter_name": "FuselageDualSeat_10_SPHERE_DIAMETER",
      "value": "1520.0",
      "component_properties": [
        {
          "component_name": "FuselageDualSeat_10_1",
          "component_property": "SPHERE_DIAMETER"
        }
      ]
    },
    {
      "parameter_name": "PosPropDir",
      "value": "1",
      "component_properties": [
        {
          "component_name": "Propeller_1",
          "component_property": "Direction"
        },
        {
          "component_name": "Propeller_3",
          "component_property": "Direction"
        },
        {
          "component_name": "Propeller_5",
          "component_property": "Direction"
        },
        {
          "component_name": "Propeller_7",
          "component_property": "Direction"
        },
        {
          "component_name": "Propeller_8",
          "component_property": "Direction"
        },
        {
          "component_name": "Propeller_9",
          "component_property": "Direction"
        },
        {
          "component_name": "Propeller_11",
          "component_property": "Direction"
        },
        {
          "component_name": "Propeller_13",
          "component_property": "Direction"
        }
      ]
    },
    {
      "parameter_name": "NegPropType",
      "value": "-1",
      "component_properties": [
        {
          "component_name": "Propeller_10",
          "component_property": "Prop_type"
        },
        {
          "component_name": "Propeller_9",
          "component_property": "Prop_type"
        },
        {
          "component_name": "Propeller_11",
          "component_property": "Prop_type"
        },
        {
          "component_name": "Propeller_12",
          "component_property": "Prop_type"
        },
        {
          "component_name": "Propeller_13",
          "component_property": "Prop_type"
        },
        {
          "component_name": "Propeller_14",
          "component_property": "Prop_type"
        },
        {
          "component_name": "Propeller_15",
          "component_property": "Prop_type"
        }
      ]
    },
    {
      "parameter_name": "ControlChannelAuto",
      "value": "-1",
      "component_properties": [
        {
          "component_name": "Motor_1",
          "component_property": "CONTROL_CHANNEL"
        },
        {
          "component_name": "Motor_3",
          "component_property": "CONTROL_CHANNEL"
        },
        {
          "component_name": "Motor_2",
          "component_property": "CONTROL_CHANNEL"
        },
        {
          "component_name": "Motor_4",
          "component_property": "CONTROL_CHANNEL"
        },
        {
          "component_name": "Motor_5",
          "component_property": "CONTROL_CHANNEL"
        },
        {
          "component_name": "Motor_6",
          "component_property": "CONTROL_CHANNEL"
        },
        {
          "component_name": "Motor_7",
          "component_property": "CONTROL_CHANNEL"
        },
        {
          "component_name": "Motor_8",
          "component_property": "CONTROL_CHANNEL"
        },
        {
          "component_name": "Motor_10",
          "component_property": "CONTROL_CHANNEL"
        },
        {
          "component_name": "Motor_9",
          "component_property": "CONTROL_CHANNEL"
        },
        {
          "component_name": "Motor_11",
          "component_property": "CONTROL_CHANNEL"
        },
        {
          "component_name": "Motor_12",
          "component_property": "CONTROL_CHANNEL"
        },
        {
          "component_name": "Motor_13",
          "component_property": "CONTROL_CHANNEL"
        },
        {
          "component_name": "Motor_14",
          "component_property": "CONTROL_CHANNEL"
        },
        {
          "component_name": "Motor_15",
          "component_property": "CONTROL_CHANNEL"
        }
      ]
    },
    {
      "parameter_name": "WingWithBatteryMain_7_TAPER_OFFSET",
      "value": "0",
      "component_properties": [
        {
          "component_name": "Wing_16_1",
          "component_property": "TAPER_OFFSET"
        },
        {
          "component_name": "Battery_31_1",
          "component_property": "TAPER_OFFSET"
        },
        {
          "component_name": "Wing_16_2",
          "component_property": "TAPER_OFFSET"
        },
        {
          "component_name": "Battery_32_1",
          "component_property": "TAPER_OFFSET"
        }
      ]
    },
    {
      "parameter_name": "FuselageDualSeat_10_SEAT_1_LR",
      "value": "-210.0",
      "component_properties": [
        {
          "component_name": "FuselageDualSeat_10_1",
          "component_property": "SEAT_1_LR"
        }
      ]
    },
    {
      "parameter_name": "FrontBackPropArmMulti_15_PROP_OFFSET",
      "value": "545.0994859278825",
      "component_properties": [
        {
          "component_name": "StraightArm_42_1",
          "component_property": "TOP_CONN_DISP"
        },
        {
          "component_name": "StraightArm_42_1",
          "component_property": "BOTTOM_CONN_DISP"
        },
        {
          "component_name": "StraightArm_42_1",
          "component_property": "LEFT_CONN_DISP"
        },
        {
          "component_name": "StraightArm_42_1",
          "component_property": "RIGHT_CONN_DISP"
        },
        {
          "component_name": "StraightArm_42_2",
          "component_property": "TOP_CONN_DISP"
        },
        {
          "component_name": "StraightArm_42_2",
          "component_property": "BOTTOM_CONN_DISP"
        },
        {
          "component_name": "StraightArm_42_2",
          "component_property": "LEFT_CONN_DISP"
        },
        {
          "component_name": "StraightArm_42_2",
          "component_property": "RIGHT_CONN_DISP"
        },
        {
          "component_name": "StraightArm_42_3",
          "component_property": "TOP_CONN_DISP"
        },
        {
          "component_name": "StraightArm_42_3",
          "component_property": "BOTTOM_CONN_DISP"
        },
        {
          "component_name": "StraightArm_42_3",
          "component_property": "LEFT_CONN_DISP"
        },
        {
          "component_name": "StraightArm_42_3",
          "component_property": "RIGHT_CONN_DISP"
        },
        {
          "component_name": "StraightArm_42_4",
          "component_property": "TOP_CONN_DISP"
        },
        {
          "component_name": "StraightArm_42_4",
          "component_property": "BOTTOM_CONN_DISP"
        },
        {
          "component_name": "StraightArm_42_4",
          "component_property": "LEFT_CONN_DISP"
        },
        {
          "component_name": "StraightArm_42_4",
          "component_property": "RIGHT_CONN_DISP"
        }
      ]
    },
    {
      "parameter_name": "FuselageDualSeat_10_SEAT_2_FB",
      "value": "790.0",
      "component_properties": [
        {
          "component_name": "FuselageDualSeat_10_1",
          "component_property": "SEAT_2_FB"
        }
      ]
    },
    {
      "parameter_name": "PosPropType",
      "value": "1",
      "component_properties": [
        {
          "component_name": "Propeller_1",
          "component_property": "Prop_type"
        },
        {
          "component_name": "Propeller_3",
          "component_property": "Prop_type"
        },
        {
          "component_name": "Propeller_2",
          "component_property": "Prop_type"
        },
        {
          "component_name": "Propeller_4",
          "component_property": "Prop_type"
        },
        {
          "component_name": "Propeller_5",
          "component_property": "Prop_type"
        },
        {
          "component_name": "Propeller_6",
          "component_property": "Prop_type"
        },
        {
          "component_name": "Propeller_7",
          "component_property": "Prop_type"
        },
        {
          "component_name": "Propeller_8",
          "component_property": "Prop_type"
        }
      ]
    },
    {
      "parameter_name": "GLOBAL_VOLTAGE",
      "value": "399.6",
      "component_properties": [
        {
          "component_name": "Battery_31_1",
          "component_property": "VOLTAGE_REQUEST"
        },
        {
          "component_name": "Battery_32_1",
          "component_property": "VOLTAGE_REQUEST"
        }
      ]
    },
    {
      "parameter_name": "WingWithBatteryMain_7_CHORD_INNER",
      "value": "1532.2557356439006",
      "component_properties": [
        {
          "component_name": "Wing_16_1",
          "component_property": "CHORD_1"
        },
        {
          "component_name": "Battery_31_1",
          "component_property": "CHORD_1"
        },
        {
          "component_name": "Wing_16_2",
          "component_property": "CHORD_2"
        },
        {
          "component_name": "Battery_32_1",
          "component_property": "CHORD_2"
        }
      ]
    },
    {
      "parameter_name": "WingWithBatteryMain_7_LOAD",
      "value": "8462.819019010634",
      "component_properties": [
        {
          "component_name": "Wing_16_1",
          "component_property": "LOAD"
        },
        {
          "component_name": "Wing_16_2",
          "component_property": "LOAD"
        }
      ]
    },
    {
      "parameter_name": "FuselageDualSeat_10_SEAT_1_FB",
      "value": "790.0",
      "component_properties": [
        {
          "component_name": "FuselageDualSeat_10_1",
          "component_property": "SEAT_1_FB"
        }
      ]
    },
    {
      "parameter_name": "RightMountSide",
      "value": "2",
      "component_properties": [
        {
          "component_name": "Battery_32_1",
          "component_property": "MOUNT_SIDE"
        }
      ]
    },
    {
      "parameter_name": "FuselageDualSeat_10_MIDDLE_LENGTH",
      "value": "275.0",
      "component_properties": [
        {
          "component_name": "FuselageDualSeat_10_1",
          "component_property": "MIDDLE_LENGTH"
        }
      ]
    },
    {
      "parameter_name": "NegPropDir",
      "value": "-1",
      "component_properties": [
        {
          "component_name": "Propeller_2",
          "component_property": "Direction"
        },
        {
          "component_name": "Propeller_4",
          "component_property": "Direction"
        },
        {
          "component_name": "Propeller_6",
          "component_property": "Direction"
        },
        {
          "component_name": "Propeller_10",
          "component_property": "Direction"
        },
        {
          "component_name": "Propeller_12",
          "component_property": "Direction"
        },
        {
          "component_name": "Propeller_14",
          "component_property": "Direction"
        },
        {
          "component_name": "Propeller_15",
          "component_property": "Direction"
        }
      ]
    },
    {
      "parameter_name": "FuselageDualSeat_10_SEAT_2_LR",
      "value": "210.0",
      "component_properties": [
        {
          "component_name": "FuselageDualSeat_10_1",
          "component_property": "SEAT_2_LR"
        }
      ]
    },
    {
      "parameter_name": "FuselageDualSeat_10_LENGTH",
      "value": "2000.0",
      "component_properties": [
        {
          "component_name": "FuselageDualSeat_10_1",
          "component_property": "LENGTH"
        }
      ]
    },
    {
      "parameter_name": "WingWithBatteryMain_7_CHORD_OUTER",
      "value": "1144.8415390663176",
      "component_properties": [
        {
          "component_name": "Wing_16_1",
          "component_property": "CHORD_2"
        },
        {
          "component_name": "Battery_31_1",
          "component_property": "CHORD_2"
        },
        {
          "component_name": "Wing_16_2",
          "component_property": "CHORD_1"
        },
        {
          "component_name": "Battery_32_1",
          "component_property": "CHORD_1"
        }
      ]
    },
    {
      "parameter_name": "WingWithBatteryMain_7_FLAP_BIAS",
      "value": "0.9846148751715931",
      "component_properties": [
        {
          "component_name": "Wing_16_1",
          "component_property": "FLAP_BIAS"
        },
        {
          "component_name": "Wing_16_2",
          "component_property": "FLAP_BIAS"
        }
      ]
    }
  ],
  "components": [
    {
      "component_instance": "BatteryController_10_1",
      "component_type": "BatteryController",
      "component_choice": "BatteryController"
    },
    {
      "component_instance": "Battery_31_1",
      "component_type": "Battery",
      "component_choice": "VitalyBeta"
    },
    {
      "component_instance": "Battery_32_1",
      "component_type": "Battery",
      "component_choice": "VitalyBeta"
    },
    {
      "component_instance": "FuselageDualSeat_10_1",
      "component_type": "Fuselage",
      "component_choice": "FUSE_SPHERE_CYL_CONE"
    },
    {
      "component_instance": "Motor_1",
      "component_type": "Motor",
      "component_choice": "MAGiDRIVE150"
    },
    {
      "component_instance": "Motor_10",
      "component_type": "Motor",
      "component_choice": "MAGiDRIVE150"
    },
    {
      "component_instance": "Motor_11",
      "component_type": "Motor",
      "component_choice": "MAGiDRIVE150"
    },
    {
      "component_instance": "Motor_12",
      "component_type": "Motor",
      "component_choice": "MAGiDRIVE150"
    },
    {
      "component_instance": "Motor_13",
      "component_type": "Motor",
      "component_choice": "MAGiDRIVE150"
    },
    {
      "component_instance": "Motor_14",
      "component_type": "Motor",
      "component_choice": "MAGiDRIVE150"
    },
    {
      "component_instance": "Motor_15",
      "component_type": "Motor",
      "component_choice": "MAGiDRIVE150"
    },
    {
      "component_instance": "Motor_2",
      "component_type": "Motor",
      "component_choice": "MAGiDRIVE150"
    },
    {
      "component_instance": "Motor_3",
      "component_type": "Motor",
      "component_choice": "MAGiDRIVE150"
    },
    {
      "component_instance": "Motor_4",
      "component_type": "Motor",
      "component_choice": "MAGiDRIVE150"
    },
    {
      "component_instance": "Motor_5",
      "component_type": "Motor",
      "component_choice": "MAGiDRIVE150"
    },
    {
      "component_instance": "Motor_6",
      "component_type": "Motor",
      "component_choice": "MAGiDRIVE150"
    },
    {
      "component_instance": "Motor_7",
      "component_type": "Motor",
      "component_choice": "MAGiDRIVE150"
    },
    {
      "component_instance": "Motor_8",
      "component_type": "Motor",
      "component_choice": "MAGiDRIVE150"
    },
    {
      "component_instance": "Motor_9",
      "component_type": "Motor",
      "component_choice": "MAGiDRIVE150"
    },
    {
      "component_instance": "Orient",
      "component_type": "Orient",
      "component_choice": "Orient"
    },
    {
      "component_instance": "Passenger_1",
      "component_type": "Passenger",
      "component_choice": "Passenger"
    },
    {
      "component_instance": "Passenger_2",
      "component_type": "Passenger",
      "component_choice": "Passenger"
    },
    {
      "component_instance": "Propeller_1",
      "component_type": "Propeller",
      "component_choice": "76x8_2_2400_51_2000"
    },
    {
      "component_instance": "Propeller_10",
      "component_type": "Propeller",
      "component_choice": "76x8_2_2400_51_2000"
    },
    {
      "component_instance": "Propeller_11",
      "component_type": "Propeller",
      "component_choice": "76x8_2_2400_51_2000"
    },
    {
      "component_instance": "Propeller_12",
      "component_type": "Propeller",
      "component_choice": "76x8_2_2400_51_2000"
    },
    {
      "component_instance": "Propeller_13",
      "component_type": "Propeller",
      "component_choice": "76x8_2_2400_51_2000"
    },
    {
      "component_instance": "Propeller_14",
      "component_type": "Propeller",
      "component_choice": "76x8_2_2400_51_2000"
    },
    {
      "component_instance": "Propeller_15",
      "component_type": "Propeller",
      "component_choice": "76x8_2_2400_51_2000"
    },
    {
      "component_instance": "Propeller_2",
      "component_type": "Propeller",
      "component_choice": "76x8_2_2400_51_2000"
    },
    {
      "component_instance": "Propeller_3",
      "component_type": "Propeller",
      "component_choice": "76x8_2_2400_51_2000"
    },
    {
      "component_instance": "Propeller_4",
      "component_type": "Propeller",
      "component_choice": "76x8_2_2400_51_2000"
    },
    {
      "component_instance": "Propeller_5",
      "component_type": "Propeller",
      "component_choice": "76x8_2_2400_51_2000"
    },
    {
      "component_instance": "Propeller_6",
      "component_type": "Propeller",
      "component_choice": "76x8_2_2400_51_2000"
    },
    {
      "component_instance": "Propeller_7",
      "component_type": "Propeller",
      "component_choice": "76x8_2_2400_51_2000"
    },
    {
      "component_instance": "Propeller_8",
      "component_type": "Propeller",
      "component_choice": "76x8_2_2400_51_2000"
    },
    {
      "component_instance": "Propeller_9",
      "component_type": "Propeller",
      "component_choice": "76x8_2_2400_51_2000"
    },
    {
      "component_instance": "StraightArm_41_1",
      "component_type": "Cylinder",
      "component_choice": "PORTED_CYL"
    },
    {
      "component_instance": "StraightArm_41_2",
      "component_type": "Cylinder",
      "component_choice": "PORTED_CYL"
    },
    {
      "component_instance": "StraightArm_42_1",
      "component_type": "Cylinder",
      "component_choice": "PORTED_CYL"
    },
    {
      "component_instance": "StraightArm_42_2",
      "component_type": "Cylinder",
      "component_choice": "PORTED_CYL"
    },
    {
      "component_instance": "StraightArm_42_3",
      "component_type": "Cylinder",
      "component_choice": "PORTED_CYL"
    },
    {
      "component_instance": "StraightArm_42_4",
      "component_type": "Cylinder",
      "component_choice": "PORTED_CYL"
    },
    {
      "component_instance": "Wing_16_1",
      "component_type": "Wing",
      "component_choice": "naca_wing"
    },
    {
      "component_instance": "Wing_16_2",
      "component_type": "Wing",
      "component_choice": "naca_wing"
    }
  ],
  "connections": [
    {
      "from_ci": "BatteryController_10_1",
      "from_conn": "MotorPower",
      "to_ci": "Motor_7",
      "to_conn": "MotorPower"
    },
    {
      "from_ci": "BatteryController_10_1",
      "from_conn": "MotorPower",
      "to_ci": "Motor_8",
      "to_conn": "MotorPower"
    },
    {
      "from_ci": "BatteryController_10_1",
      "from_conn": "MotorPower",
      "to_ci": "Motor_13",
      "to_conn": "MotorPower"
    },
    {
      "from_ci": "BatteryController_10_1",
      "from_conn": "MotorPower",
      "to_ci": "Motor_4",
      "to_conn": "MotorPower"
    },
    {
      "from_ci": "BatteryController_10_1",
      "from_conn": "MotorPower",
      "to_ci": "Motor_2",
      "to_conn": "MotorPower"
    },
    {
      "from_ci": "BatteryController_10_1",
      "from_conn": "MotorPower",
      "to_ci": "Motor_14",
      "to_conn": "MotorPower"
    },
    {
      "from_ci": "BatteryController_10_1",
      "from_conn": "MotorPower",
      "to_ci": "Motor_5",
      "to_conn": "MotorPower"
    },
    {
      "from_ci": "BatteryController_10_1",
      "from_conn": "MotorPower",
      "to_ci": "Motor_9",
      "to_conn": "MotorPower"
    },
    {
      "from_ci": "BatteryController_10_1",
      "from_conn": "MotorPower",
      "to_ci": "Motor_12",
      "to_conn": "MotorPower"
    },
    {
      "from_ci": "BatteryController_10_1",
      "from_conn": "MotorPower",
      "to_ci": "Motor_3",
      "to_conn": "MotorPower"
    },
    {
      "from_ci": "BatteryController_10_1",
      "from_conn": "MotorPower",
      "to_ci": "Motor_10",
      "to_conn": "MotorPower"
    },
    {
      "from_ci": "BatteryController_10_1",
      "from_conn": "MotorPower",
      "to_ci": "Motor_15",
      "to_conn": "MotorPower"
    },
    {
      "from_ci": "BatteryController_10_1",
      "from_conn": "MotorPower",
      "to_ci": "Motor_11",
      "to_conn": "MotorPower"
    },
    {
      "from_ci": "BatteryController_10_1",
      "from_conn": "MotorPower",
      "to_ci": "Motor_6",
      "to_conn": "MotorPower"
    },
    {
      "from_ci": "BatteryController_10_1",
      "from_conn": "MotorPower",
      "to_ci": "Motor_1",
      "to_conn": "MotorPower"
    },
    {
      "from_ci": "BatteryController_10_1",
      "from_conn": "BatteryPower",
      "to_ci": "Battery_32_1",
      "to_conn": "PowerBus"
    },
    {
      "from_ci": "BatteryController_10_1",
      "from_conn": "BatteryPower",
      "to_ci": "Battery_31_1",
      "to_conn": "PowerBus"
    },
    {
      "from_ci": "FuselageDualSeat_10_1",
      "from_conn": "TOP_CONNECTOR",
      "to_ci": "Motor_1",
      "to_conn": "Base_Connector"
    },
    {
      "from_ci": "FuselageDualSeat_10_1",
      "from_conn": "SEAT_1_CONNECTOR",
      "to_ci": "Passenger_1",
      "to_conn": "Connector"
    },
    {
      "from_ci": "FuselageDualSeat_10_1",
      "from_conn": "LEFT_CONNECTOR",
      "to_ci": "Wing_16_1",
      "to_conn": "Connector_1"
    },
    {
      "from_ci": "FuselageDualSeat_10_1",
      "from_conn": "RIGHT_CONNECTOR",
      "to_ci": "Wing_16_2",
      "to_conn": "Connector_2"
    },
    {
      "from_ci": "FuselageDualSeat_10_1",
      "from_conn": "SEAT_2_CONNECTOR",
      "to_ci": "Passenger_2",
      "to_conn": "Connector"
    },
    {
      "from_ci": "Motor_1",
      "from_conn": "Prop_Connector",
      "to_ci": "Propeller_1",
      "to_conn": "MOTOR_CONNECTOR_CS_IN"
    },
    {
      "from_ci": "Motor_10",
      "from_conn": "Prop_Connector",
      "to_ci": "Propeller_10",
      "to_conn": "MOTOR_CONNECTOR_CS_IN"
    },
    {
      "from_ci": "Motor_11",
      "from_conn": "Prop_Connector",
      "to_ci": "Propeller_11",
      "to_conn": "MOTOR_CONNECTOR_CS_IN"
    },
    {
      "from_ci": "Motor_12",
      "from_conn": "Prop_Connector",
      "to_ci": "Propeller_12",
      "to_conn": "MOTOR_CONNECTOR_CS_IN"
    },
    {
      "from_ci": "Motor_13",
      "from_conn": "Prop_Connector",
      "to_ci": "Propeller_13",
      "to_conn": "MOTOR_CONNECTOR_CS_IN"
    },
    {
      "from_ci": "Motor_14",
      "from_conn": "Prop_Connector",
      "to_ci": "Propeller_14",
      "to_conn": "MOTOR_CONNECTOR_CS_IN"
    },
    {
      "from_ci": "Motor_15",
      "from_conn": "Prop_Connector",
      "to_ci": "Propeller_15",
      "to_conn": "MOTOR_CONNECTOR_CS_IN"
    },
    {
      "from_ci": "Motor_2",
      "from_conn": "Prop_Connector",
      "to_ci": "Propeller_2",
      "to_conn": "MOTOR_CONNECTOR_CS_IN"
    },
    {
      "from_ci": "Motor_3",
      "from_conn": "Prop_Connector",
      "to_ci": "Propeller_3",
      "to_conn": "MOTOR_CONNECTOR_CS_IN"
    },
    {
      "from_ci": "Motor_4",
      "from_conn": "Prop_Connector",
      "to_ci": "Propeller_4",
      "to_conn": "MOTOR_CONNECTOR_CS_IN"
    },
    {
      "from_ci": "Motor_5",
      "from_conn": "Prop_Connector",
      "to_ci": "Propeller_5",
      "to_conn": "MOTOR_CONNECTOR_CS_IN"
    },
    {
      "from_ci": "Motor_6",
      "from_conn": "Prop_Connector",
      "to_ci": "Propeller_6",
      "to_conn": "MOTOR_CONNECTOR_CS_IN"
    },
    {
      "from_ci": "Motor_7",
      "from_conn": "Prop_Connector",
      "to_ci": "Propeller_7",
      "to_conn": "MOTOR_CONNECTOR_CS_IN"
    },
    {
      "from_ci": "Motor_8",
      "from_conn": "Prop_Connector",
      "to_ci": "Propeller_8",
      "to_conn": "MOTOR_CONNECTOR_CS_IN"
    },
    {
      "from_ci": "Motor_9",
      "from_conn": "Prop_Connector",
      "to_ci": "Propeller_9",
      "to_conn": "MOTOR_CONNECTOR_CS_IN"
    },
    {
      "from_ci": "Orient",
      "from_conn": "ORIENTCONN",
      "to_ci": "FuselageDualSeat_10_1",
      "to_conn": "ORIENT"
    },
    {
      "from_ci": "StraightArm_41_1",
      "from_conn": "BOTTOM_CONNECTOR",
      "to_ci": "Motor_2",
      "to_conn": "Base_Connector"
    },
    {
      "from_ci": "StraightArm_41_1",
      "from_conn": "REAR_CONNECTOR",
      "to_ci": "StraightArm_42_2",
      "to_conn": "FRONT_CONNECTOR"
    },
    {
      "from_ci": "StraightArm_41_1",
      "from_conn": "FRONT_CONNECTOR",
      "to_ci": "StraightArm_42_1",
      "to_conn": "FRONT_CONNECTOR"
    },
    {
      "from_ci": "StraightArm_41_1",
      "from_conn": "TOP_CONNECTOR",
      "to_ci": "Motor_3",
      "to_conn": "Base_Connector"
    },
    {
      "from_ci": "StraightArm_41_2",
      "from_conn": "BOTTOM_CONNECTOR",
      "to_ci": "Motor_9",
      "to_conn": "Base_Connector"
    },
    {
      "from_ci": "StraightArm_41_2",
      "from_conn": "TOP_CONNECTOR",
      "to_ci": "Motor_10",
      "to_conn": "Base_Connector"
    },
    {
      "from_ci": "StraightArm_41_2",
      "from_conn": "FRONT_CONNECTOR",
      "to_ci": "StraightArm_42_3",
      "to_conn": "FRONT_CONNECTOR"
    },
    {
      "from_ci": "StraightArm_41_2",
      "from_conn": "REAR_CONNECTOR",
      "to_ci": "StraightArm_42_4",
      "to_conn": "FRONT_CONNECTOR"
    },
    {
      "from_ci": "StraightArm_42_1",
      "from_conn": "TOP_CONNECTOR",
      "to_ci": "Motor_5",
      "to_conn": "Base_Connector"
    },
    {
      "from_ci": "StraightArm_42_1",
      "from_conn": "REAR_CONNECTOR",
      "to_ci": "Motor_8",
      "to_conn": "Base_Connector"
    },
    {
      "from_ci": "StraightArm_42_1",
      "from_conn": "BOTTOM_CONNECTOR",
      "to_ci": "Motor_4",
      "to_conn": "Base_Connector"
    },
    {
      "from_ci": "StraightArm_42_2",
      "from_conn": "TOP_CONNECTOR",
      "to_ci": "Motor_7",
      "to_conn": "Base_Connector"
    },
    {
      "from_ci": "StraightArm_42_2",
      "from_conn": "BOTTOM_CONNECTOR",
      "to_ci": "Motor_6",
      "to_conn": "Base_Connector"
    },
    {
      "from_ci": "StraightArm_42_3",
      "from_conn": "BOTTOM_CONNECTOR",
      "to_ci": "Motor_11",
      "to_conn": "Base_Connector"
    },
    {
      "from_ci": "StraightArm_42_3",
      "from_conn": "TOP_CONNECTOR",
      "to_ci": "Motor_12",
      "to_conn": "Base_Connector"
    },
    {
      "from_ci": "StraightArm_42_3",
      "from_conn": "REAR_CONNECTOR",
      "to_ci": "Motor_15",
      "to_conn": "Base_Connector"
    },
    {
      "from_ci": "StraightArm_42_4",
      "from_conn": "TOP_CONNECTOR",
      "to_ci": "Motor_14",
      "to_conn": "Base_Connector"
    },
    {
      "from_ci": "StraightArm_42_4",
      "from_conn": "BOTTOM_CONNECTOR",
      "to_ci": "Motor_13",
      "to_conn": "Base_Connector"
    },
    {
      "from_ci": "Wing_16_1",
      "from_conn": "Battery_Connector_1",
      "to_ci": "Battery_31_1",
      "to_conn": "Battery_Connector_1_out"
    },
    {
      "from_ci": "Wing_16_1",
      "from_conn": "Connector_2",
      "to_ci": "StraightArm_41_1",
      "to_conn": "RIGHT_CONNECTOR"
    },
    {
      "from_ci": "Wing_16_2",
      "from_conn": "Connector_1",
      "to_ci": "StraightArm_41_2",
      "to_conn": "LEFT_CONNECTOR"
    },
    {
      "from_ci": "Wing_16_2",
      "from_conn": "Battery_Connector_2",
      "to_ci": "Battery_32_1",
      "to_conn": "Battery_Connector_2_out"
    }
  ]
}
