[
  { "comp": "0394od_para_hub_4", "prop": "ANGVERTCONN:", "default_val": "0" },
  { "comp": "0394od_para_hub_4", "prop": "ANGHORZCONN:", "default_val": "90" },
  {
    "comp": "capsule_fuselage",
    "prop": "FLOOR_CONNECTOR_1_DISP_LENGTH",
    "default_val": "0"
  },
  {
    "comp": "capsule_fuselage",
    "prop": "BOTTOM_CONNECTOR_ROTATION",
    "default_val": "0"
  },
  {
    "comp": "capsule_fuselage",
    "prop": "FLOOR_CONNECTOR_3_DISP_WIDTH",
    "default_val": "0"
  },
  {
    "comp": "capsule_fuselage",
    "prop": "FLOOR_CONNECTOR_3_DISP_LENGTH",
    "default_val": "0"
  },
  {
    "comp": "capsule_fuselage",
    "prop": "FLOOR_CONNECTOR_2_DISP_WIDTH",
    "default_val": "0"
  },
  { "comp": "capsule_fuselage", "prop": "FLOOR_HEIGHT", "default_val": "5" },
  {
    "comp": "capsule_fuselage",
    "prop": "FLOOR_CONNECTOR_4_DISP_WIDTH",
    "default_val": "0"
  },
  { "comp": "capsule_fuselage", "prop": "VERT_DIAMETER", "default_val": "0" },
  {
    "comp": "capsule_fuselage",
    "prop": "FLOOR_CONNECTOR_2_DISP_LENGTH",
    "default_val": "0"
  },
  { "comp": "capsule_fuselage", "prop": "TUBE_LENGTH", "default_val": "0" },
  {
    "comp": "capsule_fuselage",
    "prop": "FLOOR_CONNECTOR_1_DISP_WIDTH",
    "default_val": "0"
  },
  {
    "comp": "capsule_fuselage",
    "prop": "FLOOR_CONNECTOR_4_DISP_LENGTH",
    "default_val": "0"
  },
  {
    "comp": "capsule_fuselage",
    "prop": "BOTTOM_CONNECTOR_OFFSET_LENGTH",
    "default_val": "0"
  },
  { "comp": "capsule_fuselage", "prop": "HORZ_DIAMETER", "default_val": "0" },
  {
    "comp": "capsule_fuselage",
    "prop": "BOTTOM_CONNECTOR_OFFSET_WIDTH",
    "default_val": "0"
  },
  { "comp": "0394od_para_hub_3", "prop": "ANGVERTCONN", "default_val": "0" },
  { "comp": "0394od_para_hub_5", "prop": "ANGVERTCONN:", "default_val": "0" },
  { "comp": "0394od_para_hub_5", "prop": "ANGHORZCONN:", "default_val": "72" },
  { "comp": "0394od_para_hub_2", "prop": "ANGVERTCONN:", "default_val": "0" },
  { "comp": "0394od_para_hub_6", "prop": "ANGVERTCONN:", "default_val": "0" },
  { "comp": "0394od_para_hub_6", "prop": "ANGHORZCONN:", "default_val": "60" },
  { "comp": "0394OD_para_tube", "prop": "END_ROT", "default_val": "0" },
  { "comp": "0394OD_para_tube", "prop": "Offset2", "default_val": "50" },
  { "comp": "0394OD_para_tube", "prop": "BASE_ROT", "default_val": "0" },
  { "comp": "0394OD_para_tube", "prop": "Offset1", "default_val": "25" },
  { "comp": "0394OD_para_tube", "prop": "Length", "default_val": "100" },
  { "comp": "Wing_horiz_hole", "prop": "THICKNESS", "default_val": "12" },
  { "comp": "Wing_horiz_hole", "prop": "FLAP_BIAS", "default_val": "0.5" },
  { "comp": "Wing_horiz_hole", "prop": "TUBE_DIAMETER", "default_val": "1000" },
  { "comp": "Wing_horiz_hole", "prop": "CHORD_1", "default_val": "100" },
  { "comp": "Wing_horiz_hole", "prop": "TUBE_ROTATION", "default_val": "0" },
  {
    "comp": "Wing_horiz_hole",
    "prop": "SERVO_THICKNESS",
    "default_val": "1000"
  },
  { "comp": "Wing_horiz_hole", "prop": "SPAN", "default_val": "1000" },
  { "comp": "Wing_horiz_hole", "prop": "CHORD_2", "default_val": "100" },
  { "comp": "Wing_horiz_hole", "prop": "AILERON_BIAS", "default_val": "0.5" },
  { "comp": "Wing_horiz_hole", "prop": "LOAD", "default_val": "15" },
  { "comp": "Wing_horiz_hole", "prop": "TUBE_OFFSET", "default_val": "1000" },
  { "comp": "Wing_horiz_hole", "prop": "SERVO_WIDTH", "default_val": "1000" },
  { "comp": "Wing_horiz_hole", "prop": "SERVO_LENGTH", "default_val": "1000" },
  { "comp": "Wing_horiz_hole", "prop": "TAPER_OFFSET", "default_val": "0" },
  { "comp": "0394_para_flange", "prop": "BOTTOM_ANGLE", "default_val": "0" },
  { "comp": "0394_para_flange", "prop": "SIDE_ANGLE", "default_val": "0" },
  { "comp": "0281_para_flange", "prop": "BOTTOM_ANGLE", "default_val": "0" },
  { "comp": "0281_para_flange", "prop": "SIDE_ANGLE", "default_val": "0" }
]
