[
  { "comp": "0394od_para_hub_4", "prop": "ANGVERTCONN:", "min_val": "0" },
  { "comp": "0394od_para_hub_4", "prop": "ANGHORZCONN:", "min_val": "55" },
  {
    "comp": "capsule_fuselage",
    "prop": "BOTTOM_CONNECTOR_ROTATION",
    "min_val": "0"
  },
  { "comp": "capsule_fuselage", "prop": "FLOOR_HEIGHT", "min_val": "3" },
  { "comp": "0394od_para_hub_3", "prop": "ANGVERTCONN", "min_val": "0" },
  { "comp": "0394od_para_hub_3", "prop": "ANGHORZCONN", "min_val": "55" },
  { "comp": "0394od_para_hub_5", "prop": "ANGVERTCONN:", "min_val": "0" },
  { "comp": "0394od_para_hub_5", "prop": "ANGHORZCONN:", "min_val": "55" },
  { "comp": "0394od_para_hub_2", "prop": "ANGVERTCONN:", "min_val": "0" },
  { "comp": "0394od_para_hub_2", "prop": "ANGHORZCONN:", "min_val": "55" },
  { "comp": "0394od_para_hub_6", "prop": "ANGVERTCONN:", "min_val": "0" },
  { "comp": "0394od_para_hub_6", "prop": "ANGHORZCONN:", "min_val": "55" },
  { "comp": "0281OD_para_tube", "prop": "Length", "min_val": "12.7" },
  { "comp": "0394OD_para_tube", "prop": "Offset2", "min_val": "0" },
  { "comp": "0394OD_para_tube", "prop": "Offset1", "min_val": "0" },
  { "comp": "0394OD_para_tube", "prop": "Length", "min_val": "0" },
  { "comp": "Wing_horiz_hole", "prop": "THICKNESS", "min_val": "6" },
  { "comp": "Wing_horiz_hole", "prop": "FLAP_BIAS", "min_val": "0" },
  { "comp": "Wing_horiz_hole", "prop": "TUBE_DIAMETER", "min_val": "1" },
  { "comp": "Wing_horiz_hole", "prop": "CHORD_1", "min_val": "1" },
  { "comp": "Wing_horiz_hole", "prop": "TUBE_ROTATION", "min_val": "0" },
  { "comp": "Wing_horiz_hole", "prop": "SERVO_THICKNESS", "min_val": "1" },
  { "comp": "Wing_horiz_hole", "prop": "SPAN", "min_val": "1" },
  { "comp": "Wing_horiz_hole", "prop": "CHORD_2", "min_val": "1" },
  { "comp": "Wing_horiz_hole", "prop": "AILERON_BIAS", "min_val": "-1" },
  { "comp": "Wing_horiz_hole", "prop": "LOAD", "min_val": "1" },
  { "comp": "Wing_horiz_hole", "prop": "TUBE_OFFSET", "min_val": "1" },
  { "comp": "Wing_horiz_hole", "prop": "SERVO_WIDTH", "min_val": "1" },
  { "comp": "Wing_horiz_hole", "prop": "SERVO_LENGTH", "min_val": "1" },
  { "comp": "Wing_horiz_hole", "prop": "TAPER_OFFSET", "min_val": "0" },
  { "comp": "0394_para_flange", "prop": "BOTTOM_ANGLE", "min_val": "0" },
  { "comp": "0394_para_flange", "prop": "SIDE_ANGLE", "min_val": "0" },
  { "comp": "0281_para_flange", "prop": "BOTTOM_ANGLE", "min_val": "0" },
  { "comp": "0281_para_flange", "prop": "SIDE_ANGLE", "min_val": "0" }
]
