[
  { "comp": "0394od_para_hub_4", "prop": "ANGVERTCONN:", "assigned_val": "0" },
  { "comp": "0394od_para_hub_4", "prop": "ANGHORZCONN:", "assigned_val": "90" },
  {
    "comp": "capsule_fuselage",
    "prop": "FLOOR_CONNECTOR_1_DISP_LENGTH",
    "assigned_val": "0"
  },
  {
    "comp": "capsule_fuselage",
    "prop": "BOTTOM_CONNECTOR_ROTATION",
    "assigned_val": "0"
  },
  {
    "comp": "capsule_fuselage",
    "prop": "FLOOR_CONNECTOR_3_DISP_WIDTH",
    "assigned_val": "0"
  },
  {
    "comp": "capsule_fuselage",
    "prop": "FLOOR_CONNECTOR_3_DISP_LENGTH",
    "assigned_val": "0"
  },
  {
    "comp": "capsule_fuselage",
    "prop": "FLOOR_CONNECTOR_2_DISP_WIDTH",
    "assigned_val": "0"
  },
  { "comp": "capsule_fuselage", "prop": "FLOOR_HEIGHT", "assigned_val": "50" },
  {
    "comp": "capsule_fuselage",
    "prop": "FLOOR_CONNECTOR_4_DISP_WIDTH",
    "assigned_val": "0"
  },
  {
    "comp": "capsule_fuselage",
    "prop": "VERT_DIAMETER",
    "assigned_val": "100"
  },
  {
    "comp": "capsule_fuselage",
    "prop": "FLOOR_CONNECTOR_2_DISP_LENGTH",
    "assigned_val": "0"
  },
  { "comp": "capsule_fuselage", "prop": "TUBE_LENGTH", "assigned_val": "500" },
  {
    "comp": "capsule_fuselage",
    "prop": "FLOOR_CONNECTOR_1_DISP_WIDTH",
    "assigned_val": "0"
  },
  {
    "comp": "capsule_fuselage",
    "prop": "FLOOR_CONNECTOR_4_DISP_LENGTH",
    "assigned_val": "0"
  },
  {
    "comp": "capsule_fuselage",
    "prop": "BOTTOM_CONNECTOR_OFFSET_LENGTH",
    "assigned_val": "0"
  },
  {
    "comp": "capsule_fuselage",
    "prop": "HORZ_DIAMETER",
    "assigned_val": "500"
  },
  {
    "comp": "capsule_fuselage",
    "prop": "BOTTOM_CONNECTOR_OFFSET_WIDTH",
    "assigned_val": "0"
  },
  { "comp": "0394od_para_hub_3", "prop": "ANGVERTCONN", "assigned_val": "0" },
  { "comp": "0394od_para_hub_3", "prop": "ANGHORZCONN", "assigned_val": "120" },
  { "comp": "0394od_para_hub_5", "prop": "ANGVERTCONN:", "assigned_val": "0" },
  { "comp": "0394od_para_hub_5", "prop": "ANGHORZCONN:", "assigned_val": "72" },
  { "comp": "0394od_para_hub_2", "prop": "ANGVERTCONN:", "assigned_val": "0" },
  {
    "comp": "0394od_para_hub_2",
    "prop": "ANGHORZCONN:",
    "assigned_val": "180"
  },
  { "comp": "0394od_para_hub_6", "prop": "ANGVERTCONN:", "assigned_val": "0" },
  { "comp": "0394od_para_hub_6", "prop": "ANGHORZCONN:", "assigned_val": "60" },
  { "comp": "0394OD_para_tube", "prop": "END_ROT", "assigned_val": "0" },
  { "comp": "0394OD_para_tube", "prop": "Offset2", "assigned_val": "0" },
  { "comp": "0394OD_para_tube", "prop": "BASE_ROT", "assigned_val": "0" },
  { "comp": "0394OD_para_tube", "prop": "Offset1", "assigned_val": "0" },
  { "comp": "0394OD_para_tube", "prop": "Length", "assigned_val": "100" },
  {
    "comp": "BatteryController",
    "prop": "Output_Voltage",
    "assigned_val": "1"
  },
  { "comp": "BatteryController", "prop": "Input_Voltage", "assigned_val": "1" },
  { "comp": "Wing_horiz_hole", "prop": "THICKNESS", "assigned_val": "12" },
  { "comp": "Wing_horiz_hole", "prop": "FLAP_BIAS", "assigned_val": "0.5" },
  { "comp": "Wing_horiz_hole", "prop": "TUBE_DIAMETER", "assigned_val": "10" },
  { "comp": "Wing_horiz_hole", "prop": "CHORD_1", "assigned_val": "250" },
  { "comp": "Wing_horiz_hole", "prop": "TUBE_ROTATION", "assigned_val": "0" },
  {
    "comp": "Wing_horiz_hole",
    "prop": "SERVO_THICKNESS",
    "assigned_val": "10"
  },
  { "comp": "Wing_horiz_hole", "prop": "SPAN", "assigned_val": "1000" },
  { "comp": "Wing_horiz_hole", "prop": "CHORD_2", "assigned_val": "250" },
  { "comp": "Wing_horiz_hole", "prop": "AILERON_BIAS", "assigned_val": "0.5" },
  { "comp": "Wing_horiz_hole", "prop": "LOAD", "assigned_val": "15" },
  { "comp": "Wing_horiz_hole", "prop": "TUBE_OFFSET", "assigned_val": "100" },
  { "comp": "Wing_horiz_hole", "prop": "SERVO_WIDTH", "assigned_val": "10" },
  { "comp": "Wing_horiz_hole", "prop": "SERVO_LENGTH", "assigned_val": "10" },
  { "comp": "Wing_horiz_hole", "prop": "NACA_Profile", "assigned_val": "0012" },
  { "comp": "Wing_horiz_hole", "prop": "TAPER_OFFSET", "assigned_val": "0" },
  { "comp": "0394_para_flange", "prop": "BOTTOM_ANGLE", "assigned_val": "0" },
  { "comp": "0394_para_flange", "prop": "SIDE_ANGLE", "assigned_val": "0" },
  { "comp": "0281_para_flange", "prop": "BOTTOM_ANGLE", "assigned_val": "0" },
  { "comp": "0281_para_flange", "prop": "SIDE_ANGLE", "assigned_val": "0" }
]
