[
  { "comp": "0394od_para_hub_4", "prop": "NUMHORZCONN", "prop_val": "4" },
  { "comp": "capsule_fuselage", "prop": "WALL_THICKNESS", "prop_val": "3" },
  { "comp": "0394od_para_hub_3", "prop": "NUMHORZCONN", "prop_val": "3" },
  { "comp": "0394od_para_hub_5", "prop": "NUMHORZCONN", "prop_val": "5" },
  { "comp": "0394od_para_hub_2", "prop": "NUMHORZCONN", "prop_val": "2" },
  { "comp": "0394od_para_hub_6", "prop": "NUMHORZCONN", "prop_val": "6" },
  { "comp": "0281OD_para_tube", "prop": "ID", "prop_val": "4.699" },
  { "comp": "0281OD_para_tube", "prop": "OD", "prop_val": "7.1374" },
  { "comp": "0394OD_para_tube", "prop": "OD", "prop_val": "10.0076" },
  { "comp": "0394OD_para_tube", "prop": "ID", "prop_val": "7.3152" },
  { "comp": "0394_para_flange", "prop": "BOX", "prop_val": "40.64" },
  { "comp": "0394_para_flange", "prop": "OD", "prop_val": "10.16" },
  { "comp": "ControlBox", "prop": "CC_28", "prop_val": "28" },
  { "comp": "ControlBox", "prop": "CC_39", "prop_val": "39" },
  { "comp": "ControlBox", "prop": "CC_31", "prop_val": "31" },
  { "comp": "ControlBox", "prop": "CC_36", "prop_val": "36" },
  { "comp": "ControlBox", "prop": "CC_19", "prop_val": "19" },
  { "comp": "ControlBox", "prop": "CC_29", "prop_val": "29" },
  { "comp": "ControlBox", "prop": "CC_50", "prop_val": "50" },
  { "comp": "ControlBox", "prop": "CC_12", "prop_val": "12" },
  { "comp": "ControlBox", "prop": "CC_17", "prop_val": "17" },
  { "comp": "ControlBox", "prop": "CC_11", "prop_val": "11" },
  { "comp": "ControlBox", "prop": "CC_5", "prop_val": "5" },
  { "comp": "ControlBox", "prop": "CC_30", "prop_val": "30" },
  { "comp": "ControlBox", "prop": "CC_40", "prop_val": "40" },
  { "comp": "ControlBox", "prop": "CC_21", "prop_val": "21" },
  { "comp": "ControlBox", "prop": "CC_32", "prop_val": "32" },
  { "comp": "ControlBox", "prop": "CC_20", "prop_val": "20" },
  { "comp": "ControlBox", "prop": "CC_22", "prop_val": "22" },
  { "comp": "ControlBox", "prop": "CC_43", "prop_val": "43" },
  { "comp": "ControlBox", "prop": "CC_46", "prop_val": "46" },
  { "comp": "ControlBox", "prop": "CC_47", "prop_val": "47" },
  { "comp": "ControlBox", "prop": "CC_33", "prop_val": "33" },
  { "comp": "ControlBox", "prop": "CC_25", "prop_val": "25" },
  { "comp": "ControlBox", "prop": "CC_8", "prop_val": "8" },
  { "comp": "ControlBox", "prop": "CC_27", "prop_val": "27" },
  { "comp": "ControlBox", "prop": "CC_18", "prop_val": "18" },
  { "comp": "ControlBox", "prop": "CC_34", "prop_val": "34" },
  { "comp": "ControlBox", "prop": "CC_1", "prop_val": "1" },
  { "comp": "ControlBox", "prop": "CC_3", "prop_val": "3" },
  { "comp": "ControlBox", "prop": "CC_13", "prop_val": "13" },
  { "comp": "ControlBox", "prop": "CC_23", "prop_val": "23" },
  { "comp": "ControlBox", "prop": "CC_2", "prop_val": "2" },
  { "comp": "ControlBox", "prop": "CC_42", "prop_val": "42" },
  { "comp": "ControlBox", "prop": "CC_49", "prop_val": "49" },
  { "comp": "ControlBox", "prop": "CC_24", "prop_val": "24" },
  { "comp": "ControlBox", "prop": "CC_35", "prop_val": "35" },
  { "comp": "ControlBox", "prop": "CC_7", "prop_val": "7" },
  { "comp": "ControlBox", "prop": "CC_15", "prop_val": "15" },
  { "comp": "ControlBox", "prop": "CC_26", "prop_val": "26" },
  { "comp": "ControlBox", "prop": "CC_44", "prop_val": "44" },
  { "comp": "ControlBox", "prop": "CC_9", "prop_val": "9" },
  { "comp": "ControlBox", "prop": "CC_6", "prop_val": "6" },
  { "comp": "ControlBox", "prop": "CC_45", "prop_val": "45" },
  { "comp": "ControlBox", "prop": "CC_48", "prop_val": "48" },
  { "comp": "ControlBox", "prop": "CC_14", "prop_val": "14" },
  { "comp": "ControlBox", "prop": "CC_4", "prop_val": "4" },
  { "comp": "ControlBox", "prop": "CC_16", "prop_val": "16" },
  { "comp": "ControlBox", "prop": "CC_41", "prop_val": "41" },
  { "comp": "ControlBox", "prop": "CC_37", "prop_val": "37" },
  { "comp": "ControlBox", "prop": "CC_38", "prop_val": "38" },
  { "comp": "ControlBox", "prop": "CC_10", "prop_val": "10" },
  { "comp": "0281_para_flange", "prop": "BOX", "prop_val": "30.48" },
  { "comp": "0281_para_flange", "prop": "OD", "prop_val": "7.3152" }
]
