[
  { "comp": "0394od_para_hub_4", "prop": "ANGVERTCONN:", "max_val": "45" },
  { "comp": "0394od_para_hub_4", "prop": "ANGHORZCONN:", "max_val": "90" },
  {
    "comp": "capsule_fuselage",
    "prop": "BOTTOM_CONNECTOR_ROTATION",
    "max_val": "360"
  },
  { "comp": "0394od_para_hub_3", "prop": "ANGVERTCONN", "max_val": "45" },
  { "comp": "0394od_para_hub_3", "prop": "ANGHORZCONN", "max_val": "120" },
  { "comp": "0394od_para_hub_5", "prop": "ANGVERTCONN:", "max_val": "45" },
  { "comp": "0394od_para_hub_5", "prop": "ANGHORZCONN:", "max_val": "72" },
  { "comp": "0394od_para_hub_2", "prop": "ANGVERTCONN:", "max_val": "45" },
  { "comp": "0394od_para_hub_2", "prop": "ANGHORZCONN:", "max_val": "180" },
  { "comp": "0394od_para_hub_6", "prop": "ANGVERTCONN:", "max_val": "45" },
  { "comp": "0394od_para_hub_6", "prop": "ANGHORZCONN:", "max_val": "60" },
  { "comp": "0281OD_para_tube", "prop": "Length", "max_val": "1219.2" },
  { "comp": "Wing_horiz_hole", "prop": "THICKNESS", "max_val": "25" },
  { "comp": "Wing_horiz_hole", "prop": "FLAP_BIAS", "max_val": "1" },
  { "comp": "Wing_horiz_hole", "prop": "TUBE_ROTATION", "max_val": "360" },
  { "comp": "Wing_horiz_hole", "prop": "AILERON_BIAS", "max_val": "1" },
  { "comp": "Wing_horiz_hole", "prop": "TAPER_OFFSET", "max_val": "1" },
  { "comp": "0394_para_flange", "prop": "BOTTOM_ANGLE", "max_val": "360" },
  { "comp": "0394_para_flange", "prop": "SIDE_ANGLE", "max_val": "360" },
  { "comp": "0281_para_flange", "prop": "BOTTOM_ANGLE", "max_val": "360" },
  { "comp": "0281_para_flange", "prop": "SIDE_ANGLE", "max_val": "360" }
]
