FROM_COMP,LIB_COMPONENT
Passenger1,Passenger
right_front_prop_fwd,62x6_2_3200_51_1390
rear_right_cyl_1,PORTED_CYL
left_center_cyl_flip,Cyl_Flip_Out
right_front_prop_2_vert,62x6_2_3200_51_1390
right_front_motor_2_vert,MAGiDRIVE150
left_front_motor_3_vert,MAGiDRIVE150
rear_right_cyl_2,PORTED_CYL
rear_left_cyl_1,PORTED_CYL
right_tail_wing,naca_wing
right_front_prop_3_vert,62x6_2_3200_51_1390
front_left_cyl_flip,Cyl_Flip
center_left_cyl,PORTED_CYL
right_battery,Tattu25AhLi
right_rear_prop_1_vert,62x6_2_3200_51_1390
front_right_cyl_2,PORTED_CYL
fuselage,FUSE_SPHERE_CYL_CONE
right_rear_prop_3_vert,62x6_2_3200_51_1390
right_front_motor_fwd,MAGiDRIVE150
Orient,Orient
left_rear_motor_3_vert,MAGiDRIVE150
left_front_prop_2_vert,62x6_2_3200_51_1390
bot_naca_connector,naca_connector
rear_left_cyl_3,PORTED_CYL
rear_right_cyl_4,PORTED_CYL
left_rear_prop_2_vert,62x6_2_3200_51_1390
left_rear_prop_1_vert,62x6_2_3200_51_1390
right_rear_motor_2_vert,MAGiDRIVE150
777V_Bat_System,BatteryController
front_right_cyl_1,PORTED_CYL
rear_right_cyl_3,PORTED_CYL
center_right_cyl,PORTED_CYL
left_front_motor_2_vert,MAGiDRIVE150
left_rear_motor_2_vert,MAGiDRIVE150
left_tail_wing,naca_wing
left_front_prop_1_vert,62x6_2_3200_51_1390
Passenger2,Passenger
left_top_wing,naca_wing
left_battery,Tattu25AhLi
left_front_motor_1_vert,MAGiDRIVE150
left_front_prop_3_vert,62x6_2_3200_51_1390
right_rear_prop_2_vert,62x6_2_3200_51_1390
front_left_cyl_3,PORTED_CYL
left_rear_motor_1_vert,MAGiDRIVE150
left_front_motor_fwd,MAGiDRIVE150
right_front_prop_1_vert,62x6_2_3200_51_1390
right_front_motor_1_vert,MAGiDRIVE150
left_front_prop_fwd,62x6_2_3200_51_1390
top_naca_connector,naca_connector
Cyl_Flip_Out,Cyl_Flip_Out
rear_left_cyl_4,PORTED_CYL
left_rear_prop_3_vert,62x6_2_3200_51_1390
right_rear_motor_1_vert,MAGiDRIVE150
rear_left_cyl_2,PORTED_CYL
front_right_cyl_flip,Cyl_Flip
right_top_wing,naca_wing
left_bot_wing,naca_wing
right_front_motor_3_vert,MAGiDRIVE150
right_bot_wing,naca_wing
front_right_cyl_3,PORTED_CYL
right_rear_motor_3_vert,MAGiDRIVE150
front_left_cyl_2,PORTED_CYL
front_left_cyl_1,PORTED_CYL
