Qtemplate,Param1Name,Parram1Val,Param2Name,Param2Val,Param3Name,Param3Val,Param4Name,Param4Val,Param4Name,Param4Val,Param4Name,Param4Val,Param4Name,Param4Val,Param4Name,Param4Val
clearDesign,__DESTDESIGN__,TestTrowel,,,,,,,,,,,,,,
cloneDes,__SOURCENAME__,BlankDesign_ComponentTest,__DESTNAME__,TestTrowel,,,,,,,,,,,,
clearCI,__SOURCEDESIGN__,TestTrowel,,,,,,,,,,,,,,
cloneCIOpt,__SOURCEDESIGN__,AllComponentsUAM,__SOURCENAME__,Cylinder,__DESTDESIGN__,TestTrowel,__DESTNAME__,rear_left_cyl_3,,,,,,,,
cloneCIOpt,__SOURCEDESIGN__,AllComponentsUAM,__SOURCENAME__,Battery,__DESTDESIGN__,TestTrowel,__DESTNAME__,right_battery,,,,,,,,
swap,__DESIGN__,TestTrowel,__COMPONENT_INSTANCE__,right_battery,__NEW_COMPONENT__,Tattu25AhLi,,,,,,,,,,
cloneCIOpt,__SOURCEDESIGN__,AllComponentsUAM,__SOURCENAME__,Propeller,__DESTDESIGN__,TestTrowel,__DESTNAME__,right_rear_prop_1_vert,,,,,,,,
swap,__DESIGN__,TestTrowel,__COMPONENT_INSTANCE__,right_rear_prop_1_vert,__NEW_COMPONENT__,62x6_2_3200_51_1390,,,,,,,,,,
cloneCIOpt,__SOURCEDESIGN__,AllComponentsUAM,__SOURCENAME__,Propeller,__DESTDESIGN__,TestTrowel,__DESTNAME__,right_front_prop_1_vert,,,,,,,,
swap,__DESIGN__,TestTrowel,__COMPONENT_INSTANCE__,right_front_prop_1_vert,__NEW_COMPONENT__,62x6_2_3200_51_1390,,,,,,,,,,
cloneCIOpt,__SOURCEDESIGN__,AllComponentsUAM,__SOURCENAME__,Cylinder,__DESTDESIGN__,TestTrowel,__DESTNAME__,center_left_cyl,,,,,,,,
cloneCIOpt,__SOURCEDESIGN__,AllComponentsUAM,__SOURCENAME__,Motor,__DESTDESIGN__,TestTrowel,__DESTNAME__,left_rear_motor_1_vert,,,,,,,,
swap,__DESIGN__,TestTrowel,__COMPONENT_INSTANCE__,left_rear_motor_1_vert,__NEW_COMPONENT__,MAGiDRIVE150,,,,,,,,,,
cloneCIOpt,__SOURCEDESIGN__,AllComponentsUAM,__SOURCENAME__,Propeller,__DESTDESIGN__,TestTrowel,__DESTNAME__,left_front_prop_fwd,,,,,,,,
swap,__DESIGN__,TestTrowel,__COMPONENT_INSTANCE__,left_front_prop_fwd,__NEW_COMPONENT__,62x6_2_3200_51_1390,,,,,,,,,,
cloneCIOpt,__SOURCEDESIGN__,AllComponentsUAM,__SOURCENAME__,Propeller,__DESTDESIGN__,TestTrowel,__DESTNAME__,right_rear_prop_3_vert,,,,,,,,
swap,__DESIGN__,TestTrowel,__COMPONENT_INSTANCE__,right_rear_prop_3_vert,__NEW_COMPONENT__,62x6_2_3200_51_1390,,,,,,,,,,
cloneCIOpt,__SOURCEDESIGN__,AllComponentsUAM,__SOURCENAME__,Motor,__DESTDESIGN__,TestTrowel,__DESTNAME__,right_front_motor_2_vert,,,,,,,,
swap,__DESIGN__,TestTrowel,__COMPONENT_INSTANCE__,right_front_motor_2_vert,__NEW_COMPONENT__,MAGiDRIVE150,,,,,,,,,,
cloneCIOpt,__SOURCEDESIGN__,AllComponentsUAM,__SOURCENAME__,Motor,__DESTDESIGN__,TestTrowel,__DESTNAME__,left_front_motor_3_vert,,,,,,,,
swap,__DESIGN__,TestTrowel,__COMPONENT_INSTANCE__,left_front_motor_3_vert,__NEW_COMPONENT__,MAGiDRIVE150,,,,,,,,,,
cloneCIOpt,__SOURCEDESIGN__,AllComponentsUAM,__SOURCENAME__,Motor,__DESTDESIGN__,TestTrowel,__DESTNAME__,right_rear_motor_2_vert,,,,,,,,
swap,__DESIGN__,TestTrowel,__COMPONENT_INSTANCE__,right_rear_motor_2_vert,__NEW_COMPONENT__,MAGiDRIVE150,,,,,,,,,,
cloneCIOpt,__SOURCEDESIGN__,AllComponentsUAM,__SOURCENAME__,Orient,__DESTDESIGN__,TestTrowel,__DESTNAME__,Orient,,,,,,,,
cloneCIOpt,__SOURCEDESIGN__,AllComponentsUAM,__SOURCENAME__,Propeller,__DESTDESIGN__,TestTrowel,__DESTNAME__,left_rear_prop_3_vert,,,,,,,,
swap,__DESIGN__,TestTrowel,__COMPONENT_INSTANCE__,left_rear_prop_3_vert,__NEW_COMPONENT__,62x6_2_3200_51_1390,,,,,,,,,,
cloneCIOpt,__SOURCEDESIGN__,AllComponentsUAM,__SOURCENAME__,Cylinder,__DESTDESIGN__,TestTrowel,__DESTNAME__,rear_right_cyl_2,,,,,,,,
cloneCIOpt,__SOURCEDESIGN__,AllComponentsUAM,__SOURCENAME__,Cylinder_Flip_Out,__DESTDESIGN__,TestTrowel,__DESTNAME__,Cyl_Flip_Out,,,,,,,,
cloneCIOpt,__SOURCEDESIGN__,AllComponentsUAM,__SOURCENAME__,Cylinder,__DESTDESIGN__,TestTrowel,__DESTNAME__,front_right_cyl_1,,,,,,,,
cloneCIOpt,__SOURCEDESIGN__,AllComponentsUAM,__SOURCENAME__,Wing,__DESTDESIGN__,TestTrowel,__DESTNAME__,left_tail_wing,,,,,,,,
cloneCIOpt,__SOURCEDESIGN__,AllComponentsUAM,__SOURCENAME__,Passenger,__DESTDESIGN__,TestTrowel,__DESTNAME__,Passenger1,,,,,,,,
cloneCIOpt,__SOURCEDESIGN__,AllComponentsUAM,__SOURCENAME__,Motor,__DESTDESIGN__,TestTrowel,__DESTNAME__,right_rear_motor_1_vert,,,,,,,,
swap,__DESIGN__,TestTrowel,__COMPONENT_INSTANCE__,right_rear_motor_1_vert,__NEW_COMPONENT__,MAGiDRIVE150,,,,,,,,,,
cloneCIOpt,__SOURCEDESIGN__,AllComponentsUAM,__SOURCENAME__,Wing,__DESTDESIGN__,TestTrowel,__DESTNAME__,right_tail_wing,,,,,,,,
cloneCIOpt,__SOURCEDESIGN__,AllComponentsUAM,__SOURCENAME__,Motor,__DESTDESIGN__,TestTrowel,__DESTNAME__,left_front_motor_1_vert,,,,,,,,
swap,__DESIGN__,TestTrowel,__COMPONENT_INSTANCE__,left_front_motor_1_vert,__NEW_COMPONENT__,MAGiDRIVE150,,,,,,,,,,
cloneCIOpt,__SOURCEDESIGN__,AllComponentsUAM,__SOURCENAME__,Cylinder,__DESTDESIGN__,TestTrowel,__DESTNAME__,rear_left_cyl_1,,,,,,,,
cloneCIOpt,__SOURCEDESIGN__,AllComponentsUAM,__SOURCENAME__,Motor,__DESTDESIGN__,TestTrowel,__DESTNAME__,left_rear_motor_2_vert,,,,,,,,
swap,__DESIGN__,TestTrowel,__COMPONENT_INSTANCE__,left_rear_motor_2_vert,__NEW_COMPONENT__,MAGiDRIVE150,,,,,,,,,,
cloneCIOpt,__SOURCEDESIGN__,AllComponentsUAM,__SOURCENAME__,NACA_Port_Connector,__DESTDESIGN__,TestTrowel,__DESTNAME__,bot_naca_connector,,,,,,,,
cloneCIOpt,__SOURCEDESIGN__,AllComponentsUAM,__SOURCENAME__,Passenger,__DESTDESIGN__,TestTrowel,__DESTNAME__,Passenger2,,,,,,,,
cloneCIOpt,__SOURCEDESIGN__,AllComponentsUAM,__SOURCENAME__,Propeller,__DESTDESIGN__,TestTrowel,__DESTNAME__,right_front_prop_3_vert,,,,,,,,
swap,__DESIGN__,TestTrowel,__COMPONENT_INSTANCE__,right_front_prop_3_vert,__NEW_COMPONENT__,62x6_2_3200_51_1390,,,,,,,,,,
cloneCIOpt,__SOURCEDESIGN__,AllComponentsUAM,__SOURCENAME__,Wing,__DESTDESIGN__,TestTrowel,__DESTNAME__,left_top_wing,,,,,,,,
cloneCIOpt,__SOURCEDESIGN__,AllComponentsUAM,__SOURCENAME__,Cylinder,__DESTDESIGN__,TestTrowel,__DESTNAME__,rear_right_cyl_4,,,,,,,,
cloneCIOpt,__SOURCEDESIGN__,AllComponentsUAM,__SOURCENAME__,Cylinder_Flip,__DESTDESIGN__,TestTrowel,__DESTNAME__,front_right_cyl_flip,,,,,,,,
cloneCIOpt,__SOURCEDESIGN__,AllComponentsUAM,__SOURCENAME__,Cylinder_Flip,__DESTDESIGN__,TestTrowel,__DESTNAME__,front_left_cyl_flip,,,,,,,,
cloneCIOpt,__SOURCEDESIGN__,AllComponentsUAM,__SOURCENAME__,Wing,__DESTDESIGN__,TestTrowel,__DESTNAME__,right_top_wing,,,,,,,,
cloneCIOpt,__SOURCEDESIGN__,AllComponentsUAM,__SOURCENAME__,Propeller,__DESTDESIGN__,TestTrowel,__DESTNAME__,left_front_prop_3_vert,,,,,,,,
swap,__DESIGN__,TestTrowel,__COMPONENT_INSTANCE__,left_front_prop_3_vert,__NEW_COMPONENT__,62x6_2_3200_51_1390,,,,,,,,,,
cloneCIOpt,__SOURCEDESIGN__,AllComponentsUAM,__SOURCENAME__,Propeller,__DESTDESIGN__,TestTrowel,__DESTNAME__,left_rear_prop_1_vert,,,,,,,,
swap,__DESIGN__,TestTrowel,__COMPONENT_INSTANCE__,left_rear_prop_1_vert,__NEW_COMPONENT__,62x6_2_3200_51_1390,,,,,,,,,,
cloneCIOpt,__SOURCEDESIGN__,AllComponentsUAM,__SOURCENAME__,Propeller,__DESTDESIGN__,TestTrowel,__DESTNAME__,right_front_prop_fwd,,,,,,,,
swap,__DESIGN__,TestTrowel,__COMPONENT_INSTANCE__,right_front_prop_fwd,__NEW_COMPONENT__,62x6_2_3200_51_1390,,,,,,,,,,
cloneCIOpt,__SOURCEDESIGN__,AllComponentsUAM,__SOURCENAME__,Cylinder,__DESTDESIGN__,TestTrowel,__DESTNAME__,rear_right_cyl_1,,,,,,,,
cloneCIOpt,__SOURCEDESIGN__,AllComponentsUAM,__SOURCENAME__,Wing,__DESTDESIGN__,TestTrowel,__DESTNAME__,left_bot_wing,,,,,,,,
cloneCIOpt,__SOURCEDESIGN__,AllComponentsUAM,__SOURCENAME__,Propeller,__DESTDESIGN__,TestTrowel,__DESTNAME__,right_rear_prop_2_vert,,,,,,,,
swap,__DESIGN__,TestTrowel,__COMPONENT_INSTANCE__,right_rear_prop_2_vert,__NEW_COMPONENT__,62x6_2_3200_51_1390,,,,,,,,,,
cloneCIOpt,__SOURCEDESIGN__,AllComponentsUAM,__SOURCENAME__,Propeller,__DESTDESIGN__,TestTrowel,__DESTNAME__,left_rear_prop_2_vert,,,,,,,,
swap,__DESIGN__,TestTrowel,__COMPONENT_INSTANCE__,left_rear_prop_2_vert,__NEW_COMPONENT__,62x6_2_3200_51_1390,,,,,,,,,,
cloneCIOpt,__SOURCEDESIGN__,AllComponentsUAM,__SOURCENAME__,Fuselage,__DESTDESIGN__,TestTrowel,__DESTNAME__,fuselage,,,,,,,,
cloneCIOpt,__SOURCEDESIGN__,AllComponentsUAM,__SOURCENAME__,Motor,__DESTDESIGN__,TestTrowel,__DESTNAME__,right_front_motor_3_vert,,,,,,,,
swap,__DESIGN__,TestTrowel,__COMPONENT_INSTANCE__,right_front_motor_3_vert,__NEW_COMPONENT__,MAGiDRIVE150,,,,,,,,,,
cloneCIOpt,__SOURCEDESIGN__,AllComponentsUAM,__SOURCENAME__,Cylinder,__DESTDESIGN__,TestTrowel,__DESTNAME__,front_right_cyl_2,,,,,,,,
cloneCIOpt,__SOURCEDESIGN__,AllComponentsUAM,__SOURCENAME__,Motor,__DESTDESIGN__,TestTrowel,__DESTNAME__,left_front_motor_fwd,,,,,,,,
swap,__DESIGN__,TestTrowel,__COMPONENT_INSTANCE__,left_front_motor_fwd,__NEW_COMPONENT__,MAGiDRIVE150,,,,,,,,,,
cloneCIOpt,__SOURCEDESIGN__,AllComponentsUAM,__SOURCENAME__,Cylinder_Flip_Out,__DESTDESIGN__,TestTrowel,__DESTNAME__,left_center_cyl_flip,,,,,,,,
cloneCIOpt,__SOURCEDESIGN__,AllComponentsUAM,__SOURCENAME__,Motor,__DESTDESIGN__,TestTrowel,__DESTNAME__,right_front_motor_fwd,,,,,,,,
swap,__DESIGN__,TestTrowel,__COMPONENT_INSTANCE__,right_front_motor_fwd,__NEW_COMPONENT__,MAGiDRIVE150,,,,,,,,,,
cloneCIOpt,__SOURCEDESIGN__,AllComponentsUAM,__SOURCENAME__,Wing,__DESTDESIGN__,TestTrowel,__DESTNAME__,right_bot_wing,,,,,,,,
cloneCIOpt,__SOURCEDESIGN__,AllComponentsUAM,__SOURCENAME__,Motor,__DESTDESIGN__,TestTrowel,__DESTNAME__,left_rear_motor_3_vert,,,,,,,,
swap,__DESIGN__,TestTrowel,__COMPONENT_INSTANCE__,left_rear_motor_3_vert,__NEW_COMPONENT__,MAGiDRIVE150,,,,,,,,,,
cloneCIOpt,__SOURCEDESIGN__,AllComponentsUAM,__SOURCENAME__,Propeller,__DESTDESIGN__,TestTrowel,__DESTNAME__,right_front_prop_2_vert,,,,,,,,
swap,__DESIGN__,TestTrowel,__COMPONENT_INSTANCE__,right_front_prop_2_vert,__NEW_COMPONENT__,62x6_2_3200_51_1390,,,,,,,,,,
cloneCIOpt,__SOURCEDESIGN__,AllComponentsUAM,__SOURCENAME__,Cylinder,__DESTDESIGN__,TestTrowel,__DESTNAME__,front_right_cyl_3,,,,,,,,
cloneCIOpt,__SOURCEDESIGN__,AllComponentsUAM,__SOURCENAME__,Motor,__DESTDESIGN__,TestTrowel,__DESTNAME__,right_front_motor_1_vert,,,,,,,,
swap,__DESIGN__,TestTrowel,__COMPONENT_INSTANCE__,right_front_motor_1_vert,__NEW_COMPONENT__,MAGiDRIVE150,,,,,,,,,,
cloneCIOpt,__SOURCEDESIGN__,AllComponentsUAM,__SOURCENAME__,Cylinder,__DESTDESIGN__,TestTrowel,__DESTNAME__,center_right_cyl,,,,,,,,
cloneCIOpt,__SOURCEDESIGN__,AllComponentsUAM,__SOURCENAME__,Cylinder,__DESTDESIGN__,TestTrowel,__DESTNAME__,rear_left_cyl_4,,,,,,,,
cloneCIOpt,__SOURCEDESIGN__,AllComponentsUAM,__SOURCENAME__,NACA_Port_Connector,__DESTDESIGN__,TestTrowel,__DESTNAME__,top_naca_connector,,,,,,,,
cloneCIOpt,__SOURCEDESIGN__,AllComponentsUAM,__SOURCENAME__,Propeller,__DESTDESIGN__,TestTrowel,__DESTNAME__,left_front_prop_2_vert,,,,,,,,
swap,__DESIGN__,TestTrowel,__COMPONENT_INSTANCE__,left_front_prop_2_vert,__NEW_COMPONENT__,62x6_2_3200_51_1390,,,,,,,,,,
cloneCIOpt,__SOURCEDESIGN__,AllComponentsUAM,__SOURCENAME__,Propeller,__DESTDESIGN__,TestTrowel,__DESTNAME__,left_front_prop_1_vert,,,,,,,,
swap,__DESIGN__,TestTrowel,__COMPONENT_INSTANCE__,left_front_prop_1_vert,__NEW_COMPONENT__,62x6_2_3200_51_1390,,,,,,,,,,
cloneCIOpt,__SOURCEDESIGN__,AllComponentsUAM,__SOURCENAME__,Motor,__DESTDESIGN__,TestTrowel,__DESTNAME__,right_rear_motor_3_vert,,,,,,,,
swap,__DESIGN__,TestTrowel,__COMPONENT_INSTANCE__,right_rear_motor_3_vert,__NEW_COMPONENT__,MAGiDRIVE150,,,,,,,,,,
cloneCIOpt,__SOURCEDESIGN__,AllComponentsUAM,__SOURCENAME__,Motor,__DESTDESIGN__,TestTrowel,__DESTNAME__,left_front_motor_2_vert,,,,,,,,
swap,__DESIGN__,TestTrowel,__COMPONENT_INSTANCE__,left_front_motor_2_vert,__NEW_COMPONENT__,MAGiDRIVE150,,,,,,,,,,
cloneCIOpt,__SOURCEDESIGN__,AllComponentsUAM,__SOURCENAME__,Cylinder,__DESTDESIGN__,TestTrowel,__DESTNAME__,front_left_cyl_2,,,,,,,,
cloneCIOpt,__SOURCEDESIGN__,AllComponentsUAM,__SOURCENAME__,Cylinder,__DESTDESIGN__,TestTrowel,__DESTNAME__,front_left_cyl_3,,,,,,,,
cloneCIOpt,__SOURCEDESIGN__,AllComponentsUAM,__SOURCENAME__,Cylinder,__DESTDESIGN__,TestTrowel,__DESTNAME__,rear_left_cyl_2,,,,,,,,
cloneCIOpt,__SOURCEDESIGN__,AllComponentsUAM,__SOURCENAME__,BatteryController,__DESTDESIGN__,TestTrowel,__DESTNAME__,777V_Bat_System,,,,,,,,
cloneCIOpt,__SOURCEDESIGN__,AllComponentsUAM,__SOURCENAME__,Battery,__DESTDESIGN__,TestTrowel,__DESTNAME__,left_battery,,,,,,,,
swap,__DESIGN__,TestTrowel,__COMPONENT_INSTANCE__,left_battery,__NEW_COMPONENT__,Tattu25AhLi,,,,,,,,,,
cloneCIOpt,__SOURCEDESIGN__,AllComponentsUAM,__SOURCENAME__,Cylinder,__DESTDESIGN__,TestTrowel,__DESTNAME__,rear_right_cyl_3,,,,,,,,
cloneCIOpt,__SOURCEDESIGN__,AllComponentsUAM,__SOURCENAME__,Cylinder,__DESTDESIGN__,TestTrowel,__DESTNAME__,front_left_cyl_1,,,,,,,,
addRefCoordSysx,__SOURCEDESIGN__,TestTrowel,__ORIENTNAME__,Orient,,,,,,,,,,,,
addConn,__SOURCEDESIGN__,TestTrowel,__SOURCECOMP__,Cyl_Flip_Out,__SOURCECONN__,Flip_Connector_2,__DESTCOMP__,center_right_cyl,__DESTCONN__,LEFT_CONNECTOR,,,,,,
addConn,__SOURCEDESIGN__,TestTrowel,__SOURCECOMP__,777V_Bat_System,__SOURCECONN__,BatteryPower,__DESTCOMP__,left_battery,__DESTCONN__,PowerBus,,,,,,
addConn,__SOURCEDESIGN__,TestTrowel,__SOURCECOMP__,left_front_motor_1_vert,__SOURCECONN__,MotorPower,__DESTCOMP__,777V_Bat_System,__DESTCONN__,MotorPower,,,,,,
addConn,__SOURCEDESIGN__,TestTrowel,__SOURCECOMP__,right_rear_motor_1_vert,__SOURCECONN__,Base_Connector,__DESTCOMP__,rear_right_cyl_1,__DESTCONN__,TOP_CONNECTOR,,,,,,
addConn,__SOURCEDESIGN__,TestTrowel,__SOURCECOMP__,center_left_cyl,__SOURCECONN__,RIGHT_CONNECTOR,__DESTCOMP__,left_center_cyl_flip,__DESTCONN__,Flip_Connector_2,,,,,,
addConn,__SOURCEDESIGN__,TestTrowel,__SOURCECOMP__,rear_right_cyl_3,__SOURCECONN__,TOP_CONNECTOR,__DESTCOMP__,right_rear_motor_3_vert,__DESTCONN__,Base_Connector,,,,,,
addConn,__SOURCEDESIGN__,TestTrowel,__SOURCECOMP__,left_rear_motor_3_vert,__SOURCECONN__,Prop_Connector,__DESTCOMP__,left_rear_prop_3_vert,__DESTCONN__,MOTOR_CONNECTOR_CS_IN,,,,,,
addConn,__SOURCEDESIGN__,TestTrowel,__SOURCECOMP__,front_right_cyl_2,__SOURCECONN__,FRONT_CONNECTOR,__DESTCOMP__,front_right_cyl_1,__DESTCONN__,REAR_CONNECTOR,,,,,,
addConn,__SOURCEDESIGN__,TestTrowel,__SOURCECOMP__,right_front_motor_fwd,__SOURCECONN__,Base_Connector,__DESTCOMP__,front_right_cyl_flip,__DESTCONN__,FRONT_CONNECTOR,,,,,,
addConn,__SOURCEDESIGN__,TestTrowel,__SOURCECOMP__,777V_Bat_System,__SOURCECONN__,MotorPower,__DESTCOMP__,left_front_motor_2_vert,__DESTCONN__,MotorPower,,,,,,
addConn,__SOURCEDESIGN__,TestTrowel,__SOURCECOMP__,right_rear_prop_1_vert,__SOURCECONN__,MOTOR_CONNECTOR_CS_IN,__DESTCOMP__,right_rear_motor_1_vert,__DESTCONN__,Prop_Connector,,,,,,
addConn,__SOURCEDESIGN__,TestTrowel,__SOURCECOMP__,center_left_cyl,__SOURCECONN__,FRONT_CONNECTOR,__DESTCOMP__,front_left_cyl_3,__DESTCONN__,REAR_CONNECTOR,,,,,,
addConn,__SOURCEDESIGN__,TestTrowel,__SOURCECOMP__,fuselage,__SOURCECONN__,ORIENT,__DESTCOMP__,Orient,__DESTCONN__,ORIENTCONN,,,,,,
addConn,__SOURCEDESIGN__,TestTrowel,__SOURCECOMP__,front_right_cyl_1,__SOURCECONN__,FRONT_CONNECTOR,__DESTCOMP__,front_right_cyl_flip,__DESTCONN__,REAR_CONNECTOR,,,,,,
addConn,__SOURCEDESIGN__,TestTrowel,__SOURCECOMP__,bot_naca_connector,__SOURCECONN__,Bottom_Connector,__DESTCOMP__,fuselage,__DESTCONN__,BOTTOM_CONNECTOR,,,,,,
addConn,__SOURCEDESIGN__,TestTrowel,__SOURCECOMP__,right_bot_wing,__SOURCECONN__,Battery_Connector_1,__DESTCOMP__,right_battery,__DESTCONN__,Battery_Connector_1_out,,,,,,
addConn,__SOURCEDESIGN__,TestTrowel,__SOURCECOMP__,777V_Bat_System,__SOURCECONN__,BatteryPower,__DESTCOMP__,right_battery,__DESTCONN__,PowerBus,,,,,,
addConn,__SOURCEDESIGN__,TestTrowel,__SOURCECOMP__,right_top_wing,__SOURCECONN__,Connector_1,__DESTCOMP__,top_naca_connector,__DESTCONN__,End_Connector_1,,,,,,
addConn,__SOURCEDESIGN__,TestTrowel,__SOURCECOMP__,right_rear_prop_3_vert,__SOURCECONN__,MOTOR_CONNECTOR_CS_IN,__DESTCOMP__,right_rear_motor_3_vert,__DESTCONN__,Prop_Connector,,,,,,
addConn,__SOURCEDESIGN__,TestTrowel,__SOURCECOMP__,left_front_prop_2_vert,__SOURCECONN__,MOTOR_CONNECTOR_CS_IN,__DESTCOMP__,left_front_motor_2_vert,__DESTCONN__,Prop_Connector,,,,,,
addConn,__SOURCEDESIGN__,TestTrowel,__SOURCECOMP__,left_rear_motor_2_vert,__SOURCECONN__,Base_Connector,__DESTCOMP__,rear_left_cyl_2,__DESTCONN__,TOP_CONNECTOR,,,,,,
addConn,__SOURCEDESIGN__,TestTrowel,__SOURCECOMP__,left_front_motor_3_vert,__SOURCECONN__,MotorPower,__DESTCOMP__,777V_Bat_System,__DESTCONN__,MotorPower,,,,,,
addConn,__SOURCEDESIGN__,TestTrowel,__SOURCECOMP__,front_right_cyl_3,__SOURCECONN__,FRONT_CONNECTOR,__DESTCOMP__,front_right_cyl_2,__DESTCONN__,REAR_CONNECTOR,,,,,,
addConn,__SOURCEDESIGN__,TestTrowel,__SOURCECOMP__,777V_Bat_System,__SOURCECONN__,MotorPower,__DESTCOMP__,right_front_motor_fwd,__DESTCONN__,MotorPower,,,,,,
addConn,__SOURCEDESIGN__,TestTrowel,__SOURCECOMP__,left_rear_motor_1_vert,__SOURCECONN__,Base_Connector,__DESTCOMP__,rear_left_cyl_1,__DESTCONN__,TOP_CONNECTOR,,,,,,
addConn,__SOURCEDESIGN__,TestTrowel,__SOURCECOMP__,right_front_motor_3_vert,__SOURCECONN__,Prop_Connector,__DESTCOMP__,right_front_prop_3_vert,__DESTCONN__,MOTOR_CONNECTOR_CS_IN,,,,,,
addConn,__SOURCEDESIGN__,TestTrowel,__SOURCECOMP__,left_top_wing,__SOURCECONN__,Connector_2,__DESTCOMP__,top_naca_connector,__DESTCONN__,End_Connector_2,,,,,,
addConn,__SOURCEDESIGN__,TestTrowel,__SOURCECOMP__,left_front_motor_fwd,__SOURCECONN__,MotorPower,__DESTCOMP__,777V_Bat_System,__DESTCONN__,MotorPower,,,,,,
addConn,__SOURCEDESIGN__,TestTrowel,__SOURCECOMP__,bot_naca_connector,__SOURCECONN__,End_Connector_1,__DESTCOMP__,left_bot_wing,__DESTCONN__,Connector_2,,,,,,
addConn,__SOURCEDESIGN__,TestTrowel,__SOURCECOMP__,rear_left_cyl_2,__SOURCECONN__,REAR_CONNECTOR,__DESTCOMP__,rear_left_cyl_3,__DESTCONN__,FRONT_CONNECTOR,,,,,,
addConn,__SOURCEDESIGN__,TestTrowel,__SOURCECOMP__,left_front_motor_3_vert,__SOURCECONN__,Base_Connector,__DESTCOMP__,front_left_cyl_3,__DESTCONN__,TOP_CONNECTOR,,,,,,
addConn,__SOURCEDESIGN__,TestTrowel,__SOURCECOMP__,front_left_cyl_flip,__SOURCECONN__,REAR_CONNECTOR,__DESTCOMP__,front_left_cyl_1,__DESTCONN__,FRONT_CONNECTOR,,,,,,
addConn,__SOURCEDESIGN__,TestTrowel,__SOURCECOMP__,front_left_cyl_flip,__SOURCECONN__,FRONT_CONNECTOR,__DESTCOMP__,left_front_motor_fwd,__DESTCONN__,Base_Connector,,,,,,
addConn,__SOURCEDESIGN__,TestTrowel,__SOURCECOMP__,left_front_motor_1_vert,__SOURCECONN__,Prop_Connector,__DESTCOMP__,left_front_prop_1_vert,__DESTCONN__,MOTOR_CONNECTOR_CS_IN,,,,,,
addConn,__SOURCEDESIGN__,TestTrowel,__SOURCECOMP__,left_rear_motor_1_vert,__SOURCECONN__,MotorPower,__DESTCOMP__,777V_Bat_System,__DESTCONN__,MotorPower,,,,,,
addConn,__SOURCEDESIGN__,TestTrowel,__SOURCECOMP__,Cyl_Flip_Out,__SOURCECONN__,Flip_Connector_1,__DESTCOMP__,fuselage,__DESTCONN__,RIGHT_CONNECTOR,,,,,,
addConn,__SOURCEDESIGN__,TestTrowel,__SOURCECOMP__,fuselage,__SOURCECONN__,LEFT_CONNECTOR,__DESTCOMP__,left_center_cyl_flip,__DESTCONN__,Flip_Connector_1,,,,,,
addConn,__SOURCEDESIGN__,TestTrowel,__SOURCECOMP__,right_front_prop_2_vert,__SOURCECONN__,MOTOR_CONNECTOR_CS_IN,__DESTCOMP__,right_front_motor_2_vert,__DESTCONN__,Prop_Connector,,,,,,
addConn,__SOURCEDESIGN__,TestTrowel,__SOURCECOMP__,left_front_motor_3_vert,__SOURCECONN__,Prop_Connector,__DESTCOMP__,left_front_prop_3_vert,__DESTCONN__,MOTOR_CONNECTOR_CS_IN,,,,,,
addConn,__SOURCEDESIGN__,TestTrowel,__SOURCECOMP__,right_front_prop_fwd,__SOURCECONN__,MOTOR_CONNECTOR_CS_IN,__DESTCOMP__,right_front_motor_fwd,__DESTCONN__,Prop_Connector,,,,,,
addConn,__SOURCEDESIGN__,TestTrowel,__SOURCECOMP__,rear_right_cyl_2,__SOURCECONN__,FRONT_CONNECTOR,__DESTCOMP__,rear_right_cyl_1,__DESTCONN__,REAR_CONNECTOR,,,,,,
addConn,__SOURCEDESIGN__,TestTrowel,__SOURCECOMP__,rear_right_cyl_2,__SOURCECONN__,TOP_CONNECTOR,__DESTCOMP__,right_rear_motor_2_vert,__DESTCONN__,Base_Connector,,,,,,
addConn,__SOURCEDESIGN__,TestTrowel,__SOURCECOMP__,rear_right_cyl_4,__SOURCECONN__,RIGHT_CONNECTOR,__DESTCOMP__,right_tail_wing,__DESTCONN__,Connector_2,,,,,,
addConn,__SOURCEDESIGN__,TestTrowel,__SOURCECOMP__,fuselage,__SOURCECONN__,TOP_CONNECTOR,__DESTCOMP__,top_naca_connector,__DESTCONN__,Bottom_Connector,,,,,,
addConn,__SOURCEDESIGN__,TestTrowel,__SOURCECOMP__,left_rear_motor_2_vert,__SOURCECONN__,MotorPower,__DESTCOMP__,777V_Bat_System,__DESTCONN__,MotorPower,,,,,,
addConn,__SOURCEDESIGN__,TestTrowel,__SOURCECOMP__,right_front_motor_2_vert,__SOURCECONN__,Base_Connector,__DESTCOMP__,front_right_cyl_2,__DESTCONN__,TOP_CONNECTOR,,,,,,
addConn,__SOURCEDESIGN__,TestTrowel,__SOURCECOMP__,rear_left_cyl_4,__SOURCECONN__,FRONT_CONNECTOR,__DESTCOMP__,rear_left_cyl_3,__DESTCONN__,REAR_CONNECTOR,,,,,,
addConn,__SOURCEDESIGN__,TestTrowel,__SOURCECOMP__,left_rear_motor_2_vert,__SOURCECONN__,Prop_Connector,__DESTCOMP__,left_rear_prop_2_vert,__DESTCONN__,MOTOR_CONNECTOR_CS_IN,,,,,,
addConn,__SOURCEDESIGN__,TestTrowel,__SOURCECOMP__,rear_right_cyl_4,__SOURCECONN__,FRONT_CONNECTOR,__DESTCOMP__,rear_right_cyl_3,__DESTCONN__,REAR_CONNECTOR,,,,,,
addConn,__SOURCEDESIGN__,TestTrowel,__SOURCECOMP__,777V_Bat_System,__SOURCECONN__,MotorPower,__DESTCOMP__,right_rear_motor_2_vert,__DESTCONN__,MotorPower,,,,,,
addConn,__SOURCEDESIGN__,TestTrowel,__SOURCECOMP__,Passenger2,__SOURCECONN__,Connector,__DESTCOMP__,fuselage,__DESTCONN__,SEAT_2_CONNECTOR,,,,,,
addConn,__SOURCEDESIGN__,TestTrowel,__SOURCECOMP__,left_front_motor_fwd,__SOURCECONN__,Prop_Connector,__DESTCOMP__,left_front_prop_fwd,__DESTCONN__,MOTOR_CONNECTOR_CS_IN,,,,,,
addConn,__SOURCEDESIGN__,TestTrowel,__SOURCECOMP__,right_front_motor_2_vert,__SOURCECONN__,MotorPower,__DESTCOMP__,777V_Bat_System,__DESTCONN__,MotorPower,,,,,,
addConn,__SOURCEDESIGN__,TestTrowel,__SOURCECOMP__,left_front_motor_2_vert,__SOURCECONN__,Base_Connector,__DESTCOMP__,front_left_cyl_2,__DESTCONN__,TOP_CONNECTOR,,,,,,
addConn,__SOURCEDESIGN__,TestTrowel,__SOURCECOMP__,right_front_motor_3_vert,__SOURCECONN__,Base_Connector,__DESTCOMP__,front_right_cyl_3,__DESTCONN__,TOP_CONNECTOR,,,,,,
addConn,__SOURCEDESIGN__,TestTrowel,__SOURCECOMP__,left_rear_motor_3_vert,__SOURCECONN__,Base_Connector,__DESTCOMP__,rear_left_cyl_3,__DESTCONN__,TOP_CONNECTOR,,,,,,
addConn,__SOURCEDESIGN__,TestTrowel,__SOURCECOMP__,left_rear_motor_1_vert,__SOURCECONN__,Prop_Connector,__DESTCOMP__,left_rear_prop_1_vert,__DESTCONN__,MOTOR_CONNECTOR_CS_IN,,,,,,
addConn,__SOURCEDESIGN__,TestTrowel,__SOURCECOMP__,right_front_prop_1_vert,__SOURCECONN__,MOTOR_CONNECTOR_CS_IN,__DESTCOMP__,right_front_motor_1_vert,__DESTCONN__,Prop_Connector,,,,,,
addConn,__SOURCEDESIGN__,TestTrowel,__SOURCECOMP__,center_left_cyl,__SOURCECONN__,REAR_CONNECTOR,__DESTCOMP__,rear_left_cyl_1,__DESTCONN__,FRONT_CONNECTOR,,,,,,
addConn,__SOURCEDESIGN__,TestTrowel,__SOURCECOMP__,rear_right_cyl_1,__SOURCECONN__,FRONT_CONNECTOR,__DESTCOMP__,center_right_cyl,__DESTCONN__,REAR_CONNECTOR,,,,,,
addConn,__SOURCEDESIGN__,TestTrowel,__SOURCECOMP__,rear_left_cyl_1,__SOURCECONN__,REAR_CONNECTOR,__DESTCOMP__,rear_left_cyl_2,__DESTCONN__,FRONT_CONNECTOR,,,,,,
addConn,__SOURCEDESIGN__,TestTrowel,__SOURCECOMP__,left_front_motor_1_vert,__SOURCECONN__,Base_Connector,__DESTCOMP__,front_left_cyl_1,__DESTCONN__,TOP_CONNECTOR,,,,,,
addConn,__SOURCEDESIGN__,TestTrowel,__SOURCECOMP__,fuselage,__SOURCECONN__,SEAT_1_CONNECTOR,__DESTCOMP__,Passenger1,__DESTCONN__,Connector,,,,,,
addConn,__SOURCEDESIGN__,TestTrowel,__SOURCECOMP__,rear_right_cyl_2,__SOURCECONN__,REAR_CONNECTOR,__DESTCOMP__,rear_right_cyl_3,__DESTCONN__,FRONT_CONNECTOR,,,,,,
addConn,__SOURCEDESIGN__,TestTrowel,__SOURCECOMP__,left_tail_wing,__SOURCECONN__,Connector_1,__DESTCOMP__,rear_left_cyl_4,__DESTCONN__,LEFT_CONNECTOR,,,,,,
addConn,__SOURCEDESIGN__,TestTrowel,__SOURCECOMP__,left_battery,__SOURCECONN__,Battery_Connector_2_out,__DESTCOMP__,left_bot_wing,__DESTCONN__,Battery_Connector_2,,,,,,
addConn,__SOURCEDESIGN__,TestTrowel,__SOURCECOMP__,right_bot_wing,__SOURCECONN__,Connector_1,__DESTCOMP__,bot_naca_connector,__DESTCONN__,End_Connector_2,,,,,,
addConn,__SOURCEDESIGN__,TestTrowel,__SOURCECOMP__,right_front_motor_3_vert,__SOURCECONN__,MotorPower,__DESTCOMP__,777V_Bat_System,__DESTCONN__,MotorPower,,,,,,
addConn,__SOURCEDESIGN__,TestTrowel,__SOURCECOMP__,777V_Bat_System,__SOURCECONN__,MotorPower,__DESTCOMP__,right_front_motor_1_vert,__DESTCONN__,MotorPower,,,,,,
addConn,__SOURCEDESIGN__,TestTrowel,__SOURCECOMP__,front_left_cyl_1,__SOURCECONN__,REAR_CONNECTOR,__DESTCOMP__,front_left_cyl_2,__DESTCONN__,FRONT_CONNECTOR,,,,,,
addConn,__SOURCEDESIGN__,TestTrowel,__SOURCECOMP__,777V_Bat_System,__SOURCECONN__,MotorPower,__DESTCOMP__,right_rear_motor_3_vert,__DESTCONN__,MotorPower,,,,,,
addConn,__SOURCEDESIGN__,TestTrowel,__SOURCECOMP__,front_left_cyl_3,__SOURCECONN__,FRONT_CONNECTOR,__DESTCOMP__,front_left_cyl_2,__DESTCONN__,REAR_CONNECTOR,,,,,,
addConn,__SOURCEDESIGN__,TestTrowel,__SOURCECOMP__,right_rear_motor_2_vert,__SOURCECONN__,Prop_Connector,__DESTCOMP__,right_rear_prop_2_vert,__DESTCONN__,MOTOR_CONNECTOR_CS_IN,,,,,,
addConn,__SOURCEDESIGN__,TestTrowel,__SOURCECOMP__,right_rear_motor_1_vert,__SOURCECONN__,MotorPower,__DESTCOMP__,777V_Bat_System,__DESTCONN__,MotorPower,,,,,,
addConn,__SOURCEDESIGN__,TestTrowel,__SOURCECOMP__,front_right_cyl_3,__SOURCECONN__,REAR_CONNECTOR,__DESTCOMP__,center_right_cyl,__DESTCONN__,FRONT_CONNECTOR,,,,,,
addConn,__SOURCEDESIGN__,TestTrowel,__SOURCECOMP__,left_rear_motor_3_vert,__SOURCECONN__,MotorPower,__DESTCOMP__,777V_Bat_System,__DESTCONN__,MotorPower,,,,,,
addConn,__SOURCEDESIGN__,TestTrowel,__SOURCECOMP__,front_right_cyl_1,__SOURCECONN__,TOP_CONNECTOR,__DESTCOMP__,right_front_motor_1_vert,__DESTCONN__,Base_Connector,,,,,,
addNewPropx,__SOURCEDESIGN__,TestTrowel,__PROPNAME__,Param_0,__PROPVAL__,1650.0,,,,,,,,,,
addPropConnl,__SOURCEDESIGN__,TestTrowel,__DESTCOMP__,rear_left_cyl_3,__DESTPI__,LENGTH,__SOURCEPROP__,Param_0,,,,,,,,
addNewPropx,__SOURCEDESIGN__,TestTrowel,__PROPNAME__,Param_7,__PROPVAL__,200.0,,,,,,,,,,
addPropConnl,__SOURCEDESIGN__,TestTrowel,__DESTCOMP__,rear_left_cyl_3,__DESTPI__,DIAMETER,__SOURCEPROP__,Param_7,,,,,,,,
addNewPropx,__SOURCEDESIGN__,TestTrowel,__PROPNAME__,battery_percent,__PROPVAL__,100.0,,,,,,,,,,
addPropConnl,__SOURCEDESIGN__,TestTrowel,__DESTCOMP__,right_battery,__DESTPI__,VOLUME_PERCENT,__SOURCEPROP__,battery_percent,,,,,,,,
addNewPropx,__SOURCEDESIGN__,TestTrowel,__PROPNAME__,voltage_request,__PROPVAL__,777.0,,,,,,,,,,
addPropConnl,__SOURCEDESIGN__,TestTrowel,__DESTCOMP__,right_battery,__DESTPI__,VOLTAGE_REQUEST,__SOURCEPROP__,voltage_request,,,,,,,,
addNewPropx,__SOURCEDESIGN__,TestTrowel,__PROPNAME__,Param_15,__PROPVAL__,25.0,,,,,,,,,,
addPropConnl,__SOURCEDESIGN__,TestTrowel,__DESTCOMP__,right_battery,__DESTPI__,THICKNESS,__SOURCEPROP__,Param_15,,,,,,,,
addNewPropx,__SOURCEDESIGN__,TestTrowel,__PROPNAME__,Param_14,__PROPVAL__,4500.0,,,,,,,,,,
addPropConnl,__SOURCEDESIGN__,TestTrowel,__DESTCOMP__,right_battery,__DESTPI__,SPAN,__SOURCEPROP__,Param_14,,,,,,,,
addNewPropx,__SOURCEDESIGN__,TestTrowel,__PROPNAME__,Param_12,__PROPVAL__,1000.0,,,,,,,,,,
addPropConnl,__SOURCEDESIGN__,TestTrowel,__DESTCOMP__,right_battery,__DESTPI__,CHORD_2,__SOURCEPROP__,Param_12,,,,,,,,
addPropConnl,__SOURCEDESIGN__,TestTrowel,__DESTCOMP__,right_battery,__DESTPI__,CHORD_1,__SOURCEPROP__,Param_12,,,,,,,,
addNewPropx,__SOURCEDESIGN__,TestTrowel,__PROPNAME__,UpFacingCW_PropType,__PROPVAL__,1.0,,,,,,,,,,
addPropConnl,__SOURCEDESIGN__,TestTrowel,__DESTCOMP__,right_rear_prop_1_vert,__DESTPI__,Prop_type,__SOURCEPROP__,UpFacingCW_PropType,,,,,,,,
addNewPropx,__SOURCEDESIGN__,TestTrowel,__PROPNAME__,UpFacingCW_Spin,__PROPVAL__,1.0,,,,,,,,,,
addPropConnl,__SOURCEDESIGN__,TestTrowel,__DESTCOMP__,right_rear_prop_1_vert,__DESTPI__,Direction,__SOURCEPROP__,UpFacingCW_Spin,,,,,,,,
addNewPropx,__SOURCEDESIGN__,TestTrowel,__PROPNAME__,UpFacingCCW_Spin,__PROPVAL__,-1.0,,,,,,,,,,
addPropConnl,__SOURCEDESIGN__,TestTrowel,__DESTCOMP__,right_front_prop_1_vert,__DESTPI__,Direction,__SOURCEPROP__,UpFacingCCW_Spin,,,,,,,,
addNewPropx,__SOURCEDESIGN__,TestTrowel,__PROPNAME__,UpFacingCCW_PropType,__PROPVAL__,-1.0,,,,,,,,,,
addPropConnl,__SOURCEDESIGN__,TestTrowel,__DESTCOMP__,right_front_prop_1_vert,__DESTPI__,Prop_type,__SOURCEPROP__,UpFacingCCW_PropType,,,,,,,,
addNewPropx,__SOURCEDESIGN__,TestTrowel,__PROPNAME__,Param_1,__PROPVAL__,2000.0,,,,,,,,,,
addPropConnl,__SOURCEDESIGN__,TestTrowel,__DESTCOMP__,center_left_cyl,__DESTPI__,LENGTH,__SOURCEPROP__,Param_1,,,,,,,,
addPropConnl,__SOURCEDESIGN__,TestTrowel,__DESTCOMP__,center_left_cyl,__DESTPI__,DIAMETER,__SOURCEPROP__,Param_7,,,,,,,,
addNewPropx,__SOURCEDESIGN__,TestTrowel,__PROPNAME__,FwdFacingCCW_Spin,__PROPVAL__,-1.0,,,,,,,,,,
addPropConnl,__SOURCEDESIGN__,TestTrowel,__DESTCOMP__,left_front_prop_fwd,__DESTPI__,Direction,__SOURCEPROP__,FwdFacingCCW_Spin,,,,,,,,
addNewPropx,__SOURCEDESIGN__,TestTrowel,__PROPNAME__,FwdFacingCCW_PropType,__PROPVAL__,-1.0,,,,,,,,,,
addPropConnl,__SOURCEDESIGN__,TestTrowel,__DESTCOMP__,left_front_prop_fwd,__DESTPI__,Prop_type,__SOURCEPROP__,FwdFacingCCW_PropType,,,,,,,,
addPropConnl,__SOURCEDESIGN__,TestTrowel,__DESTCOMP__,right_rear_prop_3_vert,__DESTPI__,Prop_type,__SOURCEPROP__,UpFacingCW_PropType,,,,,,,,
addPropConnl,__SOURCEDESIGN__,TestTrowel,__DESTCOMP__,right_rear_prop_3_vert,__DESTPI__,Direction,__SOURCEPROP__,UpFacingCW_Spin,,,,,,,,
addPropConnl,__SOURCEDESIGN__,TestTrowel,__DESTCOMP__,left_rear_prop_3_vert,__DESTPI__,Direction,__SOURCEPROP__,UpFacingCCW_Spin,,,,,,,,
addPropConnl,__SOURCEDESIGN__,TestTrowel,__DESTCOMP__,left_rear_prop_3_vert,__DESTPI__,Prop_type,__SOURCEPROP__,UpFacingCCW_PropType,,,,,,,,
addPropConnl,__SOURCEDESIGN__,TestTrowel,__DESTCOMP__,rear_right_cyl_2,__DESTPI__,LENGTH,__SOURCEPROP__,Param_0,,,,,,,,
addPropConnl,__SOURCEDESIGN__,TestTrowel,__DESTCOMP__,rear_right_cyl_2,__DESTPI__,DIAMETER,__SOURCEPROP__,Param_7,,,,,,,,
addPropConnl,__SOURCEDESIGN__,TestTrowel,__DESTCOMP__,front_right_cyl_1,__DESTPI__,LENGTH,__SOURCEPROP__,Param_0,,,,,,,,
addPropConnl,__SOURCEDESIGN__,TestTrowel,__DESTCOMP__,front_right_cyl_1,__DESTPI__,DIAMETER,__SOURCEPROP__,Param_7,,,,,,,,
addNewPropx,__SOURCEDESIGN__,TestTrowel,__PROPNAME__,RearWingLoad,__PROPVAL__,1000.0,,,,,,,,,,
addPropConnl,__SOURCEDESIGN__,TestTrowel,__DESTCOMP__,left_tail_wing,__DESTPI__,LOAD,__SOURCEPROP__,RearWingLoad,,,,,,,,
addNewPropx,__SOURCEDESIGN__,TestTrowel,__PROPNAME__,NACA_3,__PROPVAL__,12.0,,,,,,,,,,
addPropConnl,__SOURCEDESIGN__,TestTrowel,__DESTCOMP__,left_tail_wing,__DESTPI__,NACA_Profile,__SOURCEPROP__,NACA_3,,,,,,,,
addPropConnl,__SOURCEDESIGN__,TestTrowel,__DESTCOMP__,left_tail_wing,__DESTPI__,SPAN,__SOURCEPROP__,Param_14,,,,,,,,
addPropConnl,__SOURCEDESIGN__,TestTrowel,__DESTCOMP__,left_tail_wing,__DESTPI__,CHORD_2,__SOURCEPROP__,Param_12,,,,,,,,
addPropConnl,__SOURCEDESIGN__,TestTrowel,__DESTCOMP__,left_tail_wing,__DESTPI__,CHORD_1,__SOURCEPROP__,Param_12,,,,,,,,
addNewPropx,__SOURCEDESIGN__,TestTrowel,__PROPNAME__,Param_2,__PROPVAL__,12.0,,,,,,,,,,
addPropConnl,__SOURCEDESIGN__,TestTrowel,__DESTCOMP__,left_tail_wing,__DESTPI__,THICKNESS,__SOURCEPROP__,Param_2,,,,,,,,
addPropConnl,__SOURCEDESIGN__,TestTrowel,__DESTCOMP__,right_tail_wing,__DESTPI__,LOAD,__SOURCEPROP__,RearWingLoad,,,,,,,,
addPropConnl,__SOURCEDESIGN__,TestTrowel,__DESTCOMP__,right_tail_wing,__DESTPI__,NACA_Profile,__SOURCEPROP__,NACA_3,,,,,,,,
addPropConnl,__SOURCEDESIGN__,TestTrowel,__DESTCOMP__,right_tail_wing,__DESTPI__,SPAN,__SOURCEPROP__,Param_14,,,,,,,,
addPropConnl,__SOURCEDESIGN__,TestTrowel,__DESTCOMP__,right_tail_wing,__DESTPI__,CHORD_2,__SOURCEPROP__,Param_12,,,,,,,,
addPropConnl,__SOURCEDESIGN__,TestTrowel,__DESTCOMP__,right_tail_wing,__DESTPI__,CHORD_1,__SOURCEPROP__,Param_12,,,,,,,,
addPropConnl,__SOURCEDESIGN__,TestTrowel,__DESTCOMP__,right_tail_wing,__DESTPI__,THICKNESS,__SOURCEPROP__,Param_2,,,,,,,,
addPropConnl,__SOURCEDESIGN__,TestTrowel,__DESTCOMP__,rear_left_cyl_1,__DESTPI__,LENGTH,__SOURCEPROP__,Param_0,,,,,,,,
addPropConnl,__SOURCEDESIGN__,TestTrowel,__DESTCOMP__,rear_left_cyl_1,__DESTPI__,DIAMETER,__SOURCEPROP__,Param_7,,,,,,,,
addNewPropx,__SOURCEDESIGN__,TestTrowel,__PROPNAME__,Param_4,__PROPVAL__,150.0,,,,,,,,,,
addPropConnl,__SOURCEDESIGN__,TestTrowel,__DESTCOMP__,bot_naca_connector,__DESTPI__,PORT_THICKNESS,__SOURCEPROP__,Param_4,,,,,,,,
addPropConnl,__SOURCEDESIGN__,TestTrowel,__DESTCOMP__,bot_naca_connector,__DESTPI__,THICKNESS,__SOURCEPROP__,Param_15,,,,,,,,
addPropConnl,__SOURCEDESIGN__,TestTrowel,__DESTCOMP__,bot_naca_connector,__DESTPI__,CHORD,__SOURCEPROP__,Param_12,,,,,,,,
addPropConnl,__SOURCEDESIGN__,TestTrowel,__DESTCOMP__,right_front_prop_3_vert,__DESTPI__,Direction,__SOURCEPROP__,UpFacingCCW_Spin,,,,,,,,
addPropConnl,__SOURCEDESIGN__,TestTrowel,__DESTCOMP__,right_front_prop_3_vert,__DESTPI__,Prop_type,__SOURCEPROP__,UpFacingCCW_PropType,,,,,,,,
addNewPropx,__SOURCEDESIGN__,TestTrowel,__PROPNAME__,MainWingLoad,__PROPVAL__,7000.0,,,,,,,,,,
addPropConnl,__SOURCEDESIGN__,TestTrowel,__DESTCOMP__,left_top_wing,__DESTPI__,LOAD,__SOURCEPROP__,MainWingLoad,,,,,,,,
addNewPropx,__SOURCEDESIGN__,TestTrowel,__PROPNAME__,NACA_1,__PROPVAL__,4512.0,,,,,,,,,,
addPropConnl,__SOURCEDESIGN__,TestTrowel,__DESTCOMP__,left_top_wing,__DESTPI__,NACA_Profile,__SOURCEPROP__,NACA_1,,,,,,,,
addNewPropx,__SOURCEDESIGN__,TestTrowel,__PROPNAME__,Param_11,__PROPVAL__,10000.0,,,,,,,,,,
addPropConnl,__SOURCEDESIGN__,TestTrowel,__DESTCOMP__,left_top_wing,__DESTPI__,SPAN,__SOURCEPROP__,Param_11,,,,,,,,
addPropConnl,__SOURCEDESIGN__,TestTrowel,__DESTCOMP__,left_top_wing,__DESTPI__,CHORD_2,__SOURCEPROP__,Param_1,,,,,,,,
addPropConnl,__SOURCEDESIGN__,TestTrowel,__DESTCOMP__,left_top_wing,__DESTPI__,CHORD_1,__SOURCEPROP__,Param_1,,,,,,,,
addPropConnl,__SOURCEDESIGN__,TestTrowel,__DESTCOMP__,left_top_wing,__DESTPI__,THICKNESS,__SOURCEPROP__,Param_2,,,,,,,,
addNewPropx,__SOURCEDESIGN__,TestTrowel,__PROPNAME__,Param_3,__PROPVAL__,1000.0,,,,,,,,,,
addPropConnl,__SOURCEDESIGN__,TestTrowel,__DESTCOMP__,rear_right_cyl_4,__DESTPI__,LENGTH,__SOURCEPROP__,Param_3,,,,,,,,
addNewPropx,__SOURCEDESIGN__,TestTrowel,__PROPNAME__,Param_19,__PROPVAL__,315.0,,,,,,,,,,
addPropConnl,__SOURCEDESIGN__,TestTrowel,__DESTCOMP__,rear_right_cyl_4,__DESTPI__,FRONT_ANGLE,__SOURCEPROP__,Param_19,,,,,,,,
addNewPropx,__SOURCEDESIGN__,TestTrowel,__PROPNAME__,Param_9,__PROPVAL__,150.0,,,,,,,,,,
addPropConnl,__SOURCEDESIGN__,TestTrowel,__DESTCOMP__,rear_right_cyl_4,__DESTPI__,PORT_THICKNESS,__SOURCEPROP__,Param_9,,,,,,,,
addPropConnl,__SOURCEDESIGN__,TestTrowel,__DESTCOMP__,rear_right_cyl_4,__DESTPI__,DIAMETER,__SOURCEPROP__,Param_7,,,,,,,,
addPropConnl,__SOURCEDESIGN__,TestTrowel,__DESTCOMP__,right_top_wing,__DESTPI__,LOAD,__SOURCEPROP__,MainWingLoad,,,,,,,,
addPropConnl,__SOURCEDESIGN__,TestTrowel,__DESTCOMP__,right_top_wing,__DESTPI__,NACA_Profile,__SOURCEPROP__,NACA_1,,,,,,,,
addPropConnl,__SOURCEDESIGN__,TestTrowel,__DESTCOMP__,right_top_wing,__DESTPI__,SPAN,__SOURCEPROP__,Param_11,,,,,,,,
addPropConnl,__SOURCEDESIGN__,TestTrowel,__DESTCOMP__,right_top_wing,__DESTPI__,CHORD_2,__SOURCEPROP__,Param_1,,,,,,,,
addPropConnl,__SOURCEDESIGN__,TestTrowel,__DESTCOMP__,right_top_wing,__DESTPI__,CHORD_1,__SOURCEPROP__,Param_1,,,,,,,,
addPropConnl,__SOURCEDESIGN__,TestTrowel,__DESTCOMP__,right_top_wing,__DESTPI__,THICKNESS,__SOURCEPROP__,Param_2,,,,,,,,
addPropConnl,__SOURCEDESIGN__,TestTrowel,__DESTCOMP__,left_front_prop_3_vert,__DESTPI__,Prop_type,__SOURCEPROP__,UpFacingCW_PropType,,,,,,,,
addPropConnl,__SOURCEDESIGN__,TestTrowel,__DESTCOMP__,left_front_prop_3_vert,__DESTPI__,Direction,__SOURCEPROP__,UpFacingCW_Spin,,,,,,,,
addPropConnl,__SOURCEDESIGN__,TestTrowel,__DESTCOMP__,left_rear_prop_1_vert,__DESTPI__,Direction,__SOURCEPROP__,UpFacingCCW_Spin,,,,,,,,
addPropConnl,__SOURCEDESIGN__,TestTrowel,__DESTCOMP__,left_rear_prop_1_vert,__DESTPI__,Prop_type,__SOURCEPROP__,UpFacingCCW_PropType,,,,,,,,
addNewPropx,__SOURCEDESIGN__,TestTrowel,__PROPNAME__,FwdFacingCW_PropType,__PROPVAL__,1.0,,,,,,,,,,
addPropConnl,__SOURCEDESIGN__,TestTrowel,__DESTCOMP__,right_front_prop_fwd,__DESTPI__,Prop_type,__SOURCEPROP__,FwdFacingCW_PropType,,,,,,,,
addNewPropx,__SOURCEDESIGN__,TestTrowel,__PROPNAME__,FwdFacingCW_Spin,__PROPVAL__,1.0,,,,,,,,,,
addPropConnl,__SOURCEDESIGN__,TestTrowel,__DESTCOMP__,right_front_prop_fwd,__DESTPI__,Direction,__SOURCEPROP__,FwdFacingCW_Spin,,,,,,,,
addPropConnl,__SOURCEDESIGN__,TestTrowel,__DESTCOMP__,rear_right_cyl_1,__DESTPI__,LENGTH,__SOURCEPROP__,Param_0,,,,,,,,
addPropConnl,__SOURCEDESIGN__,TestTrowel,__DESTCOMP__,rear_right_cyl_1,__DESTPI__,DIAMETER,__SOURCEPROP__,Param_7,,,,,,,,
addNewPropx,__SOURCEDESIGN__,TestTrowel,__PROPNAME__,NACA_2,__PROPVAL__,25.0,,,,,,,,,,
addPropConnl,__SOURCEDESIGN__,TestTrowel,__DESTCOMP__,left_bot_wing,__DESTPI__,NACA_Profile,__SOURCEPROP__,NACA_2,,,,,,,,
addPropConnl,__SOURCEDESIGN__,TestTrowel,__DESTCOMP__,left_bot_wing,__DESTPI__,THICKNESS,__SOURCEPROP__,Param_15,,,,,,,,
addNewPropx,__SOURCEDESIGN__,TestTrowel,__PROPNAME__,BottomWingLoad,__PROPVAL__,2000.0,,,,,,,,,,
addPropConnl,__SOURCEDESIGN__,TestTrowel,__DESTCOMP__,left_bot_wing,__DESTPI__,LOAD,__SOURCEPROP__,BottomWingLoad,,,,,,,,
addPropConnl,__SOURCEDESIGN__,TestTrowel,__DESTCOMP__,left_bot_wing,__DESTPI__,SPAN,__SOURCEPROP__,Param_14,,,,,,,,
addPropConnl,__SOURCEDESIGN__,TestTrowel,__DESTCOMP__,left_bot_wing,__DESTPI__,CHORD_1,__SOURCEPROP__,Param_12,,,,,,,,
addPropConnl,__SOURCEDESIGN__,TestTrowel,__DESTCOMP__,left_bot_wing,__DESTPI__,CHORD_2,__SOURCEPROP__,Param_12,,,,,,,,
addPropConnl,__SOURCEDESIGN__,TestTrowel,__DESTCOMP__,right_rear_prop_2_vert,__DESTPI__,Direction,__SOURCEPROP__,UpFacingCCW_Spin,,,,,,,,
addPropConnl,__SOURCEDESIGN__,TestTrowel,__DESTCOMP__,right_rear_prop_2_vert,__DESTPI__,Prop_type,__SOURCEPROP__,UpFacingCCW_PropType,,,,,,,,
addPropConnl,__SOURCEDESIGN__,TestTrowel,__DESTCOMP__,left_rear_prop_2_vert,__DESTPI__,Prop_type,__SOURCEPROP__,UpFacingCW_PropType,,,,,,,,
addPropConnl,__SOURCEDESIGN__,TestTrowel,__DESTCOMP__,left_rear_prop_2_vert,__DESTPI__,Direction,__SOURCEPROP__,UpFacingCW_Spin,,,,,,,,
addNewPropx,__SOURCEDESIGN__,TestTrowel,__PROPNAME__,Param_5,__PROPVAL__,2000.0,,,,,,,,,,
addPropConnl,__SOURCEDESIGN__,TestTrowel,__DESTCOMP__,fuselage,__DESTPI__,LENGTH,__SOURCEPROP__,Param_5,,,,,,,,
addNewPropx,__SOURCEDESIGN__,TestTrowel,__PROPNAME__,Param_16,__PROPVAL__,790.0,,,,,,,,,,
addPropConnl,__SOURCEDESIGN__,TestTrowel,__DESTCOMP__,fuselage,__DESTPI__,SEAT_2_FB,__SOURCEPROP__,Param_16,,,,,,,,
addPropConnl,__SOURCEDESIGN__,TestTrowel,__DESTCOMP__,fuselage,__DESTPI__,SEAT_1_FB,__SOURCEPROP__,Param_16,,,,,,,,
addPropConnl,__SOURCEDESIGN__,TestTrowel,__DESTCOMP__,fuselage,__DESTPI__,PORT_THICKNESS,__SOURCEPROP__,Param_4,,,,,,,,
addNewPropx,__SOURCEDESIGN__,TestTrowel,__PROPNAME__,Param_6,__PROPVAL__,1520.0,,,,,,,,,,
addPropConnl,__SOURCEDESIGN__,TestTrowel,__DESTCOMP__,fuselage,__DESTPI__,SPHERE_DIAMETER,__SOURCEPROP__,Param_6,,,,,,,,
addNewPropx,__SOURCEDESIGN__,TestTrowel,__PROPNAME__,Param_8,__PROPVAL__,300.0,,,,,,,,,,
addPropConnl,__SOURCEDESIGN__,TestTrowel,__DESTCOMP__,fuselage,__DESTPI__,MIDDLE_LENGTH,__SOURCEPROP__,Param_8,,,,,,,,
addNewPropx,__SOURCEDESIGN__,TestTrowel,__PROPNAME__,Param_18,__PROPVAL__,-210.0,,,,,,,,,,
addPropConnl,__SOURCEDESIGN__,TestTrowel,__DESTCOMP__,fuselage,__DESTPI__,SEAT_2_LR,__SOURCEPROP__,Param_18,,,,,,,,
addNewPropx,__SOURCEDESIGN__,TestTrowel,__PROPNAME__,Param_17,__PROPVAL__,210.0,,,,,,,,,,
addPropConnl,__SOURCEDESIGN__,TestTrowel,__DESTCOMP__,fuselage,__DESTPI__,SEAT_1_LR,__SOURCEPROP__,Param_17,,,,,,,,
addPropConnl,__SOURCEDESIGN__,TestTrowel,__DESTCOMP__,fuselage,__DESTPI__,FLOOR_HEIGHT,__SOURCEPROP__,Param_9,,,,,,,,
addPropConnl,__SOURCEDESIGN__,TestTrowel,__DESTCOMP__,fuselage,__DESTPI__,TAIL_DIAMETER,__SOURCEPROP__,Param_7,,,,,,,,
addPropConnl,__SOURCEDESIGN__,TestTrowel,__DESTCOMP__,front_right_cyl_2,__DESTPI__,LENGTH,__SOURCEPROP__,Param_0,,,,,,,,
addPropConnl,__SOURCEDESIGN__,TestTrowel,__DESTCOMP__,front_right_cyl_2,__DESTPI__,DIAMETER,__SOURCEPROP__,Param_7,,,,,,,,
addPropConnl,__SOURCEDESIGN__,TestTrowel,__DESTCOMP__,right_bot_wing,__DESTPI__,NACA_Profile,__SOURCEPROP__,NACA_2,,,,,,,,
addPropConnl,__SOURCEDESIGN__,TestTrowel,__DESTCOMP__,right_bot_wing,__DESTPI__,THICKNESS,__SOURCEPROP__,Param_15,,,,,,,,
addPropConnl,__SOURCEDESIGN__,TestTrowel,__DESTCOMP__,right_bot_wing,__DESTPI__,LOAD,__SOURCEPROP__,BottomWingLoad,,,,,,,,
addPropConnl,__SOURCEDESIGN__,TestTrowel,__DESTCOMP__,right_bot_wing,__DESTPI__,SPAN,__SOURCEPROP__,Param_14,,,,,,,,
addPropConnl,__SOURCEDESIGN__,TestTrowel,__DESTCOMP__,right_bot_wing,__DESTPI__,CHORD_1,__SOURCEPROP__,Param_12,,,,,,,,
addPropConnl,__SOURCEDESIGN__,TestTrowel,__DESTCOMP__,right_bot_wing,__DESTPI__,CHORD_2,__SOURCEPROP__,Param_12,,,,,,,,
addPropConnl,__SOURCEDESIGN__,TestTrowel,__DESTCOMP__,right_front_prop_2_vert,__DESTPI__,Prop_type,__SOURCEPROP__,UpFacingCW_PropType,,,,,,,,
addPropConnl,__SOURCEDESIGN__,TestTrowel,__DESTCOMP__,right_front_prop_2_vert,__DESTPI__,Direction,__SOURCEPROP__,UpFacingCW_Spin,,,,,,,,
addPropConnl,__SOURCEDESIGN__,TestTrowel,__DESTCOMP__,front_right_cyl_3,__DESTPI__,LENGTH,__SOURCEPROP__,Param_0,,,,,,,,
addPropConnl,__SOURCEDESIGN__,TestTrowel,__DESTCOMP__,front_right_cyl_3,__DESTPI__,DIAMETER,__SOURCEPROP__,Param_7,,,,,,,,
addPropConnl,__SOURCEDESIGN__,TestTrowel,__DESTCOMP__,center_right_cyl,__DESTPI__,LENGTH,__SOURCEPROP__,Param_1,,,,,,,,
addPropConnl,__SOURCEDESIGN__,TestTrowel,__DESTCOMP__,center_right_cyl,__DESTPI__,DIAMETER,__SOURCEPROP__,Param_7,,,,,,,,
addNewPropx,__SOURCEDESIGN__,TestTrowel,__PROPNAME__,Param_10,__PROPVAL__,45.0,,,,,,,,,,
addPropConnl,__SOURCEDESIGN__,TestTrowel,__DESTCOMP__,rear_left_cyl_4,__DESTPI__,FRONT_ANGLE,__SOURCEPROP__,Param_10,,,,,,,,
addPropConnl,__SOURCEDESIGN__,TestTrowel,__DESTCOMP__,rear_left_cyl_4,__DESTPI__,LENGTH,__SOURCEPROP__,Param_3,,,,,,,,
addPropConnl,__SOURCEDESIGN__,TestTrowel,__DESTCOMP__,rear_left_cyl_4,__DESTPI__,PORT_THICKNESS,__SOURCEPROP__,Param_9,,,,,,,,
addPropConnl,__SOURCEDESIGN__,TestTrowel,__DESTCOMP__,rear_left_cyl_4,__DESTPI__,DIAMETER,__SOURCEPROP__,Param_7,,,,,,,,
addPropConnl,__SOURCEDESIGN__,TestTrowel,__DESTCOMP__,top_naca_connector,__DESTPI__,PORT_THICKNESS,__SOURCEPROP__,Param_4,,,,,,,,
addPropConnl,__SOURCEDESIGN__,TestTrowel,__DESTCOMP__,top_naca_connector,__DESTPI__,CHORD,__SOURCEPROP__,Param_1,,,,,,,,
addPropConnl,__SOURCEDESIGN__,TestTrowel,__DESTCOMP__,top_naca_connector,__DESTPI__,THICKNESS,__SOURCEPROP__,Param_2,,,,,,,,
addPropConnl,__SOURCEDESIGN__,TestTrowel,__DESTCOMP__,left_front_prop_2_vert,__DESTPI__,Direction,__SOURCEPROP__,UpFacingCCW_Spin,,,,,,,,
addPropConnl,__SOURCEDESIGN__,TestTrowel,__DESTCOMP__,left_front_prop_2_vert,__DESTPI__,Prop_type,__SOURCEPROP__,UpFacingCCW_PropType,,,,,,,,
addPropConnl,__SOURCEDESIGN__,TestTrowel,__DESTCOMP__,left_front_prop_1_vert,__DESTPI__,Prop_type,__SOURCEPROP__,UpFacingCW_PropType,,,,,,,,
addPropConnl,__SOURCEDESIGN__,TestTrowel,__DESTCOMP__,left_front_prop_1_vert,__DESTPI__,Direction,__SOURCEPROP__,UpFacingCW_Spin,,,,,,,,
addPropConnl,__SOURCEDESIGN__,TestTrowel,__DESTCOMP__,front_left_cyl_2,__DESTPI__,LENGTH,__SOURCEPROP__,Param_0,,,,,,,,
addPropConnl,__SOURCEDESIGN__,TestTrowel,__DESTCOMP__,front_left_cyl_2,__DESTPI__,DIAMETER,__SOURCEPROP__,Param_7,,,,,,,,
addPropConnl,__SOURCEDESIGN__,TestTrowel,__DESTCOMP__,front_left_cyl_3,__DESTPI__,LENGTH,__SOURCEPROP__,Param_0,,,,,,,,
addPropConnl,__SOURCEDESIGN__,TestTrowel,__DESTCOMP__,front_left_cyl_3,__DESTPI__,DIAMETER,__SOURCEPROP__,Param_7,,,,,,,,
addPropConnl,__SOURCEDESIGN__,TestTrowel,__DESTCOMP__,rear_left_cyl_2,__DESTPI__,LENGTH,__SOURCEPROP__,Param_0,,,,,,,,
addPropConnl,__SOURCEDESIGN__,TestTrowel,__DESTCOMP__,rear_left_cyl_2,__DESTPI__,DIAMETER,__SOURCEPROP__,Param_7,,,,,,,,
addPropConnl,__SOURCEDESIGN__,TestTrowel,__DESTCOMP__,left_battery,__DESTPI__,VOLUME_PERCENT,__SOURCEPROP__,battery_percent,,,,,,,,
addPropConnl,__SOURCEDESIGN__,TestTrowel,__DESTCOMP__,left_battery,__DESTPI__,VOLTAGE_REQUEST,__SOURCEPROP__,voltage_request,,,,,,,,
addPropConnl,__SOURCEDESIGN__,TestTrowel,__DESTCOMP__,left_battery,__DESTPI__,THICKNESS,__SOURCEPROP__,Param_15,,,,,,,,
addPropConnl,__SOURCEDESIGN__,TestTrowel,__DESTCOMP__,left_battery,__DESTPI__,SPAN,__SOURCEPROP__,Param_14,,,,,,,,
addPropConnl,__SOURCEDESIGN__,TestTrowel,__DESTCOMP__,left_battery,__DESTPI__,CHORD_2,__SOURCEPROP__,Param_12,,,,,,,,
addPropConnl,__SOURCEDESIGN__,TestTrowel,__DESTCOMP__,left_battery,__DESTPI__,CHORD_1,__SOURCEPROP__,Param_12,,,,,,,,
addNewPropx,__SOURCEDESIGN__,TestTrowel,__PROPNAME__,Mount_Side,__PROPVAL__,2.0,,,,,,,,,,
addPropConnl,__SOURCEDESIGN__,TestTrowel,__DESTCOMP__,left_battery,__DESTPI__,MOUNT_SIDE,__SOURCEPROP__,Mount_Side,,,,,,,,
addPropConnl,__SOURCEDESIGN__,TestTrowel,__DESTCOMP__,rear_right_cyl_3,__DESTPI__,LENGTH,__SOURCEPROP__,Param_0,,,,,,,,
addPropConnl,__SOURCEDESIGN__,TestTrowel,__DESTCOMP__,rear_right_cyl_3,__DESTPI__,DIAMETER,__SOURCEPROP__,Param_7,,,,,,,,
addPropConnl,__SOURCEDESIGN__,TestTrowel,__DESTCOMP__,front_left_cyl_1,__DESTPI__,LENGTH,__SOURCEPROP__,Param_0,,,,,,,,
addPropConnl,__SOURCEDESIGN__,TestTrowel,__DESTCOMP__,front_left_cyl_1,__DESTPI__,DIAMETER,__SOURCEPROP__,Param_7,,,,,,,,
