[
  { "FROM_COMP": "right_battery", "LIB_COMPONENT": "Tattu25AhLi" },
  {
    "FROM_COMP": "right_rear_prop_1_vert",
    "LIB_COMPONENT": "62x6_2_3200_51_1390"
  },
  { "FROM_COMP": "Orient", "LIB_COMPONENT": "Orient" },
  { "FROM_COMP": "Passenger2", "LIB_COMPONENT": "Passenger" },
  { "FROM_COMP": "rear_right_cyl_1", "LIB_COMPONENT": "PORTED_CYL" },
  { "FROM_COMP": "fuselage", "LIB_COMPONENT": "FUSE_SPHERE_CYL_CONE" },
  { "FROM_COMP": "Passenger1", "LIB_COMPONENT": "Passenger" },
  { "FROM_COMP": "top_naca_connector", "LIB_COMPONENT": "naca_connector" },
  { "FROM_COMP": "front_left_cyl_2", "LIB_COMPONENT": "PORTED_CYL" },
  { "FROM_COMP": "rear_left_cyl_2", "LIB_COMPONENT": "PORTED_CYL" },
  { "FROM_COMP": "front_left_cyl_1", "LIB_COMPONENT": "PORTED_CYL" },
  { "FROM_COMP": "left_front_motor_2_vert", "LIB_COMPONENT": "MAGiDRIVE150" },
  { "FROM_COMP": "front_left_cyl_3", "LIB_COMPONENT": "PORTED_CYL" },
  {
    "FROM_COMP": "right_front_prop_1_vert",
    "LIB_COMPONENT": "62x6_2_3200_51_1390"
  },
  { "FROM_COMP": "rear_left_cyl_3", "LIB_COMPONENT": "PORTED_CYL" },
  { "FROM_COMP": "left_front_motor_3_vert", "LIB_COMPONENT": "MAGiDRIVE150" },
  {
    "FROM_COMP": "left_front_prop_fwd",
    "LIB_COMPONENT": "62x6_2_3200_51_1390"
  },
  {
    "FROM_COMP": "left_rear_prop_3_vert",
    "LIB_COMPONENT": "62x6_2_3200_51_1390"
  },
  { "FROM_COMP": "right_front_motor_2_vert", "LIB_COMPONENT": "MAGiDRIVE150" },
  { "FROM_COMP": "left_tail_wing", "LIB_COMPONENT": "naca_wing" },
  { "FROM_COMP": "right_tail_wing", "LIB_COMPONENT": "naca_wing" },
  { "FROM_COMP": "right_rear_motor_1_vert", "LIB_COMPONENT": "MAGiDRIVE150" },
  { "FROM_COMP": "rear_right_cyl_2", "LIB_COMPONENT": "PORTED_CYL" },
  { "FROM_COMP": "front_left_cyl_flip", "LIB_COMPONENT": "Cyl_Flip" },
  {
    "FROM_COMP": "left_front_prop_3_vert",
    "LIB_COMPONENT": "62x6_2_3200_51_1390"
  },
  { "FROM_COMP": "left_rear_motor_2_vert", "LIB_COMPONENT": "MAGiDRIVE150" },
  {
    "FROM_COMP": "right_front_prop_3_vert",
    "LIB_COMPONENT": "62x6_2_3200_51_1390"
  },
  {
    "FROM_COMP": "left_rear_prop_2_vert",
    "LIB_COMPONENT": "62x6_2_3200_51_1390"
  },
  { "FROM_COMP": "front_right_cyl_2", "LIB_COMPONENT": "PORTED_CYL" },
  { "FROM_COMP": "left_top_wing", "LIB_COMPONENT": "naca_wing" },
  { "FROM_COMP": "front_right_cyl_flip", "LIB_COMPONENT": "Cyl_Flip" },
  { "FROM_COMP": "right_bot_wing", "LIB_COMPONENT": "naca_wing" },
  {
    "FROM_COMP": "right_front_prop_fwd",
    "LIB_COMPONENT": "62x6_2_3200_51_1390"
  },
  { "FROM_COMP": "left_bot_wing", "LIB_COMPONENT": "naca_wing" },
  {
    "FROM_COMP": "right_front_prop_2_vert",
    "LIB_COMPONENT": "62x6_2_3200_51_1390"
  },
  {
    "FROM_COMP": "right_rear_prop_2_vert",
    "LIB_COMPONENT": "62x6_2_3200_51_1390"
  },
  { "FROM_COMP": "front_right_cyl_3", "LIB_COMPONENT": "PORTED_CYL" },
  { "FROM_COMP": "left_center_cyl_flip", "LIB_COMPONENT": "Cyl_Flip_Out" },
  { "FROM_COMP": "center_right_cyl", "LIB_COMPONENT": "PORTED_CYL" },
  { "FROM_COMP": "rear_right_cyl_3", "LIB_COMPONENT": "PORTED_CYL" },
  { "FROM_COMP": "right_rear_motor_3_vert", "LIB_COMPONENT": "MAGiDRIVE150" },
  {
    "FROM_COMP": "left_front_prop_1_vert",
    "LIB_COMPONENT": "62x6_2_3200_51_1390"
  },
  { "FROM_COMP": "777V_Bat_System", "LIB_COMPONENT": "BatteryController" },
  { "FROM_COMP": "center_left_cyl", "LIB_COMPONENT": "PORTED_CYL" },
  { "FROM_COMP": "front_right_cyl_1", "LIB_COMPONENT": "PORTED_CYL" },
  { "FROM_COMP": "rear_left_cyl_1", "LIB_COMPONENT": "PORTED_CYL" },
  { "FROM_COMP": "Cyl_Flip_Out", "LIB_COMPONENT": "Cyl_Flip_Out" },
  { "FROM_COMP": "bot_naca_connector", "LIB_COMPONENT": "naca_connector" },
  { "FROM_COMP": "left_front_motor_1_vert", "LIB_COMPONENT": "MAGiDRIVE150" },
  {
    "FROM_COMP": "left_rear_prop_1_vert",
    "LIB_COMPONENT": "62x6_2_3200_51_1390"
  },
  { "FROM_COMP": "rear_right_cyl_4", "LIB_COMPONENT": "PORTED_CYL" },
  { "FROM_COMP": "left_front_motor_fwd", "LIB_COMPONENT": "MAGiDRIVE150" },
  { "FROM_COMP": "right_front_motor_fwd", "LIB_COMPONENT": "MAGiDRIVE150" },
  { "FROM_COMP": "left_rear_motor_3_vert", "LIB_COMPONENT": "MAGiDRIVE150" },
  {
    "FROM_COMP": "left_front_prop_2_vert",
    "LIB_COMPONENT": "62x6_2_3200_51_1390"
  },
  { "FROM_COMP": "left_battery", "LIB_COMPONENT": "Tattu25AhLi" },
  { "FROM_COMP": "left_rear_motor_1_vert", "LIB_COMPONENT": "MAGiDRIVE150" },
  {
    "FROM_COMP": "right_rear_prop_3_vert",
    "LIB_COMPONENT": "62x6_2_3200_51_1390"
  },
  { "FROM_COMP": "right_rear_motor_2_vert", "LIB_COMPONENT": "MAGiDRIVE150" },
  { "FROM_COMP": "right_top_wing", "LIB_COMPONENT": "naca_wing" },
  { "FROM_COMP": "right_front_motor_3_vert", "LIB_COMPONENT": "MAGiDRIVE150" },
  { "FROM_COMP": "right_front_motor_1_vert", "LIB_COMPONENT": "MAGiDRIVE150" },
  { "FROM_COMP": "rear_left_cyl_4", "LIB_COMPONENT": "PORTED_CYL" }
]
