[
  {
    "FROM_COMP": "right_battery",
    "FROM_CONN": "Battery_Connector_1_out",
    "TO_COMP": "right_bot_wing",
    "TO_CONN": "Battery_Connector_1"
  },
  {
    "FROM_COMP": "right_battery",
    "FROM_CONN": "PowerBus",
    "TO_COMP": "777V_Bat_System",
    "TO_CONN": "BatteryPower"
  },
  {
    "FROM_COMP": "right_rear_prop_1_vert",
    "FROM_CONN": "MOTOR_CONNECTOR_CS_IN",
    "TO_COMP": "right_rear_motor_1_vert",
    "TO_CONN": "Prop_Connector"
  },
  {
    "FROM_COMP": "Orient",
    "FROM_CONN": "ORIENTCONN",
    "TO_COMP": "fuselage",
    "TO_CONN": "ORIENT"
  },
  {
    "FROM_COMP": "Passenger2",
    "FROM_CONN": "Connector",
    "TO_COMP": "fuselage",
    "TO_CONN": "SEAT_2_CONNECTOR"
  },
  {
    "FROM_COMP": "rear_right_cyl_1",
    "FROM_CONN": "REAR_CONNECTOR",
    "TO_COMP": "rear_right_cyl_2",
    "TO_CONN": "FRONT_CONNECTOR"
  },
  {
    "FROM_COMP": "rear_right_cyl_1",
    "FROM_CONN": "FRONT_CONNECTOR",
    "TO_COMP": "center_right_cyl",
    "TO_CONN": "REAR_CONNECTOR"
  },
  {
    "FROM_COMP": "rear_right_cyl_1",
    "FROM_CONN": "TOP_CONNECTOR",
    "TO_COMP": "right_rear_motor_1_vert",
    "TO_CONN": "Base_Connector"
  },
  {
    "FROM_COMP": "fuselage",
    "FROM_CONN": "BOTTOM_CONNECTOR",
    "TO_COMP": "bot_naca_connector",
    "TO_CONN": "Bottom_Connector"
  },
  {
    "FROM_COMP": "fuselage",
    "FROM_CONN": "RIGHT_CONNECTOR",
    "TO_COMP": "Cyl_Flip_Out",
    "TO_CONN": "Flip_Connector_1"
  },
  {
    "FROM_COMP": "fuselage",
    "FROM_CONN": "SEAT_2_CONNECTOR",
    "TO_COMP": "Passenger2",
    "TO_CONN": "Connector"
  },
  {
    "FROM_COMP": "fuselage",
    "FROM_CONN": "LEFT_CONNECTOR",
    "TO_COMP": "left_center_cyl_flip",
    "TO_CONN": "Flip_Connector_1"
  },
  {
    "FROM_COMP": "fuselage",
    "FROM_CONN": "SEAT_1_CONNECTOR",
    "TO_COMP": "Passenger1",
    "TO_CONN": "Connector"
  },
  {
    "FROM_COMP": "fuselage",
    "FROM_CONN": "TOP_CONNECTOR",
    "TO_COMP": "top_naca_connector",
    "TO_CONN": "Bottom_Connector"
  },
  {
    "FROM_COMP": "fuselage",
    "FROM_CONN": "ORIENT",
    "TO_COMP": "Orient",
    "TO_CONN": "ORIENTCONN"
  },
  {
    "FROM_COMP": "Passenger1",
    "FROM_CONN": "Connector",
    "TO_COMP": "fuselage",
    "TO_CONN": "SEAT_1_CONNECTOR"
  },
  {
    "FROM_COMP": "top_naca_connector",
    "FROM_CONN": "End_Connector_1",
    "TO_COMP": "right_top_wing",
    "TO_CONN": "Connector_1"
  },
  {
    "FROM_COMP": "top_naca_connector",
    "FROM_CONN": "End_Connector_2",
    "TO_COMP": "left_top_wing",
    "TO_CONN": "Connector_2"
  },
  {
    "FROM_COMP": "top_naca_connector",
    "FROM_CONN": "Bottom_Connector",
    "TO_COMP": "fuselage",
    "TO_CONN": "TOP_CONNECTOR"
  },
  {
    "FROM_COMP": "front_left_cyl_2",
    "FROM_CONN": "FRONT_CONNECTOR",
    "TO_COMP": "front_left_cyl_1",
    "TO_CONN": "REAR_CONNECTOR"
  },
  {
    "FROM_COMP": "front_left_cyl_2",
    "FROM_CONN": "REAR_CONNECTOR",
    "TO_COMP": "front_left_cyl_3",
    "TO_CONN": "FRONT_CONNECTOR"
  },
  {
    "FROM_COMP": "front_left_cyl_2",
    "FROM_CONN": "TOP_CONNECTOR",
    "TO_COMP": "left_front_motor_2_vert",
    "TO_CONN": "Base_Connector"
  },
  {
    "FROM_COMP": "rear_left_cyl_2",
    "FROM_CONN": "TOP_CONNECTOR",
    "TO_COMP": "left_rear_motor_2_vert",
    "TO_CONN": "Base_Connector"
  },
  {
    "FROM_COMP": "rear_left_cyl_2",
    "FROM_CONN": "REAR_CONNECTOR",
    "TO_COMP": "rear_left_cyl_3",
    "TO_CONN": "FRONT_CONNECTOR"
  },
  {
    "FROM_COMP": "rear_left_cyl_2",
    "FROM_CONN": "FRONT_CONNECTOR",
    "TO_COMP": "rear_left_cyl_1",
    "TO_CONN": "REAR_CONNECTOR"
  },
  {
    "FROM_COMP": "front_left_cyl_1",
    "FROM_CONN": "TOP_CONNECTOR",
    "TO_COMP": "left_front_motor_1_vert",
    "TO_CONN": "Base_Connector"
  },
  {
    "FROM_COMP": "front_left_cyl_1",
    "FROM_CONN": "REAR_CONNECTOR",
    "TO_COMP": "front_left_cyl_2",
    "TO_CONN": "FRONT_CONNECTOR"
  },
  {
    "FROM_COMP": "front_left_cyl_1",
    "FROM_CONN": "FRONT_CONNECTOR",
    "TO_COMP": "front_left_cyl_flip",
    "TO_CONN": "REAR_CONNECTOR"
  },
  {
    "FROM_COMP": "left_front_motor_2_vert",
    "FROM_CONN": "Base_Connector",
    "TO_COMP": "front_left_cyl_2",
    "TO_CONN": "TOP_CONNECTOR"
  },
  {
    "FROM_COMP": "left_front_motor_2_vert",
    "FROM_CONN": "MotorPower",
    "TO_COMP": "777V_Bat_System",
    "TO_CONN": "MotorPower"
  },
  {
    "FROM_COMP": "left_front_motor_2_vert",
    "FROM_CONN": "Prop_Connector",
    "TO_COMP": "left_front_prop_2_vert",
    "TO_CONN": "MOTOR_CONNECTOR_CS_IN"
  },
  {
    "FROM_COMP": "front_left_cyl_3",
    "FROM_CONN": "REAR_CONNECTOR",
    "TO_COMP": "center_left_cyl",
    "TO_CONN": "FRONT_CONNECTOR"
  },
  {
    "FROM_COMP": "front_left_cyl_3",
    "FROM_CONN": "FRONT_CONNECTOR",
    "TO_COMP": "front_left_cyl_2",
    "TO_CONN": "REAR_CONNECTOR"
  },
  {
    "FROM_COMP": "front_left_cyl_3",
    "FROM_CONN": "TOP_CONNECTOR",
    "TO_COMP": "left_front_motor_3_vert",
    "TO_CONN": "Base_Connector"
  },
  {
    "FROM_COMP": "right_front_prop_1_vert",
    "FROM_CONN": "MOTOR_CONNECTOR_CS_IN",
    "TO_COMP": "right_front_motor_1_vert",
    "TO_CONN": "Prop_Connector"
  },
  {
    "FROM_COMP": "rear_left_cyl_3",
    "FROM_CONN": "FRONT_CONNECTOR",
    "TO_COMP": "rear_left_cyl_2",
    "TO_CONN": "REAR_CONNECTOR"
  },
  {
    "FROM_COMP": "rear_left_cyl_3",
    "FROM_CONN": "TOP_CONNECTOR",
    "TO_COMP": "left_rear_motor_3_vert",
    "TO_CONN": "Base_Connector"
  },
  {
    "FROM_COMP": "rear_left_cyl_3",
    "FROM_CONN": "REAR_CONNECTOR",
    "TO_COMP": "rear_left_cyl_4",
    "TO_CONN": "FRONT_CONNECTOR"
  },
  {
    "FROM_COMP": "left_front_motor_3_vert",
    "FROM_CONN": "Base_Connector",
    "TO_COMP": "front_left_cyl_3",
    "TO_CONN": "TOP_CONNECTOR"
  },
  {
    "FROM_COMP": "left_front_motor_3_vert",
    "FROM_CONN": "MotorPower",
    "TO_COMP": "777V_Bat_System",
    "TO_CONN": "MotorPower"
  },
  {
    "FROM_COMP": "left_front_motor_3_vert",
    "FROM_CONN": "Prop_Connector",
    "TO_COMP": "left_front_prop_3_vert",
    "TO_CONN": "MOTOR_CONNECTOR_CS_IN"
  },
  {
    "FROM_COMP": "left_front_prop_fwd",
    "FROM_CONN": "MOTOR_CONNECTOR_CS_IN",
    "TO_COMP": "left_front_motor_fwd",
    "TO_CONN": "Prop_Connector"
  },
  {
    "FROM_COMP": "left_rear_prop_3_vert",
    "FROM_CONN": "MOTOR_CONNECTOR_CS_IN",
    "TO_COMP": "left_rear_motor_3_vert",
    "TO_CONN": "Prop_Connector"
  },
  {
    "FROM_COMP": "right_front_motor_2_vert",
    "FROM_CONN": "Base_Connector",
    "TO_COMP": "front_right_cyl_2",
    "TO_CONN": "TOP_CONNECTOR"
  },
  {
    "FROM_COMP": "right_front_motor_2_vert",
    "FROM_CONN": "MotorPower",
    "TO_COMP": "777V_Bat_System",
    "TO_CONN": "MotorPower"
  },
  {
    "FROM_COMP": "right_front_motor_2_vert",
    "FROM_CONN": "Prop_Connector",
    "TO_COMP": "right_front_prop_2_vert",
    "TO_CONN": "MOTOR_CONNECTOR_CS_IN"
  },
  {
    "FROM_COMP": "left_tail_wing",
    "FROM_CONN": "Connector_1",
    "TO_COMP": "rear_left_cyl_4",
    "TO_CONN": "LEFT_CONNECTOR"
  },
  {
    "FROM_COMP": "right_tail_wing",
    "FROM_CONN": "Connector_2",
    "TO_COMP": "rear_right_cyl_4",
    "TO_CONN": "RIGHT_CONNECTOR"
  },
  {
    "FROM_COMP": "right_rear_motor_1_vert",
    "FROM_CONN": "Prop_Connector",
    "TO_COMP": "right_rear_prop_1_vert",
    "TO_CONN": "MOTOR_CONNECTOR_CS_IN"
  },
  {
    "FROM_COMP": "right_rear_motor_1_vert",
    "FROM_CONN": "Base_Connector",
    "TO_COMP": "rear_right_cyl_1",
    "TO_CONN": "TOP_CONNECTOR"
  },
  {
    "FROM_COMP": "right_rear_motor_1_vert",
    "FROM_CONN": "MotorPower",
    "TO_COMP": "777V_Bat_System",
    "TO_CONN": "MotorPower"
  },
  {
    "FROM_COMP": "rear_right_cyl_2",
    "FROM_CONN": "REAR_CONNECTOR",
    "TO_COMP": "rear_right_cyl_3",
    "TO_CONN": "FRONT_CONNECTOR"
  },
  {
    "FROM_COMP": "rear_right_cyl_2",
    "FROM_CONN": "FRONT_CONNECTOR",
    "TO_COMP": "rear_right_cyl_1",
    "TO_CONN": "REAR_CONNECTOR"
  },
  {
    "FROM_COMP": "rear_right_cyl_2",
    "FROM_CONN": "TOP_CONNECTOR",
    "TO_COMP": "right_rear_motor_2_vert",
    "TO_CONN": "Base_Connector"
  },
  {
    "FROM_COMP": "front_left_cyl_flip",
    "FROM_CONN": "FRONT_CONNECTOR",
    "TO_COMP": "left_front_motor_fwd",
    "TO_CONN": "Base_Connector"
  },
  {
    "FROM_COMP": "front_left_cyl_flip",
    "FROM_CONN": "REAR_CONNECTOR",
    "TO_COMP": "front_left_cyl_1",
    "TO_CONN": "FRONT_CONNECTOR"
  },
  {
    "FROM_COMP": "left_front_prop_3_vert",
    "FROM_CONN": "MOTOR_CONNECTOR_CS_IN",
    "TO_COMP": "left_front_motor_3_vert",
    "TO_CONN": "Prop_Connector"
  },
  {
    "FROM_COMP": "left_rear_motor_2_vert",
    "FROM_CONN": "Base_Connector",
    "TO_COMP": "rear_left_cyl_2",
    "TO_CONN": "TOP_CONNECTOR"
  },
  {
    "FROM_COMP": "left_rear_motor_2_vert",
    "FROM_CONN": "MotorPower",
    "TO_COMP": "777V_Bat_System",
    "TO_CONN": "MotorPower"
  },
  {
    "FROM_COMP": "left_rear_motor_2_vert",
    "FROM_CONN": "Prop_Connector",
    "TO_COMP": "left_rear_prop_2_vert",
    "TO_CONN": "MOTOR_CONNECTOR_CS_IN"
  },
  {
    "FROM_COMP": "right_front_prop_3_vert",
    "FROM_CONN": "MOTOR_CONNECTOR_CS_IN",
    "TO_COMP": "right_front_motor_3_vert",
    "TO_CONN": "Prop_Connector"
  },
  {
    "FROM_COMP": "left_rear_prop_2_vert",
    "FROM_CONN": "MOTOR_CONNECTOR_CS_IN",
    "TO_COMP": "left_rear_motor_2_vert",
    "TO_CONN": "Prop_Connector"
  },
  {
    "FROM_COMP": "front_right_cyl_2",
    "FROM_CONN": "FRONT_CONNECTOR",
    "TO_COMP": "front_right_cyl_1",
    "TO_CONN": "REAR_CONNECTOR"
  },
  {
    "FROM_COMP": "front_right_cyl_2",
    "FROM_CONN": "TOP_CONNECTOR",
    "TO_COMP": "right_front_motor_2_vert",
    "TO_CONN": "Base_Connector"
  },
  {
    "FROM_COMP": "front_right_cyl_2",
    "FROM_CONN": "REAR_CONNECTOR",
    "TO_COMP": "front_right_cyl_3",
    "TO_CONN": "FRONT_CONNECTOR"
  },
  {
    "FROM_COMP": "left_top_wing",
    "FROM_CONN": "Connector_2",
    "TO_COMP": "top_naca_connector",
    "TO_CONN": "End_Connector_2"
  },
  {
    "FROM_COMP": "front_right_cyl_flip",
    "FROM_CONN": "REAR_CONNECTOR",
    "TO_COMP": "front_right_cyl_1",
    "TO_CONN": "FRONT_CONNECTOR"
  },
  {
    "FROM_COMP": "front_right_cyl_flip",
    "FROM_CONN": "FRONT_CONNECTOR",
    "TO_COMP": "right_front_motor_fwd",
    "TO_CONN": "Base_Connector"
  },
  {
    "FROM_COMP": "right_bot_wing",
    "FROM_CONN": "Connector_1",
    "TO_COMP": "bot_naca_connector",
    "TO_CONN": "End_Connector_2"
  },
  {
    "FROM_COMP": "right_bot_wing",
    "FROM_CONN": "Battery_Connector_1",
    "TO_COMP": "right_battery",
    "TO_CONN": "Battery_Connector_1_out"
  },
  {
    "FROM_COMP": "right_front_prop_fwd",
    "FROM_CONN": "MOTOR_CONNECTOR_CS_IN",
    "TO_COMP": "right_front_motor_fwd",
    "TO_CONN": "Prop_Connector"
  },
  {
    "FROM_COMP": "left_bot_wing",
    "FROM_CONN": "Connector_2",
    "TO_COMP": "bot_naca_connector",
    "TO_CONN": "End_Connector_1"
  },
  {
    "FROM_COMP": "left_bot_wing",
    "FROM_CONN": "Battery_Connector_2",
    "TO_COMP": "left_battery",
    "TO_CONN": "Battery_Connector_2_out"
  },
  {
    "FROM_COMP": "right_front_prop_2_vert",
    "FROM_CONN": "MOTOR_CONNECTOR_CS_IN",
    "TO_COMP": "right_front_motor_2_vert",
    "TO_CONN": "Prop_Connector"
  },
  {
    "FROM_COMP": "right_rear_prop_2_vert",
    "FROM_CONN": "MOTOR_CONNECTOR_CS_IN",
    "TO_COMP": "right_rear_motor_2_vert",
    "TO_CONN": "Prop_Connector"
  },
  {
    "FROM_COMP": "front_right_cyl_3",
    "FROM_CONN": "REAR_CONNECTOR",
    "TO_COMP": "center_right_cyl",
    "TO_CONN": "FRONT_CONNECTOR"
  },
  {
    "FROM_COMP": "front_right_cyl_3",
    "FROM_CONN": "TOP_CONNECTOR",
    "TO_COMP": "right_front_motor_3_vert",
    "TO_CONN": "Base_Connector"
  },
  {
    "FROM_COMP": "front_right_cyl_3",
    "FROM_CONN": "FRONT_CONNECTOR",
    "TO_COMP": "front_right_cyl_2",
    "TO_CONN": "REAR_CONNECTOR"
  },
  {
    "FROM_COMP": "left_center_cyl_flip",
    "FROM_CONN": "Flip_Connector_1",
    "TO_COMP": "fuselage",
    "TO_CONN": "LEFT_CONNECTOR"
  },
  {
    "FROM_COMP": "left_center_cyl_flip",
    "FROM_CONN": "Flip_Connector_2",
    "TO_COMP": "center_left_cyl",
    "TO_CONN": "RIGHT_CONNECTOR"
  },
  {
    "FROM_COMP": "center_right_cyl",
    "FROM_CONN": "LEFT_CONNECTOR",
    "TO_COMP": "Cyl_Flip_Out",
    "TO_CONN": "Flip_Connector_2"
  },
  {
    "FROM_COMP": "center_right_cyl",
    "FROM_CONN": "REAR_CONNECTOR",
    "TO_COMP": "rear_right_cyl_1",
    "TO_CONN": "FRONT_CONNECTOR"
  },
  {
    "FROM_COMP": "center_right_cyl",
    "FROM_CONN": "FRONT_CONNECTOR",
    "TO_COMP": "front_right_cyl_3",
    "TO_CONN": "REAR_CONNECTOR"
  },
  {
    "FROM_COMP": "rear_right_cyl_3",
    "FROM_CONN": "REAR_CONNECTOR",
    "TO_COMP": "rear_right_cyl_4",
    "TO_CONN": "FRONT_CONNECTOR"
  },
  {
    "FROM_COMP": "rear_right_cyl_3",
    "FROM_CONN": "FRONT_CONNECTOR",
    "TO_COMP": "rear_right_cyl_2",
    "TO_CONN": "REAR_CONNECTOR"
  },
  {
    "FROM_COMP": "rear_right_cyl_3",
    "FROM_CONN": "TOP_CONNECTOR",
    "TO_COMP": "right_rear_motor_3_vert",
    "TO_CONN": "Base_Connector"
  },
  {
    "FROM_COMP": "right_rear_motor_3_vert",
    "FROM_CONN": "Prop_Connector",
    "TO_COMP": "right_rear_prop_3_vert",
    "TO_CONN": "MOTOR_CONNECTOR_CS_IN"
  },
  {
    "FROM_COMP": "right_rear_motor_3_vert",
    "FROM_CONN": "MotorPower",
    "TO_COMP": "777V_Bat_System",
    "TO_CONN": "MotorPower"
  },
  {
    "FROM_COMP": "right_rear_motor_3_vert",
    "FROM_CONN": "Base_Connector",
    "TO_COMP": "rear_right_cyl_3",
    "TO_CONN": "TOP_CONNECTOR"
  },
  {
    "FROM_COMP": "left_front_prop_1_vert",
    "FROM_CONN": "MOTOR_CONNECTOR_CS_IN",
    "TO_COMP": "left_front_motor_1_vert",
    "TO_CONN": "Prop_Connector"
  },
  {
    "FROM_COMP": "777V_Bat_System",
    "FROM_CONN": "BatteryPower",
    "TO_COMP": "right_battery",
    "TO_CONN": "PowerBus"
  },
  {
    "FROM_COMP": "777V_Bat_System",
    "FROM_CONN": "BatteryPower",
    "TO_COMP": "left_battery",
    "TO_CONN": "PowerBus"
  },
  {
    "FROM_COMP": "777V_Bat_System",
    "FROM_CONN": "MotorPower",
    "TO_COMP": "right_rear_motor_2_vert",
    "TO_CONN": "MotorPower"
  },
  {
    "FROM_COMP": "777V_Bat_System",
    "FROM_CONN": "MotorPower",
    "TO_COMP": "right_front_motor_3_vert",
    "TO_CONN": "MotorPower"
  },
  {
    "FROM_COMP": "777V_Bat_System",
    "FROM_CONN": "MotorPower",
    "TO_COMP": "right_rear_motor_3_vert",
    "TO_CONN": "MotorPower"
  },
  {
    "FROM_COMP": "777V_Bat_System",
    "FROM_CONN": "MotorPower",
    "TO_COMP": "left_front_motor_fwd",
    "TO_CONN": "MotorPower"
  },
  {
    "FROM_COMP": "777V_Bat_System",
    "FROM_CONN": "MotorPower",
    "TO_COMP": "right_front_motor_1_vert",
    "TO_CONN": "MotorPower"
  },
  {
    "FROM_COMP": "777V_Bat_System",
    "FROM_CONN": "MotorPower",
    "TO_COMP": "right_front_motor_2_vert",
    "TO_CONN": "MotorPower"
  },
  {
    "FROM_COMP": "777V_Bat_System",
    "FROM_CONN": "MotorPower",
    "TO_COMP": "left_front_motor_3_vert",
    "TO_CONN": "MotorPower"
  },
  {
    "FROM_COMP": "777V_Bat_System",
    "FROM_CONN": "MotorPower",
    "TO_COMP": "left_front_motor_1_vert",
    "TO_CONN": "MotorPower"
  },
  {
    "FROM_COMP": "777V_Bat_System",
    "FROM_CONN": "MotorPower",
    "TO_COMP": "right_front_motor_fwd",
    "TO_CONN": "MotorPower"
  },
  {
    "FROM_COMP": "777V_Bat_System",
    "FROM_CONN": "MotorPower",
    "TO_COMP": "left_front_motor_2_vert",
    "TO_CONN": "MotorPower"
  },
  {
    "FROM_COMP": "777V_Bat_System",
    "FROM_CONN": "MotorPower",
    "TO_COMP": "left_rear_motor_2_vert",
    "TO_CONN": "MotorPower"
  },
  {
    "FROM_COMP": "777V_Bat_System",
    "FROM_CONN": "MotorPower",
    "TO_COMP": "right_rear_motor_1_vert",
    "TO_CONN": "MotorPower"
  },
  {
    "FROM_COMP": "777V_Bat_System",
    "FROM_CONN": "MotorPower",
    "TO_COMP": "left_rear_motor_3_vert",
    "TO_CONN": "MotorPower"
  },
  {
    "FROM_COMP": "777V_Bat_System",
    "FROM_CONN": "MotorPower",
    "TO_COMP": "left_rear_motor_1_vert",
    "TO_CONN": "MotorPower"
  },
  {
    "FROM_COMP": "center_left_cyl",
    "FROM_CONN": "FRONT_CONNECTOR",
    "TO_COMP": "front_left_cyl_3",
    "TO_CONN": "REAR_CONNECTOR"
  },
  {
    "FROM_COMP": "center_left_cyl",
    "FROM_CONN": "REAR_CONNECTOR",
    "TO_COMP": "rear_left_cyl_1",
    "TO_CONN": "FRONT_CONNECTOR"
  },
  {
    "FROM_COMP": "center_left_cyl",
    "FROM_CONN": "RIGHT_CONNECTOR",
    "TO_COMP": "left_center_cyl_flip",
    "TO_CONN": "Flip_Connector_2"
  },
  {
    "FROM_COMP": "front_right_cyl_1",
    "FROM_CONN": "REAR_CONNECTOR",
    "TO_COMP": "front_right_cyl_2",
    "TO_CONN": "FRONT_CONNECTOR"
  },
  {
    "FROM_COMP": "front_right_cyl_1",
    "FROM_CONN": "FRONT_CONNECTOR",
    "TO_COMP": "front_right_cyl_flip",
    "TO_CONN": "REAR_CONNECTOR"
  },
  {
    "FROM_COMP": "front_right_cyl_1",
    "FROM_CONN": "TOP_CONNECTOR",
    "TO_COMP": "right_front_motor_1_vert",
    "TO_CONN": "Base_Connector"
  },
  {
    "FROM_COMP": "rear_left_cyl_1",
    "FROM_CONN": "FRONT_CONNECTOR",
    "TO_COMP": "center_left_cyl",
    "TO_CONN": "REAR_CONNECTOR"
  },
  {
    "FROM_COMP": "rear_left_cyl_1",
    "FROM_CONN": "REAR_CONNECTOR",
    "TO_COMP": "rear_left_cyl_2",
    "TO_CONN": "FRONT_CONNECTOR"
  },
  {
    "FROM_COMP": "rear_left_cyl_1",
    "FROM_CONN": "TOP_CONNECTOR",
    "TO_COMP": "left_rear_motor_1_vert",
    "TO_CONN": "Base_Connector"
  },
  {
    "FROM_COMP": "Cyl_Flip_Out",
    "FROM_CONN": "Flip_Connector_1",
    "TO_COMP": "fuselage",
    "TO_CONN": "RIGHT_CONNECTOR"
  },
  {
    "FROM_COMP": "Cyl_Flip_Out",
    "FROM_CONN": "Flip_Connector_2",
    "TO_COMP": "center_right_cyl",
    "TO_CONN": "LEFT_CONNECTOR"
  },
  {
    "FROM_COMP": "bot_naca_connector",
    "FROM_CONN": "End_Connector_2",
    "TO_COMP": "right_bot_wing",
    "TO_CONN": "Connector_1"
  },
  {
    "FROM_COMP": "bot_naca_connector",
    "FROM_CONN": "Bottom_Connector",
    "TO_COMP": "fuselage",
    "TO_CONN": "BOTTOM_CONNECTOR"
  },
  {
    "FROM_COMP": "bot_naca_connector",
    "FROM_CONN": "End_Connector_1",
    "TO_COMP": "left_bot_wing",
    "TO_CONN": "Connector_2"
  },
  {
    "FROM_COMP": "left_front_motor_1_vert",
    "FROM_CONN": "Base_Connector",
    "TO_COMP": "front_left_cyl_1",
    "TO_CONN": "TOP_CONNECTOR"
  },
  {
    "FROM_COMP": "left_front_motor_1_vert",
    "FROM_CONN": "MotorPower",
    "TO_COMP": "777V_Bat_System",
    "TO_CONN": "MotorPower"
  },
  {
    "FROM_COMP": "left_front_motor_1_vert",
    "FROM_CONN": "Prop_Connector",
    "TO_COMP": "left_front_prop_1_vert",
    "TO_CONN": "MOTOR_CONNECTOR_CS_IN"
  },
  {
    "FROM_COMP": "left_rear_prop_1_vert",
    "FROM_CONN": "MOTOR_CONNECTOR_CS_IN",
    "TO_COMP": "left_rear_motor_1_vert",
    "TO_CONN": "Prop_Connector"
  },
  {
    "FROM_COMP": "rear_right_cyl_4",
    "FROM_CONN": "RIGHT_CONNECTOR",
    "TO_COMP": "right_tail_wing",
    "TO_CONN": "Connector_2"
  },
  {
    "FROM_COMP": "rear_right_cyl_4",
    "FROM_CONN": "FRONT_CONNECTOR",
    "TO_COMP": "rear_right_cyl_3",
    "TO_CONN": "REAR_CONNECTOR"
  },
  {
    "FROM_COMP": "left_front_motor_fwd",
    "FROM_CONN": "Prop_Connector",
    "TO_COMP": "left_front_prop_fwd",
    "TO_CONN": "MOTOR_CONNECTOR_CS_IN"
  },
  {
    "FROM_COMP": "left_front_motor_fwd",
    "FROM_CONN": "MotorPower",
    "TO_COMP": "777V_Bat_System",
    "TO_CONN": "MotorPower"
  },
  {
    "FROM_COMP": "left_front_motor_fwd",
    "FROM_CONN": "Base_Connector",
    "TO_COMP": "front_left_cyl_flip",
    "TO_CONN": "FRONT_CONNECTOR"
  },
  {
    "FROM_COMP": "right_front_motor_fwd",
    "FROM_CONN": "Base_Connector",
    "TO_COMP": "front_right_cyl_flip",
    "TO_CONN": "FRONT_CONNECTOR"
  },
  {
    "FROM_COMP": "right_front_motor_fwd",
    "FROM_CONN": "MotorPower",
    "TO_COMP": "777V_Bat_System",
    "TO_CONN": "MotorPower"
  },
  {
    "FROM_COMP": "right_front_motor_fwd",
    "FROM_CONN": "Prop_Connector",
    "TO_COMP": "right_front_prop_fwd",
    "TO_CONN": "MOTOR_CONNECTOR_CS_IN"
  },
  {
    "FROM_COMP": "left_rear_motor_3_vert",
    "FROM_CONN": "Prop_Connector",
    "TO_COMP": "left_rear_prop_3_vert",
    "TO_CONN": "MOTOR_CONNECTOR_CS_IN"
  },
  {
    "FROM_COMP": "left_rear_motor_3_vert",
    "FROM_CONN": "Base_Connector",
    "TO_COMP": "rear_left_cyl_3",
    "TO_CONN": "TOP_CONNECTOR"
  },
  {
    "FROM_COMP": "left_rear_motor_3_vert",
    "FROM_CONN": "MotorPower",
    "TO_COMP": "777V_Bat_System",
    "TO_CONN": "MotorPower"
  },
  {
    "FROM_COMP": "left_front_prop_2_vert",
    "FROM_CONN": "MOTOR_CONNECTOR_CS_IN",
    "TO_COMP": "left_front_motor_2_vert",
    "TO_CONN": "Prop_Connector"
  },
  {
    "FROM_COMP": "left_battery",
    "FROM_CONN": "Battery_Connector_2_out",
    "TO_COMP": "left_bot_wing",
    "TO_CONN": "Battery_Connector_2"
  },
  {
    "FROM_COMP": "left_battery",
    "FROM_CONN": "PowerBus",
    "TO_COMP": "777V_Bat_System",
    "TO_CONN": "BatteryPower"
  },
  {
    "FROM_COMP": "left_rear_motor_1_vert",
    "FROM_CONN": "Base_Connector",
    "TO_COMP": "rear_left_cyl_1",
    "TO_CONN": "TOP_CONNECTOR"
  },
  {
    "FROM_COMP": "left_rear_motor_1_vert",
    "FROM_CONN": "Prop_Connector",
    "TO_COMP": "left_rear_prop_1_vert",
    "TO_CONN": "MOTOR_CONNECTOR_CS_IN"
  },
  {
    "FROM_COMP": "left_rear_motor_1_vert",
    "FROM_CONN": "MotorPower",
    "TO_COMP": "777V_Bat_System",
    "TO_CONN": "MotorPower"
  },
  {
    "FROM_COMP": "right_rear_prop_3_vert",
    "FROM_CONN": "MOTOR_CONNECTOR_CS_IN",
    "TO_COMP": "right_rear_motor_3_vert",
    "TO_CONN": "Prop_Connector"
  },
  {
    "FROM_COMP": "right_rear_motor_2_vert",
    "FROM_CONN": "MotorPower",
    "TO_COMP": "777V_Bat_System",
    "TO_CONN": "MotorPower"
  },
  {
    "FROM_COMP": "right_rear_motor_2_vert",
    "FROM_CONN": "Prop_Connector",
    "TO_COMP": "right_rear_prop_2_vert",
    "TO_CONN": "MOTOR_CONNECTOR_CS_IN"
  },
  {
    "FROM_COMP": "right_rear_motor_2_vert",
    "FROM_CONN": "Base_Connector",
    "TO_COMP": "rear_right_cyl_2",
    "TO_CONN": "TOP_CONNECTOR"
  },
  {
    "FROM_COMP": "right_top_wing",
    "FROM_CONN": "Connector_1",
    "TO_COMP": "top_naca_connector",
    "TO_CONN": "End_Connector_1"
  },
  {
    "FROM_COMP": "right_front_motor_3_vert",
    "FROM_CONN": "Prop_Connector",
    "TO_COMP": "right_front_prop_3_vert",
    "TO_CONN": "MOTOR_CONNECTOR_CS_IN"
  },
  {
    "FROM_COMP": "right_front_motor_3_vert",
    "FROM_CONN": "MotorPower",
    "TO_COMP": "777V_Bat_System",
    "TO_CONN": "MotorPower"
  },
  {
    "FROM_COMP": "right_front_motor_3_vert",
    "FROM_CONN": "Base_Connector",
    "TO_COMP": "front_right_cyl_3",
    "TO_CONN": "TOP_CONNECTOR"
  },
  {
    "FROM_COMP": "right_front_motor_1_vert",
    "FROM_CONN": "MotorPower",
    "TO_COMP": "777V_Bat_System",
    "TO_CONN": "MotorPower"
  },
  {
    "FROM_COMP": "right_front_motor_1_vert",
    "FROM_CONN": "Prop_Connector",
    "TO_COMP": "right_front_prop_1_vert",
    "TO_CONN": "MOTOR_CONNECTOR_CS_IN"
  },
  {
    "FROM_COMP": "right_front_motor_1_vert",
    "FROM_CONN": "Base_Connector",
    "TO_COMP": "front_right_cyl_1",
    "TO_CONN": "TOP_CONNECTOR"
  },
  {
    "FROM_COMP": "rear_left_cyl_4",
    "FROM_CONN": "FRONT_CONNECTOR",
    "TO_COMP": "rear_left_cyl_3",
    "TO_CONN": "REAR_CONNECTOR"
  },
  {
    "FROM_COMP": "rear_left_cyl_4",
    "FROM_CONN": "LEFT_CONNECTOR",
    "TO_COMP": "left_tail_wing",
    "TO_CONN": "Connector_1"
  }
]
