DESIGN_PARAM,DESIGN_PARAM_VAL,COMPONENT_NAME,COMPONENT_PARAM
Param_6,1520.0,fuselage,SPHERE_DIAMETER
Param_8,300.0,fuselage,MIDDLE_LENGTH
Param_14,4500.0,right_battery,SPAN
Param_14,4500.0,right_tail_wing,SPAN
Param_14,4500.0,right_bot_wing,SPAN
Param_14,4500.0,left_bot_wing,SPAN
Param_14,4500.0,left_tail_wing,SPAN
Param_14,4500.0,left_top_wing,SPAN
Param_14,4500.0,right_top_wing,SPAN
Param_14,4500.0,left_battery,SPAN
BottomWingLoad,1000.0,left_top_wing,LOAD
BottomWingLoad,1000.0,right_bot_wing,LOAD
BottomWingLoad,1000.0,left_bot_wing,LOAD
BottomWingLoad,1000.0,left_tail_wing,LOAD
BottomWingLoad,1000.0,right_tail_wing,LOAD
BottomWingLoad,1000.0,right_top_wing,LOAD
NACA_3,12.0,left_tail_wing,NACA_Profile
NACA_3,12.0,left_bot_wing,NACA_Profile
NACA_3,12.0,right_tail_wing,NACA_Profile
NACA_3,12.0,right_top_wing,NACA_Profile
NACA_3,12.0,left_top_wing,NACA_Profile
NACA_3,12.0,right_bot_wing,NACA_Profile
Param_12,1000.0,right_top_wing,CHORD_1
Param_12,1000.0,left_battery,CHORD_2
Param_12,1000.0,right_tail_wing,CHORD_2
Param_12,1000.0,right_top_wing,CHORD_2
Param_12,1000.0,right_bot_wing,CHORD_1
Param_12,1000.0,right_tail_wing,CHORD_1
Param_12,1000.0,left_tail_wing,CHORD_2
Param_12,1000.0,left_tail_wing,CHORD_1
Param_12,1000.0,left_top_wing,CHORD_2
Param_12,1000.0,left_bot_wing,CHORD_1
Param_12,1000.0,top_naca_connector,CHORD
Param_12,1000.0,left_battery,CHORD_1
Param_12,1000.0,right_battery,CHORD_2
Param_12,1000.0,left_bot_wing,CHORD_2
Param_12,1000.0,right_bot_wing,CHORD_2
Param_12,1000.0,right_battery,CHORD_1
Param_12,1000.0,left_top_wing,CHORD_1
Param_12,1000.0,bot_naca_connector,CHORD
Param_16,790.0,fuselage,SEAT_1_FB
Param_16,790.0,fuselage,SEAT_2_FB
voltage_request,777.0,left_battery,VOLTAGE_REQUEST
voltage_request,777.0,right_battery,VOLTAGE_REQUEST
FwdFacingCW_Spin,1.0,right_rear_prop_1_vert,Direction
FwdFacingCW_Spin,1.0,right_rear_prop_3_vert,Direction
FwdFacingCW_Spin,1.0,left_rear_prop_3_vert,Direction
FwdFacingCW_Spin,1.0,right_front_prop_1_vert,Direction
FwdFacingCW_Spin,1.0,right_rear_prop_2_vert,Direction
FwdFacingCW_Spin,1.0,right_front_prop_2_vert,Direction
FwdFacingCW_Spin,1.0,left_front_prop_3_vert,Direction
FwdFacingCW_Spin,1.0,right_front_prop_3_vert,Direction
FwdFacingCW_Spin,1.0,left_front_prop_fwd,Direction
FwdFacingCW_Spin,1.0,left_rear_prop_1_vert,Direction
FwdFacingCW_Spin,1.0,left_rear_prop_2_vert,Direction
FwdFacingCW_Spin,1.0,left_front_prop_1_vert,Direction
FwdFacingCW_Spin,1.0,right_front_prop_fwd,Direction
FwdFacingCW_Spin,1.0,left_front_prop_2_vert,Direction
Param_2,12.0,right_bot_wing,THICKNESS
Param_2,12.0,top_naca_connector,THICKNESS
Param_2,12.0,left_tail_wing,THICKNESS
Param_2,12.0,right_tail_wing,THICKNESS
Param_2,12.0,bot_naca_connector,THICKNESS
Param_2,12.0,left_bot_wing,THICKNESS
Param_2,12.0,left_top_wing,THICKNESS
Param_2,12.0,right_top_wing,THICKNESS
Param_19,315.0,rear_left_cyl_4,FRONT_ANGLE
Param_19,315.0,rear_right_cyl_4,FRONT_ANGLE
Param_9,150.0,rear_left_cyl_4,PORT_THICKNESS
Param_9,150.0,fuselage,FLOOR_HEIGHT
Param_9,150.0,rear_right_cyl_4,PORT_THICKNESS
Param_0,1650.0,front_right_cyl_1,LENGTH
Param_0,1650.0,front_left_cyl_3,LENGTH
Param_0,1650.0,rear_left_cyl_3,LENGTH
Param_0,1650.0,rear_right_cyl_4,LENGTH
Param_0,1650.0,front_left_cyl_2,LENGTH
Param_0,1650.0,rear_right_cyl_2,LENGTH
Param_0,1650.0,rear_left_cyl_4,LENGTH
Param_0,1650.0,rear_right_cyl_3,LENGTH
Param_0,1650.0,center_left_cyl,LENGTH
Param_0,1650.0,front_right_cyl_2,LENGTH
Param_0,1650.0,front_right_cyl_3,LENGTH
Param_0,1650.0,rear_left_cyl_2,LENGTH
Param_0,1650.0,center_right_cyl,LENGTH
Param_0,1650.0,front_left_cyl_1,LENGTH
Param_0,1650.0,rear_left_cyl_1,LENGTH
Param_0,1650.0,rear_right_cyl_1,LENGTH
Param_15,25.0,right_battery,THICKNESS
Param_15,25.0,left_battery,THICKNESS
UpFacingCCW_PropType,1.0,right_front_prop_3_vert,Prop_type
UpFacingCCW_PropType,1.0,right_rear_prop_3_vert,Prop_type
UpFacingCCW_PropType,1.0,right_front_prop_1_vert,Prop_type
UpFacingCCW_PropType,1.0,right_front_prop_fwd,Prop_type
UpFacingCCW_PropType,1.0,left_front_prop_fwd,Prop_type
UpFacingCCW_PropType,1.0,right_rear_prop_2_vert,Prop_type
UpFacingCCW_PropType,1.0,left_front_prop_3_vert,Prop_type
UpFacingCCW_PropType,1.0,left_rear_prop_3_vert,Prop_type
UpFacingCCW_PropType,1.0,left_rear_prop_1_vert,Prop_type
UpFacingCCW_PropType,1.0,left_rear_prop_2_vert,Prop_type
UpFacingCCW_PropType,1.0,right_front_prop_2_vert,Prop_type
UpFacingCCW_PropType,1.0,left_front_prop_2_vert,Prop_type
UpFacingCCW_PropType,1.0,right_rear_prop_1_vert,Prop_type
UpFacingCCW_PropType,1.0,left_front_prop_1_vert,Prop_type
Param_5,2000.0,fuselage,LENGTH
Mount_Side,2.0,left_battery,MOUNT_SIDE
Param_7,200.0,center_right_cyl,DIAMETER
Param_7,200.0,front_left_cyl_3,DIAMETER
Param_7,200.0,rear_left_cyl_3,DIAMETER
Param_7,200.0,front_left_cyl_2,DIAMETER
Param_7,200.0,rear_left_cyl_4,DIAMETER
Param_7,200.0,rear_right_cyl_3,DIAMETER
Param_7,200.0,rear_right_cyl_4,DIAMETER
Param_7,200.0,rear_right_cyl_2,DIAMETER
Param_7,200.0,front_right_cyl_1,DIAMETER
Param_7,200.0,rear_left_cyl_1,DIAMETER
Param_7,200.0,front_right_cyl_3,DIAMETER
Param_7,200.0,rear_left_cyl_2,DIAMETER
Param_7,200.0,rear_right_cyl_1,DIAMETER
Param_7,200.0,fuselage,TAIL_DIAMETER
Param_7,200.0,front_left_cyl_1,DIAMETER
Param_7,200.0,center_left_cyl,DIAMETER
Param_7,200.0,front_right_cyl_2,DIAMETER
battery_percent,100.0,right_battery,VOLUME_PERCENT
battery_percent,100.0,left_battery,VOLUME_PERCENT
Param_4,150.0,fuselage,PORT_THICKNESS
Param_4,150.0,bot_naca_connector,PORT_THICKNESS
Param_4,150.0,top_naca_connector,PORT_THICKNESS
Param_18,-210.0,fuselage,SEAT_2_LR
Param_17,210.0,fuselage,SEAT_1_LR
