{
    "BatteryController__Input_Voltage": {
        "name": "Input_Voltage",
        "min": "110.0",
        "max": "110.0",
        "default": "1.0",
        "learned": "1.0"
    },
    "BatteryController__Output_Voltage": {
        "name": "Output_Voltage",
        "min": "110.0",
        "max": "110.0",
        "default": "1.0",
        "learned": "1.0"
    },
    "Battery__ROTATION": {
        "name": "ROTATION",
        "min": "0.0",
        "max": "0.0",
        "default": "0.0",
        "learned": "0.0"
    },
    "CargoCase__Rotation": {
        "name": "Rotation",
        "min": "0.0",
        "max": "0.0",
        "default": "0.0",
        "learned": "0.0"
    },
    "Cargo__WEIGHT": {
        "name": "WEIGHT",
        "min": "0.0",
        "max": "0.0",
        "default": "0.5",
        "learned": "0.5"
    },
    "Flange__BOTTOM_ANGLE": {
        "name": "BOTTOM_ANGLE",
        "min": "0.0",
        "max": "0.0",
        "default": "0.0",
        "learned": "0.0"
    },
    "Flange__SIDE_ANGLE": {
        "name": "SIDE_ANGLE",
        "min": "0.0",
        "max": "0.0",
        "default": "0.0",
        "learned": "0.0"
    },
    "Fuselage__BOTTOM_CONNECTOR_OFFSET_LENGTH": {
        "name": "BOTTOM_CONNECTOR_OFFSET_LENGTH",
        "min": "None",
        "max": "None",
        "default": "0.0",
        "learned": "0.0"
    },
    "Fuselage__BOTTOM_CONNECTOR_OFFSET_WIDTH": {
        "name": "BOTTOM_CONNECTOR_OFFSET_WIDTH",
        "min": "None",
        "max": "None",
        "default": "0.0",
        "learned": "0.0"
    },
    "Fuselage__BOTTOM_CONNECTOR_ROTATION": {
        "name": "BOTTOM_CONNECTOR_ROTATION",
        "min": "0.0",
        "max": "0.0",
        "default": "0.0",
        "learned": "0.0"
    },
    "Fuselage__FLOOR_CONNECTOR_1_DISP_LENGTH": {
        "name": "FLOOR_CONNECTOR_1_DISP_LENGTH",
        "min": "None",
        "max": "None",
        "default": "0.0",
        "learned": "0.0"
    },
    "Fuselage__FLOOR_CONNECTOR_1_DISP_WIDTH": {
        "name": "FLOOR_CONNECTOR_1_DISP_WIDTH",
        "min": "None",
        "max": "None",
        "default": "0.0",
        "learned": "0.0"
    },
    "Fuselage__FLOOR_CONNECTOR_2_DISP_LENGTH": {
        "name": "FLOOR_CONNECTOR_2_DISP_LENGTH",
        "min": "None",
        "max": "None",
        "default": "0.0",
        "learned": "0.0"
    },
    "Fuselage__FLOOR_CONNECTOR_2_DISP_WIDTH": {
        "name": "FLOOR_CONNECTOR_2_DISP_WIDTH",
        "min": "None",
        "max": "None",
        "default": "0.0",
        "learned": "0.0"
    },
    "Fuselage__FLOOR_CONNECTOR_3_DISP_LENGTH": {
        "name": "FLOOR_CONNECTOR_3_DISP_LENGTH",
        "min": "None",
        "max": "None",
        "default": "0.0",
        "learned": "0.0"
    },
    "Fuselage__FLOOR_CONNECTOR_3_DISP_WIDTH": {
        "name": "FLOOR_CONNECTOR_3_DISP_WIDTH",
        "min": "None",
        "max": "None",
        "default": "0.0",
        "learned": "0.0"
    },
    "Fuselage__FLOOR_CONNECTOR_4_DISP_LENGTH": {
        "name": "FLOOR_CONNECTOR_4_DISP_LENGTH",
        "min": "None",
        "max": "None",
        "default": "0.0",
        "learned": "0.0"
    },
    "Fuselage__FLOOR_CONNECTOR_4_DISP_WIDTH": {
        "name": "FLOOR_CONNECTOR_4_DISP_WIDTH",
        "min": "None",
        "max": "None",
        "default": "0.0",
        "learned": "0.0"
    },
    "Fuselage__FLOOR_CONNECTOR_5_DISP_LENGTH": {
        "name": "FLOOR_CONNECTOR_5_DISP_LENGTH",
        "min": "None",
        "max": "None",
        "default": "0.0",
        "learned": "0.0"
    },
    "Fuselage__FLOOR_CONNECTOR_5_DISP_WIDTH": {
        "name": "FLOOR_CONNECTOR_5_DISP_WIDTH",
        "min": "None",
        "max": "None",
        "default": "0.0",
        "learned": "0.0"
    },
    "Fuselage__FLOOR_CONNECTOR_6_DISP_LENGTH": {
        "name": "FLOOR_CONNECTOR_6_DISP_LENGTH",
        "min": "None",
        "max": "None",
        "default": "0.0",
        "learned": "0.0"
    },
    "Fuselage__FLOOR_CONNECTOR_6_DISP_WIDTH": {
        "name": "FLOOR_CONNECTOR_6_DISP_WIDTH",
        "min": "None",
        "max": "None",
        "default": "0.0",
        "learned": "0.0"
    },
    "Fuselage__FLOOR_CONNECTOR_7_DISP_LENGTH": {
        "name": "FLOOR_CONNECTOR_7_DISP_LENGTH",
        "min": "None",
        "max": "None",
        "default": "0.0",
        "learned": "0.0"
    },
    "Fuselage__FLOOR_CONNECTOR_7_DISP_WIDTH": {
        "name": "FLOOR_CONNECTOR_7_DISP_WIDTH",
        "min": "None",
        "max": "None",
        "default": "0.0",
        "learned": "0.0"
    },
    "Fuselage__FLOOR_CONNECTOR_8_DISP_LENGTH": {
        "name": "FLOOR_CONNECTOR_8_DISP_LENGTH",
        "min": "None",
        "max": "None",
        "default": "0.0",
        "learned": "0.0"
    },
    "Fuselage__FLOOR_CONNECTOR_8_DISP_WIDTH": {
        "name": "FLOOR_CONNECTOR_8_DISP_WIDTH",
        "min": "None",
        "max": "None",
        "default": "0.0",
        "learned": "0.0"
    },
    "Fuselage__FLOOR_HEIGHT": {
        "name": "FLOOR_HEIGHT",
        "min": "3.0",
        "max": "3.0",
        "default": "5.0",
        "learned": "5.0"
    },
    "Fuselage__FUSE_CYL_LENGTH": {
        "name": "FUSE_CYL_LENGTH",
        "min": "None",
        "max": "None",
        "default": "0.0",
        "learned": "0.0"
    },
    "Fuselage__HORZ_DIAMETER": {
        "name": "HORZ_DIAMETER",
        "min": "None",
        "max": "None",
        "default": "0.0",
        "learned": "0.0"
    },
    "Fuselage__VERT_DIAMETER": {
        "name": "VERT_DIAMETER",
        "min": "None",
        "max": "None",
        "default": "0.0",
        "learned": "0.0"
    },
    "Hub2__ANGHORZCONN": {
        "name": "ANGHORZCONN",
        "min": "55.0",
        "max": "55.0",
        "default": "180.0",
        "learned": "180.0"
    },
    "Hub2__ANGVERTCONN": {
        "name": "ANGVERTCONN",
        "min": "0.0",
        "max": "0.0",
        "default": "0.0",
        "learned": "0.0"
    },
    "Hub2__DIAMETER": {
        "name": "DIAMETER",
        "min": "7.1374",
        "max": "7.1374",
        "default": "10.0076",
        "learned": "10.0076"
    },
    "Hub3__ANGHORZCONN": {
        "name": "ANGHORZCONN",
        "min": "55.0",
        "max": "55.0",
        "default": "120.0",
        "learned": "120.0"
    },
    "Hub3__ANGVERTCONN": {
        "name": "ANGVERTCONN",
        "min": "0.0",
        "max": "0.0",
        "default": "0.0",
        "learned": "0.0"
    },
    "Hub3__DIAMETER": {
        "name": "DIAMETER",
        "min": "7.1374",
        "max": "7.1374",
        "default": "10.0076",
        "learned": "10.0076"
    },
    "Hub4__ANGHORZCONN": {
        "name": "ANGHORZCONN",
        "min": "55.0",
        "max": "55.0",
        "default": "90.0",
        "learned": "90.0"
    },
    "Hub4__ANGVERTCONN": {
        "name": "ANGVERTCONN",
        "min": "0.0",
        "max": "0.0",
        "default": "0.0",
        "learned": "0.0"
    },
    "Hub4__DIAMETER": {
        "name": "DIAMETER",
        "min": "7.1374",
        "max": "7.1374",
        "default": "10.0076",
        "learned": "10.0076"
    },
    "Hub5__ANGHORZCONN": {
        "name": "ANGHORZCONN",
        "min": "55.0",
        "max": "55.0",
        "default": "72.0",
        "learned": "72.0"
    },
    "Hub5__ANGVERTCONN": {
        "name": "ANGVERTCONN",
        "min": "0.0",
        "max": "0.0",
        "default": "0.0",
        "learned": "0.0"
    },
    "Hub5__DIAMETER": {
        "name": "DIAMETER",
        "min": "7.1374",
        "max": "7.1374",
        "default": "10.0076",
        "learned": "10.0076"
    },
    "Hub6__ANGHORZCONN": {
        "name": "ANGHORZCONN",
        "min": "55.0",
        "max": "55.0",
        "default": "60.0",
        "learned": "60.0"
    },
    "Hub6__ANGVERTCONN": {
        "name": "ANGVERTCONN",
        "min": "0.0",
        "max": "0.0",
        "default": "0.0",
        "learned": "0.0"
    },
    "Hub6__DIAMETER": {
        "name": "DIAMETER",
        "min": "7.1374",
        "max": "7.1374",
        "default": "10.0076",
        "learned": "10.0076"
    },
    "Motor__CONTROL_CHANNEL": {
        "name": "CONTROL_CHANNEL",
        "min": "0.0",
        "max": "0.0",
        "default": "-1.0",
        "learned": "-1.0"
    },
    "Orient__Z_ANGLE": {
        "name": "Z_ANGLE",
        "min": "0.0",
        "max": "0.0",
        "default": "0.0",
        "learned": "0.0"
    },
    "Propeller__Direction": {
        "name": "Direction",
        "min": "-1.0",
        "max": "-1.0",
        "default": "1.0",
        "learned": "1.0"
    },
    "Propeller__Prop_type": {
        "name": "Prop_type",
        "min": "-1.0",
        "max": "-1.0",
        "default": "1.0",
        "learned": "1.0"
    },
    "SensorAutopilot__ROTATION": {
        "name": "ROTATION",
        "min": "0.0",
        "max": "0.0",
        "default": "0.0",
        "learned": "0.0"
    },
    "SensorCurrent__ROTATION": {
        "name": "ROTATION",
        "min": "0.0",
        "max": "0.0",
        "default": "0.0",
        "learned": "0.0"
    },
    "SensorGPS__ROTATION": {
        "name": "ROTATION",
        "min": "0.0",
        "max": "0.0",
        "default": "0.0",
        "learned": "0.0"
    },
    "SensorRpmTemp__ROTATION": {
        "name": "ROTATION",
        "min": "0.0",
        "max": "0.0",
        "default": "0.0",
        "learned": "0.0"
    },
    "SensorVariometer__ROTATION": {
        "name": "ROTATION",
        "min": "0.0",
        "max": "0.0",
        "default": "0.0",
        "learned": "0.0"
    },
    "SensorVoltage__ROTATION": {
        "name": "ROTATION",
        "min": "0.0",
        "max": "0.0",
        "default": "0.0",
        "learned": "0.0"
    },
    "Tube__BASE_ROT": {
        "name": "BASE_ROT",
        "min": "None",
        "max": "None",
        "default": "0.0",
        "learned": "0.0"
    },
    "Tube__END_ROT": {
        "name": "END_ROT",
        "min": "None",
        "max": "None",
        "default": "0.0",
        "learned": "0.0"
    },
    "Tube__Length": {
        "name": "Length",
        "min": "0.0",
        "max": "0.0",
        "default": "100.0",
        "learned": "100.0"
    },
    "Tube__Offset1": {
        "name": "Offset1",
        "min": "0.0",
        "max": "0.0",
        "default": "25.0",
        "learned": "25.0"
    },
    "Tube__Offset2": {
        "name": "Offset2",
        "min": "0.0",
        "max": "0.0",
        "default": "50.0",
        "learned": "50.0"
    },
    "Wing__AILERON_BIAS": {
        "name": "AILERON_BIAS",
        "min": "-1.0",
        "max": "-1.0",
        "default": "0.5",
        "learned": "0.5"
    },
    "Wing__CHORD_1": {
        "name": "CHORD_1",
        "min": "1.0",
        "max": "1.0",
        "default": "100.0",
        "learned": "100.0"
    },
    "Wing__CHORD_2": {
        "name": "CHORD_2",
        "min": "1.0",
        "max": "1.0",
        "default": "100.0",
        "learned": "100.0"
    },
    "Wing__CONTROL_CHANNEL": {
        "name": "CONTROL_CHANNEL",
        "min": "None",
        "max": "None",
        "default": "-1.0",
        "learned": "-1.0"
    },
    "Wing__FLAP_BIAS": {
        "name": "FLAP_BIAS",
        "min": "0.0",
        "max": "0.0",
        "default": "0.5",
        "learned": "0.5"
    },
    "Wing__LOAD": {
        "name": "LOAD",
        "min": "1.0",
        "max": "1.0",
        "default": "15.0",
        "learned": "15.0"
    },
    "Wing__NACA_Profile": {
        "name": "NACA_Profile",
        "min": "0.0",
        "max": "0.0",
        "default": "12.0",
        "learned": "12.0"
    },
    "Wing__SERVO_LENGTH": {
        "name": "SERVO_LENGTH",
        "min": "0.1",
        "max": "0.1",
        "default": "0.1",
        "learned": "0.1"
    },
    "Wing__SERVO_THICKNESS": {
        "name": "SERVO_THICKNESS",
        "min": "0.1",
        "max": "0.1",
        "default": "0.1",
        "learned": "0.1"
    },
    "Wing__SERVO_WIDTH": {
        "name": "SERVO_WIDTH",
        "min": "0.1",
        "max": "0.1",
        "default": "0.1",
        "learned": "0.1"
    },
    "Wing__SPAN": {
        "name": "SPAN",
        "min": "1.0",
        "max": "1.0",
        "default": "1000.0",
        "learned": "1000.0"
    },
    "Wing__TAPER_OFFSET": {
        "name": "TAPER_OFFSET",
        "min": "0.0",
        "max": "0.0",
        "default": "0.0",
        "learned": "0.0"
    },
    "Wing__THICKNESS": {
        "name": "THICKNESS",
        "min": "6.0",
        "max": "6.0",
        "default": "12.0",
        "learned": "12.0"
    },
    "Wing__TUBE_DIAMETER": {
        "name": "TUBE_DIAMETER",
        "min": "1.0",
        "max": "1.0",
        "default": "1000.0",
        "learned": "1000.0"
    },
    "Wing__TUBE_OFFSET": {
        "name": "TUBE_OFFSET",
        "min": "1.0",
        "max": "1.0",
        "default": "1000.0",
        "learned": "1000.0"
    },
    "Wing__TUBE_ROTATION": {
        "name": "TUBE_ROTATION",
        "min": "0.0",
        "max": "0.0",
        "default": "0.0",
        "learned": "0.0"
    }
}