{
    "PARAMETERS": {
        "ALL": {
            "DESCRIPTION": "All parameter values across the seed designs",
            "VALUES": {
                "BatteryController__Input_Voltage": [
                    1.0
                ],
                "BatteryController__Output_Voltage": [
                    1.0
                ],
                "Battery__ROTATION": [
                    0.0
                ],
                "CargoCase__Rotation": [
                    0.0
                ],
                "Cargo__WEIGHT": [
                    0.5
                ],
                "Flange__BOTTOM_ANGLE": [
                    0.0
                ],
                "Flange__SIDE_ANGLE": [
                    0.0
                ],
                "Fuselage__BOTTOM_CONNECTOR_OFFSET_LENGTH": [
                    0.0
                ],
                "Fuselage__BOTTOM_CONNECTOR_OFFSET_WIDTH": [
                    0.0
                ],
                "Fuselage__BOTTOM_CONNECTOR_ROTATION": [
                    90.0,
                    45.0
                ],
                "Fuselage__FLOOR_CONNECTOR_1_DISP_LENGTH": [
                    0.0
                ],
                "Fuselage__FLOOR_CONNECTOR_1_DISP_WIDTH": [
                    0.0,
                    70.0,
                    20.0,
                    30.0
                ],
                "Fuselage__FLOOR_CONNECTOR_2_DISP_LENGTH": [
                    0.0
                ],
                "Fuselage__FLOOR_CONNECTOR_2_DISP_WIDTH": [
                    0.0,
                    -70.0,
                    -20.0,
                    -30.0
                ],
                "Fuselage__FLOOR_CONNECTOR_3_DISP_LENGTH": [
                    0.0,
                    -20.0,
                    -160.0
                ],
                "Fuselage__FLOOR_CONNECTOR_3_DISP_WIDTH": [
                    0.0,
                    33.0,
                    13.0
                ],
                "Fuselage__FLOOR_CONNECTOR_4_DISP_LENGTH": [
                    0.0,
                    -20.0,
                    -160.0
                ],
                "Fuselage__FLOOR_CONNECTOR_4_DISP_WIDTH": [
                    0.0,
                    -30.0,
                    -18.0
                ],
                "Fuselage__FLOOR_CONNECTOR_5_DISP_LENGTH": [
                    0.0,
                    50.0,
                    115.0
                ],
                "Fuselage__FLOOR_CONNECTOR_5_DISP_WIDTH": [
                    0.0
                ],
                "Fuselage__FLOOR_CONNECTOR_6_DISP_LENGTH": [
                    0.0,
                    -20.0,
                    155.0
                ],
                "Fuselage__FLOOR_CONNECTOR_6_DISP_WIDTH": [
                    0.0,
                    11.0,
                    18.0
                ],
                "Fuselage__FLOOR_CONNECTOR_7_DISP_LENGTH": [
                    0.0,
                    -80.0,
                    -120.0
                ],
                "Fuselage__FLOOR_CONNECTOR_7_DISP_WIDTH": [
                    0.0
                ],
                "Fuselage__FLOOR_CONNECTOR_8_DISP_LENGTH": [
                    0.0,
                    -20.0,
                    155.0
                ],
                "Fuselage__FLOOR_CONNECTOR_8_DISP_WIDTH": [
                    0.0,
                    -11.0,
                    -18.0
                ],
                "Fuselage__FLOOR_HEIGHT": [
                    20.0
                ],
                "Fuselage__FUSE_CYL_LENGTH": [
                    150.0,
                    140.0,
                    80.0,
                    270.0
                ],
                "Fuselage__HORZ_DIAMETER": [
                    80.0,
                    300.0,
                    190.0
                ],
                "Fuselage__VERT_DIAMETER": [
                    105.0,
                    68.0,
                    125.0
                ],
                "Hub2__ANGHORZCONN": [
                    270.0
                ],
                "Hub2__ANGVERTCONN": [
                    0.0
                ],
                "Hub2__DIAMETER": [
                    10.0076
                ],
                "Hub3__ANGHORZCONN": [
                    90.0
                ],
                "Hub3__ANGVERTCONN": [
                    0.0
                ],
                "Hub3__DIAMETER": [
                    10.0076
                ],
                "Hub4__ANGHORZCONN": [
                    90.0
                ],
                "Hub4__ANGVERTCONN": [
                    0.0
                ],
                "Hub4__DIAMETER": [
                    10.0076
                ],
                "Motor__CONTROL_CHANNEL": [
                    2.0,
                    4.0,
                    3.0,
                    1.0
                ],
                "Orient__Z_ANGLE": [
                    90.0,
                    45.0
                ],
                "Propeller__Direction": [
                    1.0
                ],
                "Propeller__Prop_type": [
                    1.0
                ],
                "SensorAutopilot__ROTATION": [
                    0.0,
                    90.0
                ],
                "SensorCurrent__ROTATION": [
                    0.0,
                    90.0
                ],
                "SensorGPS__ROTATION": [
                    0.0
                ],
                "SensorRpmTemp__ROTATION": [
                    0.0,
                    90.0
                ],
                "SensorVariometer__ROTATION": [
                    0.0,
                    90.0
                ],
                "SensorVoltage__ROTATION": [
                    0.0,
                    90.0
                ],
                "Tube__BASE_ROT": [
                    0.0
                ],
                "Tube__END_ROT": [
                    0.0
                ],
                "Tube__Length": [
                    140.0,
                    55.0,
                    220.0,
                    150.0,
                    41.0,
                    80.0,
                    150.1524,
                    52.0,
                    90.0,
                    135.0,
                    335.0,
                    95.0,
                    400.0,
                    170.0
                ],
                "Tube__Offset1": [
                    0.0,
                    90.0
                ],
                "Tube__Offset2": [
                    0.0
                ],
                "Wing__AILERON_BIAS": [
                    0.5
                ],
                "Wing__CHORD_1": [
                    100.0
                ],
                "Wing__CHORD_2": [
                    100.0
                ],
                "Wing__CONTROL_CHANNEL": [
                    7.0,
                    5.0,
                    10.0,
                    8.0,
                    9.0,
                    6.0
                ],
                "Wing__FLAP_BIAS": [
                    0.5
                ],
                "Wing__LOAD": [
                    15.0,
                    30.0,
                    20.0
                ],
                "Wing__NACA_Profile": [
                    12.0
                ],
                "Wing__SERVO_LENGTH": [
                    10.0
                ],
                "Wing__SERVO_THICKNESS": [
                    10.0
                ],
                "Wing__SERVO_WIDTH": [
                    10.0
                ],
                "Wing__SPAN": [
                    609.0,
                    450.0,
                    140.0
                ],
                "Wing__TAPER_OFFSET": [
                    0.0
                ],
                "Wing__THICKNESS": [
                    12.0
                ],
                "Wing__TUBE_DIAMETER": [
                    10.0
                ],
                "Wing__TUBE_OFFSET": [
                    50.0,
                    289.68,
                    160.32,
                    90.0,
                    448.68
                ],
                "Wing__TUBE_ROTATION": [
                    0.0
                ]
            }
        },
        "DESIGN_PARAMS_ALL": {
            "DESCRIPTION": "All parameters controlled by DesignParameters in any design",
            "VALUES": [
                "Fuselage__FLOOR_CONNECTOR_8_DISP_WIDTH",
                "Propeller__Prop_type",
                "Fuselage__FLOOR_CONNECTOR_3_DISP_WIDTH",
                "Fuselage__FLOOR_CONNECTOR_1_DISP_WIDTH",
                "Propeller__Direction",
                "Fuselage__VERT_DIAMETER",
                "Tube__Offset1",
                "Tube__END_ROT",
                "Wing__SPAN",
                "Fuselage__FLOOR_CONNECTOR_2_DISP_WIDTH",
                "Orient__Z_ANGLE",
                "Wing__TUBE_OFFSET",
                "Fuselage__FLOOR_CONNECTOR_4_DISP_LENGTH",
                "Wing__NACA_Profile",
                "Wing__THICKNESS",
                "Wing__CONTROL_CHANNEL",
                "Fuselage__HORZ_DIAMETER",
                "Wing__TUBE_ROTATION",
                "Fuselage__BOTTOM_CONNECTOR_ROTATION",
                "Fuselage__FUSE_CYL_LENGTH",
                "Fuselage__FLOOR_CONNECTOR_6_DISP_WIDTH",
                "Fuselage__FLOOR_CONNECTOR_8_DISP_LENGTH",
                "Hub3__ANGHORZCONN",
                "Fuselage__FLOOR_CONNECTOR_4_DISP_WIDTH",
                "SensorVoltage__ROTATION",
                "Wing__CHORD_1",
                "Motor__CONTROL_CHANNEL",
                "Wing__CHORD_2",
                "Fuselage__FLOOR_CONNECTOR_5_DISP_LENGTH",
                "SensorRpmTemp__ROTATION",
                "Wing__LOAD",
                "Fuselage__FLOOR_CONNECTOR_7_DISP_LENGTH",
                "Fuselage__FLOOR_CONNECTOR_6_DISP_LENGTH",
                "Hub2__ANGHORZCONN",
                "Flange__BOTTOM_ANGLE",
                "Tube__Length",
                "SensorCurrent__ROTATION",
                "SensorVariometer__ROTATION",
                "SensorAutopilot__ROTATION",
                "Fuselage__FLOOR_CONNECTOR_3_DISP_LENGTH",
                "Fuselage__FLOOR_HEIGHT",
                "Cargo__WEIGHT"
            ]
        },
        "DESIGN_PARAMS_SHARED": {
            "DESCRIPTION": "All parameters controlled by DesignParameters in every design",
            "VALUES": [
                "Fuselage__BOTTOM_CONNECTOR_ROTATION",
                "Fuselage__FUSE_CYL_LENGTH",
                "Propeller__Prop_type",
                "Orient__Z_ANGLE",
                "Tube__Length",
                "Propeller__Direction",
                "Motor__CONTROL_CHANNEL",
                "Fuselage__VERT_DIAMETER",
                "Fuselage__HORZ_DIAMETER",
                "Fuselage__FLOOR_HEIGHT"
            ]
        },
        "DIFFERENT": {
            "DESCRIPTION": "All parameters with different values across the seed designs",
            "VALUES": {
                "Fuselage__BOTTOM_CONNECTOR_ROTATION": [
                    90.0,
                    45.0
                ],
                "Fuselage__FLOOR_CONNECTOR_1_DISP_WIDTH": [
                    0.0,
                    70.0,
                    20.0,
                    30.0
                ],
                "Fuselage__FLOOR_CONNECTOR_2_DISP_WIDTH": [
                    0.0,
                    -70.0,
                    -20.0,
                    -30.0
                ],
                "Fuselage__FLOOR_CONNECTOR_3_DISP_LENGTH": [
                    0.0,
                    -20.0,
                    -160.0
                ],
                "Fuselage__FLOOR_CONNECTOR_3_DISP_WIDTH": [
                    0.0,
                    33.0,
                    13.0
                ],
                "Fuselage__FLOOR_CONNECTOR_4_DISP_LENGTH": [
                    0.0,
                    -20.0,
                    -160.0
                ],
                "Fuselage__FLOOR_CONNECTOR_4_DISP_WIDTH": [
                    0.0,
                    -30.0,
                    -18.0
                ],
                "Fuselage__FLOOR_CONNECTOR_5_DISP_LENGTH": [
                    0.0,
                    50.0,
                    115.0
                ],
                "Fuselage__FLOOR_CONNECTOR_6_DISP_LENGTH": [
                    0.0,
                    -20.0,
                    155.0
                ],
                "Fuselage__FLOOR_CONNECTOR_6_DISP_WIDTH": [
                    0.0,
                    11.0,
                    18.0
                ],
                "Fuselage__FLOOR_CONNECTOR_7_DISP_LENGTH": [
                    0.0,
                    -80.0,
                    -120.0
                ],
                "Fuselage__FLOOR_CONNECTOR_8_DISP_LENGTH": [
                    0.0,
                    -20.0,
                    155.0
                ],
                "Fuselage__FLOOR_CONNECTOR_8_DISP_WIDTH": [
                    0.0,
                    -11.0,
                    -18.0
                ],
                "Fuselage__FUSE_CYL_LENGTH": [
                    150.0,
                    140.0,
                    80.0,
                    270.0
                ],
                "Fuselage__HORZ_DIAMETER": [
                    80.0,
                    300.0,
                    190.0
                ],
                "Fuselage__VERT_DIAMETER": [
                    105.0,
                    68.0,
                    125.0
                ],
                "Motor__CONTROL_CHANNEL": [
                    2.0,
                    4.0,
                    3.0,
                    1.0
                ],
                "Orient__Z_ANGLE": [
                    90.0,
                    45.0
                ],
                "SensorAutopilot__ROTATION": [
                    0.0,
                    90.0
                ],
                "SensorCurrent__ROTATION": [
                    0.0,
                    90.0
                ],
                "SensorRpmTemp__ROTATION": [
                    0.0,
                    90.0
                ],
                "SensorVariometer__ROTATION": [
                    0.0,
                    90.0
                ],
                "SensorVoltage__ROTATION": [
                    0.0,
                    90.0
                ],
                "Tube__Length": [
                    140.0,
                    55.0,
                    220.0,
                    150.0,
                    41.0,
                    80.0,
                    150.1524,
                    52.0,
                    90.0,
                    135.0,
                    335.0,
                    95.0,
                    400.0,
                    170.0
                ],
                "Tube__Offset1": [
                    0.0,
                    90.0
                ],
                "Wing__CONTROL_CHANNEL": [
                    7.0,
                    5.0,
                    10.0,
                    8.0,
                    9.0,
                    6.0
                ],
                "Wing__LOAD": [
                    15.0,
                    30.0,
                    20.0
                ],
                "Wing__SPAN": [
                    609.0,
                    450.0,
                    140.0
                ],
                "Wing__TUBE_OFFSET": [
                    50.0,
                    289.68,
                    160.32,
                    90.0,
                    448.68
                ]
            }
        },
        "SHARED": {
            "DESCRIPTION": "All parameters with same values across the seed designs",
            "VALUES": {
                "BatteryController__Input_Voltage": 1.0,
                "BatteryController__Output_Voltage": 1.0,
                "Battery__ROTATION": 0.0,
                "CargoCase__Rotation": 0.0,
                "Cargo__WEIGHT": 0.5,
                "Flange__BOTTOM_ANGLE": 0.0,
                "Flange__SIDE_ANGLE": 0.0,
                "Fuselage__BOTTOM_CONNECTOR_OFFSET_LENGTH": 0.0,
                "Fuselage__BOTTOM_CONNECTOR_OFFSET_WIDTH": 0.0,
                "Fuselage__FLOOR_CONNECTOR_1_DISP_LENGTH": 0.0,
                "Fuselage__FLOOR_CONNECTOR_2_DISP_LENGTH": 0.0,
                "Fuselage__FLOOR_CONNECTOR_5_DISP_WIDTH": 0.0,
                "Fuselage__FLOOR_CONNECTOR_7_DISP_WIDTH": 0.0,
                "Fuselage__FLOOR_HEIGHT": 20.0,
                "Hub2__ANGHORZCONN": 270.0,
                "Hub2__ANGVERTCONN": 0.0,
                "Hub2__DIAMETER": 10.0076,
                "Hub3__ANGHORZCONN": 90.0,
                "Hub3__ANGVERTCONN": 0.0,
                "Hub3__DIAMETER": 10.0076,
                "Hub4__ANGHORZCONN": 90.0,
                "Hub4__ANGVERTCONN": 0.0,
                "Hub4__DIAMETER": 10.0076,
                "Propeller__Direction": 1.0,
                "Propeller__Prop_type": 1.0,
                "SensorGPS__ROTATION": 0.0,
                "Tube__BASE_ROT": 0.0,
                "Tube__END_ROT": 0.0,
                "Tube__Offset2": 0.0,
                "Wing__AILERON_BIAS": 0.5,
                "Wing__CHORD_1": 100.0,
                "Wing__CHORD_2": 100.0,
                "Wing__FLAP_BIAS": 0.5,
                "Wing__NACA_Profile": 12.0,
                "Wing__SERVO_LENGTH": 10.0,
                "Wing__SERVO_THICKNESS": 10.0,
                "Wing__SERVO_WIDTH": 10.0,
                "Wing__TAPER_OFFSET": 0.0,
                "Wing__THICKNESS": 12.0,
                "Wing__TUBE_DIAMETER": 10.0,
                "Wing__TUBE_ROTATION": 0.0
            }
        }
    }
}