{
    "BatteryController__Input_Voltage": 1.0,
    "BatteryController__Output_Voltage": 1.0,
    "Battery__ROTATION": 0.0,
    "CargoCase__Rotation": 0.0,
    "Cargo__WEIGHT": 0.5,
    "Flange__SIDE_ANGLE": 0.0,
    "Fuselage__BOTTOM_CONNECTOR_OFFSET_LENGTH": 0.0,
    "Fuselage__BOTTOM_CONNECTOR_OFFSET_WIDTH": 0.0,
    "Fuselage__FLOOR_CONNECTOR_1_DISP_LENGTH": 0.0,
    "Fuselage__FLOOR_CONNECTOR_2_DISP_LENGTH": 0.0,
    "Fuselage__FLOOR_CONNECTOR_5_DISP_WIDTH": 0.0,
    "Fuselage__FLOOR_CONNECTOR_7_DISP_WIDTH": 0.0,
    "Fuselage__FLOOR_HEIGHT": 20.0,
    "Hub2__ANGHORZCONN": 270.0,
    "Hub2__ANGVERTCONN": 0.0,
    "Hub2__DIAMETER": 10.0076,
    "Hub3__ANGHORZCONN": 90.0,
    "Hub3__ANGVERTCONN": 0.0,
    "Hub3__DIAMETER": 10.0076,
    "Hub4__ANGHORZCONN": 90.0,
    "Hub4__ANGVERTCONN": 0.0,
    "Hub4__DIAMETER": 10.0076,
    "SensorGPS__ROTATION": 0.0,
    "Tube__BASE_ROT": 0.0,
    "Tube__Offset2": 0.0,
    "Wing__AILERON_BIAS": 0.5,
    "Wing__FLAP_BIAS": 0.5,
    "Wing__NACA_Profile": 12.0,
    "Wing__SERVO_LENGTH": 10.0,
    "Wing__SERVO_THICKNESS": 10.0,
    "Wing__SERVO_WIDTH": 10.0,
    "Wing__TAPER_OFFSET": 0.0,
    "Wing__THICKNESS": 12.0,
    "Wing__TUBE_DIAMETER": 10.0
}