name,class,connector,COST,MODULE_MASS,VOLUME_PERCENT,NUMBER_OF_CELLS,VOLTAGE,CHEMISTRY_TYPE,CONT_DISCHARGE_RATE,PEAK_DISCHARGE_RATE,DISCHARGE_PLUG,VOLTAGE_REQUEST,MOUNT_SIDE,LENGTH,CHORD_2,CHORD_1,MODEL,WEIGHT,MODULE_VOLUME,BASE_VOLTAGE,THICKNESS,TAPER_OFFSET,WIDTH,SPAN,BATTERY_TYPE,CAPACITY,PACK_RESISTANCE,ROTATION
Avionic40AhNi,Battery,"['Battery_Connector_1_out', 'Battery_Connector_2_out', 'PowerBus']",None,36.42,"('100', '1', '100', '100')",None,None,None,25.0,40.0,None,"('800', '1', None, '110')","('1', '1', '2', '1')",None,"('1000', '1', None, '1000')","('1000', '1', None, '1000')",None,None,16782563.45792,28.0,"('200', '6', None, '40')","('0', '0', '1', '0')",None,"('10000', '1', None, '1000')",Wing,40.0,None,None
Avionic40AhNi_beam,Battery,"['Battery_Connector_1', 'Battery_Connector_2', 'PowerBus']",None,36.42,"('100', '1', '100', '100')",None,None,None,25.0,40.0,None,"('800', '1', None, '110')","('1', '1', '2', '1')",None,"('1', '1', None, '1000')","('1000', '1', None, '1000')",None,None,16782563.45792,28.0,"('200', '6', None, '40')","('0', '0', '1', '0')",None,"('10000', '1', None, '1000')",Beam,40.0,None,None
Avionic40AhLi_cyl,Battery,"['Battery_Connector_1_out', 'Battery_Connector_2', 'PowerBus']",None,20.32,"('100', '1', '100', '100')",None,None,None,21.3,36.0,None,"('400', '1', None, '110')","('1', '1', '2', '1')",None,"('1', '1', None, '1000')","('200', '1', None, '1000')",None,None,20701909.047712006,28.0,"('200', '6', None, '40')","('0', '0', '1', '0')",None,"('2500', '1', None, '1000')",Cylinder,40.0,None,None
Eagle100AhLi,Battery,"['Battery_Connector_1_out', 'Battery_Connector_2_out', 'PowerBus']",None,35.0,"('100', '1', '100', '100')",None,None,None,1.0,3.3,None,"('800', '1', None, '110')","('1', '1', '2', '1')",None,"('1000', '1', None, '1000')","('1000', '1', None, '1000')",None,None,37860732.0,33.3,"('200', '6', None, '40')","('0', '0', '1', '0')",None,"('10000', '1', None, '1000')",Wing,100.0,None,None
GS25AhLi,Battery,"['Battery_Connector_1_out', 'Battery_Connector_2_out', 'PowerBus']",None,27.0,"('100', '1', '100', '100')",None,None,None,24.0,48.0,None,"('800', '1', None, '110')","('1', '1', '2', '1')",None,"('1000', '1', None, '1000')","('1000', '1', None, '1000')",None,None,17295744.0,44.4,"('200', '6', None, '40')","('0', '0', '1', '0')",None,"('10000', '1', None, '1000')",Wing,25.0,None,None
GS50AhLi_cyl,Battery,"['Battery_Connector_1_out', 'Battery_Connector_2', 'PowerBus']",None,27.0,"('100', '1', '100', '100')",None,None,None,1.0,6.0,None,"('400', '1', None, '110')","('1', '1', '2', '1')",None,"('1', '1', None, '1000')","('200', '1', None, '1000')",None,None,17295744.0,44.4,"('200', '6', None, '40')","('0', '0', '1', '0')",None,"('2500', '1', None, '1000')",Cylinder,50.0,None,None
Tattu19AhLi_cyl,Battery,"['Battery_Connector_1_out', 'Battery_Connector_2', 'PowerBus']",None,7.86,"('100', '1', '100', '100')",None,None,None,25.0,50.0,None,"('400', '1', None, '110')","('1', '1', '2', '1')",None,"('1', '1', None, '1000')","('200', '1', None, '1000')",None,None,5991804.0,51.8,"('200', '6', None, '40')","('0', '0', '1', '0')",None,"('2500', '1', None, '1000')",Cylinder,19.0,None,None
Saft18AhLi_beam,Battery,"['Battery_Connector_1', 'Battery_Connector_2', 'PowerBus']",None,5.0,"('100', '1', '100', '100')",None,None,None,1.0,2.0,None,"('800', '1', None, '110')","('1', '1', '2', '1')",None,"('1', '1', None, '1000')","('1000', '1', None, '1000')",None,None,4989600.0,29.6,"('200', '6', None, '40')","('0', '0', '1', '0')",None,"('10000', '1', None, '1000')",Beam,18.0,None,None
TurnigyGraphene6000mAh6S75C,Battery,"['Bottom_Connector', 'PowerBus', 'Top_Connector']",129.99,None,None,6S1P,22.2,LiPo,75,150,XT90,None,None,170.0,None,None,TurnigyGraphene6000mAh6S75C,1.1400000000000001,None,None,48,None,69,None,UAV,6000,13.0,"('0', '0', '360', '0')"
Eagle19AhAg_beam,Battery,"['Battery_Connector_1', 'Battery_Connector_2', 'PowerBus']",None,9.3,"('100', '1', '100', '100')",None,None,None,1.58,3.0,None,"('800', '1', None, '110')","('1', '1', '2', '1')",None,"('1', '1', None, '1000')","('1000', '1', None, '1000')",None,None,4817796.816000001,28.0,"('200', '6', None, '40')","('0', '0', '1', '0')",None,"('10000', '1', None, '1000')",Beam,19.0,None,None
Eagle50AhLi,Battery,"['Battery_Connector_1_out', 'Battery_Connector_2_out', 'PowerBus']",None,17.24,"('100', '1', '100', '100')",None,None,None,1.32,2.0,None,"('800', '1', None, '110')","('1', '1', '2', '1')",None,"('1000', '1', None, '1000')","('1000', '1', None, '1000')",None,None,12896320.0,25.2,"('200', '6', None, '40')","('0', '0', '1', '0')",None,"('10000', '1', None, '1000')",Wing,50.0,None,None
Eagle022AhAg_beam,Battery,"['Battery_Connector_1', 'Battery_Connector_2', 'PowerBus']",None,1.0,"('100', '1', '100', '100')",None,None,None,10.3,20.0,None,"('800', '1', None, '110')","('1', '1', '2', '1')",None,"('1', '1', None, '1000')","('1000', '1', None, '1000')",None,None,453295.128,28.0,"('200', '6', None, '40')","('0', '0', '1', '0')",None,"('10000', '1', None, '1000')",Beam,0.22,None,None
Eagle031AhAg_cyl,Battery,"['Battery_Connector_1_out', 'Battery_Connector_2', 'PowerBus']",None,1.81,"('100', '1', '100', '100')",None,None,None,1.0,2.0,None,"('400', '1', None, '110')","('1', '1', '2', '1')",None,"('1', '1', None, '1000')","('200', '1', None, '1000')",None,None,661012.9020000001,28.0,"('200', '6', None, '40')","('0', '0', '1', '0')",None,"('2500', '1', None, '1000')",Cylinder,0.31,None,None
Eagle50AhAg,Battery,"['Battery_Connector_1_out', 'Battery_Connector_2_out', 'PowerBus']",None,24.5,"('100', '1', '100', '100')",None,None,None,0.54,1.0,None,"('800', '1', None, '110')","('1', '1', '2', '1')",None,"('1000', '1', None, '1000')","('1000', '1', None, '1000')",None,None,13747102.3,33.0,"('200', '6', None, '40')","('0', '0', '1', '0')",None,"('10000', '1', None, '1000')",Wing,50.0,None,None
Eagle19AhAg,Battery,"['Battery_Connector_1_out', 'Battery_Connector_2_out', 'PowerBus']",None,9.3,"('100', '1', '100', '100')",None,None,None,1.58,3.0,None,"('800', '1', None, '110')","('1', '1', '2', '1')",None,"('1000', '1', None, '1000')","('1000', '1', None, '1000')",None,None,4817796.816000001,28.0,"('200', '6', None, '40')","('0', '0', '1', '0')",None,"('10000', '1', None, '1000')",Wing,19.0,None,None
Eagle031AhAg_beam,Battery,"['Battery_Connector_1', 'Battery_Connector_2', 'PowerBus']",None,1.81,"('100', '1', '100', '100')",None,None,None,1.0,2.0,None,"('800', '1', None, '110')","('1', '1', '2', '1')",None,"('1', '1', None, '1000')","('1000', '1', None, '1000')",None,None,661012.9020000001,28.0,"('200', '6', None, '40')","('0', '0', '1', '0')",None,"('10000', '1', None, '1000')",Beam,0.31,None,None
Saft72AhLi,Battery,"['Battery_Connector_1_out', 'Battery_Connector_2_out', 'PowerBus']",None,28.8,"('100', '1', '100', '100')",None,None,None,1.0,2.0,None,"('800', '1', None, '110')","('1', '1', '2', '1')",None,"('1000', '1', None, '1000')","('1000', '1', None, '1000')",None,None,29695600.0,40.7,"('200', '6', None, '40')","('0', '0', '1', '0')",None,"('10000', '1', None, '1000')",Wing,72.0,None,None
Tattu19AhLi,Battery,"['Battery_Connector_1_out', 'Battery_Connector_2_out', 'PowerBus']",None,7.86,"('100', '1', '100', '100')",None,None,None,25.0,50.0,None,"('800', '1', None, '110')","('1', '1', '2', '1')",None,"('1000', '1', None, '1000')","('1000', '1', None, '1000')",None,None,5991804.0,51.8,"('200', '6', None, '40')","('0', '0', '1', '0')",None,"('10000', '1', None, '1000')",Wing,19.0,None,None
TurnigyGraphene1000mAh2S75C,Battery,"['Bottom_Connector', 'PowerBus', 'Top_Connector']",9.54,None,None,2S1P,7.4,LiPo,75,150,XT60,None,None,74.0,None,None,Turnigy Graphene 1000mAh 2S 75C,0.084,None,None,17,None,35,None,UAV,1000,11.0,"('0', '0', '360', '0')"
Tattu25AhLi,Battery,"['Battery_Connector_1_out', 'Battery_Connector_2_out', 'PowerBus']",None,9.54,"('100', '1', '100', '100')",None,None,None,25.0,50.0,None,"('800', '1', None, '110')","('1', '1', '2', '1')",None,"('1000', '1', None, '1000')","('1000', '1', None, '1000')",None,None,5991804.0,51.8,"('200', '6', None, '40')","('0', '0', '1', '0')",None,"('10000', '1', None, '1000')",Wing,25.0,None,None
TurnigyGraphene4000mAh6S75C,Battery,"['Bottom_Connector', 'PowerBus', 'Top_Connector']",104.34,None,None,6S1P,22.2,LiPo,75,150,XT90,None,None,145.0,None,None,TurnigyGraphene4000mAh6S75C,0.76,None,None,51,None,51,None,UAV,4000,16.0,"('0', '0', '360', '0')"
TurnigyGraphene4000mAh4S75C,Battery,"['Bottom_Connector', 'PowerBus', 'Top_Connector']",70.83,None,None,4S1P,14.8,LiPo,75,150,XT90,None,None,145.0,None,None,TurnigyGraphene4000mAh4S75C,0.526,None,None,36,None,51,None,UAV,4000,12.0,"('0', '0', '360', '0')"
Tattu25AhLi_beam,Battery,"['Battery_Connector_1', 'Battery_Connector_2', 'PowerBus']",None,9.54,"('100', '1', '100', '100')",None,None,None,25.0,50.0,None,"('800', '1', None, '110')","('1', '1', '2', '1')",None,"('1', '1', None, '1000')","('1000', '1', None, '1000')",None,None,5991804.0,51.8,"('200', '6', None, '40')","('0', '0', '1', '0')",None,"('10000', '1', None, '1000')",Beam,25.0,None,None
Avionic55AhNi_cyl,Battery,"['Battery_Connector_1_out', 'Battery_Connector_2', 'PowerBus']",None,22.23,"('100', '1', '100', '100')",None,None,None,22.0,30.0,None,"('400', '1', None, '110')","('1', '1', '2', '1')",None,"('1', '1', None, '1000')","('200', '1', None, '1000')",None,None,12905171.367025,28.0,"('200', '6', None, '40')","('0', '0', '1', '0')",None,"('2500', '1', None, '1000')",Cylinder,55.0,None,None
Avionic20AhLi,Battery,"['Battery_Connector_1_out', 'Battery_Connector_2_out', 'PowerBus']",None,11.43,"('100', '1', '100', '100')",None,None,None,30.0,50.0,None,"('800', '1', None, '110')","('1', '1', '2', '1')",None,"('1000', '1', None, '1000')","('1000', '1', None, '1000')",None,None,11300222.044672,28.0,"('200', '6', None, '40')","('0', '0', '1', '0')",None,"('10000', '1', None, '1000')",Wing,20.0,None,None
Eagle7AhAg_beam,Battery,"['Battery_Connector_1', 'Battery_Connector_2', 'PowerBus']",None,4.17,"('100', '1', '100', '100')",None,None,None,0.47,1.0,None,"('800', '1', None, '110')","('1', '1', '2', '1')",None,"('1', '1', None, '1000')","('1000', '1', None, '1000')",None,None,2378317.8240000005,28.0,"('200', '6', None, '40')","('0', '0', '1', '0')",None,"('10000', '1', None, '1000')",Beam,7.5,None,None
Eagle112AhLi_beam,Battery,"['Battery_Connector_1', 'Battery_Connector_2', 'PowerBus']",None,28.2,"('100', '1', '100', '100')",None,None,None,0.72,1.5,None,"('800', '1', None, '110')","('1', '1', '2', '1')",None,"('1', '1', None, '1000')","('1000', '1', None, '1000')",None,None,27948128.0,29.6,"('200', '6', None, '40')","('0', '0', '1', '0')",None,"('10000', '1', None, '1000')",Beam,112.0,None,None
Eagle11AhLi_cyl,Battery,"['Battery_Connector_1_out', 'Battery_Connector_2', 'PowerBus']",None,1.18,"('100', '1', '100', '100')",None,None,None,0.46,1.2,None,"('400', '1', None, '110')","('1', '1', '2', '1')",None,"('1', '1', None, '1000')","('200', '1', None, '1000')",None,None,765517.48,14.4,"('200', '6', None, '40')","('0', '0', '1', '0')",None,"('2500', '1', None, '1000')",Cylinder,11.0,None,None
Avionic55AhNi_beam,Battery,"['Battery_Connector_1', 'Battery_Connector_2', 'PowerBus']",None,22.23,"('100', '1', '100', '100')",None,None,None,22.0,30.0,None,"('800', '1', None, '110')","('1', '1', '2', '1')",None,"('1', '1', None, '1000')","('1000', '1', None, '1000')",None,None,12905171.367025,28.0,"('200', '6', None, '40')","('0', '0', '1', '0')",None,"('10000', '1', None, '1000')",Beam,55.0,None,None
Eagle112AhLi,Battery,"['Battery_Connector_1_out', 'Battery_Connector_2_out', 'PowerBus']",None,28.2,"('100', '1', '100', '100')",None,None,None,0.72,1.5,None,"('800', '1', None, '110')","('1', '1', '2', '1')",None,"('1000', '1', None, '1000')","('1000', '1', None, '1000')",None,None,27948128.0,29.6,"('200', '6', None, '40')","('0', '0', '1', '0')",None,"('10000', '1', None, '1000')",Wing,112.0,None,None
Tattu22AhLi,Battery,"['Battery_Connector_1_out', 'Battery_Connector_2_out', 'PowerBus']",None,8.74,"('100', '1', '100', '100')",None,None,None,25.0,50.0,None,"('800', '1', None, '110')","('1', '1', '2', '1')",None,"('1000', '1', None, '1000')","('1000', '1', None, '1000')",None,None,5991804.0,51.8,"('200', '6', None, '40')","('0', '0', '1', '0')",None,"('10000', '1', None, '1000')",Wing,22.0,None,None
TurnigyGraphene5000mAh4S75C,Battery,"['Bottom_Connector', 'PowerBus', 'Top_Connector']",81.7,None,None,4S1P,14.8,LiPo,75,150,XT90,None,None,145.0,None,None,TurnigyGraphene5000mAh4S75C,0.63,None,None,42,None,51,None,UAV,5000,11.0,"('0', '0', '360', '0')"
Eagle4AhAg_beam,Battery,"['Battery_Connector_1', 'Battery_Connector_2', 'PowerBus']",None,11.16,"('100', '1', '100', '100')",None,None,None,16.4,32.0,None,"('800', '1', None, '110')","('1', '1', '2', '1')",None,"('1', '1', None, '1000')","('1000', '1', None, '1000')",None,None,6551432.16,33.0,"('200', '6', None, '40')","('0', '0', '1', '0')",None,"('10000', '1', None, '1000')",Beam,4.26,None,None
Eagle19AhAg_cyl,Battery,"['Battery_Connector_1_out', 'Battery_Connector_2', 'PowerBus']",None,9.3,"('100', '1', '100', '100')",None,None,None,1.58,3.0,None,"('400', '1', None, '110')","('1', '1', '2', '1')",None,"('1', '1', None, '1000')","('200', '1', None, '1000')",None,None,4817796.816000001,28.0,"('200', '6', None, '40')","('0', '0', '1', '0')",None,"('2500', '1', None, '1000')",Cylinder,19.0,None,None
Eagle11AhLi,Battery,"['Battery_Connector_1_out', 'Battery_Connector_2_out', 'PowerBus']",None,1.18,"('100', '1', '100', '100')",None,None,None,0.46,1.2,None,"('800', '1', None, '110')","('1', '1', '2', '1')",None,"('1000', '1', None, '1000')","('1000', '1', None, '1000')",None,None,765517.48,14.4,"('200', '6', None, '40')","('0', '0', '1', '0')",None,"('10000', '1', None, '1000')",Wing,11.0,None,None
TurnigyGraphene2200mAh3S75C,Battery,"['Bottom_Connector', 'PowerBus', 'Top_Connector']",32.73,None,None,3S1P,11.1,LiPo,75,150,XT60,None,None,106.0,None,None,TurnigyGraphene2200mAh3S75C,0.23,None,None,31,None,35,None,UAV,2200,10.0,"('0', '0', '360', '0')"
TurnigyGraphene5000mAh3S75C,Battery,"['Bottom_Connector', 'PowerBus', 'Top_Connector']",65.48,None,None,3S1P,11.1,LiPo,75,150,XT90,None,None,144.0,None,None,TurnigyGraphene5000mAh3S75C,0.49,None,None,32,None,51,None,UAV,5000,9.0,"('0', '0', '360', '0')"
TurnigyGraphene1000mAh4S75C,Battery,"['Bottom_Connector', 'PowerBus', 'Top_Connector']",23.65,None,None,4S1P,14.8,LiPo,75,150,XT60,None,None,75.0,None,None,TurnigyGraphene1000mAh4S75C,0.148,None,None,30,None,35,None,UAV,1000,17.0,"('0', '0', '360', '0')"
VitalyBeta_beam,Battery,"['Battery_Connector_1', 'Battery_Connector_2', 'PowerBus']",None,0.004,"('100', '1', '100', '100')",None,None,None,0.01,0.1,None,"('800', '1', None, '110')","('1', '1', '2', '1')",None,"('1', '1', None, '1000')","('1000', '1', None, '1000')",None,None,87500.0,11.1,"('200', '6', None, '40')","('0', '0', '1', '0')",None,"('10000', '1', None, '1000')",Beam,1.0,None,None
Saft18AhLi_cyl,Battery,"['Battery_Connector_1_out', 'Battery_Connector_2', 'PowerBus']",None,5.0,"('100', '1', '100', '100')",None,None,None,1.0,2.0,None,"('400', '1', None, '110')","('1', '1', '2', '1')",None,"('1', '1', None, '1000')","('200', '1', None, '1000')",None,None,4989600.0,29.6,"('200', '6', None, '40')","('0', '0', '1', '0')",None,"('2500', '1', None, '1000')",Cylinder,18.0,None,None
TurnigyGraphene1600mAh4S75C,Battery,"['Bottom_Connector', 'PowerBus', 'Top_Connector']",30.0,None,None,4S1P,14.8,LiPo,75,150,XT60,None,None,95.0,None,None,TurnigyGraphene1600mAh4S75C,0.212,None,None,35,None,35,None,UAV,1600,14.0,"('0', '0', '360', '0')"
Tattu22AhLi_cyl,Battery,"['Battery_Connector_1_out', 'Battery_Connector_2', 'PowerBus']",None,8.74,"('100', '1', '100', '100')",None,None,None,25.0,50.0,None,"('400', '1', None, '110')","('1', '1', '2', '1')",None,"('1', '1', None, '1000')","('200', '1', None, '1000')",None,None,5991804.0,51.8,"('200', '6', None, '40')","('0', '0', '1', '0')",None,"('2500', '1', None, '1000')",Cylinder,22.0,None,None
Tattu25AhLi_cyl,Battery,"['Battery_Connector_1_out', 'Battery_Connector_2', 'PowerBus']",None,9.54,"('100', '1', '100', '100')",None,None,None,25.0,50.0,None,"('400', '1', None, '110')","('1', '1', '2', '1')",None,"('1', '1', None, '1000')","('200', '1', None, '1000')",None,None,5991804.0,51.8,"('200', '6', None, '40')","('0', '0', '1', '0')",None,"('2500', '1', None, '1000')",Cylinder,25.0,None,None
Avionic60AhLi_beam,Battery,"['Battery_Connector_1', 'Battery_Connector_2', 'PowerBus']",None,30.43,"('100', '1', '100', '100')",None,None,None,18.4,25.0,None,"('800', '1', None, '110')","('1', '1', '2', '1')",None,"('1', '1', None, '1000')","('1000', '1', None, '1000')",None,None,24086034.408479996,28.0,"('200', '6', None, '40')","('0', '0', '1', '0')",None,"('10000', '1', None, '1000')",Beam,60.0,None,None
GS25AhLi_beam,Battery,"['Battery_Connector_1', 'Battery_Connector_2', 'PowerBus']",None,27.0,"('100', '1', '100', '100')",None,None,None,24.0,48.0,None,"('800', '1', None, '110')","('1', '1', '2', '1')",None,"('1', '1', None, '1000')","('1000', '1', None, '1000')",None,None,17295744.0,44.4,"('200', '6', None, '40')","('0', '0', '1', '0')",None,"('10000', '1', None, '1000')",Beam,25.0,None,None
Eagle043AhAg,Battery,"['Battery_Connector_1_out', 'Battery_Connector_2_out', 'PowerBus']",None,1.7,"('100', '1', '100', '100')",None,None,None,12.0,24.0,None,"('800', '1', None, '110')","('1', '1', '2', '1')",None,"('1000', '1', None, '1000')","('1000', '1', None, '1000')",None,None,797998.4040000001,28.0,"('200', '6', None, '40')","('0', '0', '1', '0')",None,"('10000', '1', None, '1000')",Wing,0.43,None,None
Avionic40AhLi,Battery,"['Battery_Connector_1_out', 'Battery_Connector_2_out', 'PowerBus']",None,20.32,"('100', '1', '100', '100')",None,None,None,21.3,36.0,None,"('800', '1', None, '110')","('1', '1', '2', '1')",None,"('1000', '1', None, '1000')","('1000', '1', None, '1000')",None,None,20701909.047712006,28.0,"('200', '6', None, '40')","('0', '0', '1', '0')",None,"('10000', '1', None, '1000')",Wing,40.0,None,None
Avionic40AhLi_beam,Battery,"['Battery_Connector_1', 'Battery_Connector_2', 'PowerBus']",None,20.32,"('100', '1', '100', '100')",None,None,None,21.3,36.0,None,"('800', '1', None, '110')","('1', '1', '2', '1')",None,"('1', '1', None, '1000')","('1000', '1', None, '1000')",None,None,20701909.047712006,28.0,"('200', '6', None, '40')","('0', '0', '1', '0')",None,"('10000', '1', None, '1000')",Beam,40.0,None,None
Eagle250AhAg,Battery,"['Battery_Connector_1_out', 'Battery_Connector_2_out', 'PowerBus']",None,59.0,"('100', '1', '100', '100')",None,None,None,0.36,0.8,None,"('800', '1', None, '110')","('1', '1', '2', '1')",None,"('1000', '1', None, '1000')","('1000', '1', None, '1000')",None,None,24698792.5,28.0,"('200', '6', None, '40')","('0', '0', '1', '0')",None,"('10000', '1', None, '1000')",Wing,250.0,None,None
Eagle022AhAg_cyl,Battery,"['Battery_Connector_1_out', 'Battery_Connector_2', 'PowerBus']",None,1.0,"('100', '1', '100', '100')",None,None,None,10.3,20.0,None,"('400', '1', None, '110')","('1', '1', '2', '1')",None,"('1', '1', None, '1000')","('200', '1', None, '1000')",None,None,453295.128,28.0,"('200', '6', None, '40')","('0', '0', '1', '0')",None,"('2500', '1', None, '1000')",Cylinder,0.22,None,None
TurnigyGraphene3000mAh3S75C,Battery,"['Bottom_Connector', 'PowerBus', 'Top_Connector']",42.54,None,None,3S1P,11.1,LiPo,75,150,XT90,None,None,137.0,None,None,TurnigyGraphene3000mAh3S75C,0.32,None,None,26,None,45,None,UAV,3000,13.0,"('0', '0', '360', '0')"
TurnigyGraphene3000mAh6S75C,Battery,"['Bottom_Connector', 'PowerBus', 'Top_Connector']",82.57,None,None,6S1P,22.2,LiPo,75,150,XT90,None,None,137.0,None,None,TurnigyGraphene3000mAh6S75C,0.598,None,None,47,None,45,None,UAV,3000,18.0,"('0', '0', '360', '0')"
TurnigyGraphene1000mAh6S75C,Battery,"['Bottom_Connector', 'PowerBus', 'Top_Connector']",26.79,None,None,6S1P,22.2,LiPo,75,150,XT60,None,None,75.0,None,None,TurnigyGraphene1000mAh6S75C,0.212,None,None,43,None,35,None,UAV,1000,19.0,"('0', '0', '360', '0')"
TurnigyGraphene4000mAh3S75C,Battery,"['Bottom_Connector', 'PowerBus', 'Top_Connector']",55.05,None,None,3S1P,11.1,LiPo,75,150,XT90,None,None,145.0,None,None,TurnigyGraphene4000mAh3S75C,0.41200000000000003,None,None,28,None,51,None,UAV,4000,10.0,"('0', '0', '360', '0')"
VitalyBeta_cyl,Battery,"['Battery_Connector_1_out', 'Battery_Connector_2', 'PowerBus']",None,0.004,"('100', '1', '100', '100')",None,None,None,0.01,0.1,None,"('400', '1', None, '110')","('1', '1', '2', '1')",None,"('1', '1', None, '1000')","('200', '1', None, '1000')",None,None,87500.0,11.1,"('200', '6', None, '40')","('0', '0', '1', '0')",None,"('2500', '1', None, '1000')",Cylinder,1.0,None,None
Eagle043AhAg_beam,Battery,"['Battery_Connector_1', 'Battery_Connector_2', 'PowerBus']",None,1.7,"('100', '1', '100', '100')",None,None,None,12.0,24.0,None,"('800', '1', None, '110')","('1', '1', '2', '1')",None,"('1', '1', None, '1000')","('1000', '1', None, '1000')",None,None,797998.4040000001,28.0,"('200', '6', None, '40')","('0', '0', '1', '0')",None,"('10000', '1', None, '1000')",Beam,0.43,None,None
Eagle100AhLi_cyl,Battery,"['Battery_Connector_1_out', 'Battery_Connector_2', 'PowerBus']",None,35.0,"('100', '1', '100', '100')",None,None,None,1.0,3.3,None,"('400', '1', None, '110')","('1', '1', '2', '1')",None,"('1', '1', None, '1000')","('200', '1', None, '1000')",None,None,37860732.0,33.3,"('200', '6', None, '40')","('0', '0', '1', '0')",None,"('2500', '1', None, '1000')",Cylinder,100.0,None,None
Eagle11AhLi_beam,Battery,"['Battery_Connector_1', 'Battery_Connector_2', 'PowerBus']",None,1.18,"('100', '1', '100', '100')",None,None,None,0.46,1.2,None,"('800', '1', None, '110')","('1', '1', '2', '1')",None,"('1', '1', None, '1000')","('1000', '1', None, '1000')",None,None,765517.48,14.4,"('200', '6', None, '40')","('0', '0', '1', '0')",None,"('10000', '1', None, '1000')",Beam,11.0,None,None
Avionic40AhNi_cyl,Battery,"['Battery_Connector_1_out', 'Battery_Connector_2', 'PowerBus']",None,36.42,"('100', '1', '100', '100')",None,None,None,25.0,40.0,None,"('400', '1', None, '110')","('1', '1', '2', '1')",None,"('1', '1', None, '1000')","('200', '1', None, '1000')",None,None,16782563.45792,28.0,"('200', '6', None, '40')","('0', '0', '1', '0')",None,"('2500', '1', None, '1000')",Cylinder,40.0,None,None
Avionic20AhLi_beam,Battery,"['Battery_Connector_1', 'Battery_Connector_2', 'PowerBus']",None,11.43,"('100', '1', '100', '100')",None,None,None,30.0,50.0,None,"('800', '1', None, '110')","('1', '1', '2', '1')",None,"('1', '1', None, '1000')","('1000', '1', None, '1000')",None,None,11300222.044672,28.0,"('200', '6', None, '40')","('0', '0', '1', '0')",None,"('10000', '1', None, '1000')",Beam,20.0,None,None
Eagle022AhAg,Battery,"['Battery_Connector_1_out', 'Battery_Connector_2_out', 'PowerBus']",None,1.0,"('100', '1', '100', '100')",None,None,None,10.3,20.0,None,"('800', '1', None, '110')","('1', '1', '2', '1')",None,"('1000', '1', None, '1000')","('1000', '1', None, '1000')",None,None,453295.128,28.0,"('200', '6', None, '40')","('0', '0', '1', '0')",None,"('10000', '1', None, '1000')",Wing,0.22,None,None
GS25AhLi_cyl,Battery,"['Battery_Connector_1_out', 'Battery_Connector_2', 'PowerBus']",None,27.0,"('100', '1', '100', '100')",None,None,None,24.0,48.0,None,"('400', '1', None, '110')","('1', '1', '2', '1')",None,"('1', '1', None, '1000')","('200', '1', None, '1000')",None,None,17295744.0,44.4,"('200', '6', None, '40')","('0', '0', '1', '0')",None,"('2500', '1', None, '1000')",Cylinder,25.0,None,None
Eagle200AhLi_beam,Battery,"['Battery_Connector_1', 'Battery_Connector_2', 'PowerBus']",None,63.5,"('100', '1', '100', '100')",None,None,None,0.77,2.0,None,"('800', '1', None, '110')","('1', '1', '2', '1')",None,"('1', '1', None, '1000')","('1000', '1', None, '1000')",None,None,53190984.0,33.3,"('200', '6', None, '40')","('0', '0', '1', '0')",None,"('10000', '1', None, '1000')",Beam,200.0,None,None
Eagle50AhAg_beam,Battery,"['Battery_Connector_1', 'Battery_Connector_2', 'PowerBus']",None,24.5,"('100', '1', '100', '100')",None,None,None,0.54,1.0,None,"('800', '1', None, '110')","('1', '1', '2', '1')",None,"('1', '1', None, '1000')","('1000', '1', None, '1000')",None,None,13747102.3,33.0,"('200', '6', None, '40')","('0', '0', '1', '0')",None,"('10000', '1', None, '1000')",Beam,50.0,None,None
Eagle250AhAg_cyl,Battery,"['Battery_Connector_1_out', 'Battery_Connector_2', 'PowerBus']",None,59.0,"('100', '1', '100', '100')",None,None,None,0.36,0.8,None,"('400', '1', None, '110')","('1', '1', '2', '1')",None,"('1', '1', None, '1000')","('200', '1', None, '1000')",None,None,24698792.5,28.0,"('200', '6', None, '40')","('0', '0', '1', '0')",None,"('2500', '1', None, '1000')",Cylinder,250.0,None,None
Avionic55AhNi,Battery,"['Battery_Connector_1_out', 'Battery_Connector_2_out', 'PowerBus']",None,22.23,"('100', '1', '100', '100')",None,None,None,22.0,30.0,None,"('800', '1', None, '110')","('1', '1', '2', '1')",None,"('1000', '1', None, '1000')","('1000', '1', None, '1000')",None,None,12905171.367025,28.0,"('200', '6', None, '40')","('0', '0', '1', '0')",None,"('10000', '1', None, '1000')",Wing,55.0,None,None
GS50AhLi_beam,Battery,"['Battery_Connector_1', 'Battery_Connector_2', 'PowerBus']",None,27.0,"('100', '1', '100', '100')",None,None,None,1.0,6.0,None,"('800', '1', None, '110')","('1', '1', '2', '1')",None,"('1', '1', None, '1000')","('1000', '1', None, '1000')",None,None,17295744.0,44.4,"('200', '6', None, '40')","('0', '0', '1', '0')",None,"('10000', '1', None, '1000')",Beam,50.0,None,None
Eagle200AhLi_cyl,Battery,"['Battery_Connector_1_out', 'Battery_Connector_2', 'PowerBus']",None,63.5,"('100', '1', '100', '100')",None,None,None,0.77,2.0,None,"('400', '1', None, '110')","('1', '1', '2', '1')",None,"('1', '1', None, '1000')","('200', '1', None, '1000')",None,None,53190984.0,33.3,"('200', '6', None, '40')","('0', '0', '1', '0')",None,"('2500', '1', None, '1000')",Cylinder,200.0,None,None
Eagle100AhLi_beam,Battery,"['Battery_Connector_1', 'Battery_Connector_2', 'PowerBus']",None,35.0,"('100', '1', '100', '100')",None,None,None,1.0,3.3,None,"('800', '1', None, '110')","('1', '1', '2', '1')",None,"('1', '1', None, '1000')","('1000', '1', None, '1000')",None,None,37860732.0,33.3,"('200', '6', None, '40')","('0', '0', '1', '0')",None,"('10000', '1', None, '1000')",Beam,100.0,None,None
Eagle200AhLi,Battery,"['Battery_Connector_1_out', 'Battery_Connector_2_out', 'PowerBus']",None,63.5,"('100', '1', '100', '100')",None,None,None,0.77,2.0,None,"('800', '1', None, '110')","('1', '1', '2', '1')",None,"('1000', '1', None, '1000')","('1000', '1', None, '1000')",None,None,53190984.0,33.3,"('200', '6', None, '40')","('0', '0', '1', '0')",None,"('10000', '1', None, '1000')",Wing,200.0,None,None
TurnigyGraphene1300mAh4S75C,Battery,"['Bottom_Connector', 'PowerBus', 'Top_Connector']",23.99,None,None,4S1P,14.8,LiPo,75,150,XT60,None,None,75.0,None,None,TurnigyGraphene1300mAh4S75C,0.17300000000000001,None,None,36,None,35,None,UAV,1300,12.0,"('0', '0', '360', '0')"
TurnigyGraphene6000mAh3S75C,Battery,"['Bottom_Connector', 'PowerBus', 'Top_Connector']",75.16,None,None,3S1P,11.1,LiPo,75,150,XT90,None,None,168.0,None,None,TurnigyGraphene6000mAh3S75C,0.63,None,None,27,None,69,None,UAV,6000,7.0,"('0', '0', '360', '0')"
Saft18AhLi,Battery,"['Battery_Connector_1_out', 'Battery_Connector_2_out', 'PowerBus']",None,5.0,"('100', '1', '100', '100')",None,None,None,1.0,2.0,None,"('800', '1', None, '110')","('1', '1', '2', '1')",None,"('1000', '1', None, '1000')","('1000', '1', None, '1000')",None,None,4989600.0,29.6,"('200', '6', None, '40')","('0', '0', '1', '0')",None,"('10000', '1', None, '1000')",Wing,18.0,None,None
TurnigyGraphene1600mAh4S75CSquare,Battery,"['Bottom_Connector', 'PowerBus', 'Top_Connector']",24.99,None,None,4S1P,14.8,LiPo,75,150,XT60,None,None,67.0,None,None,TurnigyGraphene1600mAh4S75CSquare,0.212,None,None,36,None,49,None,UAV,1600,14.0,"('0', '0', '360', '0')"
Tattu19AhLi_beam,Battery,"['Battery_Connector_1', 'Battery_Connector_2', 'PowerBus']",None,7.86,"('100', '1', '100', '100')",None,None,None,25.0,50.0,None,"('800', '1', None, '110')","('1', '1', '2', '1')",None,"('1', '1', None, '1000')","('1000', '1', None, '1000')",None,None,5991804.0,51.8,"('200', '6', None, '40')","('0', '0', '1', '0')",None,"('10000', '1', None, '1000')",Beam,19.0,None,None
TurnigyGraphene6000mAh4S75C,Battery,"['Bottom_Connector', 'PowerBus', 'Top_Connector']",99.8,None,None,4S1P,14.8,LiPo,75,150,XT90,None,None,168.0,None,None,TurnigyGraphene6000mAh4S75C,0.8,None,None,34,None,69,None,UAV,6000,9.0,"('0', '0', '360', '0')"
Avionic25AhNi_beam,Battery,"['Battery_Connector_1', 'Battery_Connector_2', 'PowerBus']",None,25.5,"('100', '1', '100', '100')",None,None,None,35.0,55.0,None,"('800', '1', None, '110')","('1', '1', '2', '1')",None,"('1', '1', None, '1000')","('1000', '1', None, '1000')",None,None,13530263.008,28.0,"('200', '6', None, '40')","('0', '0', '1', '0')",None,"('10000', '1', None, '1000')",Beam,25.0,None,None
Eagle031AhAg,Battery,"['Battery_Connector_1_out', 'Battery_Connector_2_out', 'PowerBus']",None,1.81,"('100', '1', '100', '100')",None,None,None,1.0,2.0,None,"('800', '1', None, '110')","('1', '1', '2', '1')",None,"('1000', '1', None, '1000')","('1000', '1', None, '1000')",None,None,661012.9020000001,28.0,"('200', '6', None, '40')","('0', '0', '1', '0')",None,"('10000', '1', None, '1000')",Wing,0.31,None,None
Eagle4AhAg_cyl,Battery,"['Battery_Connector_1_out', 'Battery_Connector_2', 'PowerBus']",None,11.16,"('100', '1', '100', '100')",None,None,None,16.4,32.0,None,"('400', '1', None, '110')","('1', '1', '2', '1')",None,"('1', '1', None, '1000')","('200', '1', None, '1000')",None,None,6551432.16,33.0,"('200', '6', None, '40')","('0', '0', '1', '0')",None,"('2500', '1', None, '1000')",Cylinder,4.26,None,None
Avionic60AhLi,Battery,"['Battery_Connector_1_out', 'Battery_Connector_2_out', 'PowerBus']",None,30.43,"('100', '1', '100', '100')",None,None,None,18.4,25.0,None,"('800', '1', None, '110')","('1', '1', '2', '1')",None,"('1000', '1', None, '1000')","('1000', '1', None, '1000')",None,None,24086034.408479996,28.0,"('200', '6', None, '40')","('0', '0', '1', '0')",None,"('10000', '1', None, '1000')",Wing,60.0,None,None
Eagle50AhAg_cyl,Battery,"['Battery_Connector_1_out', 'Battery_Connector_2', 'PowerBus']",None,24.5,"('100', '1', '100', '100')",None,None,None,0.54,1.0,None,"('400', '1', None, '110')","('1', '1', '2', '1')",None,"('1', '1', None, '1000')","('200', '1', None, '1000')",None,None,13747102.3,33.0,"('200', '6', None, '40')","('0', '0', '1', '0')",None,"('2500', '1', None, '1000')",Cylinder,50.0,None,None
Eagle50AhLi_cyl,Battery,"['Battery_Connector_1_out', 'Battery_Connector_2', 'PowerBus']",None,17.24,"('100', '1', '100', '100')",None,None,None,1.32,2.0,None,"('400', '1', None, '110')","('1', '1', '2', '1')",None,"('1', '1', None, '1000')","('200', '1', None, '1000')",None,None,12896320.0,25.2,"('200', '6', None, '40')","('0', '0', '1', '0')",None,"('2500', '1', None, '1000')",Cylinder,50.0,None,None
Eagle4AhAg,Battery,"['Battery_Connector_1_out', 'Battery_Connector_2_out', 'PowerBus']",None,11.16,"('100', '1', '100', '100')",None,None,None,16.4,32.0,None,"('800', '1', None, '110')","('1', '1', '2', '1')",None,"('1000', '1', None, '1000')","('1000', '1', None, '1000')",None,None,6551432.16,33.0,"('200', '6', None, '40')","('0', '0', '1', '0')",None,"('10000', '1', None, '1000')",Wing,4.26,None,None
Eagle7AhAg,Battery,"['Battery_Connector_1_out', 'Battery_Connector_2_out', 'PowerBus']",None,4.17,"('100', '1', '100', '100')",None,None,None,0.47,1.0,None,"('800', '1', None, '110')","('1', '1', '2', '1')",None,"('1000', '1', None, '1000')","('1000', '1', None, '1000')",None,None,2378317.8240000005,28.0,"('200', '6', None, '40')","('0', '0', '1', '0')",None,"('10000', '1', None, '1000')",Wing,7.5,None,None
TurnigyGraphene3000mAh4S75C,Battery,"['Bottom_Connector', 'PowerBus', 'Top_Connector']",56.77,None,None,4S1P,14.8,LiPo,75,150,XT90,None,None,137.0,None,None,TurnigyGraphene3000mAh4S75C,0.405,None,None,45,None,34,None,UAV,3000,15.0,"('0', '0', '360', '0')"
VitalyBeta,Battery,"['Battery_Connector_1_out', 'Battery_Connector_2_out', 'PowerBus']",None,0.004,"('100', '1', '100', '100')",None,None,None,0.01,0.1,None,"('800', '1', None, '110')","('1', '1', '2', '1')",None,"('1000', '1', None, '1000')","('1000', '1', None, '1000')",None,None,87500.0,11.1,"('200', '6', None, '40')","('0', '0', '1', '0')",None,"('10000', '1', None, '1000')",Wing,1.0,None,None
TurnigyGraphene1400mAh4S75C,Battery,"['Bottom_Connector', 'PowerBus', 'Top_Connector']",27.87,None,None,4S1P,14.8,LiPo,75,150,XT60,None,None,90.0,None,None,TurnigyGraphene1400mAh4S75C,0.196,None,None,32,None,35,None,UAV,1400,17.0,"('0', '0', '360', '0')"
Eagle250AhAg_beam,Battery,"['Battery_Connector_1', 'Battery_Connector_2', 'PowerBus']",None,59.0,"('100', '1', '100', '100')",None,None,None,0.36,0.8,None,"('800', '1', None, '110')","('1', '1', '2', '1')",None,"('1', '1', None, '1000')","('1000', '1', None, '1000')",None,None,24698792.5,28.0,"('200', '6', None, '40')","('0', '0', '1', '0')",None,"('10000', '1', None, '1000')",Beam,250.0,None,None
Avionic25AhNi_cyl,Battery,"['Battery_Connector_1_out', 'Battery_Connector_2', 'PowerBus']",None,25.5,"('100', '1', '100', '100')",None,None,None,35.0,55.0,None,"('400', '1', None, '110')","('1', '1', '2', '1')",None,"('1', '1', None, '1000')","('200', '1', None, '1000')",None,None,13530263.008,28.0,"('200', '6', None, '40')","('0', '0', '1', '0')",None,"('2500', '1', None, '1000')",Cylinder,25.0,None,None
GS50AhLi,Battery,"['Battery_Connector_1_out', 'Battery_Connector_2_out', 'PowerBus']",None,27.0,"('100', '1', '100', '100')",None,None,None,1.0,6.0,None,"('800', '1', None, '110')","('1', '1', '2', '1')",None,"('1000', '1', None, '1000')","('1000', '1', None, '1000')",None,None,17295744.0,44.4,"('200', '6', None, '40')","('0', '0', '1', '0')",None,"('10000', '1', None, '1000')",Wing,50.0,None,None
TurnigyGraphene2200mAh4S75C,Battery,"['Bottom_Connector', 'PowerBus', 'Top_Connector']",42.63,None,None,4S1P,14.8,LiPo,75,150,XT60,None,None,106.0,None,None,TurnigyGraphene2200mAh4S75C,0.295,None,None,41,None,35,None,UAV,2200,13.0,"('0', '0', '360', '0')"
TurnigyGraphene1500mAh4S75C,Battery,"['Bottom_Connector', 'PowerBus', 'Top_Connector']",26.49,None,None,4S1P,14.8,LiPo,75,150,XT60,None,None,91.0,None,None,TurnigyGraphene1500mAh4S75C,0.202,None,None,33,None,35,None,UAV,1500,17.0,"('0', '0', '360', '0')"
Eagle043AhAg_cyl,Battery,"['Battery_Connector_1_out', 'Battery_Connector_2', 'PowerBus']",None,1.7,"('100', '1', '100', '100')",None,None,None,12.0,24.0,None,"('400', '1', None, '110')","('1', '1', '2', '1')",None,"('1', '1', None, '1000')","('200', '1', None, '1000')",None,None,797998.4040000001,28.0,"('200', '6', None, '40')","('0', '0', '1', '0')",None,"('2500', '1', None, '1000')",Cylinder,0.43,None,None
Avionic20AhLi_cyl,Battery,"['Battery_Connector_1_out', 'Battery_Connector_2', 'PowerBus']",None,11.43,"('100', '1', '100', '100')",None,None,None,30.0,50.0,None,"('400', '1', None, '110')","('1', '1', '2', '1')",None,"('1', '1', None, '1000')","('200', '1', None, '1000')",None,None,11300222.044672,28.0,"('200', '6', None, '40')","('0', '0', '1', '0')",None,"('2500', '1', None, '1000')",Cylinder,20.0,None,None
TurnigyGraphene1300mAh3S75C,Battery,"['Bottom_Connector', 'PowerBus', 'Top_Connector']",16.96,None,None,3S1P,11.1,LiPo,75,150,XT60,None,None,74.0,None,None,TurnigyGraphene1300mAh3S75C,0.137,None,None,27,None,35,None,UAV,1300,13.0,"('0', '0', '360', '0')"
Eagle112AhLi_cyl,Battery,"['Battery_Connector_1_out', 'Battery_Connector_2', 'PowerBus']",None,28.2,"('100', '1', '100', '100')",None,None,None,0.72,1.5,None,"('400', '1', None, '110')","('1', '1', '2', '1')",None,"('1', '1', None, '1000')","('200', '1', None, '1000')",None,None,27948128.0,29.6,"('200', '6', None, '40')","('0', '0', '1', '0')",None,"('2500', '1', None, '1000')",Cylinder,112.0,None,None
Eagle7AhAg_cyl,Battery,"['Battery_Connector_1_out', 'Battery_Connector_2', 'PowerBus']",None,4.17,"('100', '1', '100', '100')",None,None,None,0.47,1.0,None,"('400', '1', None, '110')","('1', '1', '2', '1')",None,"('1', '1', None, '1000')","('200', '1', None, '1000')",None,None,2378317.8240000005,28.0,"('200', '6', None, '40')","('0', '0', '1', '0')",None,"('2500', '1', None, '1000')",Cylinder,7.5,None,None
Eagle50AhLi_beam,Battery,"['Battery_Connector_1', 'Battery_Connector_2', 'PowerBus']",None,17.24,"('100', '1', '100', '100')",None,None,None,1.32,2.0,None,"('800', '1', None, '110')","('1', '1', '2', '1')",None,"('1', '1', None, '1000')","('1000', '1', None, '1000')",None,None,12896320.0,25.2,"('200', '6', None, '40')","('0', '0', '1', '0')",None,"('10000', '1', None, '1000')",Beam,50.0,None,None
TurnigyGraphene1000mAh3S75C,Battery,"['Bottom_Connector', 'PowerBus', 'Top_Connector']",16.88,None,None,3S1P,11.1,LiPo,75,150,XT60,None,None,74.0,None,None,TurnigyGraphene1000mAh3S75C,0.116,None,None,24,None,35,None,UAV,1000,13.0,"('0', '0', '360', '0')"
Tattu22AhLi_beam,Battery,"['Battery_Connector_1', 'Battery_Connector_2', 'PowerBus']",None,8.74,"('100', '1', '100', '100')",None,None,None,25.0,50.0,None,"('800', '1', None, '110')","('1', '1', '2', '1')",None,"('1', '1', None, '1000')","('1000', '1', None, '1000')",None,None,5991804.0,51.8,"('200', '6', None, '40')","('0', '0', '1', '0')",None,"('10000', '1', None, '1000')",Beam,22.0,None,None
Saft72AhLi_beam,Battery,"['Battery_Connector_1', 'Battery_Connector_2', 'PowerBus']",None,28.8,"('100', '1', '100', '100')",None,None,None,1.0,2.0,None,"('800', '1', None, '110')","('1', '1', '2', '1')",None,"('1', '1', None, '1000')","('1000', '1', None, '1000')",None,None,29695600.0,40.7,"('200', '6', None, '40')","('0', '0', '1', '0')",None,"('10000', '1', None, '1000')",Beam,72.0,None,None
TurnigyGraphene1200mAh6S75C,Battery,"['Bottom_Connector', 'PowerBus', 'Top_Connector']",27.99,None,None,6S1P,22.2,LiPo,75,150,XT60,None,None,75.0,None,None,TurnigyGraphene1200mAh6S75C,0.232,None,None,45,None,35,None,UAV,1200,19.0,"('0', '0', '360', '0')"
TurnigyGraphene1400mAh3S75C,Battery,"['Bottom_Connector', 'PowerBus', 'Top_Connector']",24.0,None,None,3S1P,11.1,LiPo,75,150,XT60,None,None,90.0,None,None,TurnigyGraphene1400mAh3S75C,0.156,None,None,25,None,35,None,UAV,1400,13.0,"('0', '0', '360', '0')"
Avionic25AhNi,Battery,"['Battery_Connector_1_out', 'Battery_Connector_2_out', 'PowerBus']",None,25.5,"('100', '1', '100', '100')",None,None,None,35.0,55.0,None,"('800', '1', None, '110')","('1', '1', '2', '1')",None,"('1000', '1', None, '1000')","('1000', '1', None, '1000')",None,None,13530263.008,28.0,"('200', '6', None, '40')","('0', '0', '1', '0')",None,"('10000', '1', None, '1000')",Wing,25.0,None,None
Avionic60AhLi_cyl,Battery,"['Battery_Connector_1_out', 'Battery_Connector_2', 'PowerBus']",None,30.43,"('100', '1', '100', '100')",None,None,None,18.4,25.0,None,"('400', '1', None, '110')","('1', '1', '2', '1')",None,"('1', '1', None, '1000')","('200', '1', None, '1000')",None,None,24086034.408479996,28.0,"('200', '6', None, '40')","('0', '0', '1', '0')",None,"('2500', '1', None, '1000')",Cylinder,60.0,None,None
Saft72AhLi_cyl,Battery,"['Battery_Connector_1_out', 'Battery_Connector_2', 'PowerBus']",None,28.8,"('100', '1', '100', '100')",None,None,None,1.0,2.0,None,"('400', '1', None, '110')","('1', '1', '2', '1')",None,"('1', '1', None, '1000')","('200', '1', None, '1000')",None,None,29695600.0,40.7,"('200', '6', None, '40')","('0', '0', '1', '0')",None,"('2500', '1', None, '1000')",Cylinder,72.0,None,None
TurnigyGraphene1500mAh3S75C,Battery,"['Bottom_Connector', 'PowerBus', 'Top_Connector']",22.62,None,None,3S1P,11.1,LiPo,75,150,XT60,None,None,90.0,None,None,TurnigyGraphene1500mAh3S75C,0.162,None,None,27,None,35,None,UAV,1500,13.0,"('0', '0', '360', '0')"
TurnigyGraphene5000mAh6S75C,Battery,"['Bottom_Connector', 'PowerBus', 'Top_Connector']",116.32,None,None,6S1P,22.2,LiPo,75,150,XT90,None,None,145.0,None,None,TurnigyGraphene5000mAh6S75C,0.92,None,None,61,None,51,None,UAV,5000,15.0,"('0', '0', '360', '0')"
