name,class,connector,COST,PROP_PITCH_REC,ADAPTER_DIAMETER,INTERNAL_RESISTANCE,PROP_SIZE_REC,TOTAL_LENGTH,KT,KV,KM,CAN_DIAMETER,ESC_BEC_Class,Max_Cells,LENGTH,IO_IDLE_CURRENT_10V,Min_Cells,MODEL,WEIGHT,Poles,SHAFT_DIAMETER,MAX_POWER,PROP_PITCH_REC.,MAX_CURRENT,ADAPTER_LENGTH,COST_ADAPTER,CONTROL_CHANNEL,CAN_LENGTH
Emrax228HV,Motor,"['Base', 'Base_Connector', 'MotorPower', 'Power_Out', 'Prop_Connector']",0,nan,nan,4688.090737240076,nan,91.0,1.18064030511806,8.088235294117647,0.5452800402924975,228.0,nan,184,86.0,3.1279999999999997,92,Emrax228HV,12.3,nan,47.0,62000.0,None,115.0,nan,None,"('1', None, None, None)",80.0
HPDM250,Motor,"['Base', 'Base_Connector', 'MotorPower', 'Power_Out', 'Prop_Connector']",0,nan,nan,199.6002,nan,290.0,0.3819718634205488,25.0,0.8549700221227351,224.75,nan,217,282.8,27.227227227227225,54,HPDM250,15.0,nan,38.1,200000.0,None,1001.001001001001,nan,None,"('1', None, None, None)",203.2
kde_direct_KDE4012XF_400,Motor,"['Base_Connector', 'MotorPower', 'Prop_Connector']",114.95,None,"6,8",80.0,"16,20",39.75,0.0239,400.0,0.0844,46.5,1.0,8.0,30.0,0.5,4.0,KDE4012XF_400,0.2,18S24P,5.0,947.0,"4,8",32.0,"20,20",19.95,"('1', None, None, None)",12.0
MAGiDRIVE6,Motor,"['Base', 'Base_Connector', 'MotorPower', 'Power_Out', 'Prop_Connector']",0,nan,nan,32000.0,nan,89.0,0.477464829275686,20.0,0.08440465463972868,114.3,nan,108,64.0,0.33999999999999997,7,MAGiDRIVE6,1.5,nan,14.0,5000.0,None,12.5,nan,None,"('1', None, None, None)",60.0
MAGiDRIVE20,Motor,"['Base', 'Base_Connector', 'MotorPower', 'Power_Out', 'Prop_Connector']",0,nan,nan,10000.0,nan,127.0,0.6160836506783046,15.5,0.1948227565334982,190.0,nan,108,89.0,1.0879999999999999,7,MAGiDRIVE20,6.0,nan,25.0,16000.0,None,40.0,nan,None,"('1', None, None, None)",80.0
t_motor_AS2820KV880,Motor,"['Base_Connector', 'MotorPower', 'Prop_Connector']",34.0,None,6,34.0,"11,14",62.2,0.010851473392629226,880.0,0.058850377276750604,36.2,3.0,4.0,42.0,2.0,3.0,AS2820KV880,0.136,12N14P,5.0,626.0,"5,7",45.0,30,None,"('1', None, None, None)",20.0
t_motor_AT4125KV540,Motor,"['Base_Connector', 'MotorPower', 'Prop_Connector']",115.99,None,"8,10",14.0,"13,16",74.0,0.01768388256576615,540.0,0.14945608590576698,50.0,3.0,6.0,50.0,2.6,4.0,AT4125KV540,0.355,12N14P,6.0,2000.0,"7,9",85.0,"35,40",None,"('1', None, None, None)",25.0
U12II_KV60,Motor,"['Base', 'Base_Connector', 'MotorPower', 'Power_Out', 'Prop_Connector']",0,"6,20",7,75.0,"24,34",47.6,0.15915494309189535,60.0,0.5811516831325473,106.8,2.0,25,40.0,1.7,22,U12II_KV60,0.803,36S42P,10.0,4000.0,None,41.0,14.5,None,"('1', None, None, None)",18.0
U15II_KV100,Motor,"['Base', 'Base_Connector', 'MotorPower', 'Power_Out', 'Prop_Connector']",0,"8,30",12,12.0,"26,42",83.0,0.0954929658551372,100.0,0.8717275246988208,147.5,2.0,24,55.0,4.5,12,U15II_KV100,1.74,36S42P,12.0,9942.0,None,150.0,0,None,"('1', None, None, None)",18.0
U5_KV400,Motor,"['Base', 'Base_Connector', 'MotorPower', 'Power_Out', 'Prop_Connector']",0,"3,8",6,116.0,"12,18",47.05,0.0238732414637843,400.0,0.07009425046445468,425.0,2.0,8,37.5,0.3,3,U5_KV400,0.195,12S14P,4.0,850.0,None,30.0,27.5,None,"('1', None, None, None)",18.0
Antigravity_MN7005_KV230,Motor,"['Base', 'Base_Connector', 'MotorPower', 'Power_Out', 'Prop_Connector']",0,"4,12",10,71.0,"20,26",37.8,0.04151868080658139,230.0,0.15581683251379116,79.0,2.0,12,21.8,0.9,6,Antigravity_MN7005_KV230,0.188,24S28P,4.0,700.0,None,28.0,14.5,None,"('1', None, None, None)",5.0
kde_direct_KDE4014XF_380,Motor,"['Base_Connector', 'MotorPower', 'Prop_Connector']",118.95,None,"6,8",75.0,"16,22",41.75,0.0251,380.0,0.0918,46.5,1.0,8.0,32.0,0.5,4.0,KDE4014XF_380,0.215,18S24P,5.0,1065.0,"4,8",36.0,"20,20",19.95,"('1', None, None, None)",14.0
kde_direct_KDE4213XF_360,Motor,"['Base_Connector', 'MotorPower', 'Prop_Connector']",133.95,None,"6,8",81.0,"16,22",44.0,0.0265,360.0,0.0932,48.2,1.0,8.0,34.0,0.4,4.0,KDE4213XF_360,0.23,18S24P,6.0,1124.0,"4,8",38.0,"20,20",19.95,"('1', None, None, None)",13.0
Antigravity_MN8017_KV120,Motor,"['Base', 'Base_Connector', 'MotorPower', 'Power_Out', 'Prop_Connector']",0,"6,16",10,45.0,"26,32",37.5,0.07957747154594767,120.0,0.37513179839879424,87.8,2.0,16,34.5,1.8,12,Antigravity_MN8017_KV120,0.453,36S42P,4.0,3180.0,None,68.6,14.5,None,"('1', None, None, None)",17.0
MAGiDRIVE500,Motor,"['Base', 'Base_Connector', 'MotorPower', 'Power_Out', 'Prop_Connector']",0,nan,nan,400.0,nan,254.0,2.3873241463784303,4.0,3.774690907836528,610.0,nan,217,180.0,27.2,108,MAGiDRIVE500,100.0,nan,47.0,400000.0,None,1000.0,nan,None,"('1', None, None, None)",170.0
Antigravity_MN6007II_KV160,Motor,"['Base', 'Base_Connector', 'MotorPower', 'Power_Out', 'Prop_Connector']",0,"4,12",6,178.0,"18,24",26.1,0.05968310365946075,160.0,0.1414625225794017,67.2,2.0,12,21.1,0.5,6,Antigravity_MN6007II_KV160,0.159,24S28P,4.0,1120.0,None,23.7,26,None,"('1', None, None, None)",7.0
t_motor_AS2814KV1050,Motor,"['Base_Connector', 'MotorPower', 'Prop_Connector']",33.99,None,6,34.6,"9,14",54.5,0.009094568176679734,1050.0,0.048892701418832354,36.2,3.0,4.0,36.0,1.35,3.0,AS2814KV1050,0.112,12N14P,5.0,718.0,"4,7",49.0,30,None,"('1', None, None, None)",14.0
t_motor_AT3530KV580,Motor,"['Base_Connector', 'MotorPower', 'Prop_Connector']",99.99,None,"6,8",18.0,"13,16",75.0,0.016464304457782276,580.0,0.12271767989951328,43.0,3.0,6.0,55.0,1.9,4.0,AT3530KV580,0.298,12N14P,5.0,1400.0,"7,9",65.0,"30,36",None,"('1', None, None, None)",30.0
t_motor_MN2212KV780,Motor,"['Base_Connector', 'MotorPower', 'Prop_Connector']",46.9,None,5,173.0,"8,11",32.6,0.012242687930145796,780.0,0.029434301070491033,27.5,2.0,4.0,16.0,0.4,2.0,MN2212KV780,0.065,9N12P,4.0,200.0,"3,4",13.0,24,None,"('1', None, None, None)",12.0
t_motor_MN4010KV475,Motor,"['Base_Connector', 'MotorPower', 'Prop_Connector']",86.9,None,"6,8",98.0,"12,16",39.1,0.020103782285292044,475.0,0.06421917684967011,44.7,2.0,8.0,30.0,0.8,4.0,MN4010KV475,0.137,18N24P,4.0,540.0,"4,6",30.0,"31.5,31.5",None,"('1', None, None, None)",10.0
Ret20,Motor,"['Base', 'Base_Connector', 'MotorPower', 'Power_Out', 'Prop_Connector']",0,nan,nan,1600.0,nan,58.0,0.477464829275686,20.0,0.37746909078365276,169.0,nan,108,45.0,6.8,17,Ret20,3.49,nan,14.0,100000.0,None,250.0,nan,None,"('1', None, None, None)",40.0
Reg60,Motor,"['Base', 'Base_Connector', 'MotorPower', 'Power_Out', 'Prop_Connector']",0,nan,nan,13333.333333333334,nan,102.0,0.3183098861837907,30.0,0.08717275246988208,114.0,nan,108,84.0,0.816,17,Reg60,4.14,nan,14.0,12000.0,None,30.0,nan,None,"('1', None, None, None)",80.0
Ret60,Motor,"['Base', 'Base_Connector', 'MotorPower', 'Power_Out', 'Prop_Connector']",0,nan,nan,6400.0,nan,130.0,0.954929658551372,10.0,0.37746909078365276,169.0,nan,217,123.0,1.7,17,Ret60,11.7,nan,25.0,25000.0,None,62.5,nan,None,"('1', None, None, None)",110.0
t_motor_MN3508KV700,Motor,"['Base_Connector', 'MotorPower', 'Prop_Connector']",69.9,None,6,72.0,"11,13",35.1,0.013641852265019601,700.0,0.050840181672655506,41.8,2.0,4.0,27.0,0.5,3.0,MN3508KV700,0.10400000000000001,12N14P,4.0,510.0,"3,5",23.0,26,None,"('1', None, None, None)",8.0
t_motor_AT2826KV900,Motor,"['Base_Connector', 'MotorPower', 'Prop_Connector']",69.99,None,"6,8",24.0,"12,16",69.5,0.01061032953945969,900.0,0.0684893826735,35.2,3.0,4.0,49.0,2.2,3.0,AT2826KV900,0.17500000000000002,12N14P,5.0,820.0,"6,9",57.0,"30,36",None,"('1', None, None, None)",26.0
t_motor_MN5212KV420,Motor,"['Base_Connector', 'MotorPower', 'Prop_Connector']",109.9,None,6,69.0,"14,18",42.5,0.022736420441699334,420.0,0.08655607334761847,59.0,2.0,8.0,33.5,1.1,4.0,MN5212KV420,0.249,24N22P,4.0,1440.0,"5,7",60.0,31.5,None,"('1', None, None, None)",12.0
t_motor_AT4130KV230,Motor,"['Base_Connector', 'MotorPower', 'Prop_Connector']",119.99,None,"8,10",60.0,"15,20",79.0,0.04151868080658139,230.0,0.16949930461601653,50.0,3.0,12.0,55.0,1.4,6.0,AT4130KV230,0.40800000000000003,12N14P,6.0,2500.0,"7,11",60.0,"35,40",None,"('1', None, None, None)",30.0
t_motor_AT4130KV450,Motor,"['Base_Connector', 'MotorPower', 'Prop_Connector']",119.99,None,"8,10",17.0,"15,18",79.0,0.02122065907891938,450.0,0.1627550255379725,50.0,3.0,8.0,55.0,2.5,6.0,AT4130KV450,0.40800000000000003,12N14P,6.0,1800.0,"7,10",75.0,"35,40",None,"('1', None, None, None)",30.0
t_motor_AT2312KV1150,Motor,"['Base_Connector', 'MotorPower', 'Prop_Connector']",34.99,None,6,75.0,"8,10",44.5,0.008303736161316279,1150.0,0.030320957380828555,28.8,3.0,4.0,30.0,0.85,2.0,AT2312KV1150,0.06,12N14P,4.0,350.0,"4,7",25.0,23,None,"('1', None, None, None)",12.0
t_motor_AT4120KV500,Motor,"['Base_Connector', 'MotorPower', 'Prop_Connector']",109.99,None,"8,10",21.0,"14,16",69.0,0.019098593171027443,500.0,0.1317928137921712,50.0,3.0,6.0,45.0,2.0,4.0,AT4120KV500,0.305,12N14P,6.0,1700.0,"7,10",75.0,"35,40",None,"('1', None, None, None)",20.0
Antigravity_MN7005_KV115,Motor,"['Base', 'Base_Connector', 'MotorPower', 'Power_Out', 'Prop_Connector']",0,"4,14",10,288.0,"20,28",37.8,0.08303736161316277,115.0,0.15473098769938629,79.0,2.0,12,21.8,0.4,6,Antigravity_MN7005_KV115,0.188,24S28P,4.0,750.0,None,15.0,14.5,None,"('1', None, None, None)",5.0
Antigravity_MN8014_KV100,Motor,"['Base', 'Base_Connector', 'MotorPower', 'Power_Out', 'Prop_Connector']",0,"6,16",10,65.0,"26,32",34.5,0.0954929658551372,100.0,0.3745542279278416,87.8,2.0,16,31.5,1.4,12,Antigravity_MN8014_KV100,0.392,36S42P,4.0,2423.0,None,52.0,14.5,None,"('1', None, None, None)",14.0
Antigravity_MN5006_KV450,Motor,"['Base', 'Base_Connector', 'MotorPower', 'Power_Out', 'Prop_Connector']",0,"4,12",6,60.0,"14,18",30.0,0.02122065907891938,450.0,0.08663297791485292,55.6,2.0,6,25.0,0.9,4,Antigravity_MN5006_KV450,0.106,24S28P,4.0,650.0,None,26.0,26,None,"('1', None, None, None)",6.0
Antigravity_MN2806_KV650,Motor,"['Base', 'Base_Connector', 'MotorPower', 'Power_Out', 'Prop_Connector']",0,"2,8",6,645.0,"10,14",26.0,0.0238732414637843,400.0,0.02972566187026016,35.0,2.0,6,18.4,0.2,4,Antigravity_MN2806_KV650,0.046,12S14P,4.0,216.0,None,9.4,26,None,"('1', None, None, None)",6.0
Antigravity_MN8012_KV100,Motor,"['Base', 'Base_Connector', 'MotorPower', 'Power_Out', 'Prop_Connector']",0,"6,16",10,85.0,"26,32",32.0,0.0954929658551372,100.0,0.3275381707043587,87.8,2.0,16,29.0,1.0,12,Antigravity_MN8012_KV100,0.351,36S42P,4.0,1873.0,None,40.0,14.5,None,"('1', None, None, None)",12.0
E811,Motor,"['Base', 'Base_Connector', 'MotorPower', 'Power_Out', 'Prop_Connector']",0,nan,nan,963.2704205497689,nan,200.0,1.6254121847682927,5.875,1.656110836231142,268.0,nan,108,187.0,6.1472,67,E811,30.8,nan,50.8,49200.0,None,226.0,nan,None,"('1', None, None, None)",92.0
Emrax188LV,Motor,"['Base', 'Base_Connector', 'MotorPower', 'Power_Out', 'Prop_Connector']",0,nan,nan,181.25,nan,80.0,0.16160348067792452,59.09090909090909,0.37958732559212394,188.0,nan,30,74.4,10.879999999999999,15,Emrax188LV,7.2,nan,47.0,29000.0,None,400.0,nan,None,"('1', None, None, None)",70.0
Emrax268HV,Motor,"['Base', 'Base_Connector', 'MotorPower', 'Power_Out', 'Prop_Connector']",0,nan,nan,5504.0,nan,136.0,2.1220659078919377,4.5,0.9045230857284831,268.0,nan,217,93.1,3.4,109,Emrax268HV,20.3,nan,47.0,86000.0,None,125.0,nan,None,"('1', None, None, None)",85.0
KDE13218XF105,Motor,"['Base', 'Base_Connector', 'MotorPower', 'Power_Out', 'Prop_Connector']",0,"10,30",10,13.0,"22,40",74.7,0.124,105.0,1.0875519439407162,150.2,1.0,14,65.2,3.1,6,KDE13218XF105,2.12,36S42P,10.0,9135.0,None,150.0,20,None,"('1', None, None, None)",18.0
Emrax188MV,Motor,"['Base', 'Base_Connector', 'MotorPower', 'Power_Out', 'Prop_Connector']",0,nan,nan,1288.888888888889,nan,80.0,0.44073676548524865,21.666666666666668,0.3882143102646721,188.0,nan,81,74.4,4.08,41,Emrax188MV,7.2,nan,47.0,29000.0,None,150.0,nan,None,"('1', None, None, None)",70.0
Emrax268MV,Motor,"['Base', 'Base_Connector', 'MotorPower', 'Power_Out', 'Prop_Connector']",0,nan,nan,2963.98891966759,nan,136.0,1.3793428401297596,6.923076923076923,0.80118707961084,268.0,nan,176,93.1,5.168,88,Emrax268MV,20.3,nan,47.0,107000.0,None,190.0,nan,None,"('1', None, None, None)",85.0
P60_KV340,Motor,"['Base', 'Base_Connector', 'MotorPower', 'Power_Out', 'Prop_Connector']",0,"4,20",6,35.0,"16,24",40.8,0.02808616642798153,340.0,0.15012687440202768,69.0,2.0,8,33.5,2.0,6,P60_KV340,0.375,24S28P,6.0,1550.0,None,65.0,0,None,"('1', None, None, None)",15.0
P400R,Motor,"['Base', 'Base_Connector', 'MotorPower', 'Power_Out', 'Prop_Connector']",0,nan,nan,2666.6666666666665,nan,107.0,0.8355634512324506,11.428571428571429,0.5116760258096,305.0,nan,190,100.0,4.08,68,P400R,28.2,nan,47.0,60000.0,None,150.0,nan,None,"('1', None, None, None)",90.0
KDE5215XF435,Motor,"['Base', 'Base_Connector', 'MotorPower', 'Power_Out', 'Prop_Connector']",0,"4,20","6,8",31.0,"16,24",53.3,0.022,435.0,0.12495160353435426,60.0,1.0,8,41.0,1.4,4,KDE5215XF435,0.36,24S22P,4.0,1595.0,None,72.0,20,None,"('1', None, None, None)",15.0
Reb50,Motor,"['Base', 'Base_Connector', 'MotorPower', 'Power_Out', 'Prop_Connector']",0,nan,nan,4000.0,nan,127.0,1.909859317102744,5.0,0.954929658551372,266.8,nan,217,120.0,2.7199999999999998,108,Reb50,16.2,nan,47.0,40000.0,None,100.0,nan,None,"('1', None, None, None)",80.0
kde_direct_KDE2814XF_515,Motor,"['Base_Connector', 'MotorPower', 'Prop_Connector']",71.95,None,6,130.0,"12,16",41.45,0.0185,515.0,0.0514,35.5,1.0,6.0,31.7,0.3,4.0,KDE2814XF_515,0.125,12S14P,4.0,532.0,"3,6",24.0,15,None,"('1', None, None, None)",14.0
t_motor_AT3520KV550,Motor,"['Base_Connector', 'MotorPower', 'Prop_Connector']",79.99,None,"6,8",31.0,"13,15",65.0,0.017362357428206764,550.0,0.09861156371777464,43.0,3.0,6.0,45.0,1.1,4.0,AT3520KV550,0.218,12N14P,5.0,1110.0,"5,8",50.0,"30,36",None,"('1', None, None, None)",20.0
P80III_KV120,Motor,"['Base', 'Base_Connector', 'MotorPower', 'Power_Out', 'Prop_Connector']",0,"8,30",10,38.0,"18,34",53.5,0.07957747154594767,120.0,0.40822381559907317,91.6,2.0,14,40.0,2.0,6,P80III_KV120,0.649,36S42P,10.0,3600.0,None,70.0,0,None,"('1', None, None, None)",18.0
t_motor_AS2317KV1400,Motor,"['Base_Connector', 'MotorPower', 'Prop_Connector']",21.95,None,"5,6",35.2,"8,10",52.0,0.006820926132509801,1400.0,0.03635565844149482,29.4,3.0,4.0,36.0,1.68,3.0,AS2317KV1400,0.081,12N14P,4.0,712.0,"5,7",48.0,"24,28",None,"('1', None, None, None)",17.0
t_motor_MN5208KV340,Motor,"['Base_Connector', 'MotorPower', 'Prop_Connector']",99.9,None,6,93.0,"14,18",38.5,0.02808616642798153,340.0,0.09209816785799094,59.0,2.0,6.0,29.5,0.9,4.0,MN5208KV340,0.196,24N22P,4.0,850.0,"4,7",35.0,31.5,None,"('1', None, None, None)",8.0
t_motor_MN3110KV780,Motor,"['Base_Connector', 'MotorPower', 'Prop_Connector']",61.9,None,6,71.0,"9,12",37.1,0.012242687930145796,780.0,0.04594598907457945,37.7,2.0,6.0,30.0,0.4,3.0,MN3110KV780,0.1,12N14P,4.0,481.0,"3,4",26.0,26,None,"('1', None, None, None)",10.0
t_motor_MN3520KV400,Motor,"['Base_Connector', 'MotorPower', 'Prop_Connector']",109.9,None,"6,8",82.0,"14,18",50.6,0.0238732414637843,400.0,0.08336897548264713,42.5,2.0,8.0,42.0,1.2,4.0,MN3520KV400,0.222,12N14P,4.0,1140.0,"4,6",38.0,"31.5,31.5",None,"('1', None, None, None)",20.0
Antigravity_MN5006_KV300,Motor,"['Base', 'Base_Connector', 'MotorPower', 'Power_Out', 'Prop_Connector']",0,"4,12",6,125.0,"16,20",30.0,0.03183098861837907,300.0,0.09003163161571061,55.6,2.0,6,25.0,0.6,4,Antigravity_MN5006_KV300,0.108,24S28P,4.0,500.0,None,20.0,26,None,"('1', None, None, None)",6.0
750R,Motor,"['Base', 'Base_Connector', 'MotorPower', 'Power_Out', 'Prop_Connector']",0,nan,nan,2285.714285714286,nan,98.0,2.350596082587993,4.0625,1.5547731668226183,368.0,nan,217,90.0,4.76,108,750R,37.0,nan,47.0,70000.0,None,175.0,nan,None,"('1', None, None, None)",80.0
Antigravity_MN6007_KV160,Motor,"['Base', 'Base_Connector', 'MotorPower', 'Power_Out', 'Prop_Connector']",0,"4,12",6,227.0,"18,24",30.1,0.05968310365946075,160.0,0.12526751748077822,67.0,2.0,12,25.1,0.5,6,Antigravity_MN6007_KV160,0.18,18S22P,4.0,864.0,None,18.0,26,None,"('1', None, None, None)",7.0
t_motor_AS2814KV2000,Motor,"['Base_Connector', 'MotorPower', 'Prop_Connector']",33.99,None,6,11.0,"7,11",54.5,0.004774648292756861,2000.0,0.04552448523949003,36.2,3.0,3.0,36.0,4.5,2.0,AS2814KV2000,0.116,12N14P,5.0,441.0,"4,7",42.0,30,None,"('1', None, None, None)",14.0
Emrax228LV,Motor,"['Base', 'Base_Connector', 'MotorPower', 'Power_Out', 'Prop_Connector']",0,nan,nan,306.17283950617286,nan,91.0,0.2777977188513082,34.375,0.5020481189393838,228.0,nan,44,86.0,12.239999999999998,22,Emrax228LV,12.3,nan,47.0,62000.0,None,450.0,nan,None,"('1', None, None, None)",80.0
MAGiDRIVE75,Motor,"['Base', 'Base_Connector', 'MotorPower', 'Power_Out', 'Prop_Connector']",0,nan,nan,2666.6666666666665,nan,165.0,1.5278874536821951,6.25,0.9356361614804113,292.0,nan,217,115.0,4.08,108,MAGiDRIVE75,19.5,nan,25.0,60000.0,None,150.0,nan,None,"('1', None, None, None)",100.0
t_motor_AS2317KV880,Motor,"['Base_Connector', 'MotorPower', 'Prop_Connector']",21.95,None,"5,6",80.0,"9,13",52.0,0.010851473392629226,880.0,0.03836575210896759,29.4,3.0,4.0,36.0,0.74,3.0,AS2317KV880,0.081,12N14P,4.0,394.0,"5,8",26.0,"24,28",None,"('1', None, None, None)",17.0
kde_direct_KDE3510XF_475,Motor,"['Base_Connector', 'MotorPower', 'Prop_Connector']",92.95,None,"6,8",105.0,"12,16",44.75,0.0201,475.0,0.062,42.2,1.0,6.0,35.0,0.2,4.0,KDE3510XF_475,0.17500000000000002,12S14P,5.0,666.0,"4,6",30.0,"17,17",None,"('1', None, None, None)",10.0
Reb90,Motor,"['Base', 'Base_Connector', 'MotorPower', 'Power_Out', 'Prop_Connector']",0,nan,nan,2285.714285714286,nan,212.0,1.909859317102744,5.0,1.2632531980433772,270.2,nan,217,161.0,4.76,108,Reb90,26.2,nan,47.0,70000.0,None,175.0,nan,None,"('1', None, None, None)",150.0
t_motor_MN22041400KV,Motor,"['Base_Connector', 'MotorPower', 'Prop_Connector']",25.9,None,None,290.0,"5,8",26,0.006820926132509801,1400.0,0.01266614184857098,27.0,2.0,3.0,12.0,0.3,2.0,MN22041400KV,0.023,12N14P,2.0,88.0,"2,3",8.0,None,None,"('1', None, None, None)",4.0
t_motor_MN4012KV400,Motor,"['Base_Connector', 'MotorPower', 'Prop_Connector']",92.9,None,"6,8",75.0,"12,16",40.9,0.0238732414637843,400.0,0.08717275246988208,44.7,2.0,8.0,33.0,1.0,4.0,MN4012KV400,0.155,18N24P,4.0,750.0,"4,6",25.0,"31.5,31.5",None,"('1', None, None, None)",12.0
Emrax228MV,Motor,"['Base', 'Base_Connector', 'MotorPower', 'Power_Out', 'Prop_Connector']",0,nan,nan,2421.875,nan,91.0,0.8681178714103384,11.0,0.5578312432659822,228.0,nan,136,86.0,4.351999999999999,68,Emrax228MV,12.3,nan,47.0,62000.0,None,160.0,nan,None,"('1', None, None, None)",80.0
Emrax208LV,Motor,"['Base', 'Base_Connector', 'MotorPower', 'Power_Out', 'Prop_Connector']",0,nan,nan,256.25,nan,90.0,0.1909859317102744,50.0,0.37728491458787083,208.0,nan,32,85.0,10.879999999999999,16,Emrax208LV,9.3,nan,47.0,41000.0,None,400.0,nan,None,"('1', None, None, None)",80.0
KDE6815XF205,Motor,"['Base', 'Base_Connector', 'MotorPower', 'Power_Out', 'Prop_Connector']",0,"6,26","6,10",48.0,"18,28",56.8,0.047,205.0,0.21452466835619005,77.2,1.0,12,44.5,1.9,6,KDE6815XF205,0.63,24S20P,4.0,3000.0,None,57.0,20,None,"('1', None, None, None)",15.0
MAGiDRIVE12,Motor,"['Base', 'Base_Connector', 'MotorPower', 'Power_Out', 'Prop_Connector']",0,nan,nan,16000.0,nan,107.0,0.5456740906007841,17.5,0.13641852265019602,152.0,nan,108,76.0,0.6799999999999999,7,MAGiDRIVE12,3.0,nan,14.0,10000.0,None,25.0,nan,None,"('1', None, None, None)",70.0
U13II_KV65,Motor,"['Base', 'Base_Connector', 'MotorPower', 'Power_Out', 'Prop_Connector']",0,"8,30",7,73.0,"26,34",60.0,0.14691225516174955,65.0,0.543746651278758,100.0,2.0,25,57.0,1.7,22,U13II_KV65,0.975,36S42P,10.0,6720.0,None,68.0,14.5,None,"('1', None, None, None)",20.0
t_motor_MN4014KV330,Motor,"['Base_Connector', 'MotorPower', 'Prop_Connector']",96.9,None,"6,8",85.0,"14,18",42.9,0.028937262380344612,330.0,0.09925399112253296,44.7,2.0,8.0,35.0,1.1,4.0,MN4014KV330,0.171,18N24P,4.0,750.0,"4,7",25.0,"31.5,31.5",None,"('1', None, None, None)",14.0
U8_Lite_KV100,Motor,"['Base', 'Base_Connector', 'MotorPower', 'Power_Out', 'Prop_Connector']",0,"4,20",7,170.0,"22,30",26.95,0.0954929658551372,100.0,0.23160446160248901,87.1,2.0,12,23.95,0.7,6,U8_Lite_KV100,0.238,36S42P,10.0,1406.0,None,29.3,14.5,None,"('1', None, None, None)",10.0
t_motor_MN3510KV630,Motor,"['Base_Connector', 'MotorPower', 'Prop_Connector']",79.9,None,6,65.0,"12,14",37.1,0.015157613627799556,630.0,0.059453052052038345,41.8,2.0,4.0,29.0,0.5,3.0,MN3510KV630,0.11900000000000001,12N14P,4.0,495.0,"4,5",22.0,26,None,"('1', None, None, None)",10.0
U7V2_0_KV280,Motor,"['Base', 'Base_Connector', 'MotorPower', 'Power_Out', 'Prop_Connector']",0,"4,12",6,71.0,"16,24",45.0,0.034104630662549006,280.0,0.12799239813632848,60.7,2.0,8,39.5,0.5,3,U7V2_0_KV280,0.317,12S14P,4.0,800.0,None,35.0,27.5,None,"('1', None, None, None)",15.0
U11II_KV120,Motor,"['Base', 'Base_Connector', 'MotorPower', 'Power_Out', 'Prop_Connector']",0,"6,16",7,80.0,"24,30",54.0,0.07957747154594767,120.0,0.28134884879909566,79.5,2.0,12,51.6,1.5,6,U11II_KV120,0.772,12S14P,10.0,2783.0,None,57.3,14.5,None,"('1', None, None, None)",18.0
t_motor_MN3508KV380,Motor,"['Base_Connector', 'MotorPower', 'Prop_Connector']",69.9,None,6,205.0,"12,16",35.1,0.025129727856615054,380.0,0.05550228394103166,41.8,2.0,6.0,27.0,0.4,3.0,MN3508KV380,0.10300000000000001,12N14P,4.0,310.0,"4,6",14.0,26,None,"('1', None, None, None)",8.0
KDE6213XF185,Motor,"['Base', 'Base_Connector', 'MotorPower', 'Power_Out', 'Prop_Connector']",0,"6,24","6,10",72.0,"18,28",53.3,0.0516,185.0,0.1923018460649819,70.0,1.0,12,39.0,0.6,6,KDE6213XF185,0.415,24S28P,4.0,2755.0,None,50.0,20,None,"('1', None, None, None)",13.0
Magni350,Motor,"['Base', 'Base_Connector', 'MotorPower', 'Power_Out', 'Prop_Connector']",0,nan,nan,570.2862857142859,nan,508.0,3.3272810402486828,2.87,4.405985072331484,610.0,nan,217,457.0,19.059059059059056,108,Magni350,111.5,nan,50.8,280000.0,None,700.7007007007006,nan,None,"('1', None, None, None)",305.0
U8_Lite_KV150,Motor,"['Base', 'Base_Connector', 'MotorPower', 'Power_Out', 'Prop_Connector']",0,"4,20",7,85.0,"22,30",26.95,0.06366197723675814,150.0,0.21835878046957247,87.1,2.0,12,23.95,1.0,6,U8_Lite_KV150,0.239,36S42P,10.0,1272.0,None,29.7,14.5,None,"('1', None, None, None)",10.0
Antigravity_MN2806_KV401,Motor,"['Base', 'Base_Connector', 'MotorPower', 'Power_Out', 'Prop_Connector']",0,"2,8",6,275.0,"10,14",26.0,0.014691225516174956,650.0,0.028015067839686172,35.0,2.0,6,18.4,0.2,4,Antigravity_MN2806_KV401,0.046,12S14P,4.0,275.0,None,12.3,26,None,"('1', None, None, None)",6.0
Antigravity_MN6007_KV320,Motor,"['Base', 'Base_Connector', 'MotorPower', 'Power_Out', 'Prop_Connector']",0,"4,10",6,50.0,"18,24",30.1,0.029841551829730376,320.0,0.1334554768907207,67.0,2.0,12,25.1,1.4,6,Antigravity_MN6007_KV320,0.18,18S22P,4.0,936.0,None,39.0,26,None,"('1', None, None, None)",7.0
Antigravity_MN4004_KV400,Motor,"['Base', 'Base_Connector', 'MotorPower', 'Power_Out', 'Prop_Connector']",0,"3,8",6,359.0,"12,18",27.5,0.0238732414637843,400.0,0.03984411330258835,44.35,2.0,6,19.0,0.2,4,Antigravity_MN4004_KV400,0.053,18S24P,4.0,300.0,None,12.0,26,None,"('1', None, None, None)",4.0
Antigravity_MN5008_KV170,Motor,"['Base', 'Base_Connector', 'MotorPower', 'Power_Out', 'Prop_Connector']",0,"4,12",6,270.0,"16,20",32.0,0.05617233285596306,170.0,0.10810370498466511,55.6,2.0,12,27.0,0.4,6,Antigravity_MN5008_KV170,0.128,24S28P,4.0,720.0,None,15.0,26,None,"('1', None, None, None)",8.0
Emrax208HV,Motor,"['Base', 'Base_Connector', 'MotorPower', 'Power_Out', 'Prop_Connector']",0,nan,nan,4100.0,nan,90.0,0.8753521870054245,10.909090909090908,0.4323056312986021,208.0,nan,149,85.0,2.7199999999999998,75,Emrax208HV,9.3,nan,47.0,41000.0,None,100.0,nan,None,"('1', None, None, None)",80.0
Emrax208MV,Motor,"['Base', 'Base_Connector', 'MotorPower', 'Power_Out', 'Prop_Connector']",0,nan,nan,1601.5625,nan,90.0,0.5570423008216338,17.142857142857142,0.4401657336858493,208.0,nan,95,85.0,4.351999999999999,48,Emrax208MV,9.3,nan,47.0,41000.0,None,160.0,nan,None,"('1', None, None, None)",80.0
KDE7215XF135,Motor,"['Base', 'Base_Connector', 'MotorPower', 'Power_Out', 'Prop_Connector']",0,"10,30",10,74.0,"20,32",66.3,0.0707,135.0,0.259898368910161,79.5,1.0,14,49.5,0.5,6,KDE7215XF135,0.64,24S22P,10.0,4405.0,None,85.0,20,None,"('1', None, None, None)",15.0
KDE5215XF330,Motor,"['Base', 'Base_Connector', 'MotorPower', 'Power_Out', 'Prop_Connector']",0,"4,20","6,8",44.0,"16,24",53.3,0.0289,330.0,0.13777534414598808,60.0,1.0,8,41.0,0.7,4,KDE5215XF330,0.36,24S22P,4.0,1835.0,None,62.0,20,None,"('1', None, None, None)",15.0
t_motor_AT2308KV2600,Motor,"['Base_Connector', 'MotorPower', 'Prop_Connector']",29.99,None,6,28.0,"5,7",40.5,0.003672806379043739,2600.0,0.02194921630389469,28.8,3.0,4.0,26.0,1.8,2.0,AT2308KV2600,0.048,12N14P,4.0,300.0,"4,6",28.0,23,None,"('1', None, None, None)",8.0
MAGiDRIVE300,Motor,"['Base', 'Base_Connector', 'MotorPower', 'Power_Out', 'Prop_Connector']",0,nan,nan,666.6666666666666,nan,203.0,2.1220659078919377,4.5,2.598989337445587,482.0,nan,217,152.0,16.32,108,MAGiDRIVE300,60.0,nan,47.0,240000.0,None,600.0,nan,None,"('1', None, None, None)",140.0
t_motor_MN3515KV400,Motor,"['Base_Connector', 'MotorPower', 'Prop_Connector']",96.9,None,6,116.0,"12,17",43.0,0.0238732414637843,400.0,0.07009425046445468,42.5,2.0,8.0,34.0,0.3,4.0,MN3515KV400,0.183,12N14P,4.0,900.0,"3,6",30.0,31.5,None,"('1', None, None, None)",15.0
Rex30,Motor,"['Base', 'Base_Connector', 'MotorPower', 'Power_Out', 'Prop_Connector']",0,nan,nan,9411.764705882353,nan,85.0,1.2732395447351628,7.5,0.41502531512182994,216.0,nan,217,80.0,1.156,17,Rex30,6.43,nan,20.0,17000.0,None,42.5,nan,None,"('1', None, None, None)",60.0
Magni650,Motor,"['Base', 'Base_Connector', 'MotorPower', 'Power_Out', 'Prop_Connector']",0,nan,nan,285.14314285714295,nan,762.0,3.3272810402486828,2.87,6.2310038449045875,610.0,nan,217,610.0,38.11811811811811,108,Magni650,200.0,nan,50.8,560000.0,None,1401.4014014014012,nan,None,"('1', None, None, None)",457.0
t_motor_AS2308KV1450,Motor,"['Base_Connector', 'MotorPower', 'Prop_Connector']",18.99,None,"5,6",88.0,"7,10",40.5,0.006585721783112911,1450.0,0.02220046360197951,29.4,3.0,4.0,26.0,0.74,2.0,AS2308KV1450,0.049,12N14P,4.0,275.0,"5,7",24.0,"24,28",None,"('1', None, None, None)",8.0
t_motor_AT2308KV1450,Motor,"['Base_Connector', 'MotorPower', 'Prop_Connector']",29.99,None,6,90.0,"6,9",40.5,0.006585721783112911,1450.0,0.021952405943709705,28.8,3.0,4.0,26.0,0.8,2.0,AT2308KV1450,0.047,12N14P,4.0,250.0,"4,7",23.0,23,None,"('1', None, None, None)",8.0
t_motor_AS2814KV1200,Motor,"['Base_Connector', 'MotorPower', 'Prop_Connector']",33.99,None,6,25.2,"8,12",54.5,0.007957747154594767,1200.0,0.05012909516045148,36.2,3.0,4.0,36.0,2.21,3.0,AS2814KV1200,0.112,12N14P,5.0,885.0,"4,7",61.0,30,None,"('1', None, None, None)",14.0
U8II_KV190,Motor,"['Base', 'Base_Connector', 'MotorPower', 'Power_Out', 'Prop_Connector']",0,"6,20",7,48.0,"24,32",29.1,0.05025945571323011,190.0,0.22940198018390023,87.1,2.0,12,26.1,1.3,6,U8II_KV190,0.277,36S42P,10.0,1048.8,None,43.7,14.5,None,"('1', None, None, None)",10.0
t_motor_AT2820KV1050,Motor,"['Base_Connector', 'MotorPower', 'Prop_Connector']",59.99,None,"6,8",28.0,"10,14",63.5,0.009094568176679734,1050.0,0.05435044037154876,35.2,3.0,4.0,43.0,2.0,3.0,AT2820KV1050,0.139,12N14P,5.0,900.0,"5,8",65.0,"30,36",None,"('1', None, None, None)",20.0
t_motor_AT2814KV1200,Motor,"['Base_Connector', 'MotorPower', 'Prop_Connector']",49.99,None,"6,8",26.0,"9,12",54.5,0.007957747154594767,1200.0,0.04935185281240953,35.2,3.0,4.0,36.0,1.8,3.0,AT2814KV1200,0.108,12N14P,5.0,800.0,"4,6",55.0,"30,36",None,"('1', None, None, None)",14.0
t_motor_AT3520KV720,Motor,"['Base_Connector', 'MotorPower', 'Prop_Connector']",79.99,None,"6,8",20.0,"13,15",65.0,0.013262911924324612,720.0,0.09378294959969856,43.0,3.0,5.0,45.0,1.6,4.0,AT3520KV720,0.339,12N14P,5.0,1300.0,"5,8",70.0,"30,36",None,"('1', None, None, None)",20.0
t_motor_MN3110KV470,Motor,"['Base_Connector', 'MotorPower', 'Prop_Connector']",61.9,None,6,135.0,"10,15",37.1,0.02031765230960366,470.0,0.05529764547756568,37.7,2.0,6.0,30.0,0.3,3.0,MN3110KV470,0.098,12N14P,4.0,330.0,"3,5",15.0,26,None,"('1', None, None, None)",10.0
t_motor_AT3520KV850,Motor,"['Base_Connector', 'MotorPower', 'Prop_Connector']",79.99,None,"6,8",14.0,"13,15",65.0,0.011234466571192613,850.0,0.09494857222248725,43.0,3.0,4.0,45.0,2.0,3.0,AT3520KV850,0.221,12N14P,5.0,1100.0,"5,7",70.0,"30,36",None,"('1', None, None, None)",20.0
t_motor_AS2317KV1250,Motor,"['Base_Connector', 'MotorPower', 'Prop_Connector']",21.95,None,"5,6",50.0,"8,11",52.0,0.007639437268410976,1250.0,0.0341646020840245,29.4,3.0,4.0,36.0,1.7,3.0,AS2317KV1250,0.081,12N14P,4.0,596.0,"5,7",40.0,"24,28",None,"('1', None, None, None)",17.0
t_motor_AS2814KV900,Motor,"['Base_Connector', 'MotorPower', 'Prop_Connector']",33.99,None,6,43.5,"9,14",54.5,0.01061032953945969,900.0,0.05087263630837239,36.2,3.0,4.0,36.0,1.35,3.0,AS2814KV900,0.11,12N14P,5.0,553.0,"4,7",37.0,30,None,"('1', None, None, None)",14.0
t_motor_MN4012KV480,Motor,"['Base_Connector', 'MotorPower', 'Prop_Connector']",92.9,None,"6,8",57.0,"12,16",40.9,0.019894367886486918,480.0,0.08332833742247843,44.7,2.0,8.0,33.0,1.3,4.0,MN4012KV480,0.155,18N24P,4.0,870.0,"4,6",29.0,"31.5,31.5",None,"('1', None, None, None)",12.0
U10II_KV100,Motor,"['Base', 'Base_Connector', 'MotorPower', 'Power_Out', 'Prop_Connector']",0,"6,20",7,101.0,"24,32",33.1,0.0954929658551372,100.0,0.3004766267875881,98.6,2.0,14,30.1,1.0,8,U10II_KV100,0.415,36S42P,10.0,1600.0,None,32.4,14.5,None,"('1', None, None, None)",10.0
U13II_KV130,Motor,"['Base', 'Base_Connector', 'MotorPower', 'Power_Out', 'Prop_Connector']",0,"8,30",7,18.0,"26,34",60.0,0.07345612758087477,130.0,0.5475096487824439,100.0,2.0,14,57.0,1.5,10,U13II_KV130,0.99,36S42P,10.0,5659.0,None,118.0,14.5,None,"('1', None, None, None)",20.0
t_motor_MN5212KV340,Motor,"['Base_Connector', 'MotorPower', 'Prop_Connector']",109.9,None,6,69.0,"14,19",42.5,0.02808616642798153,340.0,0.10692220825294046,59.0,2.0,8.0,33.5,1.1,4.0,MN5212KV340,0.249,24N22P,4.0,840.0,"5,7",35.0,31.5,None,"('1', None, None, None)",12.0
t_motor_AT2820KV1250,Motor,"['Base_Connector', 'MotorPower', 'Prop_Connector']",59.99,None,"6,8",16.0,"9,13",63.5,0.007639437268410976,1250.0,0.06039505452538445,35.2,3.0,4.0,43.0,2.7,3.0,AT2820KV1250,0.14100000000000001,12N14P,5.0,1000.0,"4,8",70.0,"30,36",None,"('1', None, None, None)",20.0
t_motor_MN4010KV580,Motor,"['Base_Connector', 'MotorPower', 'Prop_Connector']",86.9,None,"6,8",42.0,"12,15",39.1,0.016464304457782276,580.0,0.08033757960698291,44.7,2.0,8.0,30.0,1.3,4.0,MN4010KV580,0.137,18N24P,4.0,575.0,"4,6",31.0,"31.5,31.5",None,"('1', None, None, None)",10.0
U8_Lite_KV190,Motor,"['Base', 'Base_Connector', 'MotorPower', 'Power_Out', 'Prop_Connector']",0,"4,20",7,48.0,"22,30",26.95,0.05025945571323011,190.0,0.22940198018390023,87.1,2.0,12,23.95,1.3,6,U8_Lite_KV190,0.243,36S42P,10.0,1048.8,None,43.7,14.5,None,"('1', None, None, None)",10.0
t_motor_MN4014KV400,Motor,"['Base_Connector', 'MotorPower', 'Prop_Connector']",96.9,None,"6,8",67.0,"14,18",42.9,0.0238732414637843,400.0,0.09223037816543718,44.7,2.0,8.0,35.0,1.3,4.0,MN4014KV400,0.171,18N24P,4.0,900.0,"4,6",30.0,"31.5,31.5",None,"('1', None, None, None)",14.0
t_motor_AT4125KV250,Motor,"['Base_Connector', 'MotorPower', 'Prop_Connector']",115.99,None,"8,10",68.0,"15,18",74.0,0.038197186342054885,250.0,0.14647952298417527,50.0,3.0,12.0,50.0,1.0,6.0,AT4125KV250,0.35000000000000003,12N14P,6.0,2200.0,"8,10",50.0,"35,40",None,"('1', None, None, None)",25.0
U8_Lite_L_KV95,Motor,"['Base', 'Base_Connector', 'MotorPower', 'Power_Out', 'Prop_Connector']",0,"6,20",7,146.0,"24,32",28.05,0.10051891142646022,95.0,0.26307001456668033,87.1,2.0,12,25.05,0.7,6,U8_Lite_L_KV95,0.28,36S42P,10.0,1790.0,None,38.0,14.5,None,"('1', None, None, None)",10.0
U7V2_0_KV490,Motor,"['Base', 'Base_Connector', 'MotorPower', 'Power_Out', 'Prop_Connector']",0,"3,10",6,21.0,"12,20",45.0,0.01948836037859943,490.0,0.13448246305323588,60.7,2.0,8,39.5,1.1,3,U7V2_0_KV490,0.299,12S14P,4.0,1300.0,None,44.0,27.5,None,"('1', None, None, None)",15.0
U8II_KV100,Motor,"['Base', 'Base_Connector', 'MotorPower', 'Power_Out', 'Prop_Connector']",0,"6,20",7,170.0,"24,32",29.1,0.0954929658551372,100.0,0.23160446160248901,87.1,2.0,12,26.1,0.7,6,U8II_KV100,0.272,36S42P,10.0,1406.0,None,29.3,14.5,None,"('1', None, None, None)",10.0
Antigravity_MN4004_KV300,Motor,"['Base', 'Base_Connector', 'MotorPower', 'Power_Out', 'Prop_Connector']",0,"3,8",6,452.0,"12,18",27.5,0.03183098861837907,300.0,0.0473457401159953,44.35,2.0,6,19.0,0.2,4,Antigravity_MN4004_KV300,0.053,18S24P,4.0,216.0,None,9.0,26,None,"('1', None, None, None)",4.0
Antigravity_MN5008_KV400,Motor,"['Base', 'Base_Connector', 'MotorPower', 'Power_Out', 'Prop_Connector']",0,"4,10",6,50.0,"14,18",32.0,0.0238732414637843,400.0,0.10676438151257656,55.6,2.0,12,27.0,1.1,6,Antigravity_MN5008_KV400,0.132,24S28P,4.0,800.0,None,35.0,26,None,"('1', None, None, None)",8.0
Emrax188HV,Motor,"['Base', 'Base_Connector', 'MotorPower', 'Power_Out', 'Prop_Connector']",0,nan,nan,2900.0,nan,80.0,0.631722697195523,15.116279069767442,0.3709603409195756,188.0,nan,116,74.4,2.7199999999999998,58,Emrax188HV,7.2,nan,47.0,29000.0,None,100.0,nan,None,"('1', None, None, None)",70.0
kde_direct_KDE2315XF885,Motor,"['Base_Connector', 'MotorPower', 'Prop_Connector']",60.95,None,6,127.0,"9,12",35.25,0.0108,885.0,0.0303,28.3,1.0,6.0,28.5,0.5,3.0,KDE2315XF885,0.075,12S14P,4.0,532.0,"3,5",24.0,12,None,"('1', None, None, None)",15.0
KDE700XF295G3,Motor,"['Base', 'Base_Connector', 'MotorPower', 'Power_Out', 'Prop_Connector']",0,nan,6,18.0,nan,125.7,0.0324,295.0,0.24149534156997726,56.0,1.0,16,74.7,1.1,10,KDE700XF295G3,0.695,12S10P,8.0,7195.0,None,139.0,0,None,"('1', None, None, None)",52.8
t_motor_AT2820KV880,Motor,"['Base_Connector', 'MotorPower', 'Prop_Connector']",59.99,None,"6,8",39.0,"10,15",63.5,0.010851473392629226,880.0,0.05494857147788286,35.2,3.0,4.0,43.0,1.6,3.0,AT2820KV880,0.139,12N14P,5.0,700.0,"5,8",45.0,"30,36",None,"('1', None, None, None)",20.0
Emrax348LV,Motor,"['Base', 'Base_Connector', 'MotorPower', 'Power_Out', 'Prop_Connector']",0,nan,nan,694.2148760330579,nan,110.0,1.0026761414789407,9.523809523809524,1.203410297009249,348.0,nan,114,104.6,14.959999999999999,57,Emrax348LV,41.5,nan,47.0,210000.0,None,550.0,nan,None,"('1', None, None, None)",90.0
kde_direct_KDE3510XF_715,Motor,"['Base_Connector', 'MotorPower', 'Prop_Connector']",92.95,None,"6,8",54.0,"12,16",44.75,0.0134,715.0,0.0575,42.2,1.0,5.0,35.0,0.5,3.0,KDE3510XF_715,0.17500000000000002,12S14P,5.0,832.0,"4,6",45.0,"17,17",None,"('1', None, None, None)",10.0
Reb30,Motor,"['Base', 'Base_Connector', 'MotorPower', 'Power_Out', 'Prop_Connector']",0,nan,nan,5333.333333333333,nan,101.0,1.909859317102744,5.0,0.8269933431326881,266.8,nan,217,80.0,2.04,17,Reb30,12.35,nan,25.0,30000.0,None,75.0,nan,None,"('1', None, None, None)",60.0
P80III_KV100,Motor,"['Base', 'Base_Connector', 'MotorPower', 'Power_Out', 'Prop_Connector']",0,"8,30",10,48.0,"18,34",53.5,0.0954929658551372,100.0,0.4358637623494104,91.6,2.0,14,40.0,1.6,6,P80III_KV100,0.649,36S42P,10.0,2700.0,None,60.0,0,None,"('1', None, None, None)",18.0
Rex50,Motor,"['Base', 'Base_Connector', 'MotorPower', 'Power_Out', 'Prop_Connector']",0,nan,nan,6400.0,nan,95.0,1.2732395447351628,7.5,0.5032921210448704,216.0,nan,217,90.0,1.7,17,Rex50,12.2,nan,25.0,25000.0,None,62.5,nan,None,"('1', None, None, None)",80.0
t_motor_AT4130KV300,Motor,"['Base_Connector', 'MotorPower', 'Prop_Connector']",119.99,None,"8,10",32.0,"15,20",79.0,0.03183098861837907,300.0,0.17794063585429426,50.0,3.0,12.0,55.0,1.8,6.0,AT4130KV300,0.405,12N14P,6.0,3200.0,"7,11",75.0,"35,40",None,"('1', None, None, None)",30.0
t_motor_MN4010KV370,Motor,"['Base_Connector', 'MotorPower', 'Prop_Connector']",86.9,None,"6,8",98.0,"12,17",39.1,0.025808909690577624,370.0,0.08244353784754947,44.7,2.0,8.0,30.0,0.8,4.0,MN4010KV370,0.137,18N24P,4.0,450.0,"4,6",20.0,"31.5,31.5",None,"('1', None, None, None)",10.0
t_motor_AT2317KV1250,Motor,"['Base_Connector', 'MotorPower', 'Prop_Connector']",39.99,None,6,52.0,"8,11",52.0,0.007639437268410976,1250.0,0.033501148596264164,28.8,3.0,4.0,36.0,1.3,2.0,AT2317KV1250,0.079,12N14P,4.0,550.0,"4,7",40.0,23,None,"('1', None, None, None)",17.0
U12II_KV120,Motor,"['Base', 'Base_Connector', 'MotorPower', 'Power_Out', 'Prop_Connector']",0,"6,20",7,22.0,"24,32",47.6,0.07957747154594767,120.0,0.5365112037145049,106.8,2.0,14,40.0,1.5,10,U12II_KV120,0.778,36S42P,10.0,4560.0,None,95.0,14.5,None,"('1', None, None, None)",18.0
U8II_KV150,Motor,"['Base', 'Base_Connector', 'MotorPower', 'Power_Out', 'Prop_Connector']",0,"6,20",7,85.0,"24,32",29.1,0.06366197723675814,150.0,0.21835878046957247,87.1,2.0,12,26.1,1.0,6,U8II_KV150,0.273,36S42P,10.0,1272.0,None,29.7,14.5,None,"('1', None, None, None)",10.0
U3_KV700,Motor,"['Base', 'Base_Connector', 'MotorPower', 'Power_Out', 'Prop_Connector']",0,"3,6",6,50.0,"10,14",38.8,0.013641852265019601,700.0,0.06100821800718661,41.8,2.0,4,33.3,0.5,3,U3_KV700,0.128,12S14P,4.0,500.0,None,25.0,26,None,"('1', None, None, None)",15.0
t_motor_MT2216V2800KV,Motor,"['Base_Connector', 'MotorPower', 'Prop_Connector']",54.9,None,None,175.0,"9,12",58.0,0.01193662073189215,800.0,0.02853398119506309,27.5,3.0,4.0,34.0,0.3,3.0,MT2216V2800KV,0.075,12N14P,5.0,260.0,"3,5",18.0,None,None,"('1', None, None, None)",16.0
U8_Lite_KV85,Motor,"['Base', 'Base_Connector', 'MotorPower', 'Power_Out', 'Prop_Connector']",0,"4,20",7,225.0,"24,30",26.95,0.11234466571192613,85.0,0.236843351079939,87.1,2.0,12,23.95,0.5,6,U8_Lite_KV85,0.243,36S42P,10.0,916.8,None,19.1,14.5,None,"('1', None, None, None)",10.0
P60_KV170,Motor,"['Base', 'Base_Connector', 'MotorPower', 'Power_Out', 'Prop_Connector']",0,"4,20",6,80.0,"16,24",40.8,0.05617233285596306,170.0,0.19859918738759694,69.0,2.0,14,33.5,1.0,6,P60_KV170,0.375,24S28P,6.0,1800.0,None,38.0,0,None,"('1', None, None, None)",15.0
KDE700XF535G3,Motor,"['Base', 'Base_Connector', 'MotorPower', 'Power_Out', 'Prop_Connector']",0,nan,6,9.0,nan,114.7,0.0178,535.0,0.18762847450332384,56.0,1.0,14,63.7,2.4,8,KDE700XF535G3,0.56,12S10P,6.0,5595.0,None,126.0,0,None,"('1', None, None, None)",41.8
KDE7208XF135,Motor,"['Base', 'Base_Connector', 'MotorPower', 'Power_Out', 'Prop_Connector']",0,"8,28","8,10",113.0,"20,32",56.8,0.0707,135.0,0.2103198154686359,79.5,1.0,12,42.5,0.4,6,KDE7208XF135,0.445,24S28P,10.0,2145.0,None,58.0,20,None,"('1', None, None, None)",8.0
MAGiDRIVE150,Motor,"['Base', 'Base_Connector', 'MotorPower', 'Power_Out', 'Prop_Connector']",0,nan,nan,1333.3333333333333,nan,203.0,1.8189136353359467,5.25,1.5752254154908345,381.0,nan,217,140.0,8.16,108,MAGiDRIVE150,35.0,nan,47.0,120000.0,None,300.0,nan,None,"('1', None, None, None)",130.0
Emrax268LV,Motor,"['Base', 'Base_Connector', 'MotorPower', 'Power_Out', 'Prop_Connector']",0,nan,nan,428.0,nan,136.0,0.5305164769729844,18.0,0.8109180967721051,268.0,nan,68,93.1,13.6,34,Emrax268LV,20.3,nan,47.0,107000.0,None,500.0,nan,None,"('1', None, None, None)",85.0
t_motor_AT2317KV880,Motor,"['Base_Connector', 'MotorPower', 'Prop_Connector']",39.99,None,6,82.0,"9,14",52.0,0.010851473392629226,880.0,0.03789498885574869,28.8,3.0,4.0,36.0,0.9,2.0,AT2317KV880,0.079,12N14P,4.0,350.0,"4,8",25.0,23,None,"('1', None, None, None)",17.0
t_motor_AT2321KV950,Motor,"['Base_Connector', 'MotorPower', 'Prop_Connector']",44.99,None,6,65.0,"9,12",56.0,0.010051891142646022,950.0,0.03942676083450965,28.8,3.0,4.0,40.0,1.2,2.0,AT2321KV950,0.093,12N14P,4.0,450.0,"4,7",30.0,23,None,"('1', None, None, None)",21.0
U7V2_0_KV420,Motor,"['Base', 'Base_Connector', 'MotorPower', 'Power_Out', 'Prop_Connector']",0,"3,10",6,33.0,"12,20",45.0,0.022736420441699334,420.0,0.12515987527494624,60.7,2.0,8,39.5,0.9,3,U7V2_0_KV420,0.296,12S14P,4.0,1180.0,None,40.0,27.5,None,"('1', None, None, None)",15.0
KDE10218XF105,Motor,"['Base', 'Base_Connector', 'MotorPower', 'Power_Out', 'Prop_Connector']",0,"10,30",10,23.0,"22,38",74.7,0.0909,105.0,0.5993768503167703,108.6,1.0,14,65.2,1.0,6,KDE10218XF105,1.18,24S28P,10.0,7355.0,None,142.0,20,None,"('1', None, None, None)",18.0
t_motor_MN2212KV920,Motor,"['Base_Connector', 'MotorPower', 'Prop_Connector']",46.9,None,5,142.0,"7,9",32.6,0.010379670201645347,920.0,0.02754478472337756,24.0,2.0,4.0,16.0,0.5,2.0,MN2212KV920,0.065,9N12P,4.0,220.0,"2,3",15.0,24,None,"('1', None, None, None)",12.0
t_motor_MN4012KV340,Motor,"['Base_Connector', 'MotorPower', 'Prop_Connector']",92.9,None,"6,8",133.0,"13,17",40.9,0.02808616642798153,340.0,0.07701346160134363,44.7,2.0,8.0,33.0,0.9,4.0,MN4012KV340,0.155,18N24P,4.0,660.0,"4,6",22.0,"31.5,31.5",None,"('1', None, None, None)",12.0
t_motor_AT2312KV1400,Motor,"['Base_Connector', 'MotorPower', 'Prop_Connector']",34.99,None,6,55.0,"7,9",44.5,0.006820926132509801,1400.0,0.029084526753195856,28.8,3.0,4.0,30.0,1.1,2.0,AT2312KV1400,0.06,12N14P,4.0,320.0,"4,7",30.0,23,None,"('1', None, None, None)",12.0
Antigravity_MN5008_KV340,Motor,"['Base', 'Base_Connector', 'MotorPower', 'Power_Out', 'Prop_Connector']",0,"4,10",6,55.0,"16,20",32.0,0.02808616642798153,340.0,0.11975981604257117,55.6,2.0,12,27.0,0.9,6,Antigravity_MN5008_KV340,0.135,24S28P,4.0,760.0,None,35.0,26,None,"('1', None, None, None)",8.0
KDE8218XF120,Motor,"['Base', 'Base_Connector', 'MotorPower', 'Power_Out', 'Prop_Connector']",0,"10,30",10,42.0,"22,34",71.5,0.0796,120.0,0.3884082290335162,88.5,1.0,14,62.0,0.8,6,KDE8218XF120,0.845,24S28P,10.0,5695.0,None,110.0,20,None,"('1', None, None, None)",18.0
kde_direct_KDE3520XF_400,Motor,"['Base_Connector', 'MotorPower', 'Prop_Connector']",112.95,None,"6,8",78.0,"16,20",54.25,0.0239,400.0,0.0855,42.2,1.0,8.0,45.0,0.3,4.0,KDE3520XF_400,0.245,12S14P,5.0,1332.0,"4,8",45.0,"17,17",15.95,"('1', None, None, None)",20.0
Antigravity_MN1005_V2_KV90,Motor,"['Base', 'Base_Connector', 'MotorPower', 'Power_Out', 'Prop_Connector']",0,"6,16",10,168.0,"28,34",26.0,0.1061032953945969,90.0,0.2588655342891672,107.0,2.0,16,23.0,0.9,12,Antigravity_MN1005_V2_KV90,0.282,36S42P,4.0,1500.0,None,32.0,14.5,None,"('1', None, None, None)",5.0
t_motor_AS2820KV1050,Motor,"['Base_Connector', 'MotorPower', 'Prop_Connector']",34.0,None,6,23.2,"10,13",62.2,0.009094568176679734,1050.0,0.059708765283968346,36.2,3.0,4.0,42.0,2.6,3.0,AS2820KV1050,0.14400000000000002,12N14P,5.0,963.0,"5,8",67.0,30,None,"('1', None, None, None)",20.0
t_motor_AT2317KV1400,Motor,"['Base_Connector', 'MotorPower', 'Prop_Connector']",39.99,None,6,35.0,"8,10",52.0,0.006820926132509801,1400.0,0.03645938378334958,28.8,3.0,4.0,36.0,1.7,2.0,AT2317KV1400,0.08,12N14P,4.0,700.0,"4,7",45.0,23,None,"('1', None, None, None)",17.0
U15II_KV80,Motor,"['Base', 'Base_Connector', 'MotorPower', 'Power_Out', 'Prop_Connector']",0,"8,30",12,17.0,"26,42",83.0,0.1193662073189215,80.0,0.9154970186510952,147.5,2.0,24,55.0,3.8,12,U15II_KV80,1.74,36S42P,12.0,8580.0,None,143.0,0,None,"('1', None, None, None)",18.0
Emrax348MV,Motor,"['Base', 'Base_Connector', 'MotorPower', 'Power_Out', 'Prop_Connector']",0,nan,nan,2925.170068027211,nan,110.0,2.72837045300392,3.5,1.595246414833806,348.0,nan,217,104.6,5.712,109,Emrax348MV,41.5,nan,47.0,129000.0,None,210.0,nan,None,"('1', None, None, None)",90.0
Reb60,Motor,"['Base', 'Base_Connector', 'MotorPower', 'Power_Out', 'Prop_Connector']",0,nan,nan,3555.555555555555,nan,138.0,1.909859317102744,5.0,1.0128558556767444,270.8,nan,217,135.0,3.0599999999999996,108,Reb60,19.5,nan,47.0,45000.0,None,112.5,nan,None,"('1', None, None, None)",130.0
t_motor_AS2308KV2600,Motor,"['Base_Connector', 'MotorPower', 'Prop_Connector']",18.99,None,"5,6",30.0,"4,8",40.5,0.003672806379043739,2600.0,0.021204957516222773,29.4,3.0,4.0,26.0,1.62,2.0,AS2308KV2600,0.049,12N14P,4.0,326.0,"3,6",29.0,"24,28",None,"('1', None, None, None)",8.0
t_motor_AT4120KV250,Motor,"['Base_Connector', 'MotorPower', 'Prop_Connector']",109.99,None,"8,10",76.0,"14,18",69.0,0.038197186342054885,250.0,0.13855575756093666,50.0,3.0,12.0,45.0,1.0,6.0,AT4120KV250,0.304,12N14P,6.0,2100.0,"6,10",45.0,"35,40",None,"('1', None, None, None)",20.0
U8_Lite_L_KV110,Motor,"['Base', 'Base_Connector', 'MotorPower', 'Power_Out', 'Prop_Connector']",0,"6,20",7,105.0,"24,32",28.05,0.08681178714103381,110.0,0.26790699144115143,87.1,2.0,12,25.05,0.9,6,U8_Lite_L_KV110,0.282,36S42P,10.0,2140.0,None,45.8,14.5,None,"('1', None, None, None)",10.0
KDE600XF530G3,Motor,"['Base', 'Base_Connector', 'MotorPower', 'Power_Out', 'Prop_Connector']",0,nan,6,17.0,nan,102.5,0.018,530.0,0.13805369799252665,46.0,1.0,12,62.0,1.2,6,KDE600XF530G3,0.425,12S10P,6.0,3905.0,None,88.0,0,None,"('1', None, None, None)",46.0
Emrax348HV,Motor,"['Base', 'Base_Connector', 'MotorPower', 'Power_Out', 'Prop_Connector']",0,nan,nan,4336.734693877551,nan,110.0,4.15186808065814,2.3,1.9937106042874013,348.0,nan,217,104.6,3.808,109,Emrax348HV,41.5,nan,47.0,85000.0,None,140.0,nan,None,"('1', None, None, None)",90.0
KDE700XF455G3,Motor,"['Base', 'Base_Connector', 'MotorPower', 'Power_Out', 'Prop_Connector']",0,nan,8,10.0,nan,125.7,0.021,455.0,0.21,56.0,1.0,16,74.7,2.2,10,KDE700XF455G3,0.7,12S10P,6.0,6995.0,None,135.0,5,None,"('1', None, None, None)",52.8
MAGiDRIVE40,Motor,"['Base', 'Base_Connector', 'MotorPower', 'Power_Out', 'Prop_Connector']",0,nan,nan,5000.0,nan,148.0,1.388988594256541,6.875,0.6211745833458999,229.0,nan,217,102.0,2.1759999999999997,108,MAGiDRIVE40,10.0,nan,25.0,32000.0,None,80.0,nan,None,"('1', None, None, None)",95.0
Ret30,Motor,"['Base', 'Base_Connector', 'MotorPower', 'Power_Out', 'Prop_Connector']",0,nan,nan,13333.333333333334,nan,80.0,0.477464829275686,20.0,0.13075912870482312,169.0,nan,108,70.0,0.816,17,Ret30,4.39,nan,25.0,12000.0,None,30.0,nan,None,"('1', None, None, None)",60.0
t_motor_AS2312KV1150,Motor,"['Base_Connector', 'MotorPower', 'Prop_Connector']",19.99,None,"5,6",81.0,"7,10",44.5,0.008303736161316279,1150.0,0.029176354843180888,29.4,3.0,4.0,30.0,0.76,3.0,AS2312KV1150,0.063,12N14P,4.0,357.0,"5,7",23.0,"24,28",None,"('1', None, None, None)",12.0
t_motor_AS2312KV1400,Motor,"['Base_Connector', 'MotorPower', 'Prop_Connector']",19.99,None,"5,6",50.0,"7,9",44.5,0.006820926132509801,1400.0,0.030504109003593304,29.4,3.0,4.0,30.0,1.05,3.0,AS2312KV1400,0.063,12N14P,4.0,334.0,"5,7",30.0,"24,28",None,"('1', None, None, None)",12.0
t_motor_AT2814KV900,Motor,"['Base_Connector', 'MotorPower', 'Prop_Connector']",49.99,None,"6,8",82.0,"9,14",54.5,0.01061032953945969,900.0,0.03705287799228762,35.2,3.0,4.0,36.0,1.2,3.0,AT2814KV900,0.108,12N14P,5.0,650.0,"4,7",45.0,"30,36",None,"('1', None, None, None)",14.0
t_motor_AT4120KV560,Motor,"['Base_Connector', 'MotorPower', 'Prop_Connector']",109.99,None,"8,10",16.0,"14,16",69.0,0.017052315331274503,560.0,0.1348103895655903,50.0,3.0,6.0,45.0,2.4,4.0,AT4120KV560,0.3,12N14P,6.0,1800.0,"7,9",80.0,"35,40",None,"('1', None, None, None)",20.0
U8II_KV85,Motor,"['Base', 'Base_Connector', 'MotorPower', 'Power_Out', 'Prop_Connector']",0,"6,20",7,225.0,"24,32",29.1,0.11234466571192613,85.0,0.236843351079939,87.1,2.0,12,26.1,0.5,6,U8II_KV85,0.277,36S42P,10.0,916.8,None,19.1,14.5,None,"('1', None, None, None)",10.0
KDE5215XF220,Motor,"['Base', 'Base_Connector', 'MotorPower', 'Power_Out', 'Prop_Connector']",0,"4,20","6,8",78.0,"18,26",53.3,0.0434,220.0,0.15539692766655694,60.0,1.0,12,41.0,0.5,6,KDE5215XF220,0.361,24S28P,4.0,1955.0,None,44.0,20,None,"('1', None, None, None)",15.0
kde_direct_KDE2315XF965,Motor,"['Base_Connector', 'MotorPower', 'Prop_Connector']",60.95,None,6,102.0,"9,12",35.25,0.0099,965.0,0.031,28.3,1.0,4.0,28.5,0.5,3.0,KDE2315XF965,0.075,12S14P,4.0,384.0,"3,5",26.0,12,None,"('1', None, None, None)",15.0
t_motor_AT2310KV2200,Motor,"['Base_Connector', 'MotorPower', 'Prop_Connector']",27.99,None,None,35.0,"5,6",49.8,0.004340589357051691,2200.0,0.02320142604394973,28.8,3.0,4.0,24.8,2.1,3.0,AT2310KV2200,0.052000000000000005,12N14P,6.0,650.0,"4,5",45.0,None,None,"('1', None, None, None)",10.0
t_motor_AT2321KV1250,Motor,"['Base_Connector', 'MotorPower', 'Prop_Connector']",44.99,None,6,38.0,"8,11",56.0,0.007639437268410976,1250.0,0.039189486297511025,28.8,3.0,4.0,40.0,1.8,2.0,AT2321KV1250,0.094,12N14P,4.0,700.0,"4,7",45.0,23,None,"('1', None, None, None)",21.0
t_motor_AT2814KV1050,Motor,"['Base_Connector', 'MotorPower', 'Prop_Connector']",49.99,None,"6,8",35.0,"9,13",54.5,0.009094568176679734,1050.0,0.048612511711132775,35.2,3.0,4.0,36.0,1.5,3.0,AT2814KV1050,0.107,12N14P,5.0,700.0,"4,7",50.0,"30,36",None,"('1', None, None, None)",14.0
t_motor_AT2826KV1100,Motor,"['Base_Connector', 'MotorPower', 'Prop_Connector']",69.99,None,"6,8",110.0,"12,15",69.5,0.008681178714103382,1100.0,0.02617473866609172,35.2,3.0,4.0,49.0,2.9,3.0,AT2826KV1100,0.17500000000000002,12N14P,5.0,900.0,"5,8",59.0,"30,36",None,"('1', None, None, None)",26.0
Antigravity_MN4006_KV380,Motor,"['Base', 'Base_Connector', 'MotorPower', 'Power_Out', 'Prop_Connector']",0,"3,8",6,194.0,"12,18",29.5,0.025129727856615054,380.0,0.05705410807455646,44.35,2.0,6,21.0,0.3,4,Antigravity_MN4006_KV380,0.068,18S24P,4.0,380.0,None,16.0,26,None,"('1', None, None, None)",6.0
t_motor_AS2820KV1250,Motor,"['Base_Connector', 'MotorPower', 'Prop_Connector']",34.0,None,6,16.8,"8,12",62.2,0.007639437268410976,1250.0,0.05893953811705331,36.2,3.0,4.0,42.0,3.44,3.0,AS2820KV1250,0.14400000000000002,12N14P,5.0,1092.0,"5,8",77.0,30,None,"('1', None, None, None)",20.0
t_motor_MN3110KV700,Motor,"['Base_Connector', 'MotorPower', 'Prop_Connector']",61.9,None,6,92.0,"10,13",37.1,0.013641852265019601,700.0,0.044975855022520064,37.7,2.0,6.0,30.0,0.3,3.0,MN3110KV700,0.099,12N14P,4.0,466.0,"3,5",21.0,26,None,"('1', None, None, None)",10.0
t_motor_MN3508KV580,Motor,"['Base_Connector', 'MotorPower', 'Prop_Connector']",69.9,None,6,110.0,"12,15",35.1,0.016464304457782276,580.0,0.04964174574603602,41.8,2.0,4.0,27.0,0.4,3.0,MN3508KV580,0.10300000000000001,12N14P,4.0,400.0,"4,5",18.0,26,None,"('1', None, None, None)",8.0
t_motor_MN3510KV360,Motor,"['Base_Connector', 'MotorPower', 'Prop_Connector']",79.9,None,6,188.0,"12,16",37.1,0.026525823848649224,360.0,0.06117725079763944,41.8,2.0,6.0,29.0,0.4,3.0,MN3510KV360,0.117,12N14P,4.0,330.0,"4,6",15.0,26,None,"('1', None, None, None)",10.0
Antigravity_MN6007II_KV320,Motor,"['Base', 'Base_Connector', 'MotorPower', 'Power_Out', 'Prop_Connector']",0,"4,10",6,47.5,"18,24",26.1,0.029841551829730376,320.0,0.13692243025708,67.2,2.0,12,21.1,1.0,6,Antigravity_MN6007II_KV320,0.161,24S28P,4.0,1040.0,None,44.2,26,None,"('1', None, None, None)",7.0
KDE600XF1100G3,Motor,"['Base', 'Base_Connector', 'MotorPower', 'Power_Out', 'Prop_Connector']",0,nan,5,7.0,nan,96.5,0.0087,1100.0,0.10398488901209224,46.0,1.0,8,56.0,3.4,4,KDE600XF1100G3,0.375,12S10P,6.0,3335.0,None,112.0,0,None,"('1', None, None, None)",40.0
kde_direct_KDE2814XF_775,Motor,"['Base_Connector', 'MotorPower', 'Prop_Connector']",71.95,None,6,69.0,"12,16",41.45,0.0123,775.0,0.0469,35.5,1.0,5.0,31.7,0.5,3.0,KDE2814XF_775,0.125,12S14P,4.0,666.0,"3,6",36.0,15,None,"('1', None, None, None)",14.0
Rex90,Motor,"['Base', 'Base_Connector', 'MotorPower', 'Power_Out', 'Prop_Connector']",0,nan,nan,3200.0,nan,212.0,1.909859317102744,5.0,1.0676438151257657,217.0,nan,217,161.0,3.4,108,Rex90,21.499,nan,47.0,50000.0,None,125.0,nan,None,"('1', None, None, None)",150.0
t_motor_MN3510KV700,Motor,"['Base_Connector', 'MotorPower', 'Prop_Connector']",79.9,None,6,50.0,"11,14",37.1,0.013641852265019601,700.0,0.06100821800718661,41.8,2.0,4.0,29.0,0.5,3.0,MN3510KV700,0.11800000000000001,12N14P,4.0,555.0,"3,5",25.0,26,None,"('1', None, None, None)",10.0
