FROM_COMP,LIB_COMPONENT
Orient,Orient
Passenger1,Passenger
rear_left_bot_motor_vert_2,Emrax268LV
front_right_bot_prop_vert,41x6_3_3400_51_530
rear_left_wing,naca_wing
rear_left_top_prop_vert_2,41x6_3_3400_51_530
front_right_wing,naca_wing
rear_left_top_motor_vert_1,Emrax268LV
rear_right_top_prop_vert_2,41x6_3_3400_51_530
rear_left_bot_prop_vert_1,41x6_3_3400_51_530
vert_system_battery_controller_800V,BatteryController
ctr_bot_motor_vert,Emrax268LV
front_left_bot_motor_vert,Emrax268LV
front_right_bot_motor_vert,Emrax268LV
rear_right_bot_motor_vert_2,Emrax268LV
rear_right_flip_adapter,Cyl_Flip
front_right_prop_fwd,41x6_3_3400_51_530
rear_right_wing,naca_wing
front_right_top_motor_vert,Emrax268LV
rear_right_cyl_mount,PORTED_CYL
fuselage,FUSE_SPHERE_CYL_CONE
ctr_top_prop_vert,41x6_3_3400_51_530
rear_ctr_naca_mount,naca_connector
ctr_top_motor_vert,Emrax268LV
front_ctr_naca_mount,naca_connector
ctr_bot_prop_vert,41x6_3_3400_51_530
rear_right_top_motor_vert_2,Emrax268LV
front_right_motor_fwd,Emrax268LV
front_ctr_top_prop_vert,41x6_3_3400_51_530
front_left_flip_adapter,Cyl_Flip
front_ctr_top_motor_vert,Emrax268LV
rear_left_bot_prop_vert_2,41x6_3_3400_51_530
rear_left_motor_cyl_mount,PORTED_CYL
front_left_top_prop_vert,41x6_3_3400_51_530
front_left_prop_fwd,41x6_3_3400_51_530
front_right_cyl_mount,PORTED_CYL
rear_left_wing_battery,Tattu25AhLi
rear_left_top_prop_vert_1,41x6_3_3400_51_530
Passenger2,Passenger
rear_left_top_motor_vert_2,Emrax268LV
rear_right_bot_prop_vert_1,41x6_3_3400_51_530
front_left_bot_prop_vert,41x6_3_3400_51_530
rear_right_wing_battery,Tattu25AhLi
center_rear_struct_cyl,PORTED_CYL
rear_right_bot_prop_vert_2,41x6_3_3400_51_530
front_left_top_motor_vert,Emrax268LV
front_left_wing,naca_wing
rudder,naca_wing
center_fwd_struct_cyl,PORTED_CYL
front_left_motor_fwd,Emrax268LV
front_left_cyl_mount,PORTED_CYL
rear_right_bot_motor_vert_1,Emrax268LV
rear_left_bot_motor_vert_1,Emrax268LV
rear_right_top_motor_vert_1,Emrax268LV
rear_left_cyl_mount,PORTED_CYL
front_right_top__prop_vert,41x6_3_3400_51_530
rear_right_motor_cyl_mount,PORTED_CYL
rear_left_flip_adapter,Cyl_Flip
front_right_flip_adapter,Cyl_Flip
rear_right_top_prop_vert_1,41x6_3_3400_51_530
