Qtemplate,Param1Name,Parram1Val,Param2Name,Param2Val,Param3Name,Param3Val,Param4Name,Param4Val,Param4Name,Param4Val,Param4Name,Param4Val,Param4Name,Param4Val,Param4Name,Param4Val
clearDesign,__DESTDESIGN__,TestRake,,,,,,,,,,,,,,
cloneDes,__SOURCENAME__,BlankDesign_ComponentTest,__DESTNAME__,TestRake,,,,,,,,,,,,
clearCI,__SOURCEDESIGN__,TestRake,,,,,,,,,,,,,,
cloneCIOpt,__SOURCEDESIGN__,AllComponentsUAM,__SOURCENAME__,Propeller,__DESTDESIGN__,TestRake,__DESTNAME__,front_left_top_prop_vert,,,,,,,,
swap,__DESIGN__,TestRake,__COMPONENT_INSTANCE__,front_left_top_prop_vert,__NEW_COMPONENT__,41x6_3_3400_51_530,,,,,,,,,,
cloneCIOpt,__SOURCEDESIGN__,AllComponentsUAM,__SOURCENAME__,Orient,__DESTDESIGN__,TestRake,__DESTNAME__,Orient,,,,,,,,
cloneCIOpt,__SOURCEDESIGN__,AllComponentsUAM,__SOURCENAME__,Battery,__DESTDESIGN__,TestRake,__DESTNAME__,rear_right_wing_battery,,,,,,,,
swap,__DESIGN__,TestRake,__COMPONENT_INSTANCE__,rear_right_wing_battery,__NEW_COMPONENT__,Tattu25AhLi,,,,,,,,,,
cloneCIOpt,__SOURCEDESIGN__,AllComponentsUAM,__SOURCENAME__,Propeller,__DESTDESIGN__,TestRake,__DESTNAME__,rear_left_bot_prop_vert_1,,,,,,,,
swap,__DESIGN__,TestRake,__COMPONENT_INSTANCE__,rear_left_bot_prop_vert_1,__NEW_COMPONENT__,41x6_3_3400_51_530,,,,,,,,,,
cloneCIOpt,__SOURCEDESIGN__,AllComponentsUAM,__SOURCENAME__,Propeller,__DESTDESIGN__,TestRake,__DESTNAME__,ctr_top_prop_vert,,,,,,,,
swap,__DESIGN__,TestRake,__COMPONENT_INSTANCE__,ctr_top_prop_vert,__NEW_COMPONENT__,41x6_3_3400_51_530,,,,,,,,,,
cloneCIOpt,__SOURCEDESIGN__,AllComponentsUAM,__SOURCENAME__,NACA_Port_Connector,__DESTDESIGN__,TestRake,__DESTNAME__,rear_ctr_naca_mount,,,,,,,,
cloneCIOpt,__SOURCEDESIGN__,AllComponentsUAM,__SOURCENAME__,BatteryController,__DESTDESIGN__,TestRake,__DESTNAME__,vert_system_battery_controller_800V,,,,,,,,
cloneCIOpt,__SOURCEDESIGN__,AllComponentsUAM,__SOURCENAME__,Motor,__DESTDESIGN__,TestRake,__DESTNAME__,ctr_top_motor_vert,,,,,,,,
swap,__DESIGN__,TestRake,__COMPONENT_INSTANCE__,ctr_top_motor_vert,__NEW_COMPONENT__,Emrax268LV,,,,,,,,,,
cloneCIOpt,__SOURCEDESIGN__,AllComponentsUAM,__SOURCENAME__,Passenger,__DESTDESIGN__,TestRake,__DESTNAME__,Passenger1,,,,,,,,
cloneCIOpt,__SOURCEDESIGN__,AllComponentsUAM,__SOURCENAME__,Motor,__DESTDESIGN__,TestRake,__DESTNAME__,rear_left_bot_motor_vert_2,,,,,,,,
swap,__DESIGN__,TestRake,__COMPONENT_INSTANCE__,rear_left_bot_motor_vert_2,__NEW_COMPONENT__,Emrax268LV,,,,,,,,,,
cloneCIOpt,__SOURCEDESIGN__,AllComponentsUAM,__SOURCENAME__,Propeller,__DESTDESIGN__,TestRake,__DESTNAME__,front_right_bot_prop_vert,,,,,,,,
swap,__DESIGN__,TestRake,__COMPONENT_INSTANCE__,front_right_bot_prop_vert,__NEW_COMPONENT__,41x6_3_3400_51_530,,,,,,,,,,
cloneCIOpt,__SOURCEDESIGN__,AllComponentsUAM,__SOURCENAME__,Motor,__DESTDESIGN__,TestRake,__DESTNAME__,ctr_bot_motor_vert,,,,,,,,
swap,__DESIGN__,TestRake,__COMPONENT_INSTANCE__,ctr_bot_motor_vert,__NEW_COMPONENT__,Emrax268LV,,,,,,,,,,
cloneCIOpt,__SOURCEDESIGN__,AllComponentsUAM,__SOURCENAME__,Motor,__DESTDESIGN__,TestRake,__DESTNAME__,front_right_motor_fwd,,,,,,,,
swap,__DESIGN__,TestRake,__COMPONENT_INSTANCE__,front_right_motor_fwd,__NEW_COMPONENT__,Emrax268LV,,,,,,,,,,
cloneCIOpt,__SOURCEDESIGN__,AllComponentsUAM,__SOURCENAME__,Motor,__DESTDESIGN__,TestRake,__DESTNAME__,front_ctr_top_motor_vert,,,,,,,,
swap,__DESIGN__,TestRake,__COMPONENT_INSTANCE__,front_ctr_top_motor_vert,__NEW_COMPONENT__,Emrax268LV,,,,,,,,,,
cloneCIOpt,__SOURCEDESIGN__,AllComponentsUAM,__SOURCENAME__,Cylinder,__DESTDESIGN__,TestRake,__DESTNAME__,front_left_cyl_mount,,,,,,,,
cloneCIOpt,__SOURCEDESIGN__,AllComponentsUAM,__SOURCENAME__,Cylinder,__DESTDESIGN__,TestRake,__DESTNAME__,rear_left_motor_cyl_mount,,,,,,,,
cloneCIOpt,__SOURCEDESIGN__,AllComponentsUAM,__SOURCENAME__,Propeller,__DESTDESIGN__,TestRake,__DESTNAME__,rear_left_bot_prop_vert_2,,,,,,,,
swap,__DESIGN__,TestRake,__COMPONENT_INSTANCE__,rear_left_bot_prop_vert_2,__NEW_COMPONENT__,41x6_3_3400_51_530,,,,,,,,,,
cloneCIOpt,__SOURCEDESIGN__,AllComponentsUAM,__SOURCENAME__,Motor,__DESTDESIGN__,TestRake,__DESTNAME__,rear_right_bot_motor_vert_2,,,,,,,,
swap,__DESIGN__,TestRake,__COMPONENT_INSTANCE__,rear_right_bot_motor_vert_2,__NEW_COMPONENT__,Emrax268LV,,,,,,,,,,
cloneCIOpt,__SOURCEDESIGN__,AllComponentsUAM,__SOURCENAME__,Battery,__DESTDESIGN__,TestRake,__DESTNAME__,rear_left_wing_battery,,,,,,,,
swap,__DESIGN__,TestRake,__COMPONENT_INSTANCE__,rear_left_wing_battery,__NEW_COMPONENT__,Tattu25AhLi,,,,,,,,,,
cloneCIOpt,__SOURCEDESIGN__,AllComponentsUAM,__SOURCENAME__,Propeller,__DESTDESIGN__,TestRake,__DESTNAME__,front_right_prop_fwd,,,,,,,,
swap,__DESIGN__,TestRake,__COMPONENT_INSTANCE__,front_right_prop_fwd,__NEW_COMPONENT__,41x6_3_3400_51_530,,,,,,,,,,
cloneCIOpt,__SOURCEDESIGN__,AllComponentsUAM,__SOURCENAME__,Motor,__DESTDESIGN__,TestRake,__DESTNAME__,front_right_top_motor_vert,,,,,,,,
swap,__DESIGN__,TestRake,__COMPONENT_INSTANCE__,front_right_top_motor_vert,__NEW_COMPONENT__,Emrax268LV,,,,,,,,,,
cloneCIOpt,__SOURCEDESIGN__,AllComponentsUAM,__SOURCENAME__,Fuselage,__DESTDESIGN__,TestRake,__DESTNAME__,fuselage,,,,,,,,
cloneCIOpt,__SOURCEDESIGN__,AllComponentsUAM,__SOURCENAME__,Motor,__DESTDESIGN__,TestRake,__DESTNAME__,rear_left_top_motor_vert_1,,,,,,,,
swap,__DESIGN__,TestRake,__COMPONENT_INSTANCE__,rear_left_top_motor_vert_1,__NEW_COMPONENT__,Emrax268LV,,,,,,,,,,
cloneCIOpt,__SOURCEDESIGN__,AllComponentsUAM,__SOURCENAME__,Cylinder,__DESTDESIGN__,TestRake,__DESTNAME__,rear_left_cyl_mount,,,,,,,,
cloneCIOpt,__SOURCEDESIGN__,AllComponentsUAM,__SOURCENAME__,Motor,__DESTDESIGN__,TestRake,__DESTNAME__,front_left_motor_fwd,,,,,,,,
swap,__DESIGN__,TestRake,__COMPONENT_INSTANCE__,front_left_motor_fwd,__NEW_COMPONENT__,Emrax268LV,,,,,,,,,,
cloneCIOpt,__SOURCEDESIGN__,AllComponentsUAM,__SOURCENAME__,Propeller,__DESTDESIGN__,TestRake,__DESTNAME__,rear_left_top_prop_vert_2,,,,,,,,
swap,__DESIGN__,TestRake,__COMPONENT_INSTANCE__,rear_left_top_prop_vert_2,__NEW_COMPONENT__,41x6_3_3400_51_530,,,,,,,,,,
cloneCIOpt,__SOURCEDESIGN__,AllComponentsUAM,__SOURCENAME__,Propeller,__DESTDESIGN__,TestRake,__DESTNAME__,rear_right_bot_prop_vert_1,,,,,,,,
swap,__DESIGN__,TestRake,__COMPONENT_INSTANCE__,rear_right_bot_prop_vert_1,__NEW_COMPONENT__,41x6_3_3400_51_530,,,,,,,,,,
cloneCIOpt,__SOURCEDESIGN__,AllComponentsUAM,__SOURCENAME__,Cylinder_Flip,__DESTDESIGN__,TestRake,__DESTNAME__,rear_right_flip_adapter,,,,,,,,
cloneCIOpt,__SOURCEDESIGN__,AllComponentsUAM,__SOURCENAME__,Wing,__DESTDESIGN__,TestRake,__DESTNAME__,front_right_wing,,,,,,,,
cloneCIOpt,__SOURCEDESIGN__,AllComponentsUAM,__SOURCENAME__,Motor,__DESTDESIGN__,TestRake,__DESTNAME__,rear_left_bot_motor_vert_1,,,,,,,,
swap,__DESIGN__,TestRake,__COMPONENT_INSTANCE__,rear_left_bot_motor_vert_1,__NEW_COMPONENT__,Emrax268LV,,,,,,,,,,
cloneCIOpt,__SOURCEDESIGN__,AllComponentsUAM,__SOURCENAME__,Propeller,__DESTDESIGN__,TestRake,__DESTNAME__,rear_right_top_prop_vert_2,,,,,,,,
swap,__DESIGN__,TestRake,__COMPONENT_INSTANCE__,rear_right_top_prop_vert_2,__NEW_COMPONENT__,41x6_3_3400_51_530,,,,,,,,,,
cloneCIOpt,__SOURCEDESIGN__,AllComponentsUAM,__SOURCENAME__,Propeller,__DESTDESIGN__,TestRake,__DESTNAME__,ctr_bot_prop_vert,,,,,,,,
swap,__DESIGN__,TestRake,__COMPONENT_INSTANCE__,ctr_bot_prop_vert,__NEW_COMPONENT__,41x6_3_3400_51_530,,,,,,,,,,
cloneCIOpt,__SOURCEDESIGN__,AllComponentsUAM,__SOURCENAME__,Cylinder_Flip,__DESTDESIGN__,TestRake,__DESTNAME__,rear_left_flip_adapter,,,,,,,,
cloneCIOpt,__SOURCEDESIGN__,AllComponentsUAM,__SOURCENAME__,Motor,__DESTDESIGN__,TestRake,__DESTNAME__,rear_right_top_motor_vert_2,,,,,,,,
swap,__DESIGN__,TestRake,__COMPONENT_INSTANCE__,rear_right_top_motor_vert_2,__NEW_COMPONENT__,Emrax268LV,,,,,,,,,,
cloneCIOpt,__SOURCEDESIGN__,AllComponentsUAM,__SOURCENAME__,NACA_Port_Connector,__DESTDESIGN__,TestRake,__DESTNAME__,front_ctr_naca_mount,,,,,,,,
cloneCIOpt,__SOURCEDESIGN__,AllComponentsUAM,__SOURCENAME__,Propeller,__DESTDESIGN__,TestRake,__DESTNAME__,rear_left_top_prop_vert_1,,,,,,,,
swap,__DESIGN__,TestRake,__COMPONENT_INSTANCE__,rear_left_top_prop_vert_1,__NEW_COMPONENT__,41x6_3_3400_51_530,,,,,,,,,,
cloneCIOpt,__SOURCEDESIGN__,AllComponentsUAM,__SOURCENAME__,Passenger,__DESTDESIGN__,TestRake,__DESTNAME__,Passenger2,,,,,,,,
cloneCIOpt,__SOURCEDESIGN__,AllComponentsUAM,__SOURCENAME__,Cylinder_Flip,__DESTDESIGN__,TestRake,__DESTNAME__,front_left_flip_adapter,,,,,,,,
cloneCIOpt,__SOURCEDESIGN__,AllComponentsUAM,__SOURCENAME__,Motor,__DESTDESIGN__,TestRake,__DESTNAME__,front_left_top_motor_vert,,,,,,,,
swap,__DESIGN__,TestRake,__COMPONENT_INSTANCE__,front_left_top_motor_vert,__NEW_COMPONENT__,Emrax268LV,,,,,,,,,,
cloneCIOpt,__SOURCEDESIGN__,AllComponentsUAM,__SOURCENAME__,Motor,__DESTDESIGN__,TestRake,__DESTNAME__,rear_left_top_motor_vert_2,,,,,,,,
swap,__DESIGN__,TestRake,__COMPONENT_INSTANCE__,rear_left_top_motor_vert_2,__NEW_COMPONENT__,Emrax268LV,,,,,,,,,,
cloneCIOpt,__SOURCEDESIGN__,AllComponentsUAM,__SOURCENAME__,Propeller,__DESTDESIGN__,TestRake,__DESTNAME__,front_ctr_top_prop_vert,,,,,,,,
swap,__DESIGN__,TestRake,__COMPONENT_INSTANCE__,front_ctr_top_prop_vert,__NEW_COMPONENT__,41x6_3_3400_51_530,,,,,,,,,,
cloneCIOpt,__SOURCEDESIGN__,AllComponentsUAM,__SOURCENAME__,Motor,__DESTDESIGN__,TestRake,__DESTNAME__,front_left_bot_motor_vert,,,,,,,,
swap,__DESIGN__,TestRake,__COMPONENT_INSTANCE__,front_left_bot_motor_vert,__NEW_COMPONENT__,Emrax268LV,,,,,,,,,,
cloneCIOpt,__SOURCEDESIGN__,AllComponentsUAM,__SOURCENAME__,Propeller,__DESTDESIGN__,TestRake,__DESTNAME__,front_right_top__prop_vert,,,,,,,,
swap,__DESIGN__,TestRake,__COMPONENT_INSTANCE__,front_right_top__prop_vert,__NEW_COMPONENT__,41x6_3_3400_51_530,,,,,,,,,,
cloneCIOpt,__SOURCEDESIGN__,AllComponentsUAM,__SOURCENAME__,Cylinder,__DESTDESIGN__,TestRake,__DESTNAME__,rear_right_motor_cyl_mount,,,,,,,,
cloneCIOpt,__SOURCEDESIGN__,AllComponentsUAM,__SOURCENAME__,Propeller,__DESTDESIGN__,TestRake,__DESTNAME__,front_left_bot_prop_vert,,,,,,,,
swap,__DESIGN__,TestRake,__COMPONENT_INSTANCE__,front_left_bot_prop_vert,__NEW_COMPONENT__,41x6_3_3400_51_530,,,,,,,,,,
cloneCIOpt,__SOURCEDESIGN__,AllComponentsUAM,__SOURCENAME__,Propeller,__DESTDESIGN__,TestRake,__DESTNAME__,front_left_prop_fwd,,,,,,,,
swap,__DESIGN__,TestRake,__COMPONENT_INSTANCE__,front_left_prop_fwd,__NEW_COMPONENT__,41x6_3_3400_51_530,,,,,,,,,,
cloneCIOpt,__SOURCEDESIGN__,AllComponentsUAM,__SOURCENAME__,Wing,__DESTDESIGN__,TestRake,__DESTNAME__,rear_left_wing,,,,,,,,
cloneCIOpt,__SOURCEDESIGN__,AllComponentsUAM,__SOURCENAME__,Motor,__DESTDESIGN__,TestRake,__DESTNAME__,front_right_bot_motor_vert,,,,,,,,
swap,__DESIGN__,TestRake,__COMPONENT_INSTANCE__,front_right_bot_motor_vert,__NEW_COMPONENT__,Emrax268LV,,,,,,,,,,
cloneCIOpt,__SOURCEDESIGN__,AllComponentsUAM,__SOURCENAME__,Cylinder,__DESTDESIGN__,TestRake,__DESTNAME__,front_right_cyl_mount,,,,,,,,
cloneCIOpt,__SOURCEDESIGN__,AllComponentsUAM,__SOURCENAME__,Wing,__DESTDESIGN__,TestRake,__DESTNAME__,rear_right_wing,,,,,,,,
cloneCIOpt,__SOURCEDESIGN__,AllComponentsUAM,__SOURCENAME__,Cylinder_Flip,__DESTDESIGN__,TestRake,__DESTNAME__,front_right_flip_adapter,,,,,,,,
cloneCIOpt,__SOURCEDESIGN__,AllComponentsUAM,__SOURCENAME__,Propeller,__DESTDESIGN__,TestRake,__DESTNAME__,rear_right_top_prop_vert_1,,,,,,,,
swap,__DESIGN__,TestRake,__COMPONENT_INSTANCE__,rear_right_top_prop_vert_1,__NEW_COMPONENT__,41x6_3_3400_51_530,,,,,,,,,,
cloneCIOpt,__SOURCEDESIGN__,AllComponentsUAM,__SOURCENAME__,Cylinder,__DESTDESIGN__,TestRake,__DESTNAME__,center_rear_struct_cyl,,,,,,,,
cloneCIOpt,__SOURCEDESIGN__,AllComponentsUAM,__SOURCENAME__,Cylinder,__DESTDESIGN__,TestRake,__DESTNAME__,rear_right_cyl_mount,,,,,,,,
cloneCIOpt,__SOURCEDESIGN__,AllComponentsUAM,__SOURCENAME__,Propeller,__DESTDESIGN__,TestRake,__DESTNAME__,rear_right_bot_prop_vert_2,,,,,,,,
swap,__DESIGN__,TestRake,__COMPONENT_INSTANCE__,rear_right_bot_prop_vert_2,__NEW_COMPONENT__,41x6_3_3400_51_530,,,,,,,,,,
cloneCIOpt,__SOURCEDESIGN__,AllComponentsUAM,__SOURCENAME__,Motor,__DESTDESIGN__,TestRake,__DESTNAME__,rear_right_bot_motor_vert_1,,,,,,,,
swap,__DESIGN__,TestRake,__COMPONENT_INSTANCE__,rear_right_bot_motor_vert_1,__NEW_COMPONENT__,Emrax268LV,,,,,,,,,,
cloneCIOpt,__SOURCEDESIGN__,AllComponentsUAM,__SOURCENAME__,Wing,__DESTDESIGN__,TestRake,__DESTNAME__,rudder,,,,,,,,
cloneCIOpt,__SOURCEDESIGN__,AllComponentsUAM,__SOURCENAME__,Wing,__DESTDESIGN__,TestRake,__DESTNAME__,front_left_wing,,,,,,,,
cloneCIOpt,__SOURCEDESIGN__,AllComponentsUAM,__SOURCENAME__,Cylinder,__DESTDESIGN__,TestRake,__DESTNAME__,center_fwd_struct_cyl,,,,,,,,
cloneCIOpt,__SOURCEDESIGN__,AllComponentsUAM,__SOURCENAME__,Motor,__DESTDESIGN__,TestRake,__DESTNAME__,rear_right_top_motor_vert_1,,,,,,,,
swap,__DESIGN__,TestRake,__COMPONENT_INSTANCE__,rear_right_top_motor_vert_1,__NEW_COMPONENT__,Emrax268LV,,,,,,,,,,
addRefCoordSysx,__SOURCEDESIGN__,TestRake,__ORIENTNAME__,Orient,,,,,,,,,,,,
addConn,__SOURCEDESIGN__,TestRake,__SOURCECOMP__,rear_left_top_motor_vert_2,__SOURCECONN__,Prop_Connector,__DESTCOMP__,rear_left_top_prop_vert_2,__DESTCONN__,MOTOR_CONNECTOR_CS_IN,,,,,,
addConn,__SOURCEDESIGN__,TestRake,__SOURCECOMP__,vert_system_battery_controller_800V,__SOURCECONN__,MotorPower,__DESTCOMP__,front_left_motor_fwd,__DESTCONN__,MotorPower,,,,,,
addConn,__SOURCEDESIGN__,TestRake,__SOURCECOMP__,front_left_prop_fwd,__SOURCECONN__,MOTOR_CONNECTOR_CS_IN,__DESTCOMP__,front_left_motor_fwd,__DESTCONN__,Prop_Connector,,,,,,
addConn,__SOURCEDESIGN__,TestRake,__SOURCECOMP__,rear_left_motor_cyl_mount,__SOURCECONN__,TOP_CONNECTOR,__DESTCOMP__,rear_left_top_motor_vert_1,__DESTCONN__,Base_Connector,,,,,,
addConn,__SOURCEDESIGN__,TestRake,__SOURCECOMP__,center_rear_struct_cyl,__SOURCECONN__,FRONT_CONNECTOR,__DESTCOMP__,center_fwd_struct_cyl,__DESTCONN__,REAR_CONNECTOR,,,,,,
addConn,__SOURCEDESIGN__,TestRake,__SOURCECOMP__,front_left_bot_motor_vert,__SOURCECONN__,MotorPower,__DESTCOMP__,vert_system_battery_controller_800V,__DESTCONN__,MotorPower,,,,,,
addConn,__SOURCEDESIGN__,TestRake,__SOURCECOMP__,rear_ctr_naca_mount,__SOURCECONN__,End_Connector_1,__DESTCOMP__,rear_left_wing,__DESTCONN__,Connector_1,,,,,,
addConn,__SOURCEDESIGN__,TestRake,__SOURCECOMP__,rear_right_top_prop_vert_1,__SOURCECONN__,MOTOR_CONNECTOR_CS_IN,__DESTCOMP__,rear_right_top_motor_vert_1,__DESTCONN__,Prop_Connector,,,,,,
addConn,__SOURCEDESIGN__,TestRake,__SOURCECOMP__,front_left_cyl_mount,__SOURCECONN__,FRONT_CONNECTOR,__DESTCOMP__,front_left_flip_adapter,__DESTCONN__,REAR_CONNECTOR,,,,,,
addConn,__SOURCEDESIGN__,TestRake,__SOURCECOMP__,rear_right_bot_motor_vert_1,__SOURCECONN__,Prop_Connector,__DESTCOMP__,rear_right_bot_prop_vert_1,__DESTCONN__,MOTOR_CONNECTOR_CS_IN,,,,,,
addConn,__SOURCEDESIGN__,TestRake,__SOURCECOMP__,front_right_bot_motor_vert,__SOURCECONN__,Base_Connector,__DESTCOMP__,front_right_cyl_mount,__DESTCONN__,BOTTOM_CONNECTOR,,,,,,
addConn,__SOURCEDESIGN__,TestRake,__SOURCECOMP__,rear_left_bot_motor_vert_1,__SOURCECONN__,Base_Connector,__DESTCOMP__,rear_left_motor_cyl_mount,__DESTCONN__,BOTTOM_CONNECTOR,,,,,,
addConn,__SOURCEDESIGN__,TestRake,__SOURCECOMP__,rear_right_bot_motor_vert_1,__SOURCECONN__,MotorPower,__DESTCOMP__,vert_system_battery_controller_800V,__DESTCONN__,MotorPower,,,,,,
addConn,__SOURCEDESIGN__,TestRake,__SOURCECOMP__,front_ctr_naca_mount,__SOURCECONN__,Bottom_Connector,__DESTCOMP__,fuselage,__DESTCONN__,BOTTOM_CONNECTOR,,,,,,
addConn,__SOURCEDESIGN__,TestRake,__SOURCECOMP__,front_right_cyl_mount,__SOURCECONN__,LEFT_CONNECTOR,__DESTCOMP__,front_right_wing,__DESTCONN__,Connector_1,,,,,,
addConn,__SOURCEDESIGN__,TestRake,__SOURCECOMP__,rear_right_top_motor_vert_2,__SOURCECONN__,MotorPower,__DESTCOMP__,vert_system_battery_controller_800V,__DESTCONN__,MotorPower,,,,,,
addConn,__SOURCEDESIGN__,TestRake,__SOURCECOMP__,vert_system_battery_controller_800V,__SOURCECONN__,BatteryPower,__DESTCOMP__,rear_left_wing_battery,__DESTCONN__,PowerBus,,,,,,
addConn,__SOURCEDESIGN__,TestRake,__SOURCECOMP__,front_right_motor_fwd,__SOURCECONN__,MotorPower,__DESTCOMP__,vert_system_battery_controller_800V,__DESTCONN__,MotorPower,,,,,,
addConn,__SOURCEDESIGN__,TestRake,__SOURCECOMP__,rear_right_cyl_mount,__SOURCECONN__,TOP_CONNECTOR,__DESTCOMP__,rear_right_top_motor_vert_2,__DESTCONN__,Base_Connector,,,,,,
addConn,__SOURCEDESIGN__,TestRake,__SOURCECOMP__,rear_left_flip_adapter,__SOURCECONN__,FRONT_CONNECTOR,__DESTCOMP__,rear_left_motor_cyl_mount,__DESTCONN__,FRONT_CONNECTOR,,,,,,
addConn,__SOURCEDESIGN__,TestRake,__SOURCECOMP__,ctr_top_motor_vert,__SOURCECONN__,Prop_Connector,__DESTCOMP__,ctr_top_prop_vert,__DESTCONN__,MOTOR_CONNECTOR_CS_IN,,,,,,
addConn,__SOURCEDESIGN__,TestRake,__SOURCECOMP__,front_left_bot_motor_vert,__SOURCECONN__,Prop_Connector,__DESTCOMP__,front_left_bot_prop_vert,__DESTCONN__,MOTOR_CONNECTOR_CS_IN,,,,,,
addConn,__SOURCEDESIGN__,TestRake,__SOURCECOMP__,Passenger2,__SOURCECONN__,Connector,__DESTCOMP__,fuselage,__DESTCONN__,SEAT_2_CONNECTOR,,,,,,
addConn,__SOURCEDESIGN__,TestRake,__SOURCECOMP__,vert_system_battery_controller_800V,__SOURCECONN__,MotorPower,__DESTCOMP__,ctr_bot_motor_vert,__DESTCONN__,MotorPower,,,,,,
addConn,__SOURCEDESIGN__,TestRake,__SOURCECOMP__,front_right_flip_adapter,__SOURCECONN__,FRONT_CONNECTOR,__DESTCOMP__,front_right_motor_fwd,__DESTCONN__,Base_Connector,,,,,,
addConn,__SOURCEDESIGN__,TestRake,__SOURCECOMP__,Orient,__SOURCECONN__,ORIENTCONN,__DESTCOMP__,fuselage,__DESTCONN__,ORIENT,,,,,,
addConn,__SOURCEDESIGN__,TestRake,__SOURCECOMP__,rear_left_cyl_mount,__SOURCECONN__,RIGHT_CONNECTOR,__DESTCOMP__,rear_left_wing,__DESTCONN__,Connector_2,,,,,,
addConn,__SOURCEDESIGN__,TestRake,__SOURCECOMP__,vert_system_battery_controller_800V,__SOURCECONN__,BatteryPower,__DESTCOMP__,rear_right_wing_battery,__DESTCONN__,PowerBus,,,,,,
addConn,__SOURCEDESIGN__,TestRake,__SOURCECOMP__,rear_left_bot_prop_vert_1,__SOURCECONN__,MOTOR_CONNECTOR_CS_IN,__DESTCOMP__,rear_left_bot_motor_vert_1,__DESTCONN__,Prop_Connector,,,,,,
addConn,__SOURCEDESIGN__,TestRake,__SOURCECOMP__,front_right_motor_fwd,__SOURCECONN__,Prop_Connector,__DESTCOMP__,front_right_prop_fwd,__DESTCONN__,MOTOR_CONNECTOR_CS_IN,,,,,,
addConn,__SOURCEDESIGN__,TestRake,__SOURCECOMP__,front_left_top_motor_vert,__SOURCECONN__,MotorPower,__DESTCOMP__,vert_system_battery_controller_800V,__DESTCONN__,MotorPower,,,,,,
addConn,__SOURCEDESIGN__,TestRake,__SOURCECOMP__,front_left_bot_motor_vert,__SOURCECONN__,Base_Connector,__DESTCOMP__,front_left_cyl_mount,__DESTCONN__,BOTTOM_CONNECTOR,,,,,,
addConn,__SOURCEDESIGN__,TestRake,__SOURCECOMP__,front_ctr_top_prop_vert,__SOURCECONN__,MOTOR_CONNECTOR_CS_IN,__DESTCOMP__,front_ctr_top_motor_vert,__DESTCONN__,Prop_Connector,,,,,,
addConn,__SOURCEDESIGN__,TestRake,__SOURCECOMP__,fuselage,__SOURCECONN__,REAR_CONNECTOR,__DESTCOMP__,center_fwd_struct_cyl,__DESTCONN__,FRONT_CONNECTOR,,,,,,
addConn,__SOURCEDESIGN__,TestRake,__SOURCECOMP__,front_right_top_motor_vert,__SOURCECONN__,Base_Connector,__DESTCOMP__,front_right_cyl_mount,__DESTCONN__,TOP_CONNECTOR,,,,,,
addConn,__SOURCEDESIGN__,TestRake,__SOURCECOMP__,rear_left_top_motor_vert_1,__SOURCECONN__,MotorPower,__DESTCOMP__,vert_system_battery_controller_800V,__DESTCONN__,MotorPower,,,,,,
addConn,__SOURCEDESIGN__,TestRake,__SOURCECOMP__,rear_right_flip_adapter,__SOURCECONN__,FRONT_CONNECTOR,__DESTCOMP__,rear_right_motor_cyl_mount,__DESTCONN__,FRONT_CONNECTOR,,,,,,
addConn,__SOURCEDESIGN__,TestRake,__SOURCECOMP__,rear_right_top_prop_vert_2,__SOURCECONN__,MOTOR_CONNECTOR_CS_IN,__DESTCOMP__,rear_right_top_motor_vert_2,__DESTCONN__,Prop_Connector,,,,,,
addConn,__SOURCEDESIGN__,TestRake,__SOURCECOMP__,Passenger1,__SOURCECONN__,Connector,__DESTCOMP__,fuselage,__DESTCONN__,SEAT_1_CONNECTOR,,,,,,
addConn,__SOURCEDESIGN__,TestRake,__SOURCECOMP__,front_left_wing,__SOURCECONN__,Connector_2,__DESTCOMP__,front_left_cyl_mount,__DESTCONN__,RIGHT_CONNECTOR,,,,,,
addConn,__SOURCEDESIGN__,TestRake,__SOURCECOMP__,front_ctr_top_motor_vert,__SOURCECONN__,MotorPower,__DESTCOMP__,vert_system_battery_controller_800V,__DESTCONN__,MotorPower,,,,,,
addConn,__SOURCEDESIGN__,TestRake,__SOURCECOMP__,rear_right_wing,__SOURCECONN__,Battery_Connector_2,__DESTCOMP__,rear_right_wing_battery,__DESTCONN__,Battery_Connector_2_out,,,,,,
addConn,__SOURCEDESIGN__,TestRake,__SOURCECOMP__,rear_left_top_motor_vert_1,__SOURCECONN__,Prop_Connector,__DESTCOMP__,rear_left_top_prop_vert_1,__DESTCONN__,MOTOR_CONNECTOR_CS_IN,,,,,,
addConn,__SOURCEDESIGN__,TestRake,__SOURCECOMP__,rear_left_bot_motor_vert_1,__SOURCECONN__,MotorPower,__DESTCOMP__,vert_system_battery_controller_800V,__DESTCONN__,MotorPower,,,,,,
addConn,__SOURCEDESIGN__,TestRake,__SOURCECOMP__,rear_right_wing,__SOURCECONN__,Connector_2,__DESTCOMP__,rear_ctr_naca_mount,__DESTCONN__,End_Connector_2,,,,,,
addConn,__SOURCEDESIGN__,TestRake,__SOURCECOMP__,rear_left_cyl_mount,__SOURCECONN__,BOTTOM_CONNECTOR,__DESTCOMP__,rear_left_bot_motor_vert_2,__DESTCONN__,Base_Connector,,,,,,
addConn,__SOURCEDESIGN__,TestRake,__SOURCECOMP__,front_left_top_motor_vert,__SOURCECONN__,Prop_Connector,__DESTCOMP__,front_left_top_prop_vert,__DESTCONN__,MOTOR_CONNECTOR_CS_IN,,,,,,
addConn,__SOURCEDESIGN__,TestRake,__SOURCECOMP__,center_fwd_struct_cyl,__SOURCECONN__,TOP_CONNECTOR,__DESTCOMP__,ctr_top_motor_vert,__DESTCONN__,Base_Connector,,,,,,
addConn,__SOURCEDESIGN__,TestRake,__SOURCECOMP__,center_rear_struct_cyl,__SOURCECONN__,BOTTOM_CONNECTOR,__DESTCOMP__,rudder,__DESTCONN__,Connector_1,,,,,,
addConn,__SOURCEDESIGN__,TestRake,__SOURCECOMP__,center_rear_struct_cyl,__SOURCECONN__,TOP_CONNECTOR,__DESTCOMP__,rear_ctr_naca_mount,__DESTCONN__,Bottom_Connector,,,,,,
addConn,__SOURCEDESIGN__,TestRake,__SOURCECOMP__,front_right_flip_adapter,__SOURCECONN__,REAR_CONNECTOR,__DESTCOMP__,front_right_cyl_mount,__DESTCONN__,FRONT_CONNECTOR,,,,,,
addConn,__SOURCEDESIGN__,TestRake,__SOURCECOMP__,rear_right_bot_motor_vert_1,__SOURCECONN__,Base_Connector,__DESTCOMP__,rear_right_motor_cyl_mount,__DESTCONN__,BOTTOM_CONNECTOR,,,,,,
addConn,__SOURCEDESIGN__,TestRake,__SOURCECOMP__,ctr_bot_prop_vert,__SOURCECONN__,MOTOR_CONNECTOR_CS_IN,__DESTCOMP__,ctr_bot_motor_vert,__DESTCONN__,Prop_Connector,,,,,,
addConn,__SOURCEDESIGN__,TestRake,__SOURCECOMP__,fuselage,__SOURCECONN__,TOP_CONNECTOR,__DESTCOMP__,front_ctr_top_motor_vert,__DESTCONN__,Base_Connector,,,,,,
addConn,__SOURCEDESIGN__,TestRake,__SOURCECOMP__,rear_right_flip_adapter,__SOURCECONN__,REAR_CONNECTOR,__DESTCOMP__,rear_right_cyl_mount,__DESTCONN__,FRONT_CONNECTOR,,,,,,
addConn,__SOURCEDESIGN__,TestRake,__SOURCECOMP__,rear_left_bot_prop_vert_2,__SOURCECONN__,MOTOR_CONNECTOR_CS_IN,__DESTCOMP__,rear_left_bot_motor_vert_2,__DESTCONN__,Prop_Connector,,,,,,
addConn,__SOURCEDESIGN__,TestRake,__SOURCECOMP__,front_left_wing,__SOURCECONN__,Connector_1,__DESTCOMP__,front_ctr_naca_mount,__DESTCONN__,End_Connector_2,,,,,,
addConn,__SOURCEDESIGN__,TestRake,__SOURCECOMP__,rear_right_top_motor_vert_1,__SOURCECONN__,MotorPower,__DESTCOMP__,vert_system_battery_controller_800V,__DESTCONN__,MotorPower,,,,,,
addConn,__SOURCEDESIGN__,TestRake,__SOURCECOMP__,front_left_cyl_mount,__SOURCECONN__,TOP_CONNECTOR,__DESTCOMP__,front_left_top_motor_vert,__DESTCONN__,Base_Connector,,,,,,
addConn,__SOURCEDESIGN__,TestRake,__SOURCECOMP__,rear_left_cyl_mount,__SOURCECONN__,FRONT_CONNECTOR,__DESTCOMP__,rear_left_flip_adapter,__DESTCONN__,REAR_CONNECTOR,,,,,,
addConn,__SOURCEDESIGN__,TestRake,__SOURCECOMP__,front_right_bot_motor_vert,__SOURCECONN__,Prop_Connector,__DESTCOMP__,front_right_bot_prop_vert,__DESTCONN__,MOTOR_CONNECTOR_CS_IN,,,,,,
addConn,__SOURCEDESIGN__,TestRake,__SOURCECOMP__,front_right_bot_motor_vert,__SOURCECONN__,MotorPower,__DESTCOMP__,vert_system_battery_controller_800V,__DESTCONN__,MotorPower,,,,,,
addConn,__SOURCEDESIGN__,TestRake,__SOURCECOMP__,rear_right_cyl_mount,__SOURCECONN__,LEFT_CONNECTOR,__DESTCOMP__,rear_right_wing,__DESTCONN__,Connector_1,,,,,,
addConn,__SOURCEDESIGN__,TestRake,__SOURCECOMP__,center_fwd_struct_cyl,__SOURCECONN__,BOTTOM_CONNECTOR,__DESTCOMP__,ctr_bot_motor_vert,__DESTCONN__,Base_Connector,,,,,,
addConn,__SOURCEDESIGN__,TestRake,__SOURCECOMP__,front_ctr_naca_mount,__SOURCECONN__,End_Connector_1,__DESTCOMP__,front_right_wing,__DESTCONN__,Connector_2,,,,,,
addConn,__SOURCEDESIGN__,TestRake,__SOURCECOMP__,rear_right_motor_cyl_mount,__SOURCECONN__,TOP_CONNECTOR,__DESTCOMP__,rear_right_top_motor_vert_1,__DESTCONN__,Base_Connector,,,,,,
addConn,__SOURCEDESIGN__,TestRake,__SOURCECOMP__,rear_left_top_motor_vert_2,__SOURCECONN__,Base_Connector,__DESTCOMP__,rear_left_cyl_mount,__DESTCONN__,TOP_CONNECTOR,,,,,,
addConn,__SOURCEDESIGN__,TestRake,__SOURCECOMP__,rear_right_cyl_mount,__SOURCECONN__,BOTTOM_CONNECTOR,__DESTCOMP__,rear_right_bot_motor_vert_2,__DESTCONN__,Base_Connector,,,,,,
addConn,__SOURCEDESIGN__,TestRake,__SOURCECOMP__,front_left_flip_adapter,__SOURCECONN__,FRONT_CONNECTOR,__DESTCOMP__,front_left_motor_fwd,__DESTCONN__,Base_Connector,,,,,,
addConn,__SOURCEDESIGN__,TestRake,__SOURCECOMP__,rear_left_wing_battery,__SOURCECONN__,Battery_Connector_1_out,__DESTCOMP__,rear_left_wing,__DESTCONN__,Battery_Connector_1,,,,,,
addConn,__SOURCEDESIGN__,TestRake,__SOURCECOMP__,front_right_top_motor_vert,__SOURCECONN__,MotorPower,__DESTCOMP__,vert_system_battery_controller_800V,__DESTCONN__,MotorPower,,,,,,
addConn,__SOURCEDESIGN__,TestRake,__SOURCECOMP__,rear_right_bot_motor_vert_2,__SOURCECONN__,MotorPower,__DESTCOMP__,vert_system_battery_controller_800V,__DESTCONN__,MotorPower,,,,,,
addConn,__SOURCEDESIGN__,TestRake,__SOURCECOMP__,ctr_top_motor_vert,__SOURCECONN__,MotorPower,__DESTCOMP__,vert_system_battery_controller_800V,__DESTCONN__,MotorPower,,,,,,
addConn,__SOURCEDESIGN__,TestRake,__SOURCECOMP__,front_right_top_motor_vert,__SOURCECONN__,Prop_Connector,__DESTCOMP__,front_right_top__prop_vert,__DESTCONN__,MOTOR_CONNECTOR_CS_IN,,,,,,
addConn,__SOURCEDESIGN__,TestRake,__SOURCECOMP__,rear_right_bot_prop_vert_2,__SOURCECONN__,MOTOR_CONNECTOR_CS_IN,__DESTCOMP__,rear_right_bot_motor_vert_2,__DESTCONN__,Prop_Connector,,,,,,
addConn,__SOURCEDESIGN__,TestRake,__SOURCECOMP__,rear_left_bot_motor_vert_2,__SOURCECONN__,MotorPower,__DESTCOMP__,vert_system_battery_controller_800V,__DESTCONN__,MotorPower,,,,,,
addConn,__SOURCEDESIGN__,TestRake,__SOURCECOMP__,rear_left_top_motor_vert_2,__SOURCECONN__,MotorPower,__DESTCOMP__,vert_system_battery_controller_800V,__DESTCONN__,MotorPower,,,,,,
addNewPropx,__SOURCEDESIGN__,TestRake,__PROPNAME__,UpFacingCCW_PropType,__PROPVAL__,-1.0,,,,,,,,,,
addPropConnl,__SOURCEDESIGN__,TestRake,__DESTCOMP__,front_left_top_prop_vert,__DESTPI__,Prop_type,__SOURCEPROP__,UpFacingCCW_PropType,,,,,,,,
addNewPropx,__SOURCEDESIGN__,TestRake,__PROPNAME__,UpFacingCCW_Spin,__PROPVAL__,-1.0,,,,,,,,,,
addPropConnl,__SOURCEDESIGN__,TestRake,__DESTCOMP__,front_left_top_prop_vert,__DESTPI__,Direction,__SOURCEPROP__,UpFacingCCW_Spin,,,,,,,,
addNewPropx,__SOURCEDESIGN__,TestRake,__PROPNAME__,Param_12,__PROPVAL__,12.0,,,,,,,,,,
addPropConnl,__SOURCEDESIGN__,TestRake,__DESTCOMP__,rear_right_wing_battery,__DESTPI__,THICKNESS,__SOURCEPROP__,Param_12,,,,,,,,
addNewPropx,__SOURCEDESIGN__,TestRake,__PROPNAME__,Param_14,__PROPVAL__,8500.0,,,,,,,,,,
addPropConnl,__SOURCEDESIGN__,TestRake,__DESTCOMP__,rear_right_wing_battery,__DESTPI__,SPAN,__SOURCEPROP__,Param_14,,,,,,,,
addNewPropx,__SOURCEDESIGN__,TestRake,__PROPNAME__,Param_11,__PROPVAL__,3000.0,,,,,,,,,,
addPropConnl,__SOURCEDESIGN__,TestRake,__DESTCOMP__,rear_right_wing_battery,__DESTPI__,CHORD_1,__SOURCEPROP__,Param_11,,,,,,,,
addPropConnl,__SOURCEDESIGN__,TestRake,__DESTCOMP__,rear_right_wing_battery,__DESTPI__,CHORD_2,__SOURCEPROP__,Param_11,,,,,,,,
addNewPropx,__SOURCEDESIGN__,TestRake,__PROPNAME__,Rear_Mount_Side,__PROPVAL__,2.0,,,,,,,,,,
addPropConnl,__SOURCEDESIGN__,TestRake,__DESTCOMP__,rear_right_wing_battery,__DESTPI__,MOUNT_SIDE,__SOURCEPROP__,Rear_Mount_Side,,,,,,,,
addNewPropx,__SOURCEDESIGN__,TestRake,__PROPNAME__,Voltage1,__PROPVAL__,350.0,,,,,,,,,,
addPropConnl,__SOURCEDESIGN__,TestRake,__DESTCOMP__,rear_right_wing_battery,__DESTPI__,VOLTAGE_REQUEST,__SOURCEPROP__,Voltage1,,,,,,,,
addNewPropx,__SOURCEDESIGN__,TestRake,__PROPNAME__,Param_18,__PROPVAL__,6.0,,,,,,,,,,
addPropConnl,__SOURCEDESIGN__,TestRake,__DESTCOMP__,rear_right_wing_battery,__DESTPI__,VOLUME_PERCENT,__SOURCEPROP__,Param_18,,,,,,,,
addNewPropx,__SOURCEDESIGN__,TestRake,__PROPNAME__,DownCWFacing_Spin,__PROPVAL__,1.0,,,,,,,,,,
addPropConnl,__SOURCEDESIGN__,TestRake,__DESTCOMP__,rear_left_bot_prop_vert_1,__DESTPI__,Direction,__SOURCEPROP__,DownCWFacing_Spin,,,,,,,,
addNewPropx,__SOURCEDESIGN__,TestRake,__PROPNAME__,DownFacingCW_PropType,__PROPVAL__,-1.0,,,,,,,,,,
addPropConnl,__SOURCEDESIGN__,TestRake,__DESTCOMP__,rear_left_bot_prop_vert_1,__DESTPI__,Prop_type,__SOURCEPROP__,DownFacingCW_PropType,,,,,,,,
addNewPropx,__SOURCEDESIGN__,TestRake,__PROPNAME__,UpFacingCW_Spin,__PROPVAL__,1.0,,,,,,,,,,
addPropConnl,__SOURCEDESIGN__,TestRake,__DESTCOMP__,ctr_top_prop_vert,__DESTPI__,Direction,__SOURCEPROP__,UpFacingCW_Spin,,,,,,,,
addNewPropx,__SOURCEDESIGN__,TestRake,__PROPNAME__,UpFacingCW_PropType,__PROPVAL__,1.0,,,,,,,,,,
addPropConnl,__SOURCEDESIGN__,TestRake,__DESTCOMP__,ctr_top_prop_vert,__DESTPI__,Prop_type,__SOURCEPROP__,UpFacingCW_PropType,,,,,,,,
addPropConnl,__SOURCEDESIGN__,TestRake,__DESTCOMP__,rear_ctr_naca_mount,__DESTPI__,THICKNESS,__SOURCEPROP__,Param_12,,,,,,,,
addNewPropx,__SOURCEDESIGN__,TestRake,__PROPNAME__,Param_4,__PROPVAL__,100.0,,,,,,,,,,
addPropConnl,__SOURCEDESIGN__,TestRake,__DESTCOMP__,rear_ctr_naca_mount,__DESTPI__,PORT_THICKNESS,__SOURCEPROP__,Param_4,,,,,,,,
addPropConnl,__SOURCEDESIGN__,TestRake,__DESTCOMP__,rear_ctr_naca_mount,__DESTPI__,CHORD,__SOURCEPROP__,Param_11,,,,,,,,
addNewPropx,__SOURCEDESIGN__,TestRake,__PROPNAME__,DownFacingCCW_PropType,__PROPVAL__,1.0,,,,,,,,,,
addPropConnl,__SOURCEDESIGN__,TestRake,__DESTCOMP__,front_right_bot_prop_vert,__DESTPI__,Prop_type,__SOURCEPROP__,DownFacingCCW_PropType,,,,,,,,
addNewPropx,__SOURCEDESIGN__,TestRake,__PROPNAME__,DownFacingCCW_Spin,__PROPVAL__,-1.0,,,,,,,,,,
addPropConnl,__SOURCEDESIGN__,TestRake,__DESTCOMP__,front_right_bot_prop_vert,__DESTPI__,Direction,__SOURCEPROP__,DownFacingCCW_Spin,,,,,,,,
addNewPropx,__SOURCEDESIGN__,TestRake,__PROPNAME__,Param_19,__PROPVAL__,-350.0,,,,,,,,,,
addPropConnl,__SOURCEDESIGN__,TestRake,__DESTCOMP__,front_left_cyl_mount,__DESTPI__,TOP_CONN_DISP,__SOURCEPROP__,Param_19,,,,,,,,
addPropConnl,__SOURCEDESIGN__,TestRake,__DESTCOMP__,front_left_cyl_mount,__DESTPI__,BOTTOM_CONN_DISP,__SOURCEPROP__,Param_19,,,,,,,,
addNewPropx,__SOURCEDESIGN__,TestRake,__PROPNAME__,Param_16,__PROPVAL__,150.0,,,,,,,,,,
addPropConnl,__SOURCEDESIGN__,TestRake,__DESTCOMP__,front_left_cyl_mount,__DESTPI__,PORT_THICKNESS,__SOURCEPROP__,Param_16,,,,,,,,
addNewPropx,__SOURCEDESIGN__,TestRake,__PROPNAME__,Param_7,__PROPVAL__,300.0,,,,,,,,,,
addPropConnl,__SOURCEDESIGN__,TestRake,__DESTCOMP__,front_left_cyl_mount,__DESTPI__,DIAMETER,__SOURCEPROP__,Param_7,,,,,,,,
addNewPropx,__SOURCEDESIGN__,TestRake,__PROPNAME__,Param_15,__PROPVAL__,1000.0,,,,,,,,,,
addPropConnl,__SOURCEDESIGN__,TestRake,__DESTCOMP__,front_left_cyl_mount,__DESTPI__,LENGTH,__SOURCEPROP__,Param_15,,,,,,,,
addNewPropx,__SOURCEDESIGN__,TestRake,__PROPNAME__,Param_23,__PROPVAL__,-250.0,,,,,,,,,,
addPropConnl,__SOURCEDESIGN__,TestRake,__DESTCOMP__,rear_left_motor_cyl_mount,__DESTPI__,TOP_CONN_DISP,__SOURCEPROP__,Param_23,,,,,,,,
addPropConnl,__SOURCEDESIGN__,TestRake,__DESTCOMP__,rear_left_motor_cyl_mount,__DESTPI__,BOTTOM_CONN_DISP,__SOURCEPROP__,Param_23,,,,,,,,
addNewPropx,__SOURCEDESIGN__,TestRake,__PROPNAME__,Param_22,__PROPVAL__,1000.0,,,,,,,,,,
addPropConnl,__SOURCEDESIGN__,TestRake,__DESTCOMP__,rear_left_motor_cyl_mount,__DESTPI__,LENGTH,__SOURCEPROP__,Param_22,,,,,,,,
addPropConnl,__SOURCEDESIGN__,TestRake,__DESTCOMP__,rear_left_motor_cyl_mount,__DESTPI__,DIAMETER,__SOURCEPROP__,Param_7,,,,,,,,
addPropConnl,__SOURCEDESIGN__,TestRake,__DESTCOMP__,rear_left_bot_prop_vert_2,__DESTPI__,Direction,__SOURCEPROP__,DownCWFacing_Spin,,,,,,,,
addPropConnl,__SOURCEDESIGN__,TestRake,__DESTCOMP__,rear_left_bot_prop_vert_2,__DESTPI__,Prop_type,__SOURCEPROP__,DownFacingCW_PropType,,,,,,,,
addPropConnl,__SOURCEDESIGN__,TestRake,__DESTCOMP__,rear_left_wing_battery,__DESTPI__,THICKNESS,__SOURCEPROP__,Param_12,,,,,,,,
addPropConnl,__SOURCEDESIGN__,TestRake,__DESTCOMP__,rear_left_wing_battery,__DESTPI__,SPAN,__SOURCEPROP__,Param_14,,,,,,,,
addPropConnl,__SOURCEDESIGN__,TestRake,__DESTCOMP__,rear_left_wing_battery,__DESTPI__,CHORD_1,__SOURCEPROP__,Param_11,,,,,,,,
addPropConnl,__SOURCEDESIGN__,TestRake,__DESTCOMP__,rear_left_wing_battery,__DESTPI__,CHORD_2,__SOURCEPROP__,Param_11,,,,,,,,
addPropConnl,__SOURCEDESIGN__,TestRake,__DESTCOMP__,rear_left_wing_battery,__DESTPI__,VOLTAGE_REQUEST,__SOURCEPROP__,Voltage1,,,,,,,,
addPropConnl,__SOURCEDESIGN__,TestRake,__DESTCOMP__,rear_left_wing_battery,__DESTPI__,VOLUME_PERCENT,__SOURCEPROP__,Param_18,,,,,,,,
addNewPropx,__SOURCEDESIGN__,TestRake,__PROPNAME__,FwdFacingCW_Spin,__PROPVAL__,1.0,,,,,,,,,,
addPropConnl,__SOURCEDESIGN__,TestRake,__DESTCOMP__,front_right_prop_fwd,__DESTPI__,Direction,__SOURCEPROP__,FwdFacingCW_Spin,,,,,,,,
addNewPropx,__SOURCEDESIGN__,TestRake,__PROPNAME__,FwdFacingCW_PropType,__PROPVAL__,1.0,,,,,,,,,,
addPropConnl,__SOURCEDESIGN__,TestRake,__DESTCOMP__,front_right_prop_fwd,__DESTPI__,Prop_type,__SOURCEPROP__,FwdFacingCW_PropType,,,,,,,,
addNewPropx,__SOURCEDESIGN__,TestRake,__PROPNAME__,Param_5,__PROPVAL__,2000.0,,,,,,,,,,
addPropConnl,__SOURCEDESIGN__,TestRake,__DESTCOMP__,fuselage,__DESTPI__,LENGTH,__SOURCEPROP__,Param_5,,,,,,,,
addPropConnl,__SOURCEDESIGN__,TestRake,__DESTCOMP__,fuselage,__DESTPI__,PORT_THICKNESS,__SOURCEPROP__,Param_4,,,,,,,,
addNewPropx,__SOURCEDESIGN__,TestRake,__PROPNAME__,Param_21,__PROPVAL__,-210.0,,,,,,,,,,
addPropConnl,__SOURCEDESIGN__,TestRake,__DESTCOMP__,fuselage,__DESTPI__,SEAT_2_LR,__SOURCEPROP__,Param_21,,,,,,,,
addNewPropx,__SOURCEDESIGN__,TestRake,__PROPNAME__,Param_20,__PROPVAL__,210.0,,,,,,,,,,
addPropConnl,__SOURCEDESIGN__,TestRake,__DESTCOMP__,fuselage,__DESTPI__,SEAT_1_LR,__SOURCEPROP__,Param_20,,,,,,,,
addNewPropx,__SOURCEDESIGN__,TestRake,__PROPNAME__,Param_26,__PROPVAL__,790.0,,,,,,,,,,
addPropConnl,__SOURCEDESIGN__,TestRake,__DESTCOMP__,fuselage,__DESTPI__,SEAT_1_FB,__SOURCEPROP__,Param_26,,,,,,,,
addPropConnl,__SOURCEDESIGN__,TestRake,__DESTCOMP__,fuselage,__DESTPI__,SEAT_2_FB,__SOURCEPROP__,Param_26,,,,,,,,
addNewPropx,__SOURCEDESIGN__,TestRake,__PROPNAME__,Param_6,__PROPVAL__,1520.0,,,,,,,,,,
addPropConnl,__SOURCEDESIGN__,TestRake,__DESTCOMP__,fuselage,__DESTPI__,SPHERE_DIAMETER,__SOURCEPROP__,Param_6,,,,,,,,
addNewPropx,__SOURCEDESIGN__,TestRake,__PROPNAME__,Param_9,__PROPVAL__,150.0,,,,,,,,,,
addPropConnl,__SOURCEDESIGN__,TestRake,__DESTCOMP__,fuselage,__DESTPI__,FLOOR_HEIGHT,__SOURCEPROP__,Param_9,,,,,,,,
addNewPropx,__SOURCEDESIGN__,TestRake,__PROPNAME__,Param_8,__PROPVAL__,275.0,,,,,,,,,,
addPropConnl,__SOURCEDESIGN__,TestRake,__DESTCOMP__,fuselage,__DESTPI__,MIDDLE_LENGTH,__SOURCEPROP__,Param_8,,,,,,,,
addPropConnl,__SOURCEDESIGN__,TestRake,__DESTCOMP__,fuselage,__DESTPI__,TAIL_DIAMETER,__SOURCEPROP__,Param_7,,,,,,,,
addNewPropx,__SOURCEDESIGN__,TestRake,__PROPNAME__,Param_24,__PROPVAL__,-220.0,,,,,,,,,,
addPropConnl,__SOURCEDESIGN__,TestRake,__DESTCOMP__,rear_left_cyl_mount,__DESTPI__,BOTTOM_CONN_DISP,__SOURCEPROP__,Param_24,,,,,,,,
addPropConnl,__SOURCEDESIGN__,TestRake,__DESTCOMP__,rear_left_cyl_mount,__DESTPI__,TOP_CONN_DISP,__SOURCEPROP__,Param_24,,,,,,,,
addNewPropx,__SOURCEDESIGN__,TestRake,__PROPNAME__,Param_25,__PROPVAL__,500.0,,,,,,,,,,
addPropConnl,__SOURCEDESIGN__,TestRake,__DESTCOMP__,rear_left_cyl_mount,__DESTPI__,RIGHT_CONN_DISP,__SOURCEPROP__,Param_25,,,,,,,,
addNewPropx,__SOURCEDESIGN__,TestRake,__PROPNAME__,Param_17,__PROPVAL__,2200.0,,,,,,,,,,
addPropConnl,__SOURCEDESIGN__,TestRake,__DESTCOMP__,rear_left_cyl_mount,__DESTPI__,LENGTH,__SOURCEPROP__,Param_17,,,,,,,,
addPropConnl,__SOURCEDESIGN__,TestRake,__DESTCOMP__,rear_left_cyl_mount,__DESTPI__,DIAMETER,__SOURCEPROP__,Param_7,,,,,,,,
addPropConnl,__SOURCEDESIGN__,TestRake,__DESTCOMP__,rear_left_top_prop_vert_2,__DESTPI__,Prop_type,__SOURCEPROP__,UpFacingCCW_PropType,,,,,,,,
addPropConnl,__SOURCEDESIGN__,TestRake,__DESTCOMP__,rear_left_top_prop_vert_2,__DESTPI__,Direction,__SOURCEPROP__,UpFacingCCW_Spin,,,,,,,,
addPropConnl,__SOURCEDESIGN__,TestRake,__DESTCOMP__,rear_right_bot_prop_vert_1,__DESTPI__,Prop_type,__SOURCEPROP__,DownFacingCCW_PropType,,,,,,,,
addPropConnl,__SOURCEDESIGN__,TestRake,__DESTCOMP__,rear_right_bot_prop_vert_1,__DESTPI__,Direction,__SOURCEPROP__,DownFacingCCW_Spin,,,,,,,,
addPropConnl,__SOURCEDESIGN__,TestRake,__DESTCOMP__,rear_right_flip_adapter,__DESTPI__,DIAMETER,__SOURCEPROP__,Param_7,,,,,,,,
addNewPropx,__SOURCEDESIGN__,TestRake,__PROPNAME__,Param_1,__PROPVAL__,1000.0,,,,,,,,,,
addPropConnl,__SOURCEDESIGN__,TestRake,__DESTCOMP__,front_right_wing,__DESTPI__,CHORD_2,__SOURCEPROP__,Param_1,,,,,,,,
addPropConnl,__SOURCEDESIGN__,TestRake,__DESTCOMP__,front_right_wing,__DESTPI__,CHORD_1,__SOURCEPROP__,Param_1,,,,,,,,
addNewPropx,__SOURCEDESIGN__,TestRake,__PROPNAME__,NACA,__PROPVAL__,4512.0,,,,,,,,,,
addPropConnl,__SOURCEDESIGN__,TestRake,__DESTCOMP__,front_right_wing,__DESTPI__,NACA_Profile,__SOURCEPROP__,NACA,,,,,,,,
addNewPropx,__SOURCEDESIGN__,TestRake,__PROPNAME__,Param_2,__PROPVAL__,12.0,,,,,,,,,,
addPropConnl,__SOURCEDESIGN__,TestRake,__DESTCOMP__,front_right_wing,__DESTPI__,THICKNESS,__SOURCEPROP__,Param_2,,,,,,,,
addNewPropx,__SOURCEDESIGN__,TestRake,__PROPNAME__,Param_0,__PROPVAL__,3000.0,,,,,,,,,,
addPropConnl,__SOURCEDESIGN__,TestRake,__DESTCOMP__,front_right_wing,__DESTPI__,SPAN,__SOURCEPROP__,Param_0,,,,,,,,
addNewPropx,__SOURCEDESIGN__,TestRake,__PROPNAME__,Param_3,__PROPVAL__,1000.0,,,,,,,,,,
addPropConnl,__SOURCEDESIGN__,TestRake,__DESTCOMP__,front_right_wing,__DESTPI__,LOAD,__SOURCEPROP__,Param_3,,,,,,,,
addPropConnl,__SOURCEDESIGN__,TestRake,__DESTCOMP__,rear_right_top_prop_vert_2,__DESTPI__,Direction,__SOURCEPROP__,UpFacingCW_Spin,,,,,,,,
addPropConnl,__SOURCEDESIGN__,TestRake,__DESTCOMP__,rear_right_top_prop_vert_2,__DESTPI__,Prop_type,__SOURCEPROP__,UpFacingCW_PropType,,,,,,,,
addPropConnl,__SOURCEDESIGN__,TestRake,__DESTCOMP__,ctr_bot_prop_vert,__DESTPI__,Prop_type,__SOURCEPROP__,DownFacingCCW_PropType,,,,,,,,
addPropConnl,__SOURCEDESIGN__,TestRake,__DESTCOMP__,ctr_bot_prop_vert,__DESTPI__,Direction,__SOURCEPROP__,DownFacingCCW_Spin,,,,,,,,
addPropConnl,__SOURCEDESIGN__,TestRake,__DESTCOMP__,rear_left_flip_adapter,__DESTPI__,DIAMETER,__SOURCEPROP__,Param_7,,,,,,,,
addPropConnl,__SOURCEDESIGN__,TestRake,__DESTCOMP__,front_ctr_naca_mount,__DESTPI__,PORT_THICKNESS,__SOURCEPROP__,Param_4,,,,,,,,
addPropConnl,__SOURCEDESIGN__,TestRake,__DESTCOMP__,front_ctr_naca_mount,__DESTPI__,CHORD,__SOURCEPROP__,Param_1,,,,,,,,
addPropConnl,__SOURCEDESIGN__,TestRake,__DESTCOMP__,front_ctr_naca_mount,__DESTPI__,THICKNESS,__SOURCEPROP__,Param_2,,,,,,,,
addPropConnl,__SOURCEDESIGN__,TestRake,__DESTCOMP__,rear_left_top_prop_vert_1,__DESTPI__,Prop_type,__SOURCEPROP__,UpFacingCCW_PropType,,,,,,,,
addPropConnl,__SOURCEDESIGN__,TestRake,__DESTCOMP__,rear_left_top_prop_vert_1,__DESTPI__,Direction,__SOURCEPROP__,UpFacingCCW_Spin,,,,,,,,
addPropConnl,__SOURCEDESIGN__,TestRake,__DESTCOMP__,front_left_flip_adapter,__DESTPI__,DIAMETER,__SOURCEPROP__,Param_7,,,,,,,,
addPropConnl,__SOURCEDESIGN__,TestRake,__DESTCOMP__,front_ctr_top_prop_vert,__DESTPI__,Prop_type,__SOURCEPROP__,UpFacingCCW_PropType,,,,,,,,
addPropConnl,__SOURCEDESIGN__,TestRake,__DESTCOMP__,front_ctr_top_prop_vert,__DESTPI__,Direction,__SOURCEPROP__,UpFacingCCW_Spin,,,,,,,,
addPropConnl,__SOURCEDESIGN__,TestRake,__DESTCOMP__,front_right_top__prop_vert,__DESTPI__,Direction,__SOURCEPROP__,UpFacingCW_Spin,,,,,,,,
addPropConnl,__SOURCEDESIGN__,TestRake,__DESTCOMP__,front_right_top__prop_vert,__DESTPI__,Prop_type,__SOURCEPROP__,UpFacingCW_PropType,,,,,,,,
addPropConnl,__SOURCEDESIGN__,TestRake,__DESTCOMP__,rear_right_motor_cyl_mount,__DESTPI__,BOTTOM_CONN_DISP,__SOURCEPROP__,Param_23,,,,,,,,
addPropConnl,__SOURCEDESIGN__,TestRake,__DESTCOMP__,rear_right_motor_cyl_mount,__DESTPI__,TOP_CONN_DISP,__SOURCEPROP__,Param_23,,,,,,,,
addPropConnl,__SOURCEDESIGN__,TestRake,__DESTCOMP__,rear_right_motor_cyl_mount,__DESTPI__,LENGTH,__SOURCEPROP__,Param_22,,,,,,,,
addPropConnl,__SOURCEDESIGN__,TestRake,__DESTCOMP__,rear_right_motor_cyl_mount,__DESTPI__,DIAMETER,__SOURCEPROP__,Param_7,,,,,,,,
addPropConnl,__SOURCEDESIGN__,TestRake,__DESTCOMP__,front_left_bot_prop_vert,__DESTPI__,Direction,__SOURCEPROP__,DownCWFacing_Spin,,,,,,,,
addPropConnl,__SOURCEDESIGN__,TestRake,__DESTCOMP__,front_left_bot_prop_vert,__DESTPI__,Prop_type,__SOURCEPROP__,DownFacingCW_PropType,,,,,,,,
addNewPropx,__SOURCEDESIGN__,TestRake,__PROPNAME__,FwdFacingCCW_Spin,__PROPVAL__,-1.0,,,,,,,,,,
addPropConnl,__SOURCEDESIGN__,TestRake,__DESTCOMP__,front_left_prop_fwd,__DESTPI__,Direction,__SOURCEPROP__,FwdFacingCCW_Spin,,,,,,,,
addNewPropx,__SOURCEDESIGN__,TestRake,__PROPNAME__,FwdFacingCCW_PropType,__PROPVAL__,-1.0,,,,,,,,,,
addPropConnl,__SOURCEDESIGN__,TestRake,__DESTCOMP__,front_left_prop_fwd,__DESTPI__,Prop_type,__SOURCEPROP__,FwdFacingCCW_PropType,,,,,,,,
addPropConnl,__SOURCEDESIGN__,TestRake,__DESTCOMP__,rear_left_wing,__DESTPI__,THICKNESS,__SOURCEPROP__,Param_12,,,,,,,,
addNewPropx,__SOURCEDESIGN__,TestRake,__PROPNAME__,Param_13,__PROPVAL__,7000.0,,,,,,,,,,
addPropConnl,__SOURCEDESIGN__,TestRake,__DESTCOMP__,rear_left_wing,__DESTPI__,LOAD,__SOURCEPROP__,Param_13,,,,,,,,
addPropConnl,__SOURCEDESIGN__,TestRake,__DESTCOMP__,rear_left_wing,__DESTPI__,SPAN,__SOURCEPROP__,Param_14,,,,,,,,
addPropConnl,__SOURCEDESIGN__,TestRake,__DESTCOMP__,rear_left_wing,__DESTPI__,CHORD_1,__SOURCEPROP__,Param_11,,,,,,,,
addPropConnl,__SOURCEDESIGN__,TestRake,__DESTCOMP__,rear_left_wing,__DESTPI__,CHORD_2,__SOURCEPROP__,Param_11,,,,,,,,
addPropConnl,__SOURCEDESIGN__,TestRake,__DESTCOMP__,rear_left_wing,__DESTPI__,NACA_Profile,__SOURCEPROP__,NACA,,,,,,,,
addPropConnl,__SOURCEDESIGN__,TestRake,__DESTCOMP__,front_right_cyl_mount,__DESTPI__,TOP_CONN_DISP,__SOURCEPROP__,Param_19,,,,,,,,
addPropConnl,__SOURCEDESIGN__,TestRake,__DESTCOMP__,front_right_cyl_mount,__DESTPI__,BOTTOM_CONN_DISP,__SOURCEPROP__,Param_19,,,,,,,,
addPropConnl,__SOURCEDESIGN__,TestRake,__DESTCOMP__,front_right_cyl_mount,__DESTPI__,PORT_THICKNESS,__SOURCEPROP__,Param_16,,,,,,,,
addPropConnl,__SOURCEDESIGN__,TestRake,__DESTCOMP__,front_right_cyl_mount,__DESTPI__,DIAMETER,__SOURCEPROP__,Param_7,,,,,,,,
addPropConnl,__SOURCEDESIGN__,TestRake,__DESTCOMP__,front_right_cyl_mount,__DESTPI__,LENGTH,__SOURCEPROP__,Param_15,,,,,,,,
addPropConnl,__SOURCEDESIGN__,TestRake,__DESTCOMP__,rear_right_wing,__DESTPI__,THICKNESS,__SOURCEPROP__,Param_12,,,,,,,,
addPropConnl,__SOURCEDESIGN__,TestRake,__DESTCOMP__,rear_right_wing,__DESTPI__,LOAD,__SOURCEPROP__,Param_13,,,,,,,,
addPropConnl,__SOURCEDESIGN__,TestRake,__DESTCOMP__,rear_right_wing,__DESTPI__,SPAN,__SOURCEPROP__,Param_14,,,,,,,,
addPropConnl,__SOURCEDESIGN__,TestRake,__DESTCOMP__,rear_right_wing,__DESTPI__,CHORD_1,__SOURCEPROP__,Param_11,,,,,,,,
addPropConnl,__SOURCEDESIGN__,TestRake,__DESTCOMP__,rear_right_wing,__DESTPI__,CHORD_2,__SOURCEPROP__,Param_11,,,,,,,,
addPropConnl,__SOURCEDESIGN__,TestRake,__DESTCOMP__,rear_right_wing,__DESTPI__,NACA_Profile,__SOURCEPROP__,NACA,,,,,,,,
addPropConnl,__SOURCEDESIGN__,TestRake,__DESTCOMP__,front_right_flip_adapter,__DESTPI__,DIAMETER,__SOURCEPROP__,Param_7,,,,,,,,
addPropConnl,__SOURCEDESIGN__,TestRake,__DESTCOMP__,rear_right_top_prop_vert_1,__DESTPI__,Direction,__SOURCEPROP__,UpFacingCW_Spin,,,,,,,,
addPropConnl,__SOURCEDESIGN__,TestRake,__DESTCOMP__,rear_right_top_prop_vert_1,__DESTPI__,Prop_type,__SOURCEPROP__,UpFacingCW_PropType,,,,,,,,
addPropConnl,__SOURCEDESIGN__,TestRake,__DESTCOMP__,center_rear_struct_cyl,__DESTPI__,LENGTH,__SOURCEPROP__,Param_11,,,,,,,,
addPropConnl,__SOURCEDESIGN__,TestRake,__DESTCOMP__,center_rear_struct_cyl,__DESTPI__,DIAMETER,__SOURCEPROP__,Param_7,,,,,,,,
addNewPropx,__SOURCEDESIGN__,TestRake,__PROPNAME__,Param_27,__PROPVAL__,-1000.0,,,,,,,,,,
addPropConnl,__SOURCEDESIGN__,TestRake,__DESTCOMP__,center_rear_struct_cyl,__DESTPI__,BOTTOM_CONN_DISP,__SOURCEPROP__,Param_27,,,,,,,,
addPropConnl,__SOURCEDESIGN__,TestRake,__DESTCOMP__,rear_right_cyl_mount,__DESTPI__,TOP_CONN_DISP,__SOURCEPROP__,Param_24,,,,,,,,
addPropConnl,__SOURCEDESIGN__,TestRake,__DESTCOMP__,rear_right_cyl_mount,__DESTPI__,BOTTOM_CONN_DISP,__SOURCEPROP__,Param_24,,,,,,,,
addPropConnl,__SOURCEDESIGN__,TestRake,__DESTCOMP__,rear_right_cyl_mount,__DESTPI__,LEFT_CONN_DISP,__SOURCEPROP__,Param_25,,,,,,,,
addPropConnl,__SOURCEDESIGN__,TestRake,__DESTCOMP__,rear_right_cyl_mount,__DESTPI__,LENGTH,__SOURCEPROP__,Param_17,,,,,,,,
addPropConnl,__SOURCEDESIGN__,TestRake,__DESTCOMP__,rear_right_cyl_mount,__DESTPI__,DIAMETER,__SOURCEPROP__,Param_7,,,,,,,,
addPropConnl,__SOURCEDESIGN__,TestRake,__DESTCOMP__,rear_right_bot_prop_vert_2,__DESTPI__,Prop_type,__SOURCEPROP__,DownFacingCCW_PropType,,,,,,,,
addPropConnl,__SOURCEDESIGN__,TestRake,__DESTCOMP__,rear_right_bot_prop_vert_2,__DESTPI__,Direction,__SOURCEPROP__,DownFacingCCW_Spin,,,,,,,,
addPropConnl,__SOURCEDESIGN__,TestRake,__DESTCOMP__,rudder,__DESTPI__,CHORD_1,__SOURCEPROP__,Param_1,,,,,,,,
addPropConnl,__SOURCEDESIGN__,TestRake,__DESTCOMP__,rudder,__DESTPI__,CHORD_2,__SOURCEPROP__,Param_1,,,,,,,,
addPropConnl,__SOURCEDESIGN__,TestRake,__DESTCOMP__,rudder,__DESTPI__,THICKNESS,__SOURCEPROP__,Param_2,,,,,,,,
addPropConnl,__SOURCEDESIGN__,TestRake,__DESTCOMP__,rudder,__DESTPI__,SPAN,__SOURCEPROP__,Param_0,,,,,,,,
addNewPropx,__SOURCEDESIGN__,TestRake,__PROPNAME__,NACA_2,__PROPVAL__,12.0,,,,,,,,,,
addPropConnl,__SOURCEDESIGN__,TestRake,__DESTCOMP__,rudder,__DESTPI__,NACA_Profile,__SOURCEPROP__,NACA_2,,,,,,,,
addPropConnl,__SOURCEDESIGN__,TestRake,__DESTCOMP__,rudder,__DESTPI__,LOAD,__SOURCEPROP__,Param_3,,,,,,,,
addPropConnl,__SOURCEDESIGN__,TestRake,__DESTCOMP__,front_left_wing,__DESTPI__,CHORD_2,__SOURCEPROP__,Param_1,,,,,,,,
addPropConnl,__SOURCEDESIGN__,TestRake,__DESTCOMP__,front_left_wing,__DESTPI__,CHORD_1,__SOURCEPROP__,Param_1,,,,,,,,
addPropConnl,__SOURCEDESIGN__,TestRake,__DESTCOMP__,front_left_wing,__DESTPI__,NACA_Profile,__SOURCEPROP__,NACA,,,,,,,,
addPropConnl,__SOURCEDESIGN__,TestRake,__DESTCOMP__,front_left_wing,__DESTPI__,THICKNESS,__SOURCEPROP__,Param_2,,,,,,,,
addPropConnl,__SOURCEDESIGN__,TestRake,__DESTCOMP__,front_left_wing,__DESTPI__,SPAN,__SOURCEPROP__,Param_0,,,,,,,,
addPropConnl,__SOURCEDESIGN__,TestRake,__DESTCOMP__,front_left_wing,__DESTPI__,LOAD,__SOURCEPROP__,Param_3,,,,,,,,
addPropConnl,__SOURCEDESIGN__,TestRake,__DESTCOMP__,center_fwd_struct_cyl,__DESTPI__,PORT_THICKNESS,__SOURCEPROP__,Param_4,,,,,,,,
addPropConnl,__SOURCEDESIGN__,TestRake,__DESTCOMP__,center_fwd_struct_cyl,__DESTPI__,DIAMETER,__SOURCEPROP__,Param_7,,,,,,,,
addNewPropx,__SOURCEDESIGN__,TestRake,__PROPNAME__,Param_10,__PROPVAL__,2500.0,,,,,,,,,,
addPropConnl,__SOURCEDESIGN__,TestRake,__DESTCOMP__,center_fwd_struct_cyl,__DESTPI__,LENGTH,__SOURCEPROP__,Param_10,,,,,,,,
