[
  {
    "FROM_COMP": "ctr_top_motor_vert",
    "FROM_CONN": "Prop_Connector",
    "TO_COMP": "ctr_top_prop_vert",
    "TO_CONN": "MOTOR_CONNECTOR_CS_IN"
  },
  {
    "FROM_COMP": "ctr_top_motor_vert",
    "FROM_CONN": "MotorPower",
    "TO_COMP": "vert_system_battery_controller_800V",
    "TO_CONN": "MotorPower"
  },
  {
    "FROM_COMP": "ctr_top_motor_vert",
    "FROM_CONN": "Base_Connector",
    "TO_COMP": "center_fwd_struct_cyl",
    "TO_CONN": "TOP_CONNECTOR"
  },
  {
    "FROM_COMP": "rear_left_bot_motor_vert_2",
    "FROM_CONN": "Prop_Connector",
    "TO_COMP": "rear_left_bot_prop_vert_2",
    "TO_CONN": "MOTOR_CONNECTOR_CS_IN"
  },
  {
    "FROM_COMP": "rear_left_bot_motor_vert_2",
    "FROM_CONN": "MotorPower",
    "TO_COMP": "vert_system_battery_controller_800V",
    "TO_CONN": "MotorPower"
  },
  {
    "FROM_COMP": "rear_left_bot_motor_vert_2",
    "FROM_CONN": "Base_Connector",
    "TO_COMP": "rear_left_cyl_mount",
    "TO_CONN": "BOTTOM_CONNECTOR"
  },
  {
    "FROM_COMP": "rear_ctr_naca_mount",
    "FROM_CONN": "End_Connector_2",
    "TO_COMP": "rear_right_wing",
    "TO_CONN": "Connector_2"
  },
  {
    "FROM_COMP": "rear_ctr_naca_mount",
    "FROM_CONN": "End_Connector_1",
    "TO_COMP": "rear_left_wing",
    "TO_CONN": "Connector_1"
  },
  {
    "FROM_COMP": "rear_ctr_naca_mount",
    "FROM_CONN": "Bottom_Connector",
    "TO_COMP": "center_rear_struct_cyl",
    "TO_CONN": "TOP_CONNECTOR"
  },
  {
    "FROM_COMP": "vert_system_battery_controller_800V",
    "FROM_CONN": "BatteryPower",
    "TO_COMP": "rear_right_wing_battery",
    "TO_CONN": "PowerBus"
  },
  {
    "FROM_COMP": "vert_system_battery_controller_800V",
    "FROM_CONN": "BatteryPower",
    "TO_COMP": "rear_left_wing_battery",
    "TO_CONN": "PowerBus"
  },
  {
    "FROM_COMP": "vert_system_battery_controller_800V",
    "FROM_CONN": "MotorPower",
    "TO_COMP": "ctr_top_motor_vert",
    "TO_CONN": "MotorPower"
  },
  {
    "FROM_COMP": "vert_system_battery_controller_800V",
    "FROM_CONN": "MotorPower",
    "TO_COMP": "rear_right_top_motor_vert_2",
    "TO_CONN": "MotorPower"
  },
  {
    "FROM_COMP": "vert_system_battery_controller_800V",
    "FROM_CONN": "MotorPower",
    "TO_COMP": "front_left_motor_fwd",
    "TO_CONN": "MotorPower"
  },
  {
    "FROM_COMP": "vert_system_battery_controller_800V",
    "FROM_CONN": "MotorPower",
    "TO_COMP": "front_left_top_motor_vert",
    "TO_CONN": "MotorPower"
  },
  {
    "FROM_COMP": "vert_system_battery_controller_800V",
    "FROM_CONN": "MotorPower",
    "TO_COMP": "front_left_bot_motor_vert",
    "TO_CONN": "MotorPower"
  },
  {
    "FROM_COMP": "vert_system_battery_controller_800V",
    "FROM_CONN": "MotorPower",
    "TO_COMP": "rear_right_bot_motor_vert_1",
    "TO_CONN": "MotorPower"
  },
  {
    "FROM_COMP": "vert_system_battery_controller_800V",
    "FROM_CONN": "MotorPower",
    "TO_COMP": "front_right_bot_motor_vert",
    "TO_CONN": "MotorPower"
  },
  {
    "FROM_COMP": "vert_system_battery_controller_800V",
    "FROM_CONN": "MotorPower",
    "TO_COMP": "rear_right_top_motor_vert_1",
    "TO_CONN": "MotorPower"
  },
  {
    "FROM_COMP": "vert_system_battery_controller_800V",
    "FROM_CONN": "MotorPower",
    "TO_COMP": "front_ctr_top_motor_vert",
    "TO_CONN": "MotorPower"
  },
  {
    "FROM_COMP": "vert_system_battery_controller_800V",
    "FROM_CONN": "MotorPower",
    "TO_COMP": "rear_left_bot_motor_vert_1",
    "TO_CONN": "MotorPower"
  },
  {
    "FROM_COMP": "vert_system_battery_controller_800V",
    "FROM_CONN": "MotorPower",
    "TO_COMP": "rear_left_bot_motor_vert_2",
    "TO_CONN": "MotorPower"
  },
  {
    "FROM_COMP": "vert_system_battery_controller_800V",
    "FROM_CONN": "MotorPower",
    "TO_COMP": "ctr_bot_motor_vert",
    "TO_CONN": "MotorPower"
  },
  {
    "FROM_COMP": "vert_system_battery_controller_800V",
    "FROM_CONN": "MotorPower",
    "TO_COMP": "front_right_motor_fwd",
    "TO_CONN": "MotorPower"
  },
  {
    "FROM_COMP": "vert_system_battery_controller_800V",
    "FROM_CONN": "MotorPower",
    "TO_COMP": "rear_right_bot_motor_vert_2",
    "TO_CONN": "MotorPower"
  },
  {
    "FROM_COMP": "vert_system_battery_controller_800V",
    "FROM_CONN": "MotorPower",
    "TO_COMP": "rear_left_top_motor_vert_2",
    "TO_CONN": "MotorPower"
  },
  {
    "FROM_COMP": "vert_system_battery_controller_800V",
    "FROM_CONN": "MotorPower",
    "TO_COMP": "front_right_top_motor_vert",
    "TO_CONN": "MotorPower"
  },
  {
    "FROM_COMP": "vert_system_battery_controller_800V",
    "FROM_CONN": "MotorPower",
    "TO_COMP": "rear_left_top_motor_vert_1",
    "TO_CONN": "MotorPower"
  },
  {
    "FROM_COMP": "ctr_bot_motor_vert",
    "FROM_CONN": "Prop_Connector",
    "TO_COMP": "ctr_bot_prop_vert",
    "TO_CONN": "MOTOR_CONNECTOR_CS_IN"
  },
  {
    "FROM_COMP": "ctr_bot_motor_vert",
    "FROM_CONN": "Base_Connector",
    "TO_COMP": "center_fwd_struct_cyl",
    "TO_CONN": "BOTTOM_CONNECTOR"
  },
  {
    "FROM_COMP": "ctr_bot_motor_vert",
    "FROM_CONN": "MotorPower",
    "TO_COMP": "vert_system_battery_controller_800V",
    "TO_CONN": "MotorPower"
  },
  {
    "FROM_COMP": "Passenger1",
    "FROM_CONN": "Connector",
    "TO_COMP": "fuselage",
    "TO_CONN": "SEAT_1_CONNECTOR"
  },
  {
    "FROM_COMP": "front_left_cyl_mount",
    "FROM_CONN": "RIGHT_CONNECTOR",
    "TO_COMP": "front_left_wing",
    "TO_CONN": "Connector_2"
  },
  {
    "FROM_COMP": "front_left_cyl_mount",
    "FROM_CONN": "FRONT_CONNECTOR",
    "TO_COMP": "front_left_flip_adapter",
    "TO_CONN": "REAR_CONNECTOR"
  },
  {
    "FROM_COMP": "front_left_cyl_mount",
    "FROM_CONN": "BOTTOM_CONNECTOR",
    "TO_COMP": "front_left_bot_motor_vert",
    "TO_CONN": "Base_Connector"
  },
  {
    "FROM_COMP": "front_left_cyl_mount",
    "FROM_CONN": "TOP_CONNECTOR",
    "TO_COMP": "front_left_top_motor_vert",
    "TO_CONN": "Base_Connector"
  },
  {
    "FROM_COMP": "front_ctr_top_motor_vert",
    "FROM_CONN": "Base_Connector",
    "TO_COMP": "fuselage",
    "TO_CONN": "TOP_CONNECTOR"
  },
  {
    "FROM_COMP": "front_ctr_top_motor_vert",
    "FROM_CONN": "Prop_Connector",
    "TO_COMP": "front_ctr_top_prop_vert",
    "TO_CONN": "MOTOR_CONNECTOR_CS_IN"
  },
  {
    "FROM_COMP": "front_ctr_top_motor_vert",
    "FROM_CONN": "MotorPower",
    "TO_COMP": "vert_system_battery_controller_800V",
    "TO_CONN": "MotorPower"
  },
  {
    "FROM_COMP": "rear_left_bot_prop_vert_2",
    "FROM_CONN": "MOTOR_CONNECTOR_CS_IN",
    "TO_COMP": "rear_left_bot_motor_vert_2",
    "TO_CONN": "Prop_Connector"
  },
  {
    "FROM_COMP": "rear_right_bot_motor_vert_2",
    "FROM_CONN": "Prop_Connector",
    "TO_COMP": "rear_right_bot_prop_vert_2",
    "TO_CONN": "MOTOR_CONNECTOR_CS_IN"
  },
  {
    "FROM_COMP": "rear_right_bot_motor_vert_2",
    "FROM_CONN": "Base_Connector",
    "TO_COMP": "rear_right_cyl_mount",
    "TO_CONN": "BOTTOM_CONNECTOR"
  },
  {
    "FROM_COMP": "rear_right_bot_motor_vert_2",
    "FROM_CONN": "MotorPower",
    "TO_COMP": "vert_system_battery_controller_800V",
    "TO_CONN": "MotorPower"
  },
  {
    "FROM_COMP": "front_right_top_motor_vert",
    "FROM_CONN": "Prop_Connector",
    "TO_COMP": "front_right_top__prop_vert",
    "TO_CONN": "MOTOR_CONNECTOR_CS_IN"
  },
  {
    "FROM_COMP": "front_right_top_motor_vert",
    "FROM_CONN": "Base_Connector",
    "TO_COMP": "front_right_cyl_mount",
    "TO_CONN": "TOP_CONNECTOR"
  },
  {
    "FROM_COMP": "front_right_top_motor_vert",
    "FROM_CONN": "MotorPower",
    "TO_COMP": "vert_system_battery_controller_800V",
    "TO_CONN": "MotorPower"
  },
  {
    "FROM_COMP": "rear_left_wing_battery",
    "FROM_CONN": "PowerBus",
    "TO_COMP": "vert_system_battery_controller_800V",
    "TO_CONN": "BatteryPower"
  },
  {
    "FROM_COMP": "rear_left_wing_battery",
    "FROM_CONN": "Battery_Connector_1_out",
    "TO_COMP": "rear_left_wing",
    "TO_CONN": "Battery_Connector_1"
  },
  {
    "FROM_COMP": "front_right_prop_fwd",
    "FROM_CONN": "MOTOR_CONNECTOR_CS_IN",
    "TO_COMP": "front_right_motor_fwd",
    "TO_CONN": "Prop_Connector"
  },
  {
    "FROM_COMP": "rear_left_cyl_mount",
    "FROM_CONN": "BOTTOM_CONNECTOR",
    "TO_COMP": "rear_left_bot_motor_vert_2",
    "TO_CONN": "Base_Connector"
  },
  {
    "FROM_COMP": "rear_left_cyl_mount",
    "FROM_CONN": "FRONT_CONNECTOR",
    "TO_COMP": "rear_left_flip_adapter",
    "TO_CONN": "REAR_CONNECTOR"
  },
  {
    "FROM_COMP": "rear_left_cyl_mount",
    "FROM_CONN": "RIGHT_CONNECTOR",
    "TO_COMP": "rear_left_wing",
    "TO_CONN": "Connector_2"
  },
  {
    "FROM_COMP": "rear_left_cyl_mount",
    "FROM_CONN": "TOP_CONNECTOR",
    "TO_COMP": "rear_left_top_motor_vert_2",
    "TO_CONN": "Base_Connector"
  },
  {
    "FROM_COMP": "rear_left_top_prop_vert_2",
    "FROM_CONN": "MOTOR_CONNECTOR_CS_IN",
    "TO_COMP": "rear_left_top_motor_vert_2",
    "TO_CONN": "Prop_Connector"
  },
  {
    "FROM_COMP": "rear_right_bot_prop_vert_1",
    "FROM_CONN": "MOTOR_CONNECTOR_CS_IN",
    "TO_COMP": "rear_right_bot_motor_vert_1",
    "TO_CONN": "Prop_Connector"
  },
  {
    "FROM_COMP": "front_right_wing",
    "FROM_CONN": "Connector_1",
    "TO_COMP": "front_right_cyl_mount",
    "TO_CONN": "LEFT_CONNECTOR"
  },
  {
    "FROM_COMP": "front_right_wing",
    "FROM_CONN": "Connector_2",
    "TO_COMP": "front_ctr_naca_mount",
    "TO_CONN": "End_Connector_1"
  },
  {
    "FROM_COMP": "rear_left_top_motor_vert_1",
    "FROM_CONN": "Prop_Connector",
    "TO_COMP": "rear_left_top_prop_vert_1",
    "TO_CONN": "MOTOR_CONNECTOR_CS_IN"
  },
  {
    "FROM_COMP": "rear_left_top_motor_vert_1",
    "FROM_CONN": "Base_Connector",
    "TO_COMP": "rear_left_motor_cyl_mount",
    "TO_CONN": "TOP_CONNECTOR"
  },
  {
    "FROM_COMP": "rear_left_top_motor_vert_1",
    "FROM_CONN": "MotorPower",
    "TO_COMP": "vert_system_battery_controller_800V",
    "TO_CONN": "MotorPower"
  },
  {
    "FROM_COMP": "Passenger2",
    "FROM_CONN": "Connector",
    "TO_COMP": "fuselage",
    "TO_CONN": "SEAT_2_CONNECTOR"
  },
  {
    "FROM_COMP": "rear_right_flip_adapter",
    "FROM_CONN": "REAR_CONNECTOR",
    "TO_COMP": "rear_right_cyl_mount",
    "TO_CONN": "FRONT_CONNECTOR"
  },
  {
    "FROM_COMP": "rear_right_flip_adapter",
    "FROM_CONN": "FRONT_CONNECTOR",
    "TO_COMP": "rear_right_motor_cyl_mount",
    "TO_CONN": "FRONT_CONNECTOR"
  },
  {
    "FROM_COMP": "front_ctr_top_prop_vert",
    "FROM_CONN": "MOTOR_CONNECTOR_CS_IN",
    "TO_COMP": "front_ctr_top_motor_vert",
    "TO_CONN": "Prop_Connector"
  },
  {
    "FROM_COMP": "rear_left_top_motor_vert_2",
    "FROM_CONN": "Prop_Connector",
    "TO_COMP": "rear_left_top_prop_vert_2",
    "TO_CONN": "MOTOR_CONNECTOR_CS_IN"
  },
  {
    "FROM_COMP": "rear_left_top_motor_vert_2",
    "FROM_CONN": "Base_Connector",
    "TO_COMP": "rear_left_cyl_mount",
    "TO_CONN": "TOP_CONNECTOR"
  },
  {
    "FROM_COMP": "rear_left_top_motor_vert_2",
    "FROM_CONN": "MotorPower",
    "TO_COMP": "vert_system_battery_controller_800V",
    "TO_CONN": "MotorPower"
  },
  {
    "FROM_COMP": "front_left_bot_motor_vert",
    "FROM_CONN": "Prop_Connector",
    "TO_COMP": "front_left_bot_prop_vert",
    "TO_CONN": "MOTOR_CONNECTOR_CS_IN"
  },
  {
    "FROM_COMP": "front_left_bot_motor_vert",
    "FROM_CONN": "Base_Connector",
    "TO_COMP": "front_left_cyl_mount",
    "TO_CONN": "BOTTOM_CONNECTOR"
  },
  {
    "FROM_COMP": "front_left_bot_motor_vert",
    "FROM_CONN": "MotorPower",
    "TO_COMP": "vert_system_battery_controller_800V",
    "TO_CONN": "MotorPower"
  },
  {
    "FROM_COMP": "rear_right_motor_cyl_mount",
    "FROM_CONN": "TOP_CONNECTOR",
    "TO_COMP": "rear_right_top_motor_vert_1",
    "TO_CONN": "Base_Connector"
  },
  {
    "FROM_COMP": "rear_right_motor_cyl_mount",
    "FROM_CONN": "FRONT_CONNECTOR",
    "TO_COMP": "rear_right_flip_adapter",
    "TO_CONN": "FRONT_CONNECTOR"
  },
  {
    "FROM_COMP": "rear_right_motor_cyl_mount",
    "FROM_CONN": "BOTTOM_CONNECTOR",
    "TO_COMP": "rear_right_bot_motor_vert_1",
    "TO_CONN": "Base_Connector"
  },
  {
    "FROM_COMP": "front_left_flip_adapter",
    "FROM_CONN": "FRONT_CONNECTOR",
    "TO_COMP": "front_left_motor_fwd",
    "TO_CONN": "Base_Connector"
  },
  {
    "FROM_COMP": "front_left_flip_adapter",
    "FROM_CONN": "REAR_CONNECTOR",
    "TO_COMP": "front_left_cyl_mount",
    "TO_CONN": "FRONT_CONNECTOR"
  },
  {
    "FROM_COMP": "front_right_bot_motor_vert",
    "FROM_CONN": "MotorPower",
    "TO_COMP": "vert_system_battery_controller_800V",
    "TO_CONN": "MotorPower"
  },
  {
    "FROM_COMP": "front_right_bot_motor_vert",
    "FROM_CONN": "Prop_Connector",
    "TO_COMP": "front_right_bot_prop_vert",
    "TO_CONN": "MOTOR_CONNECTOR_CS_IN"
  },
  {
    "FROM_COMP": "front_right_bot_motor_vert",
    "FROM_CONN": "Base_Connector",
    "TO_COMP": "front_right_cyl_mount",
    "TO_CONN": "BOTTOM_CONNECTOR"
  },
  {
    "FROM_COMP": "front_right_flip_adapter",
    "FROM_CONN": "FRONT_CONNECTOR",
    "TO_COMP": "front_right_motor_fwd",
    "TO_CONN": "Base_Connector"
  },
  {
    "FROM_COMP": "front_right_flip_adapter",
    "FROM_CONN": "REAR_CONNECTOR",
    "TO_COMP": "front_right_cyl_mount",
    "TO_CONN": "FRONT_CONNECTOR"
  },
  {
    "FROM_COMP": "rear_right_top_prop_vert_1",
    "FROM_CONN": "MOTOR_CONNECTOR_CS_IN",
    "TO_COMP": "rear_right_top_motor_vert_1",
    "TO_CONN": "Prop_Connector"
  },
  {
    "FROM_COMP": "rear_right_bot_prop_vert_2",
    "FROM_CONN": "MOTOR_CONNECTOR_CS_IN",
    "TO_COMP": "rear_right_bot_motor_vert_2",
    "TO_CONN": "Prop_Connector"
  },
  {
    "FROM_COMP": "rudder",
    "FROM_CONN": "Connector_1",
    "TO_COMP": "center_rear_struct_cyl",
    "TO_CONN": "BOTTOM_CONNECTOR"
  },
  {
    "FROM_COMP": "rear_right_top_motor_vert_1",
    "FROM_CONN": "Base_Connector",
    "TO_COMP": "rear_right_motor_cyl_mount",
    "TO_CONN": "TOP_CONNECTOR"
  },
  {
    "FROM_COMP": "rear_right_top_motor_vert_1",
    "FROM_CONN": "MotorPower",
    "TO_COMP": "vert_system_battery_controller_800V",
    "TO_CONN": "MotorPower"
  },
  {
    "FROM_COMP": "rear_right_top_motor_vert_1",
    "FROM_CONN": "Prop_Connector",
    "TO_COMP": "rear_right_top_prop_vert_1",
    "TO_CONN": "MOTOR_CONNECTOR_CS_IN"
  },
  {
    "FROM_COMP": "rear_right_wing_battery",
    "FROM_CONN": "PowerBus",
    "TO_COMP": "vert_system_battery_controller_800V",
    "TO_CONN": "BatteryPower"
  },
  {
    "FROM_COMP": "rear_right_wing_battery",
    "FROM_CONN": "Battery_Connector_2_out",
    "TO_COMP": "rear_right_wing",
    "TO_CONN": "Battery_Connector_2"
  },
  {
    "FROM_COMP": "ctr_top_prop_vert",
    "FROM_CONN": "MOTOR_CONNECTOR_CS_IN",
    "TO_COMP": "ctr_top_motor_vert",
    "TO_CONN": "Prop_Connector"
  },
  {
    "FROM_COMP": "rear_left_motor_cyl_mount",
    "FROM_CONN": "FRONT_CONNECTOR",
    "TO_COMP": "rear_left_flip_adapter",
    "TO_CONN": "FRONT_CONNECTOR"
  },
  {
    "FROM_COMP": "rear_left_motor_cyl_mount",
    "FROM_CONN": "BOTTOM_CONNECTOR",
    "TO_COMP": "rear_left_bot_motor_vert_1",
    "TO_CONN": "Base_Connector"
  },
  {
    "FROM_COMP": "rear_left_motor_cyl_mount",
    "FROM_CONN": "TOP_CONNECTOR",
    "TO_COMP": "rear_left_top_motor_vert_1",
    "TO_CONN": "Base_Connector"
  },
  {
    "FROM_COMP": "rear_right_top_prop_vert_2",
    "FROM_CONN": "MOTOR_CONNECTOR_CS_IN",
    "TO_COMP": "rear_right_top_motor_vert_2",
    "TO_CONN": "Prop_Connector"
  },
  {
    "FROM_COMP": "rear_right_top_motor_vert_2",
    "FROM_CONN": "MotorPower",
    "TO_COMP": "vert_system_battery_controller_800V",
    "TO_CONN": "MotorPower"
  },
  {
    "FROM_COMP": "rear_right_top_motor_vert_2",
    "FROM_CONN": "Base_Connector",
    "TO_COMP": "rear_right_cyl_mount",
    "TO_CONN": "TOP_CONNECTOR"
  },
  {
    "FROM_COMP": "rear_right_top_motor_vert_2",
    "FROM_CONN": "Prop_Connector",
    "TO_COMP": "rear_right_top_prop_vert_2",
    "TO_CONN": "MOTOR_CONNECTOR_CS_IN"
  },
  {
    "FROM_COMP": "rear_right_wing",
    "FROM_CONN": "Connector_2",
    "TO_COMP": "rear_ctr_naca_mount",
    "TO_CONN": "End_Connector_2"
  },
  {
    "FROM_COMP": "rear_right_wing",
    "FROM_CONN": "Connector_1",
    "TO_COMP": "rear_right_cyl_mount",
    "TO_CONN": "LEFT_CONNECTOR"
  },
  {
    "FROM_COMP": "rear_right_wing",
    "FROM_CONN": "Battery_Connector_2",
    "TO_COMP": "rear_right_wing_battery",
    "TO_CONN": "Battery_Connector_2_out"
  },
  {
    "FROM_COMP": "front_left_top_prop_vert",
    "FROM_CONN": "MOTOR_CONNECTOR_CS_IN",
    "TO_COMP": "front_left_top_motor_vert",
    "TO_CONN": "Prop_Connector"
  },
  {
    "FROM_COMP": "Orient",
    "FROM_CONN": "ORIENTCONN",
    "TO_COMP": "fuselage",
    "TO_CONN": "ORIENT"
  },
  {
    "FROM_COMP": "rear_left_bot_prop_vert_1",
    "FROM_CONN": "MOTOR_CONNECTOR_CS_IN",
    "TO_COMP": "rear_left_bot_motor_vert_1",
    "TO_CONN": "Prop_Connector"
  },
  {
    "FROM_COMP": "front_right_motor_fwd",
    "FROM_CONN": "Base_Connector",
    "TO_COMP": "front_right_flip_adapter",
    "TO_CONN": "FRONT_CONNECTOR"
  },
  {
    "FROM_COMP": "front_right_motor_fwd",
    "FROM_CONN": "Prop_Connector",
    "TO_COMP": "front_right_prop_fwd",
    "TO_CONN": "MOTOR_CONNECTOR_CS_IN"
  },
  {
    "FROM_COMP": "front_right_motor_fwd",
    "FROM_CONN": "MotorPower",
    "TO_COMP": "vert_system_battery_controller_800V",
    "TO_CONN": "MotorPower"
  },
  {
    "FROM_COMP": "front_right_bot_prop_vert",
    "FROM_CONN": "MOTOR_CONNECTOR_CS_IN",
    "TO_COMP": "front_right_bot_motor_vert",
    "TO_CONN": "Prop_Connector"
  },
  {
    "FROM_COMP": "fuselage",
    "FROM_CONN": "SEAT_1_CONNECTOR",
    "TO_COMP": "Passenger1",
    "TO_CONN": "Connector"
  },
  {
    "FROM_COMP": "fuselage",
    "FROM_CONN": "ORIENT",
    "TO_COMP": "Orient",
    "TO_CONN": "ORIENTCONN"
  },
  {
    "FROM_COMP": "fuselage",
    "FROM_CONN": "BOTTOM_CONNECTOR",
    "TO_COMP": "front_ctr_naca_mount",
    "TO_CONN": "Bottom_Connector"
  },
  {
    "FROM_COMP": "fuselage",
    "FROM_CONN": "TOP_CONNECTOR",
    "TO_COMP": "front_ctr_top_motor_vert",
    "TO_CONN": "Base_Connector"
  },
  {
    "FROM_COMP": "fuselage",
    "FROM_CONN": "REAR_CONNECTOR",
    "TO_COMP": "center_fwd_struct_cyl",
    "TO_CONN": "FRONT_CONNECTOR"
  },
  {
    "FROM_COMP": "fuselage",
    "FROM_CONN": "SEAT_2_CONNECTOR",
    "TO_COMP": "Passenger2",
    "TO_CONN": "Connector"
  },
  {
    "FROM_COMP": "front_left_motor_fwd",
    "FROM_CONN": "Base_Connector",
    "TO_COMP": "front_left_flip_adapter",
    "TO_CONN": "FRONT_CONNECTOR"
  },
  {
    "FROM_COMP": "front_left_motor_fwd",
    "FROM_CONN": "MotorPower",
    "TO_COMP": "vert_system_battery_controller_800V",
    "TO_CONN": "MotorPower"
  },
  {
    "FROM_COMP": "front_left_motor_fwd",
    "FROM_CONN": "Prop_Connector",
    "TO_COMP": "front_left_prop_fwd",
    "TO_CONN": "MOTOR_CONNECTOR_CS_IN"
  },
  {
    "FROM_COMP": "rear_left_top_prop_vert_1",
    "FROM_CONN": "MOTOR_CONNECTOR_CS_IN",
    "TO_COMP": "rear_left_top_motor_vert_1",
    "TO_CONN": "Prop_Connector"
  },
  {
    "FROM_COMP": "front_ctr_naca_mount",
    "FROM_CONN": "Bottom_Connector",
    "TO_COMP": "fuselage",
    "TO_CONN": "BOTTOM_CONNECTOR"
  },
  {
    "FROM_COMP": "front_ctr_naca_mount",
    "FROM_CONN": "End_Connector_2",
    "TO_COMP": "front_left_wing",
    "TO_CONN": "Connector_1"
  },
  {
    "FROM_COMP": "front_ctr_naca_mount",
    "FROM_CONN": "End_Connector_1",
    "TO_COMP": "front_right_wing",
    "TO_CONN": "Connector_2"
  },
  {
    "FROM_COMP": "front_left_top_motor_vert",
    "FROM_CONN": "Base_Connector",
    "TO_COMP": "front_left_cyl_mount",
    "TO_CONN": "TOP_CONNECTOR"
  },
  {
    "FROM_COMP": "front_left_top_motor_vert",
    "FROM_CONN": "MotorPower",
    "TO_COMP": "vert_system_battery_controller_800V",
    "TO_CONN": "MotorPower"
  },
  {
    "FROM_COMP": "front_left_top_motor_vert",
    "FROM_CONN": "Prop_Connector",
    "TO_COMP": "front_left_top_prop_vert",
    "TO_CONN": "MOTOR_CONNECTOR_CS_IN"
  },
  {
    "FROM_COMP": "front_left_prop_fwd",
    "FROM_CONN": "MOTOR_CONNECTOR_CS_IN",
    "TO_COMP": "front_left_motor_fwd",
    "TO_CONN": "Prop_Connector"
  },
  {
    "FROM_COMP": "rear_left_wing",
    "FROM_CONN": "Battery_Connector_1",
    "TO_COMP": "rear_left_wing_battery",
    "TO_CONN": "Battery_Connector_1_out"
  },
  {
    "FROM_COMP": "rear_left_wing",
    "FROM_CONN": "Connector_1",
    "TO_COMP": "rear_ctr_naca_mount",
    "TO_CONN": "End_Connector_1"
  },
  {
    "FROM_COMP": "rear_left_wing",
    "FROM_CONN": "Connector_2",
    "TO_COMP": "rear_left_cyl_mount",
    "TO_CONN": "RIGHT_CONNECTOR"
  },
  {
    "FROM_COMP": "rear_right_bot_motor_vert_1",
    "FROM_CONN": "MotorPower",
    "TO_COMP": "vert_system_battery_controller_800V",
    "TO_CONN": "MotorPower"
  },
  {
    "FROM_COMP": "rear_right_bot_motor_vert_1",
    "FROM_CONN": "Prop_Connector",
    "TO_COMP": "rear_right_bot_prop_vert_1",
    "TO_CONN": "MOTOR_CONNECTOR_CS_IN"
  },
  {
    "FROM_COMP": "rear_right_bot_motor_vert_1",
    "FROM_CONN": "Base_Connector",
    "TO_COMP": "rear_right_motor_cyl_mount",
    "TO_CONN": "BOTTOM_CONNECTOR"
  },
  {
    "FROM_COMP": "center_fwd_struct_cyl",
    "FROM_CONN": "BOTTOM_CONNECTOR",
    "TO_COMP": "ctr_bot_motor_vert",
    "TO_CONN": "Base_Connector"
  },
  {
    "FROM_COMP": "center_fwd_struct_cyl",
    "FROM_CONN": "TOP_CONNECTOR",
    "TO_COMP": "ctr_top_motor_vert",
    "TO_CONN": "Base_Connector"
  },
  {
    "FROM_COMP": "center_fwd_struct_cyl",
    "FROM_CONN": "REAR_CONNECTOR",
    "TO_COMP": "center_rear_struct_cyl",
    "TO_CONN": "FRONT_CONNECTOR"
  },
  {
    "FROM_COMP": "center_fwd_struct_cyl",
    "FROM_CONN": "FRONT_CONNECTOR",
    "TO_COMP": "fuselage",
    "TO_CONN": "REAR_CONNECTOR"
  },
  {
    "FROM_COMP": "rear_left_bot_motor_vert_1",
    "FROM_CONN": "Base_Connector",
    "TO_COMP": "rear_left_motor_cyl_mount",
    "TO_CONN": "BOTTOM_CONNECTOR"
  },
  {
    "FROM_COMP": "rear_left_bot_motor_vert_1",
    "FROM_CONN": "MotorPower",
    "TO_COMP": "vert_system_battery_controller_800V",
    "TO_CONN": "MotorPower"
  },
  {
    "FROM_COMP": "rear_left_bot_motor_vert_1",
    "FROM_CONN": "Prop_Connector",
    "TO_COMP": "rear_left_bot_prop_vert_1",
    "TO_CONN": "MOTOR_CONNECTOR_CS_IN"
  },
  {
    "FROM_COMP": "ctr_bot_prop_vert",
    "FROM_CONN": "MOTOR_CONNECTOR_CS_IN",
    "TO_COMP": "ctr_bot_motor_vert",
    "TO_CONN": "Prop_Connector"
  },
  {
    "FROM_COMP": "rear_left_flip_adapter",
    "FROM_CONN": "REAR_CONNECTOR",
    "TO_COMP": "rear_left_cyl_mount",
    "TO_CONN": "FRONT_CONNECTOR"
  },
  {
    "FROM_COMP": "rear_left_flip_adapter",
    "FROM_CONN": "FRONT_CONNECTOR",
    "TO_COMP": "rear_left_motor_cyl_mount",
    "TO_CONN": "FRONT_CONNECTOR"
  },
  {
    "FROM_COMP": "front_right_top__prop_vert",
    "FROM_CONN": "MOTOR_CONNECTOR_CS_IN",
    "TO_COMP": "front_right_top_motor_vert",
    "TO_CONN": "Prop_Connector"
  },
  {
    "FROM_COMP": "front_left_bot_prop_vert",
    "FROM_CONN": "MOTOR_CONNECTOR_CS_IN",
    "TO_COMP": "front_left_bot_motor_vert",
    "TO_CONN": "Prop_Connector"
  },
  {
    "FROM_COMP": "front_right_cyl_mount",
    "FROM_CONN": "LEFT_CONNECTOR",
    "TO_COMP": "front_right_wing",
    "TO_CONN": "Connector_1"
  },
  {
    "FROM_COMP": "front_right_cyl_mount",
    "FROM_CONN": "BOTTOM_CONNECTOR",
    "TO_COMP": "front_right_bot_motor_vert",
    "TO_CONN": "Base_Connector"
  },
  {
    "FROM_COMP": "front_right_cyl_mount",
    "FROM_CONN": "FRONT_CONNECTOR",
    "TO_COMP": "front_right_flip_adapter",
    "TO_CONN": "REAR_CONNECTOR"
  },
  {
    "FROM_COMP": "front_right_cyl_mount",
    "FROM_CONN": "TOP_CONNECTOR",
    "TO_COMP": "front_right_top_motor_vert",
    "TO_CONN": "Base_Connector"
  },
  {
    "FROM_COMP": "center_rear_struct_cyl",
    "FROM_CONN": "BOTTOM_CONNECTOR",
    "TO_COMP": "rudder",
    "TO_CONN": "Connector_1"
  },
  {
    "FROM_COMP": "center_rear_struct_cyl",
    "FROM_CONN": "FRONT_CONNECTOR",
    "TO_COMP": "center_fwd_struct_cyl",
    "TO_CONN": "REAR_CONNECTOR"
  },
  {
    "FROM_COMP": "center_rear_struct_cyl",
    "FROM_CONN": "TOP_CONNECTOR",
    "TO_COMP": "rear_ctr_naca_mount",
    "TO_CONN": "Bottom_Connector"
  },
  {
    "FROM_COMP": "rear_right_cyl_mount",
    "FROM_CONN": "LEFT_CONNECTOR",
    "TO_COMP": "rear_right_wing",
    "TO_CONN": "Connector_1"
  },
  {
    "FROM_COMP": "rear_right_cyl_mount",
    "FROM_CONN": "BOTTOM_CONNECTOR",
    "TO_COMP": "rear_right_bot_motor_vert_2",
    "TO_CONN": "Base_Connector"
  },
  {
    "FROM_COMP": "rear_right_cyl_mount",
    "FROM_CONN": "FRONT_CONNECTOR",
    "TO_COMP": "rear_right_flip_adapter",
    "TO_CONN": "REAR_CONNECTOR"
  },
  {
    "FROM_COMP": "rear_right_cyl_mount",
    "FROM_CONN": "TOP_CONNECTOR",
    "TO_COMP": "rear_right_top_motor_vert_2",
    "TO_CONN": "Base_Connector"
  },
  {
    "FROM_COMP": "front_left_wing",
    "FROM_CONN": "Connector_2",
    "TO_COMP": "front_left_cyl_mount",
    "TO_CONN": "RIGHT_CONNECTOR"
  },
  {
    "FROM_COMP": "front_left_wing",
    "FROM_CONN": "Connector_1",
    "TO_COMP": "front_ctr_naca_mount",
    "TO_CONN": "End_Connector_2"
  }
]
