[
  { "compInst": "rear_right_cyl_mount", "comp": "PORTED_CYL" },
  { "compInst": "rear_right_top_prop_vert_2", "comp": "62x6_2_3200_51_1390" },
  { "compInst": "ctr_bot_motor_vert", "comp": "MAGiDRIVE150" },
  { "compInst": "rear_right_prop_fwd", "comp": "27x3_2_4600_41_140" },
  { "compInst": "rear_left_wing", "comp": "naca_wing" },
  { "compInst": "front_right_wing", "comp": "naca_wing" },
  { "compInst": "rear_right_bot_prop_vert_2", "comp": "62x6_2_3200_51_1390" },
  { "compInst": "rear_left_wing_battery", "comp": "Tattu25AhLi" },
  { "compInst": "front_right_bot_prop_vert", "comp": "62x6_2_3200_51_1390" },
  { "compInst": "rear_left_top_prop_vert_1", "comp": "62x6_2_3200_51_1390" },
  { "compInst": "rear_left_bot_prop_vert_2", "comp": "62x6_2_3200_51_1390" },
  { "compInst": "ctr_bot_prop_vert", "comp": "62x6_2_3200_51_1390" },
  { "compInst": "rear_right_bot_motor_vert_1", "comp": "MAGiDRIVE150" },
  { "compInst": "front_right_top__prop_vert", "comp": "62x6_2_3200_51_1390" },
  { "compInst": "front_left_flip_adapter", "comp": "Cyl_Flip" },
  { "compInst": "ctr_top_prop_vert", "comp": "62x6_2_3200_51_1390" },
  { "compInst": "rear_right_bot_prop_vert_1", "comp": "62x6_2_3200_51_1390" },
  { "compInst": "rear_right_top_prop_vert_1", "comp": "62x6_2_3200_51_1390" },
  { "compInst": "front_left_bot_prop_vert", "comp": "62x6_2_3200_51_1390" },
  { "compInst": "rear_right_bot_motor_vert_2", "comp": "MAGiDRIVE150" },
  { "compInst": "rear_left_flip_adapter", "comp": "Cyl_Flip" },
  { "compInst": "rear_left_prop_fwd", "comp": "27x3_2_4600_41_140" },
  { "compInst": "rear_right_wing_battery", "comp": "Tattu25AhLi" },
  { "compInst": "rear_right_motor_fwd", "comp": "KDE13218XF105" },
  { "compInst": "front_right_prop_fwd", "comp": "27x3_2_4600_41_140" },
  { "compInst": "rear_left_top_prop_vert_2", "comp": "62x6_2_3200_51_1390" },
  { "compInst": "rear_left_top_motor_vert_2", "comp": "MAGiDRIVE150" },
  { "compInst": "rear_left_top_motor_vert_1", "comp": "MAGiDRIVE150" },
  { "compInst": "rear_right_top_motor_vert_1", "comp": "MAGiDRIVE150" },
  { "compInst": "Passenger2", "comp": "Passenger" },
  { "compInst": "rear_right_motor_cyl_mount", "comp": "PORTED_CYL" },
  {
    "compInst": "fwd_system_battery_controller_51V",
    "comp": "BatteryController"
  },
  { "compInst": "front_left_top_prop_vert", "comp": "62x6_2_3200_51_1390" },
  { "compInst": "rear_right_top_motor_vert_2", "comp": "MAGiDRIVE150" },
  { "compInst": "rear_right_wing", "comp": "naca_wing" },
  { "compInst": "front_right_wing_battery", "comp": "Tattu25AhLi" },
  {
    "compInst": "vert_system_battery_controller_800V",
    "comp": "BatteryController"
  },
  { "compInst": "Orient", "comp": "Orient" },
  { "compInst": "front_right_cyl_mount", "comp": "PORTED_CYL" },
  { "compInst": "front_ctr_top_motor_vert", "comp": "MAGiDRIVE150" },
  { "compInst": "Passenger1", "comp": "Passenger" },
  { "compInst": "front_left_wing_battery", "comp": "Tattu25AhLi" },
  { "compInst": "rear_ctr_naca_mount", "comp": "naca_connector" },
  { "compInst": "center_rear_struct_cyl", "comp": "PORTED_CYL" },
  { "compInst": "front_right_top_motor_vert", "comp": "MAGiDRIVE150" },
  { "compInst": "rear_ctr_motor_rev", "comp": "KDE13218XF105" },
  { "compInst": "front_left_motor_fwd", "comp": "KDE13218XF105" },
  { "compInst": "front_ctr_top_prop_vert", "comp": "62x6_2_3200_51_1390" },
  { "compInst": "front_left_prop_fwd", "comp": "27x3_2_4600_41_140" },
  { "compInst": "front_right_flip_adapter", "comp": "Cyl_Flip" },
  { "compInst": "rear_left_motor_fwd", "comp": "KDE13218XF105" },
  { "compInst": "front_right_bot_motor_vert", "comp": "MAGiDRIVE150" },
  { "compInst": "fuselage", "comp": "FUSE_SPHERE_CYL_CONE" },
  { "compInst": "front_left_bot_motor_vert", "comp": "MAGiDRIVE150" },
  { "compInst": "rear_left_bot_prop_vert_1", "comp": "62x6_2_3200_51_1390" },
  { "compInst": "rear_ctr_prop_rev", "comp": "27x3_2_4600_41_140" },
  { "compInst": "front_ctr_naca_mount", "comp": "naca_connector" },
  { "compInst": "center_fwd_struct_cyl", "comp": "PORTED_CYL" },
  { "compInst": "rear_left_cyl_mount", "comp": "PORTED_CYL" },
  { "compInst": "front_left_wing", "comp": "naca_wing" },
  { "compInst": "rear_right_flip_adapter", "comp": "Cyl_Flip" },
  { "compInst": "rear_left_motor_cyl_mount", "comp": "PORTED_CYL" },
  { "compInst": "rear_left_bot_motor_vert_2", "comp": "MAGiDRIVE150" },
  { "compInst": "front_right_motor_fwd", "comp": "KDE13218XF105" },
  { "compInst": "front_left_top_motor_vert", "comp": "MAGiDRIVE150" },
  { "compInst": "rear_left_bot_motor_vert_1", "comp": "MAGiDRIVE150" },
  { "compInst": "front_left_cyl_mount", "comp": "PORTED_CYL" },
  { "compInst": "ctr_top_motor_vert", "comp": "MAGiDRIVE150" }
]
