[
  { "FROM_COMP": "ctr_top_motor_vert", "LIB_COMPONENT": "Emrax268LV" },
  { "FROM_COMP": "rear_left_bot_motor_vert_2", "LIB_COMPONENT": "Emrax268LV" },
  { "FROM_COMP": "rear_ctr_naca_mount", "LIB_COMPONENT": "naca_connector" },
  {
    "FROM_COMP": "vert_system_battery_controller_800V",
    "LIB_COMPONENT": "BatteryController"
  },
  { "FROM_COMP": "ctr_bot_motor_vert", "LIB_COMPONENT": "Emrax268LV" },
  { "FROM_COMP": "Passenger1", "LIB_COMPONENT": "Passenger" },
  { "FROM_COMP": "front_left_cyl_mount", "LIB_COMPONENT": "PORTED_CYL" },
  { "FROM_COMP": "front_ctr_top_motor_vert", "LIB_COMPONENT": "Emrax268LV" },
  {
    "FROM_COMP": "rear_left_bot_prop_vert_2",
    "LIB_COMPONENT": "41x6_3_3400_51_530"
  },
  { "FROM_COMP": "rear_right_bot_motor_vert_2", "LIB_COMPONENT": "Emrax268LV" },
  { "FROM_COMP": "front_right_top_motor_vert", "LIB_COMPONENT": "Emrax268LV" },
  { "FROM_COMP": "rear_left_wing_battery", "LIB_COMPONENT": "Tattu25AhLi" },
  {
    "FROM_COMP": "front_right_prop_fwd",
    "LIB_COMPONENT": "41x6_3_3400_51_530"
  },
  { "FROM_COMP": "rear_left_cyl_mount", "LIB_COMPONENT": "PORTED_CYL" },
  {
    "FROM_COMP": "rear_left_top_prop_vert_2",
    "LIB_COMPONENT": "41x6_3_3400_51_530"
  },
  {
    "FROM_COMP": "rear_right_bot_prop_vert_1",
    "LIB_COMPONENT": "41x6_3_3400_51_530"
  },
  { "FROM_COMP": "front_right_wing", "LIB_COMPONENT": "naca_wing" },
  { "FROM_COMP": "rear_left_top_motor_vert_1", "LIB_COMPONENT": "Emrax268LV" },
  { "FROM_COMP": "Passenger2", "LIB_COMPONENT": "Passenger" },
  { "FROM_COMP": "rear_right_flip_adapter", "LIB_COMPONENT": "Cyl_Flip" },
  {
    "FROM_COMP": "front_ctr_top_prop_vert",
    "LIB_COMPONENT": "41x6_3_3400_51_530"
  },
  { "FROM_COMP": "rear_left_top_motor_vert_2", "LIB_COMPONENT": "Emrax268LV" },
  { "FROM_COMP": "front_left_bot_motor_vert", "LIB_COMPONENT": "Emrax268LV" },
  { "FROM_COMP": "rear_right_motor_cyl_mount", "LIB_COMPONENT": "PORTED_CYL" },
  { "FROM_COMP": "front_left_flip_adapter", "LIB_COMPONENT": "Cyl_Flip" },
  { "FROM_COMP": "front_right_bot_motor_vert", "LIB_COMPONENT": "Emrax268LV" },
  { "FROM_COMP": "front_right_flip_adapter", "LIB_COMPONENT": "Cyl_Flip" },
  {
    "FROM_COMP": "rear_right_top_prop_vert_1",
    "LIB_COMPONENT": "41x6_3_3400_51_530"
  },
  {
    "FROM_COMP": "rear_right_bot_prop_vert_2",
    "LIB_COMPONENT": "41x6_3_3400_51_530"
  },
  { "FROM_COMP": "rudder", "LIB_COMPONENT": "naca_wing" },
  { "FROM_COMP": "rear_right_top_motor_vert_1", "LIB_COMPONENT": "Emrax268LV" },
  { "FROM_COMP": "rear_right_wing_battery", "LIB_COMPONENT": "Tattu25AhLi" },
  { "FROM_COMP": "ctr_top_prop_vert", "LIB_COMPONENT": "41x6_3_3400_51_530" },
  { "FROM_COMP": "rear_left_motor_cyl_mount", "LIB_COMPONENT": "PORTED_CYL" },
  {
    "FROM_COMP": "rear_right_top_prop_vert_2",
    "LIB_COMPONENT": "41x6_3_3400_51_530"
  },
  { "FROM_COMP": "rear_right_top_motor_vert_2", "LIB_COMPONENT": "Emrax268LV" },
  { "FROM_COMP": "rear_right_wing", "LIB_COMPONENT": "naca_wing" },
  {
    "FROM_COMP": "front_left_top_prop_vert",
    "LIB_COMPONENT": "41x6_3_3400_51_530"
  },
  { "FROM_COMP": "Orient", "LIB_COMPONENT": "Orient" },
  {
    "FROM_COMP": "rear_left_bot_prop_vert_1",
    "LIB_COMPONENT": "41x6_3_3400_51_530"
  },
  { "FROM_COMP": "front_right_motor_fwd", "LIB_COMPONENT": "Emrax268LV" },
  {
    "FROM_COMP": "front_right_bot_prop_vert",
    "LIB_COMPONENT": "41x6_3_3400_51_530"
  },
  { "FROM_COMP": "fuselage", "LIB_COMPONENT": "FUSE_SPHERE_CYL_CONE" },
  { "FROM_COMP": "front_left_motor_fwd", "LIB_COMPONENT": "Emrax268LV" },
  {
    "FROM_COMP": "rear_left_top_prop_vert_1",
    "LIB_COMPONENT": "41x6_3_3400_51_530"
  },
  { "FROM_COMP": "front_ctr_naca_mount", "LIB_COMPONENT": "naca_connector" },
  { "FROM_COMP": "front_left_top_motor_vert", "LIB_COMPONENT": "Emrax268LV" },
  { "FROM_COMP": "front_left_prop_fwd", "LIB_COMPONENT": "41x6_3_3400_51_530" },
  { "FROM_COMP": "rear_left_wing", "LIB_COMPONENT": "naca_wing" },
  { "FROM_COMP": "rear_right_bot_motor_vert_1", "LIB_COMPONENT": "Emrax268LV" },
  { "FROM_COMP": "center_fwd_struct_cyl", "LIB_COMPONENT": "PORTED_CYL" },
  { "FROM_COMP": "rear_left_bot_motor_vert_1", "LIB_COMPONENT": "Emrax268LV" },
  { "FROM_COMP": "ctr_bot_prop_vert", "LIB_COMPONENT": "41x6_3_3400_51_530" },
  { "FROM_COMP": "rear_left_flip_adapter", "LIB_COMPONENT": "Cyl_Flip" },
  {
    "FROM_COMP": "front_right_top__prop_vert",
    "LIB_COMPONENT": "41x6_3_3400_51_530"
  },
  {
    "FROM_COMP": "front_left_bot_prop_vert",
    "LIB_COMPONENT": "41x6_3_3400_51_530"
  },
  { "FROM_COMP": "front_right_cyl_mount", "LIB_COMPONENT": "PORTED_CYL" },
  { "FROM_COMP": "center_rear_struct_cyl", "LIB_COMPONENT": "PORTED_CYL" },
  { "FROM_COMP": "rear_right_cyl_mount", "LIB_COMPONENT": "PORTED_CYL" },
  { "FROM_COMP": "front_left_wing", "LIB_COMPONENT": "naca_wing" }
]
