DESIGN_PARAM,DESIGN_PARAM_VAL,COMPONENT_NAME,COMPONENT_PARAM
FwdFacingCW_Spin,-1.0,rear_right_bot_prop_vert_2,Direction
FwdFacingCW_Spin,-1.0,front_left_top_prop_vert,Direction
FwdFacingCW_Spin,-1.0,rear_left_bot_prop_vert_1,Direction
FwdFacingCW_Spin,-1.0,front_right_top__prop_vert,Direction
FwdFacingCW_Spin,-1.0,front_ctr_top_prop_vert,Direction
FwdFacingCW_Spin,-1.0,front_right_prop_fwd,Direction
FwdFacingCW_Spin,-1.0,front_right_bot_prop_vert,Direction
FwdFacingCW_Spin,-1.0,front_left_prop_fwd,Direction
FwdFacingCW_Spin,-1.0,rear_left_top_prop_vert_1,Direction
FwdFacingCW_Spin,-1.0,ctr_top_prop_vert,Direction
FwdFacingCW_Spin,-1.0,rear_right_bot_prop_vert_1,Direction
FwdFacingCW_Spin,-1.0,rear_right_top_prop_vert_2,Direction
FwdFacingCW_Spin,-1.0,ctr_bot_prop_vert,Direction
FwdFacingCW_Spin,-1.0,rear_left_bot_prop_vert_2,Direction
FwdFacingCW_Spin,-1.0,rear_left_top_prop_vert_2,Direction
FwdFacingCW_Spin,-1.0,front_left_bot_prop_vert,Direction
FwdFacingCW_Spin,-1.0,rear_right_top_prop_vert_1,Direction
Param_14,8500.0,rear_left_wing,SPAN
Param_14,8500.0,rear_left_wing_battery,SPAN
Param_14,8500.0,front_left_wing,SPAN
Param_14,8500.0,rear_right_wing,SPAN
Param_14,8500.0,front_right_wing,SPAN
Param_14,8500.0,rear_right_wing_battery,SPAN
Param_14,8500.0,rudder,SPAN
battery_percent,6.0,rear_right_wing_battery,VOLUME_PERCENT
battery_percent,6.0,rear_left_wing_battery,VOLUME_PERCENT
Param_15,12.0,rear_left_wing_battery,THICKNESS
Param_15,12.0,rear_right_wing_battery,THICKNESS
Param_2,12.0,rear_left_wing,THICKNESS
Param_2,12.0,rudder,THICKNESS
Param_2,12.0,front_left_wing,THICKNESS
Param_2,12.0,front_right_wing,THICKNESS
Param_2,12.0,rear_right_wing,THICKNESS
Param_2,12.0,rear_ctr_naca_mount,THICKNESS
Param_2,12.0,front_ctr_naca_mount,THICKNESS
BottomWingLoad,1000.0,front_right_wing,LOAD
BottomWingLoad,1000.0,rear_left_wing,LOAD
BottomWingLoad,1000.0,front_left_wing,LOAD
BottomWingLoad,1000.0,rudder,LOAD
BottomWingLoad,1000.0,rear_right_wing,LOAD
Param_9,150.0,center_fwd_struct_cyl,PORT_THICKNESS
Param_9,150.0,front_left_cyl_mount,PORT_THICKNESS
Param_9,150.0,fuselage,FLOOR_HEIGHT
Param_9,150.0,front_right_cyl_mount,PORT_THICKNESS
Param_17,210.0,fuselage,SEAT_1_LR
Param_4,100.0,front_ctr_naca_mount,PORT_THICKNESS
Param_4,100.0,rear_ctr_naca_mount,PORT_THICKNESS
Param_4,100.0,fuselage,PORT_THICKNESS
Param_0,1000.0,rear_right_cyl_mount,LENGTH
Param_0,1000.0,rear_left_motor_cyl_mount,LENGTH
Param_0,1000.0,center_fwd_struct_cyl,LENGTH
Param_0,1000.0,rear_left_cyl_mount,LENGTH
Param_0,1000.0,center_rear_struct_cyl,LENGTH
Param_0,1000.0,front_left_cyl_mount,LENGTH
Param_0,1000.0,rear_right_motor_cyl_mount,LENGTH
Param_0,1000.0,front_right_cyl_mount,LENGTH
Param_6,1520.0,fuselage,SPHERE_DIAMETER
Param_12,3000.0,rear_right_wing_battery,CHORD_1
Param_12,3000.0,rudder,CHORD_2
Param_12,3000.0,front_ctr_naca_mount,CHORD
Param_12,3000.0,rear_left_wing_battery,CHORD_2
Param_12,3000.0,rear_left_wing,CHORD_2
Param_12,3000.0,rear_left_wing,CHORD_1
Param_12,3000.0,rear_right_wing_battery,CHORD_2
Param_12,3000.0,front_right_wing,CHORD_2
Param_12,3000.0,rear_right_wing,CHORD_2
Param_12,3000.0,rear_right_wing,CHORD_1
Param_12,3000.0,rear_left_wing_battery,CHORD_1
Param_12,3000.0,rudder,CHORD_1
Param_12,3000.0,front_left_wing,CHORD_2
Param_12,3000.0,front_left_wing,CHORD_1
Param_12,3000.0,rear_ctr_naca_mount,CHORD
Param_12,3000.0,front_right_wing,CHORD_1
Param_7,300.0,rear_left_cyl_mount,DIAMETER
Param_7,300.0,center_rear_struct_cyl,DIAMETER
Param_7,300.0,rear_left_flip_adapter,DIAMETER
Param_7,300.0,front_right_cyl_mount,DIAMETER
Param_7,300.0,rear_right_cyl_mount,DIAMETER
Param_7,300.0,rear_left_motor_cyl_mount,DIAMETER
Param_7,300.0,front_right_flip_adapter,DIAMETER
Param_7,300.0,center_fwd_struct_cyl,DIAMETER
Param_7,300.0,front_left_cyl_mount,DIAMETER
Param_7,300.0,rear_right_motor_cyl_mount,DIAMETER
Param_7,300.0,fuselage,TAIL_DIAMETER
Param_7,300.0,rear_right_flip_adapter,DIAMETER
Param_7,300.0,front_left_flip_adapter,DIAMETER
Param_5,2000.0,fuselage,LENGTH
UpFacingCCW_PropType,-1.0,ctr_top_prop_vert,Prop_type
UpFacingCCW_PropType,-1.0,front_right_bot_prop_vert,Prop_type
UpFacingCCW_PropType,-1.0,rear_left_bot_prop_vert_2,Prop_type
UpFacingCCW_PropType,-1.0,rear_left_top_prop_vert_1,Prop_type
UpFacingCCW_PropType,-1.0,front_right_top__prop_vert,Prop_type
UpFacingCCW_PropType,-1.0,rear_right_top_prop_vert_2,Prop_type
UpFacingCCW_PropType,-1.0,front_left_top_prop_vert,Prop_type
UpFacingCCW_PropType,-1.0,ctr_bot_prop_vert,Prop_type
UpFacingCCW_PropType,-1.0,front_right_prop_fwd,Prop_type
UpFacingCCW_PropType,-1.0,front_left_bot_prop_vert,Prop_type
UpFacingCCW_PropType,-1.0,front_left_prop_fwd,Prop_type
UpFacingCCW_PropType,-1.0,front_ctr_top_prop_vert,Prop_type
UpFacingCCW_PropType,-1.0,rear_right_top_prop_vert_1,Prop_type
UpFacingCCW_PropType,-1.0,rear_left_bot_prop_vert_1,Prop_type
UpFacingCCW_PropType,-1.0,rear_left_top_prop_vert_2,Prop_type
UpFacingCCW_PropType,-1.0,rear_right_bot_prop_vert_1,Prop_type
UpFacingCCW_PropType,-1.0,rear_right_bot_prop_vert_2,Prop_type
Param_18,-210.0,fuselage,SEAT_2_LR
Param_8,275.0,fuselage,MIDDLE_LENGTH
Param_25,500.0,rear_left_cyl_mount,RIGHT_CONN_DISP
Param_25,500.0,rear_right_cyl_mount,LEFT_CONN_DISP
NACA_3,4512.0,front_right_wing,NACA_Profile
NACA_3,4512.0,front_left_wing,NACA_Profile
NACA_3,4512.0,rear_left_wing,NACA_Profile
NACA_3,4512.0,rear_right_wing,NACA_Profile
NACA_3,4512.0,rudder,NACA_Profile
Param_16,790.0,fuselage,SEAT_2_FB
Param_16,790.0,fuselage,SEAT_1_FB
Mount_Side,2.0,rear_right_wing_battery,MOUNT_SIDE
voltage_request,350.0,rear_left_wing_battery,VOLTAGE_REQUEST
voltage_request,350.0,rear_right_wing_battery,VOLTAGE_REQUEST
Param_23,-350.0,front_left_cyl_mount,TOP_CONN_DISP
Param_23,-350.0,rear_right_motor_cyl_mount,BOTTOM_CONN_DISP
Param_23,-350.0,rear_left_cyl_mount,TOP_CONN_DISP
Param_23,-350.0,front_right_cyl_mount,BOTTOM_CONN_DISP
Param_23,-350.0,center_rear_struct_cyl,BOTTOM_CONN_DISP
Param_23,-350.0,rear_left_motor_cyl_mount,TOP_CONN_DISP
Param_23,-350.0,rear_right_motor_cyl_mount,TOP_CONN_DISP
Param_23,-350.0,front_left_cyl_mount,BOTTOM_CONN_DISP
Param_23,-350.0,rear_right_cyl_mount,TOP_CONN_DISP
Param_23,-350.0,rear_left_cyl_mount,BOTTOM_CONN_DISP
Param_23,-350.0,front_right_cyl_mount,TOP_CONN_DISP
Param_23,-350.0,rear_right_cyl_mount,BOTTOM_CONN_DISP
Param_23,-350.0,rear_left_motor_cyl_mount,BOTTOM_CONN_DISP
