{
  "extra": {
    "generator_version": "2022-05-23"
  },
  "name": "design_30_61d8ceb9_ed72_4b65_86ad_3410d748f211",
  "parameters": [
    {
      "parameter_name": "WingPair_8_CHORD_OUTER",
      "value": "1332.2852503593158",
      "component_properties": [
        {
          "component_name": "Wing_13_1",
          "component_property": "CHORD_2"
        },
        {
          "component_name": "Battery_25_1",
          "component_property": "CHORD_2"
        },
        {
          "component_name": "Wing_13_2",
          "component_property": "CHORD_1"
        },
        {
          "component_name": "Battery_26_1",
          "component_property": "CHORD_1"
        }
      ]
    },
    {
      "parameter_name": "FuselageDualSeat_8_TAIL_DIAMETER",
      "value": "300.0",
      "component_properties": [
        {
          "component_name": "FuselageDualSeat_8_1",
          "component_property": "TAIL_DIAMETER"
        }
      ]
    },
    {
      "parameter_name": "FuselageDualSeat_8_SPHERE_DIAMETER",
      "value": "1520.0",
      "component_properties": [
        {
          "component_name": "FuselageDualSeat_8_1",
          "component_property": "SPHERE_DIAMETER"
        }
      ]
    },
    {
      "parameter_name": "WingPair_8_TAPER_OFFSET",
      "value": "0",
      "component_properties": [
        {
          "component_name": "Wing_13_1",
          "component_property": "TAPER_OFFSET"
        },
        {
          "component_name": "Battery_25_1",
          "component_property": "TAPER_OFFSET"
        },
        {
          "component_name": "Wing_13_2",
          "component_property": "TAPER_OFFSET"
        },
        {
          "component_name": "Battery_26_1",
          "component_property": "TAPER_OFFSET"
        }
      ]
    },
    {
      "parameter_name": "FuselageDualSeat_8_SEAT_2_FB",
      "value": "790.0",
      "component_properties": [
        {
          "component_name": "FuselageDualSeat_8_1",
          "component_property": "SEAT_2_FB"
        }
      ]
    },
    {
      "parameter_name": "OrientAngle",
      "value": "0.0",
      "component_properties": [
        {
          "component_name": "Orient",
          "component_property": "Z_ANGLE"
        }
      ]
    },
    {
      "parameter_name": "WingPair_8_FLAP_BIAS",
      "value": "0.8412972713365018",
      "component_properties": [
        {
          "component_name": "Wing_13_1",
          "component_property": "FLAP_BIAS"
        },
        {
          "component_name": "Wing_13_2",
          "component_property": "FLAP_BIAS"
        }
      ]
    },
    {
      "parameter_name": "SideMountedPropArmSegment_12_LENGTH",
      "value": "1128.618858222641",
      "component_properties": [
        {
          "component_name": "StraightArm_33_1",
          "component_property": "LENGTH"
        },
        {
          "component_name": "StraightArm_33_2",
          "component_property": "LENGTH"
        }
      ]
    },
    {
      "parameter_name": "Wing_13_NACA_Profile",
      "value": "6512",
      "component_properties": [
        {
          "component_name": "Wing_13_1",
          "component_property": "NACA_Profile"
        },
        {
          "component_name": "Wing_13_2",
          "component_property": "NACA_Profile"
        }
      ]
    },
    {
      "parameter_name": "PosPropDir",
      "value": "1",
      "component_properties": [
        {
          "component_name": "Propeller_2",
          "component_property": "Direction"
        },
        {
          "component_name": "Propeller_4",
          "component_property": "Direction"
        },
        {
          "component_name": "Propeller_6",
          "component_property": "Direction"
        },
        {
          "component_name": "Propeller_7",
          "component_property": "Direction"
        },
        {
          "component_name": "Propeller_8",
          "component_property": "Direction"
        },
        {
          "component_name": "Propeller_10",
          "component_property": "Direction"
        },
        {
          "component_name": "Propeller_12",
          "component_property": "Direction"
        }
      ]
    },
    {
      "parameter_name": "WingPair_8_LOAD",
      "value": "4688.386148517056",
      "component_properties": [
        {
          "component_name": "Wing_13_1",
          "component_property": "LOAD"
        },
        {
          "component_name": "Wing_13_2",
          "component_property": "LOAD"
        }
      ]
    },
    {
      "parameter_name": "FrontBackPropArmMulti_12_PROP_OFFSET",
      "value": "587.3159054230861",
      "component_properties": [
        {
          "component_name": "StraightArm_34_1",
          "component_property": "TOP_CONN_DISP"
        },
        {
          "component_name": "StraightArm_34_1",
          "component_property": "BOTTOM_CONN_DISP"
        },
        {
          "component_name": "StraightArm_34_1",
          "component_property": "LEFT_CONN_DISP"
        },
        {
          "component_name": "StraightArm_34_1",
          "component_property": "RIGHT_CONN_DISP"
        },
        {
          "component_name": "StraightArm_34_2",
          "component_property": "TOP_CONN_DISP"
        },
        {
          "component_name": "StraightArm_34_2",
          "component_property": "BOTTOM_CONN_DISP"
        },
        {
          "component_name": "StraightArm_34_2",
          "component_property": "LEFT_CONN_DISP"
        },
        {
          "component_name": "StraightArm_34_2",
          "component_property": "RIGHT_CONN_DISP"
        },
        {
          "component_name": "StraightArm_34_3",
          "component_property": "TOP_CONN_DISP"
        },
        {
          "component_name": "StraightArm_34_3",
          "component_property": "BOTTOM_CONN_DISP"
        },
        {
          "component_name": "StraightArm_34_3",
          "component_property": "LEFT_CONN_DISP"
        },
        {
          "component_name": "StraightArm_34_3",
          "component_property": "RIGHT_CONN_DISP"
        },
        {
          "component_name": "StraightArm_34_4",
          "component_property": "TOP_CONN_DISP"
        },
        {
          "component_name": "StraightArm_34_4",
          "component_property": "BOTTOM_CONN_DISP"
        },
        {
          "component_name": "StraightArm_34_4",
          "component_property": "LEFT_CONN_DISP"
        },
        {
          "component_name": "StraightArm_34_4",
          "component_property": "RIGHT_CONN_DISP"
        }
      ]
    },
    {
      "parameter_name": "NegPropType",
      "value": "-1",
      "component_properties": [
        {
          "component_name": "Propeller_9",
          "component_property": "Prop_type"
        },
        {
          "component_name": "Propeller_8",
          "component_property": "Prop_type"
        },
        {
          "component_name": "Propeller_10",
          "component_property": "Prop_type"
        },
        {
          "component_name": "Propeller_11",
          "component_property": "Prop_type"
        },
        {
          "component_name": "Propeller_12",
          "component_property": "Prop_type"
        },
        {
          "component_name": "Propeller_13",
          "component_property": "Prop_type"
        },
        {
          "component_name": "Propeller_14",
          "component_property": "Prop_type"
        }
      ]
    },
    {
      "parameter_name": "ControlChannelAuto",
      "value": "-1",
      "component_properties": [
        {
          "component_name": "Motor_2",
          "component_property": "CONTROL_CHANNEL"
        },
        {
          "component_name": "Motor_1",
          "component_property": "CONTROL_CHANNEL"
        },
        {
          "component_name": "Motor_3",
          "component_property": "CONTROL_CHANNEL"
        },
        {
          "component_name": "Motor_4",
          "component_property": "CONTROL_CHANNEL"
        },
        {
          "component_name": "Motor_5",
          "component_property": "CONTROL_CHANNEL"
        },
        {
          "component_name": "Motor_6",
          "component_property": "CONTROL_CHANNEL"
        },
        {
          "component_name": "Motor_7",
          "component_property": "CONTROL_CHANNEL"
        },
        {
          "component_name": "Motor_9",
          "component_property": "CONTROL_CHANNEL"
        },
        {
          "component_name": "Motor_8",
          "component_property": "CONTROL_CHANNEL"
        },
        {
          "component_name": "Motor_10",
          "component_property": "CONTROL_CHANNEL"
        },
        {
          "component_name": "Motor_11",
          "component_property": "CONTROL_CHANNEL"
        },
        {
          "component_name": "Motor_12",
          "component_property": "CONTROL_CHANNEL"
        },
        {
          "component_name": "Motor_13",
          "component_property": "CONTROL_CHANNEL"
        },
        {
          "component_name": "Motor_14",
          "component_property": "CONTROL_CHANNEL"
        }
      ]
    },
    {
      "parameter_name": "WingPair_8_CHORD_INNER",
      "value": "1587.896372242778",
      "component_properties": [
        {
          "component_name": "NACAPortConnector_1",
          "component_property": "CHORD"
        },
        {
          "component_name": "Wing_13_1",
          "component_property": "CHORD_1"
        },
        {
          "component_name": "Battery_25_1",
          "component_property": "CHORD_1"
        },
        {
          "component_name": "Wing_13_2",
          "component_property": "CHORD_2"
        },
        {
          "component_name": "Battery_26_1",
          "component_property": "CHORD_2"
        }
      ]
    },
    {
      "parameter_name": "FrontBackPropArmMulti_12_PROP_SEGMENT_LENGTH",
      "value": "1190.5906630223208",
      "component_properties": [
        {
          "component_name": "StraightArm_34_1",
          "component_property": "LENGTH"
        },
        {
          "component_name": "StraightArm_34_2",
          "component_property": "LENGTH"
        },
        {
          "component_name": "StraightArm_34_3",
          "component_property": "LENGTH"
        },
        {
          "component_name": "StraightArm_34_4",
          "component_property": "LENGTH"
        }
      ]
    },
    {
      "parameter_name": "SideMountedPropArmSegment_12_OFFSET",
      "value": "915.660051994825",
      "component_properties": [
        {
          "component_name": "StraightArm_33_1",
          "component_property": "TOP_CONN_DISP"
        },
        {
          "component_name": "StraightArm_33_1",
          "component_property": "BOTTOM_CONN_DISP"
        },
        {
          "component_name": "StraightArm_33_1",
          "component_property": "LEFT_CONN_DISP"
        },
        {
          "component_name": "StraightArm_33_1",
          "component_property": "RIGHT_CONN_DISP"
        },
        {
          "component_name": "StraightArm_33_2",
          "component_property": "TOP_CONN_DISP"
        },
        {
          "component_name": "StraightArm_33_2",
          "component_property": "BOTTOM_CONN_DISP"
        },
        {
          "component_name": "StraightArm_33_2",
          "component_property": "LEFT_CONN_DISP"
        },
        {
          "component_name": "StraightArm_33_2",
          "component_property": "RIGHT_CONN_DISP"
        }
      ]
    },
    {
      "parameter_name": "PosPropType",
      "value": "1",
      "component_properties": [
        {
          "component_name": "Propeller_2",
          "component_property": "Prop_type"
        },
        {
          "component_name": "Propeller_1",
          "component_property": "Prop_type"
        },
        {
          "component_name": "Propeller_3",
          "component_property": "Prop_type"
        },
        {
          "component_name": "Propeller_4",
          "component_property": "Prop_type"
        },
        {
          "component_name": "Propeller_5",
          "component_property": "Prop_type"
        },
        {
          "component_name": "Propeller_6",
          "component_property": "Prop_type"
        },
        {
          "component_name": "Propeller_7",
          "component_property": "Prop_type"
        }
      ]
    },
    {
      "parameter_name": "FuselageDualSeat_8_SEAT_1_FB",
      "value": "790.0",
      "component_properties": [
        {
          "component_name": "FuselageDualSeat_8_1",
          "component_property": "SEAT_1_FB"
        }
      ]
    },
    {
      "parameter_name": "FuselageDualSeat_8_SEAT_2_LR",
      "value": "210.0",
      "component_properties": [
        {
          "component_name": "FuselageDualSeat_8_1",
          "component_property": "SEAT_2_LR"
        }
      ]
    },
    {
      "parameter_name": "RightMountSide",
      "value": "2",
      "component_properties": [
        {
          "component_name": "Battery_26_1",
          "component_property": "MOUNT_SIDE"
        }
      ]
    },
    {
      "parameter_name": "FuselageDualSeat_8_MIDDLE_LENGTH",
      "value": "275.0",
      "component_properties": [
        {
          "component_name": "FuselageDualSeat_8_1",
          "component_property": "MIDDLE_LENGTH"
        }
      ]
    },
    {
      "parameter_name": "NegPropDir",
      "value": "-1",
      "component_properties": [
        {
          "component_name": "Propeller_1",
          "component_property": "Direction"
        },
        {
          "component_name": "Propeller_3",
          "component_property": "Direction"
        },
        {
          "component_name": "Propeller_5",
          "component_property": "Direction"
        },
        {
          "component_name": "Propeller_9",
          "component_property": "Direction"
        },
        {
          "component_name": "Propeller_11",
          "component_property": "Direction"
        },
        {
          "component_name": "Propeller_13",
          "component_property": "Direction"
        },
        {
          "component_name": "Propeller_14",
          "component_property": "Direction"
        }
      ]
    },
    {
      "parameter_name": "NACA_6512_THICKNESS",
      "value": "12",
      "component_properties": [
        {
          "component_name": "NACAPortConnector_1",
          "component_property": "THICKNESS"
        },
        {
          "component_name": "Wing_13_1",
          "component_property": "THICKNESS"
        },
        {
          "component_name": "Battery_25_1",
          "component_property": "THICKNESS"
        },
        {
          "component_name": "Wing_13_2",
          "component_property": "THICKNESS"
        },
        {
          "component_name": "Battery_26_1",
          "component_property": "THICKNESS"
        }
      ]
    },
    {
      "parameter_name": "WingPair_8_VOLUME_PERCENT",
      "value": "48.71824589813875",
      "component_properties": [
        {
          "component_name": "Battery_25_1",
          "component_property": "VOLUME_PERCENT"
        },
        {
          "component_name": "Battery_26_1",
          "component_property": "VOLUME_PERCENT"
        }
      ]
    },
    {
      "parameter_name": "WingPair_8_AILERON_BIAS",
      "value": "0.7394435451479019",
      "component_properties": [
        {
          "component_name": "Wing_13_1",
          "component_property": "AILERON_BIAS"
        },
        {
          "component_name": "Wing_13_2",
          "component_property": "AILERON_BIAS"
        }
      ]
    },
    {
      "parameter_name": "GLOBAL_VOLTAGE",
      "value": "802.9000000000001",
      "component_properties": [
        {
          "component_name": "Battery_25_1",
          "component_property": "VOLTAGE_REQUEST"
        },
        {
          "component_name": "Battery_26_1",
          "component_property": "VOLTAGE_REQUEST"
        }
      ]
    },
    {
      "parameter_name": "LeftMountSide",
      "value": "1",
      "component_properties": [
        {
          "component_name": "Battery_25_1",
          "component_property": "MOUNT_SIDE"
        }
      ]
    },
    {
      "parameter_name": "FuselageDualSeat_8_LENGTH",
      "value": "2000.0",
      "component_properties": [
        {
          "component_name": "FuselageDualSeat_8_1",
          "component_property": "LENGTH"
        }
      ]
    },
    {
      "parameter_name": "FuselageDualSeat_8_SEAT_1_LR",
      "value": "-210.0",
      "component_properties": [
        {
          "component_name": "FuselageDualSeat_8_1",
          "component_property": "SEAT_1_LR"
        }
      ]
    },
    {
      "parameter_name": "FuselageDualSeat_8_FLOOR_HEIGHT",
      "value": "150.0",
      "component_properties": [
        {
          "component_name": "FuselageDualSeat_8_1",
          "component_property": "FLOOR_HEIGHT"
        }
      ]
    },
    {
      "parameter_name": "WingPair_8_SPAN",
      "value": "10037.73994641838",
      "component_properties": [
        {
          "component_name": "Wing_13_1",
          "component_property": "SPAN"
        },
        {
          "component_name": "Battery_25_1",
          "component_property": "SPAN"
        },
        {
          "component_name": "Wing_13_2",
          "component_property": "SPAN"
        },
        {
          "component_name": "Battery_26_1",
          "component_property": "SPAN"
        }
      ]
    }
  ],
  "components": [
    {
      "component_instance": "BatteryController_8_1",
      "component_type": "BatteryController",
      "component_choice": "BatteryController"
    },
    {
      "component_instance": "Battery_25_1",
      "component_type": "Battery",
      "component_choice": "Saft18AhLi"
    },
    {
      "component_instance": "Battery_26_1",
      "component_type": "Battery",
      "component_choice": "Saft18AhLi"
    },
    {
      "component_instance": "FuselageDualSeat_8_1",
      "component_type": "Fuselage",
      "component_choice": "FUSE_SPHERE_CYL_CONE"
    },
    {
      "component_instance": "Motor_1",
      "component_type": "Motor",
      "component_choice": "MAGiDRIVE300"
    },
    {
      "component_instance": "Motor_10",
      "component_type": "Motor",
      "component_choice": "MAGiDRIVE300"
    },
    {
      "component_instance": "Motor_11",
      "component_type": "Motor",
      "component_choice": "MAGiDRIVE300"
    },
    {
      "component_instance": "Motor_12",
      "component_type": "Motor",
      "component_choice": "MAGiDRIVE300"
    },
    {
      "component_instance": "Motor_13",
      "component_type": "Motor",
      "component_choice": "MAGiDRIVE300"
    },
    {
      "component_instance": "Motor_14",
      "component_type": "Motor",
      "component_choice": "MAGiDRIVE300"
    },
    {
      "component_instance": "Motor_2",
      "component_type": "Motor",
      "component_choice": "MAGiDRIVE300"
    },
    {
      "component_instance": "Motor_3",
      "component_type": "Motor",
      "component_choice": "MAGiDRIVE300"
    },
    {
      "component_instance": "Motor_4",
      "component_type": "Motor",
      "component_choice": "MAGiDRIVE300"
    },
    {
      "component_instance": "Motor_5",
      "component_type": "Motor",
      "component_choice": "MAGiDRIVE300"
    },
    {
      "component_instance": "Motor_6",
      "component_type": "Motor",
      "component_choice": "MAGiDRIVE300"
    },
    {
      "component_instance": "Motor_7",
      "component_type": "Motor",
      "component_choice": "MAGiDRIVE300"
    },
    {
      "component_instance": "Motor_8",
      "component_type": "Motor",
      "component_choice": "MAGiDRIVE300"
    },
    {
      "component_instance": "Motor_9",
      "component_type": "Motor",
      "component_choice": "MAGiDRIVE300"
    },
    {
      "component_instance": "NACAPortConnector_1",
      "component_type": "NACA_Port_Connector",
      "component_choice": "naca_connector"
    },
    {
      "component_instance": "Orient",
      "component_type": "Orient",
      "component_choice": "Orient"
    },
    {
      "component_instance": "Passenger_1",
      "component_type": "Passenger",
      "component_choice": "Passenger"
    },
    {
      "component_instance": "Passenger_2",
      "component_type": "Passenger",
      "component_choice": "Passenger"
    },
    {
      "component_instance": "Propeller_1",
      "component_type": "Propeller",
      "component_choice": "55x10_4_2000_51_870"
    },
    {
      "component_instance": "Propeller_10",
      "component_type": "Propeller",
      "component_choice": "55x10_4_2000_51_870"
    },
    {
      "component_instance": "Propeller_11",
      "component_type": "Propeller",
      "component_choice": "55x10_4_2000_51_870"
    },
    {
      "component_instance": "Propeller_12",
      "component_type": "Propeller",
      "component_choice": "55x10_4_2000_51_870"
    },
    {
      "component_instance": "Propeller_13",
      "component_type": "Propeller",
      "component_choice": "55x10_4_2000_51_870"
    },
    {
      "component_instance": "Propeller_14",
      "component_type": "Propeller",
      "component_choice": "55x10_4_2000_51_870"
    },
    {
      "component_instance": "Propeller_2",
      "component_type": "Propeller",
      "component_choice": "55x10_4_2000_51_870"
    },
    {
      "component_instance": "Propeller_3",
      "component_type": "Propeller",
      "component_choice": "55x10_4_2000_51_870"
    },
    {
      "component_instance": "Propeller_4",
      "component_type": "Propeller",
      "component_choice": "55x10_4_2000_51_870"
    },
    {
      "component_instance": "Propeller_5",
      "component_type": "Propeller",
      "component_choice": "55x10_4_2000_51_870"
    },
    {
      "component_instance": "Propeller_6",
      "component_type": "Propeller",
      "component_choice": "55x10_4_2000_51_870"
    },
    {
      "component_instance": "Propeller_7",
      "component_type": "Propeller",
      "component_choice": "55x10_4_2000_51_870"
    },
    {
      "component_instance": "Propeller_8",
      "component_type": "Propeller",
      "component_choice": "55x10_4_2000_51_870"
    },
    {
      "component_instance": "Propeller_9",
      "component_type": "Propeller",
      "component_choice": "55x10_4_2000_51_870"
    },
    {
      "component_instance": "StraightArm_33_1",
      "component_type": "Cylinder",
      "component_choice": "PORTED_CYL"
    },
    {
      "component_instance": "StraightArm_33_2",
      "component_type": "Cylinder",
      "component_choice": "PORTED_CYL"
    },
    {
      "component_instance": "StraightArm_34_1",
      "component_type": "Cylinder",
      "component_choice": "PORTED_CYL"
    },
    {
      "component_instance": "StraightArm_34_2",
      "component_type": "Cylinder",
      "component_choice": "PORTED_CYL"
    },
    {
      "component_instance": "StraightArm_34_3",
      "component_type": "Cylinder",
      "component_choice": "PORTED_CYL"
    },
    {
      "component_instance": "StraightArm_34_4",
      "component_type": "Cylinder",
      "component_choice": "PORTED_CYL"
    },
    {
      "component_instance": "Wing_13_1",
      "component_type": "Wing",
      "component_choice": "naca_wing"
    },
    {
      "component_instance": "Wing_13_2",
      "component_type": "Wing",
      "component_choice": "naca_wing"
    }
  ],
  "connections": [
    {
      "from_ci": "BatteryController_8_1",
      "from_conn": "MotorPower",
      "to_ci": "Motor_5",
      "to_conn": "MotorPower"
    },
    {
      "from_ci": "BatteryController_8_1",
      "from_conn": "MotorPower",
      "to_ci": "Motor_6",
      "to_conn": "MotorPower"
    },
    {
      "from_ci": "BatteryController_8_1",
      "from_conn": "MotorPower",
      "to_ci": "Motor_11",
      "to_conn": "MotorPower"
    },
    {
      "from_ci": "BatteryController_8_1",
      "from_conn": "MotorPower",
      "to_ci": "Motor_1",
      "to_conn": "MotorPower"
    },
    {
      "from_ci": "BatteryController_8_1",
      "from_conn": "MotorPower",
      "to_ci": "Motor_7",
      "to_conn": "MotorPower"
    },
    {
      "from_ci": "BatteryController_8_1",
      "from_conn": "BatteryPower",
      "to_ci": "Battery_26_1",
      "to_conn": "PowerBus"
    },
    {
      "from_ci": "BatteryController_8_1",
      "from_conn": "MotorPower",
      "to_ci": "Motor_12",
      "to_conn": "MotorPower"
    },
    {
      "from_ci": "BatteryController_8_1",
      "from_conn": "MotorPower",
      "to_ci": "Motor_10",
      "to_conn": "MotorPower"
    },
    {
      "from_ci": "BatteryController_8_1",
      "from_conn": "MotorPower",
      "to_ci": "Motor_9",
      "to_conn": "MotorPower"
    },
    {
      "from_ci": "BatteryController_8_1",
      "from_conn": "MotorPower",
      "to_ci": "Motor_3",
      "to_conn": "MotorPower"
    },
    {
      "from_ci": "BatteryController_8_1",
      "from_conn": "MotorPower",
      "to_ci": "Motor_2",
      "to_conn": "MotorPower"
    },
    {
      "from_ci": "BatteryController_8_1",
      "from_conn": "MotorPower",
      "to_ci": "Motor_14",
      "to_conn": "MotorPower"
    },
    {
      "from_ci": "BatteryController_8_1",
      "from_conn": "MotorPower",
      "to_ci": "Motor_13",
      "to_conn": "MotorPower"
    },
    {
      "from_ci": "BatteryController_8_1",
      "from_conn": "MotorPower",
      "to_ci": "Motor_4",
      "to_conn": "MotorPower"
    },
    {
      "from_ci": "BatteryController_8_1",
      "from_conn": "MotorPower",
      "to_ci": "Motor_8",
      "to_conn": "MotorPower"
    },
    {
      "from_ci": "BatteryController_8_1",
      "from_conn": "BatteryPower",
      "to_ci": "Battery_25_1",
      "to_conn": "PowerBus"
    },
    {
      "from_ci": "FuselageDualSeat_8_1",
      "from_conn": "SEAT_2_CONNECTOR",
      "to_ci": "Passenger_2",
      "to_conn": "Connector"
    },
    {
      "from_ci": "FuselageDualSeat_8_1",
      "from_conn": "TOP_CONNECTOR",
      "to_ci": "NACAPortConnector_1",
      "to_conn": "Bottom_Connector"
    },
    {
      "from_ci": "FuselageDualSeat_8_1",
      "from_conn": "SEAT_1_CONNECTOR",
      "to_ci": "Passenger_1",
      "to_conn": "Connector"
    },
    {
      "from_ci": "Motor_1",
      "from_conn": "Prop_Connector",
      "to_ci": "Propeller_1",
      "to_conn": "MOTOR_CONNECTOR_CS_IN"
    },
    {
      "from_ci": "Motor_10",
      "from_conn": "Prop_Connector",
      "to_ci": "Propeller_10",
      "to_conn": "MOTOR_CONNECTOR_CS_IN"
    },
    {
      "from_ci": "Motor_11",
      "from_conn": "Prop_Connector",
      "to_ci": "Propeller_11",
      "to_conn": "MOTOR_CONNECTOR_CS_IN"
    },
    {
      "from_ci": "Motor_12",
      "from_conn": "Prop_Connector",
      "to_ci": "Propeller_12",
      "to_conn": "MOTOR_CONNECTOR_CS_IN"
    },
    {
      "from_ci": "Motor_13",
      "from_conn": "Prop_Connector",
      "to_ci": "Propeller_13",
      "to_conn": "MOTOR_CONNECTOR_CS_IN"
    },
    {
      "from_ci": "Motor_14",
      "from_conn": "Prop_Connector",
      "to_ci": "Propeller_14",
      "to_conn": "MOTOR_CONNECTOR_CS_IN"
    },
    {
      "from_ci": "Motor_2",
      "from_conn": "Prop_Connector",
      "to_ci": "Propeller_2",
      "to_conn": "MOTOR_CONNECTOR_CS_IN"
    },
    {
      "from_ci": "Motor_3",
      "from_conn": "Prop_Connector",
      "to_ci": "Propeller_3",
      "to_conn": "MOTOR_CONNECTOR_CS_IN"
    },
    {
      "from_ci": "Motor_4",
      "from_conn": "Prop_Connector",
      "to_ci": "Propeller_4",
      "to_conn": "MOTOR_CONNECTOR_CS_IN"
    },
    {
      "from_ci": "Motor_5",
      "from_conn": "Prop_Connector",
      "to_ci": "Propeller_5",
      "to_conn": "MOTOR_CONNECTOR_CS_IN"
    },
    {
      "from_ci": "Motor_6",
      "from_conn": "Prop_Connector",
      "to_ci": "Propeller_6",
      "to_conn": "MOTOR_CONNECTOR_CS_IN"
    },
    {
      "from_ci": "Motor_7",
      "from_conn": "Prop_Connector",
      "to_ci": "Propeller_7",
      "to_conn": "MOTOR_CONNECTOR_CS_IN"
    },
    {
      "from_ci": "Motor_8",
      "from_conn": "Prop_Connector",
      "to_ci": "Propeller_8",
      "to_conn": "MOTOR_CONNECTOR_CS_IN"
    },
    {
      "from_ci": "Motor_9",
      "from_conn": "Prop_Connector",
      "to_ci": "Propeller_9",
      "to_conn": "MOTOR_CONNECTOR_CS_IN"
    },
    {
      "from_ci": "NACAPortConnector_1",
      "from_conn": "End_Connector_1",
      "to_ci": "Wing_13_1",
      "to_conn": "Connector_1"
    },
    {
      "from_ci": "NACAPortConnector_1",
      "from_conn": "End_Connector_2",
      "to_ci": "Wing_13_2",
      "to_conn": "Connector_2"
    },
    {
      "from_ci": "Orient",
      "from_conn": "ORIENTCONN",
      "to_ci": "FuselageDualSeat_8_1",
      "to_conn": "ORIENT"
    },
    {
      "from_ci": "StraightArm_33_1",
      "from_conn": "TOP_CONNECTOR",
      "to_ci": "Motor_2",
      "to_conn": "Base_Connector"
    },
    {
      "from_ci": "StraightArm_33_1",
      "from_conn": "REAR_CONNECTOR",
      "to_ci": "StraightArm_34_2",
      "to_conn": "FRONT_CONNECTOR"
    },
    {
      "from_ci": "StraightArm_33_1",
      "from_conn": "BOTTOM_CONNECTOR",
      "to_ci": "Motor_1",
      "to_conn": "Base_Connector"
    },
    {
      "from_ci": "StraightArm_33_1",
      "from_conn": "FRONT_CONNECTOR",
      "to_ci": "StraightArm_34_1",
      "to_conn": "FRONT_CONNECTOR"
    },
    {
      "from_ci": "StraightArm_33_2",
      "from_conn": "REAR_CONNECTOR",
      "to_ci": "StraightArm_34_4",
      "to_conn": "FRONT_CONNECTOR"
    },
    {
      "from_ci": "StraightArm_33_2",
      "from_conn": "FRONT_CONNECTOR",
      "to_ci": "StraightArm_34_3",
      "to_conn": "FRONT_CONNECTOR"
    },
    {
      "from_ci": "StraightArm_33_2",
      "from_conn": "TOP_CONNECTOR",
      "to_ci": "Motor_9",
      "to_conn": "Base_Connector"
    },
    {
      "from_ci": "StraightArm_33_2",
      "from_conn": "BOTTOM_CONNECTOR",
      "to_ci": "Motor_8",
      "to_conn": "Base_Connector"
    },
    {
      "from_ci": "StraightArm_34_1",
      "from_conn": "BOTTOM_CONNECTOR",
      "to_ci": "Motor_3",
      "to_conn": "Base_Connector"
    },
    {
      "from_ci": "StraightArm_34_1",
      "from_conn": "REAR_CONNECTOR",
      "to_ci": "Motor_7",
      "to_conn": "Base_Connector"
    },
    {
      "from_ci": "StraightArm_34_1",
      "from_conn": "TOP_CONNECTOR",
      "to_ci": "Motor_4",
      "to_conn": "Base_Connector"
    },
    {
      "from_ci": "StraightArm_34_2",
      "from_conn": "BOTTOM_CONNECTOR",
      "to_ci": "Motor_5",
      "to_conn": "Base_Connector"
    },
    {
      "from_ci": "StraightArm_34_2",
      "from_conn": "TOP_CONNECTOR",
      "to_ci": "Motor_6",
      "to_conn": "Base_Connector"
    },
    {
      "from_ci": "StraightArm_34_3",
      "from_conn": "BOTTOM_CONNECTOR",
      "to_ci": "Motor_10",
      "to_conn": "Base_Connector"
    },
    {
      "from_ci": "StraightArm_34_3",
      "from_conn": "TOP_CONNECTOR",
      "to_ci": "Motor_11",
      "to_conn": "Base_Connector"
    },
    {
      "from_ci": "StraightArm_34_3",
      "from_conn": "REAR_CONNECTOR",
      "to_ci": "Motor_14",
      "to_conn": "Base_Connector"
    },
    {
      "from_ci": "StraightArm_34_4",
      "from_conn": "BOTTOM_CONNECTOR",
      "to_ci": "Motor_12",
      "to_conn": "Base_Connector"
    },
    {
      "from_ci": "StraightArm_34_4",
      "from_conn": "TOP_CONNECTOR",
      "to_ci": "Motor_13",
      "to_conn": "Base_Connector"
    },
    {
      "from_ci": "Wing_13_1",
      "from_conn": "Connector_2",
      "to_ci": "StraightArm_33_1",
      "to_conn": "RIGHT_CONNECTOR"
    },
    {
      "from_ci": "Wing_13_1",
      "from_conn": "Battery_Connector_1",
      "to_ci": "Battery_25_1",
      "to_conn": "Battery_Connector_1_out"
    },
    {
      "from_ci": "Wing_13_2",
      "from_conn": "Connector_1",
      "to_ci": "StraightArm_33_2",
      "to_conn": "LEFT_CONNECTOR"
    },
    {
      "from_ci": "Wing_13_2",
      "from_conn": "Battery_Connector_2",
      "to_ci": "Battery_26_1",
      "to_conn": "Battery_Connector_2_out"
    }
  ]
}
