{
  "name": "Trowel",
  "parameters": [
    {
      "parameter_name": "left_front_motor_1_vert_CONTROL_CHANNEL",
      "value": "1.0",
      "component_properties": [
        {
          "component_name": "left_front_motor_1_vert",
          "component_property": "CONTROL_CHANNEL"
        }
      ]
    },
    {
      "parameter_name": "front_left_cyl_1_TOP_CONN_DISP",
      "value": "0.0",
      "component_properties": [
        {
          "component_name": "front_left_cyl_1",
          "component_property": "TOP_CONN_DISP"
        }
      ]
    },
    {
      "parameter_name": "front_left_cyl_1_LENGTH",
      "value": "1650.0",
      "component_properties": [
        { "component_name": "front_left_cyl_1", "component_property": "LENGTH" }
      ]
    },
    {
      "parameter_name": "front_left_cyl_1_BOTTOM_CONN_DISP",
      "value": "0.0",
      "component_properties": [
        {
          "component_name": "front_left_cyl_1",
          "component_property": "BOTTOM_CONN_DISP"
        }
      ]
    },
    {
      "parameter_name": "front_left_cyl_1_PORT_THICKNESS",
      "value": "100.0",
      "component_properties": [
        {
          "component_name": "front_left_cyl_1",
          "component_property": "PORT_THICKNESS"
        }
      ]
    },
    {
      "parameter_name": "front_left_cyl_1_RIGHT_CONN_DISP",
      "value": "0.0",
      "component_properties": [
        {
          "component_name": "front_left_cyl_1",
          "component_property": "RIGHT_CONN_DISP"
        }
      ]
    },
    {
      "parameter_name": "front_left_cyl_1_LEFT_CONN_DISP",
      "value": "0.0",
      "component_properties": [
        {
          "component_name": "front_left_cyl_1",
          "component_property": "LEFT_CONN_DISP"
        }
      ]
    },
    {
      "parameter_name": "front_left_cyl_1_DIAMETER",
      "value": "200.0",
      "component_properties": [
        {
          "component_name": "front_left_cyl_1",
          "component_property": "DIAMETER"
        }
      ]
    },
    {
      "parameter_name": "front_left_cyl_1_FRONT_ANGLE",
      "value": "0.0",
      "component_properties": [
        {
          "component_name": "front_left_cyl_1",
          "component_property": "FRONT_ANGLE"
        }
      ]
    },
    {
      "parameter_name": "top_naca_connector_THICKNESS",
      "value": "12.0",
      "component_properties": [
        {
          "component_name": "top_naca_connector",
          "component_property": "THICKNESS"
        }
      ]
    },
    {
      "parameter_name": "top_naca_connector_CHORD",
      "value": "2000.0",
      "component_properties": [
        {
          "component_name": "top_naca_connector",
          "component_property": "CHORD"
        }
      ]
    },
    {
      "parameter_name": "top_naca_connector_PORT_THICKNESS",
      "value": "150.0",
      "component_properties": [
        {
          "component_name": "top_naca_connector",
          "component_property": "PORT_THICKNESS"
        }
      ]
    },
    {
      "parameter_name": "top_naca_connector_BOTTOM_CONNECTION_DISP",
      "value": "0.0",
      "component_properties": [
        {
          "component_name": "top_naca_connector",
          "component_property": "BOTTOM_CONNECTION_DISP"
        }
      ]
    },
    {
      "parameter_name": "left_rear_motor_2_vert_CONTROL_CHANNEL",
      "value": "1.0",
      "component_properties": [
        {
          "component_name": "left_rear_motor_2_vert",
          "component_property": "CONTROL_CHANNEL"
        }
      ]
    },
    {
      "parameter_name": "left_rear_prop_3_vert_Prop_type",
      "value": "-1.0",
      "component_properties": [
        {
          "component_name": "left_rear_prop_3_vert",
          "component_property": "Prop_type"
        }
      ]
    },
    {
      "parameter_name": "left_rear_prop_3_vert_Direction",
      "value": "-1.0",
      "component_properties": [
        {
          "component_name": "left_rear_prop_3_vert",
          "component_property": "Direction"
        }
      ]
    },
    {
      "parameter_name": "right_front_motor_2_vert_CONTROL_CHANNEL",
      "value": "1.0",
      "component_properties": [
        {
          "component_name": "right_front_motor_2_vert",
          "component_property": "CONTROL_CHANNEL"
        }
      ]
    },
    {
      "parameter_name": "front_left_cyl_flip_DIAMETER",
      "value": "200.0",
      "component_properties": [
        {
          "component_name": "front_left_cyl_flip",
          "component_property": "DIAMETER"
        }
      ]
    },
    {
      "parameter_name": "right_front_prop_2_vert_Prop_type",
      "value": "1.0",
      "component_properties": [
        {
          "component_name": "right_front_prop_2_vert",
          "component_property": "Prop_type"
        }
      ]
    },
    {
      "parameter_name": "right_front_prop_2_vert_Direction",
      "value": "1.0",
      "component_properties": [
        {
          "component_name": "right_front_prop_2_vert",
          "component_property": "Direction"
        }
      ]
    },
    {
      "parameter_name": "rear_right_cyl_1_TOP_CONN_DISP",
      "value": "0.0",
      "component_properties": [
        {
          "component_name": "rear_right_cyl_1",
          "component_property": "TOP_CONN_DISP"
        }
      ]
    },
    {
      "parameter_name": "rear_right_cyl_1_LENGTH",
      "value": "1650.0",
      "component_properties": [
        { "component_name": "rear_right_cyl_1", "component_property": "LENGTH" }
      ]
    },
    {
      "parameter_name": "rear_right_cyl_1_BOTTOM_CONN_DISP",
      "value": "0.0",
      "component_properties": [
        {
          "component_name": "rear_right_cyl_1",
          "component_property": "BOTTOM_CONN_DISP"
        }
      ]
    },
    {
      "parameter_name": "rear_right_cyl_1_PORT_THICKNESS",
      "value": "100.0",
      "component_properties": [
        {
          "component_name": "rear_right_cyl_1",
          "component_property": "PORT_THICKNESS"
        }
      ]
    },
    {
      "parameter_name": "rear_right_cyl_1_RIGHT_CONN_DISP",
      "value": "0.0",
      "component_properties": [
        {
          "component_name": "rear_right_cyl_1",
          "component_property": "RIGHT_CONN_DISP"
        }
      ]
    },
    {
      "parameter_name": "rear_right_cyl_1_LEFT_CONN_DISP",
      "value": "0.0",
      "component_properties": [
        {
          "component_name": "rear_right_cyl_1",
          "component_property": "LEFT_CONN_DISP"
        }
      ]
    },
    {
      "parameter_name": "rear_right_cyl_1_DIAMETER",
      "value": "200.0",
      "component_properties": [
        {
          "component_name": "rear_right_cyl_1",
          "component_property": "DIAMETER"
        }
      ]
    },
    {
      "parameter_name": "rear_right_cyl_1_FRONT_ANGLE",
      "value": "0.0",
      "component_properties": [
        {
          "component_name": "rear_right_cyl_1",
          "component_property": "FRONT_ANGLE"
        }
      ]
    },
    {
      "parameter_name": "left_front_motor_fwd_CONTROL_CHANNEL",
      "value": "1.0",
      "component_properties": [
        {
          "component_name": "left_front_motor_fwd",
          "component_property": "CONTROL_CHANNEL"
        }
      ]
    },
    {
      "parameter_name": "right_front_motor_1_vert_CONTROL_CHANNEL",
      "value": "1.0",
      "component_properties": [
        {
          "component_name": "right_front_motor_1_vert",
          "component_property": "CONTROL_CHANNEL"
        }
      ]
    },
    {
      "parameter_name": "left_front_prop_fwd_Prop_type",
      "value": "-1.0",
      "component_properties": [
        {
          "component_name": "left_front_prop_fwd",
          "component_property": "Prop_type"
        }
      ]
    },
    {
      "parameter_name": "left_front_prop_fwd_Direction",
      "value": "-1.0",
      "component_properties": [
        {
          "component_name": "left_front_prop_fwd",
          "component_property": "Direction"
        }
      ]
    },
    {
      "parameter_name": "right_rear_motor_2_vert_CONTROL_CHANNEL",
      "value": "1.0",
      "component_properties": [
        {
          "component_name": "right_rear_motor_2_vert",
          "component_property": "CONTROL_CHANNEL"
        }
      ]
    },
    {
      "parameter_name": "front_left_cyl_2_TOP_CONN_DISP",
      "value": "0.0",
      "component_properties": [
        {
          "component_name": "front_left_cyl_2",
          "component_property": "TOP_CONN_DISP"
        }
      ]
    },
    {
      "parameter_name": "front_left_cyl_2_LENGTH",
      "value": "1650.0",
      "component_properties": [
        { "component_name": "front_left_cyl_2", "component_property": "LENGTH" }
      ]
    },
    {
      "parameter_name": "front_left_cyl_2_BOTTOM_CONN_DISP",
      "value": "0.0",
      "component_properties": [
        {
          "component_name": "front_left_cyl_2",
          "component_property": "BOTTOM_CONN_DISP"
        }
      ]
    },
    {
      "parameter_name": "front_left_cyl_2_PORT_THICKNESS",
      "value": "100.0",
      "component_properties": [
        {
          "component_name": "front_left_cyl_2",
          "component_property": "PORT_THICKNESS"
        }
      ]
    },
    {
      "parameter_name": "front_left_cyl_2_RIGHT_CONN_DISP",
      "value": "0.0",
      "component_properties": [
        {
          "component_name": "front_left_cyl_2",
          "component_property": "RIGHT_CONN_DISP"
        }
      ]
    },
    {
      "parameter_name": "front_left_cyl_2_LEFT_CONN_DISP",
      "value": "0.0",
      "component_properties": [
        {
          "component_name": "front_left_cyl_2",
          "component_property": "LEFT_CONN_DISP"
        }
      ]
    },
    {
      "parameter_name": "front_left_cyl_2_DIAMETER",
      "value": "200.0",
      "component_properties": [
        {
          "component_name": "front_left_cyl_2",
          "component_property": "DIAMETER"
        }
      ]
    },
    {
      "parameter_name": "front_left_cyl_2_FRONT_ANGLE",
      "value": "0.0",
      "component_properties": [
        {
          "component_name": "front_left_cyl_2",
          "component_property": "FRONT_ANGLE"
        }
      ]
    },
    {
      "parameter_name": "fuselage_MIDDLE_LENGTH",
      "value": "300.0",
      "component_properties": [
        { "component_name": "fuselage", "component_property": "MIDDLE_LENGTH" }
      ]
    },
    {
      "parameter_name": "fuselage_BOTTOM_PORT_DISP",
      "value": "0.0",
      "component_properties": [
        {
          "component_name": "fuselage",
          "component_property": "BOTTOM_PORT_DISP"
        }
      ]
    },
    {
      "parameter_name": "fuselage_SEAT_1_FB",
      "value": "790.0",
      "component_properties": [
        { "component_name": "fuselage", "component_property": "SEAT_1_FB" }
      ]
    },
    {
      "parameter_name": "fuselage_CHORD",
      "value": "6000.0",
      "component_properties": [
        { "component_name": "fuselage", "component_property": "CHORD" }
      ]
    },
    {
      "parameter_name": "fuselage_SEAT_2_FB",
      "value": "790.0",
      "component_properties": [
        { "component_name": "fuselage", "component_property": "SEAT_2_FB" }
      ]
    },
    {
      "parameter_name": "fuselage_SPHERE_DIAMETER",
      "value": "1520.0",
      "component_properties": [
        {
          "component_name": "fuselage",
          "component_property": "SPHERE_DIAMETER"
        }
      ]
    },
    {
      "parameter_name": "fuselage_PORT_CHORD",
      "value": "1000.0",
      "component_properties": [
        { "component_name": "fuselage", "component_property": "PORT_CHORD" }
      ]
    },
    {
      "parameter_name": "fuselage_LENGTH",
      "value": "2000.0",
      "component_properties": [
        { "component_name": "fuselage", "component_property": "LENGTH" }
      ]
    },
    {
      "parameter_name": "fuselage_TOP_PORT_DISP",
      "value": "0.0",
      "component_properties": [
        { "component_name": "fuselage", "component_property": "TOP_PORT_DISP" }
      ]
    },
    {
      "parameter_name": "fuselage_SEAT_1_LR",
      "value": "210.0",
      "component_properties": [
        { "component_name": "fuselage", "component_property": "SEAT_1_LR" }
      ]
    },
    {
      "parameter_name": "fuselage_PORT_THICKNESS",
      "value": "150.0",
      "component_properties": [
        { "component_name": "fuselage", "component_property": "PORT_THICKNESS" }
      ]
    },
    {
      "parameter_name": "fuselage_TAIL_DIAMETER",
      "value": "200.0",
      "component_properties": [
        { "component_name": "fuselage", "component_property": "TAIL_DIAMETER" }
      ]
    },
    {
      "parameter_name": "fuselage_RIGHT_PORT_DISP",
      "value": "0.0",
      "component_properties": [
        {
          "component_name": "fuselage",
          "component_property": "RIGHT_PORT_DISP"
        }
      ]
    },
    {
      "parameter_name": "fuselage_SEAT_2_LR",
      "value": "-210.0",
      "component_properties": [
        { "component_name": "fuselage", "component_property": "SEAT_2_LR" }
      ]
    },
    {
      "parameter_name": "fuselage_FLOOR_HEIGHT",
      "value": "150.0",
      "component_properties": [
        { "component_name": "fuselage", "component_property": "FLOOR_HEIGHT" }
      ]
    },
    {
      "parameter_name": "fuselage_THICKNESS",
      "value": "24.0",
      "component_properties": [
        { "component_name": "fuselage", "component_property": "THICKNESS" }
      ]
    },
    {
      "parameter_name": "fuselage_PORT_OFFSET",
      "value": "4000.0",
      "component_properties": [
        { "component_name": "fuselage", "component_property": "PORT_OFFSET" }
      ]
    },
    {
      "parameter_name": "fuselage_LEFT_PORT_DISP",
      "value": "0.0",
      "component_properties": [
        { "component_name": "fuselage", "component_property": "LEFT_PORT_DISP" }
      ]
    },
    {
      "parameter_name": "right_bot_wing_AILERON_BIAS",
      "value": "0.5",
      "component_properties": [
        {
          "component_name": "right_bot_wing",
          "component_property": "AILERON_BIAS"
        }
      ]
    },
    {
      "parameter_name": "right_bot_wing_THICKNESS",
      "value": "25.0",
      "component_properties": [
        {
          "component_name": "right_bot_wing",
          "component_property": "THICKNESS"
        }
      ]
    },
    {
      "parameter_name": "right_bot_wing_NACA_Profile",
      "value": "25.0",
      "component_properties": [
        {
          "component_name": "right_bot_wing",
          "component_property": "NACA_Profile"
        }
      ]
    },
    {
      "parameter_name": "right_bot_wing_SPAN",
      "value": "4500.0",
      "component_properties": [
        { "component_name": "right_bot_wing", "component_property": "SPAN" }
      ]
    },
    {
      "parameter_name": "right_bot_wing_LOAD",
      "value": "2000.0",
      "component_properties": [
        { "component_name": "right_bot_wing", "component_property": "LOAD" }
      ]
    },
    {
      "parameter_name": "right_bot_wing_CHORD_1",
      "value": "1000.0",
      "component_properties": [
        { "component_name": "right_bot_wing", "component_property": "CHORD_1" }
      ]
    },
    {
      "parameter_name": "right_bot_wing_CHORD_2",
      "value": "1000.0",
      "component_properties": [
        { "component_name": "right_bot_wing", "component_property": "CHORD_2" }
      ]
    },
    {
      "parameter_name": "right_bot_wing_TAPER_OFFSET",
      "value": "0.0",
      "component_properties": [
        {
          "component_name": "right_bot_wing",
          "component_property": "TAPER_OFFSET"
        }
      ]
    },
    {
      "parameter_name": "right_bot_wing_FLAP_BIAS",
      "value": "0.5",
      "component_properties": [
        {
          "component_name": "right_bot_wing",
          "component_property": "FLAP_BIAS"
        }
      ]
    },
    {
      "parameter_name": "bot_naca_connector_THICKNESS",
      "value": "25.0",
      "component_properties": [
        {
          "component_name": "bot_naca_connector",
          "component_property": "THICKNESS"
        }
      ]
    },
    {
      "parameter_name": "bot_naca_connector_CHORD",
      "value": "1000.0",
      "component_properties": [
        {
          "component_name": "bot_naca_connector",
          "component_property": "CHORD"
        }
      ]
    },
    {
      "parameter_name": "bot_naca_connector_PORT_THICKNESS",
      "value": "150.0",
      "component_properties": [
        {
          "component_name": "bot_naca_connector",
          "component_property": "PORT_THICKNESS"
        }
      ]
    },
    {
      "parameter_name": "bot_naca_connector_BOTTOM_CONNECTION_DISP",
      "value": "0.0",
      "component_properties": [
        {
          "component_name": "bot_naca_connector",
          "component_property": "BOTTOM_CONNECTION_DISP"
        }
      ]
    },
    {
      "parameter_name": "right_rear_prop_1_vert_Prop_type",
      "value": "1.0",
      "component_properties": [
        {
          "component_name": "right_rear_prop_1_vert",
          "component_property": "Prop_type"
        }
      ]
    },
    {
      "parameter_name": "right_rear_prop_1_vert_Direction",
      "value": "1.0",
      "component_properties": [
        {
          "component_name": "right_rear_prop_1_vert",
          "component_property": "Direction"
        }
      ]
    },
    {
      "parameter_name": "right_front_motor_fwd_CONTROL_CHANNEL",
      "value": "1.0",
      "component_properties": [
        {
          "component_name": "right_front_motor_fwd",
          "component_property": "CONTROL_CHANNEL"
        }
      ]
    },
    {
      "parameter_name": "left_front_prop_2_vert_Prop_type",
      "value": "-1.0",
      "component_properties": [
        {
          "component_name": "left_front_prop_2_vert",
          "component_property": "Prop_type"
        }
      ]
    },
    {
      "parameter_name": "left_front_prop_2_vert_Direction",
      "value": "-1.0",
      "component_properties": [
        {
          "component_name": "left_front_prop_2_vert",
          "component_property": "Direction"
        }
      ]
    },
    {
      "parameter_name": "777V_Bat_System_Input_Voltage",
      "value": "1.0",
      "component_properties": [
        {
          "component_name": "777V_Bat_System",
          "component_property": "Input_Voltage"
        }
      ]
    },
    {
      "parameter_name": "777V_Bat_System_Output_Voltage",
      "value": "1.0",
      "component_properties": [
        {
          "component_name": "777V_Bat_System",
          "component_property": "Output_Voltage"
        }
      ]
    },
    {
      "parameter_name": "rear_left_cyl_1_TOP_CONN_DISP",
      "value": "0.0",
      "component_properties": [
        {
          "component_name": "rear_left_cyl_1",
          "component_property": "TOP_CONN_DISP"
        }
      ]
    },
    {
      "parameter_name": "rear_left_cyl_1_LENGTH",
      "value": "1650.0",
      "component_properties": [
        { "component_name": "rear_left_cyl_1", "component_property": "LENGTH" }
      ]
    },
    {
      "parameter_name": "rear_left_cyl_1_BOTTOM_CONN_DISP",
      "value": "0.0",
      "component_properties": [
        {
          "component_name": "rear_left_cyl_1",
          "component_property": "BOTTOM_CONN_DISP"
        }
      ]
    },
    {
      "parameter_name": "rear_left_cyl_1_PORT_THICKNESS",
      "value": "100.0",
      "component_properties": [
        {
          "component_name": "rear_left_cyl_1",
          "component_property": "PORT_THICKNESS"
        }
      ]
    },
    {
      "parameter_name": "rear_left_cyl_1_RIGHT_CONN_DISP",
      "value": "0.0",
      "component_properties": [
        {
          "component_name": "rear_left_cyl_1",
          "component_property": "RIGHT_CONN_DISP"
        }
      ]
    },
    {
      "parameter_name": "rear_left_cyl_1_LEFT_CONN_DISP",
      "value": "0.0",
      "component_properties": [
        {
          "component_name": "rear_left_cyl_1",
          "component_property": "LEFT_CONN_DISP"
        }
      ]
    },
    {
      "parameter_name": "rear_left_cyl_1_DIAMETER",
      "value": "200.0",
      "component_properties": [
        {
          "component_name": "rear_left_cyl_1",
          "component_property": "DIAMETER"
        }
      ]
    },
    {
      "parameter_name": "rear_left_cyl_1_FRONT_ANGLE",
      "value": "0.0",
      "component_properties": [
        {
          "component_name": "rear_left_cyl_1",
          "component_property": "FRONT_ANGLE"
        }
      ]
    },
    {
      "parameter_name": "left_center_cyl_flip_DIAMETER",
      "value": "200.0",
      "component_properties": [
        {
          "component_name": "left_center_cyl_flip",
          "component_property": "DIAMETER"
        }
      ]
    },
    {
      "parameter_name": "Orient_Z_ANGLE",
      "value": "0.0",
      "component_properties": [
        { "component_name": "Orient", "component_property": "Z_ANGLE" }
      ]
    },
    {
      "parameter_name": "rear_left_cyl_3_TOP_CONN_DISP",
      "value": "0.0",
      "component_properties": [
        {
          "component_name": "rear_left_cyl_3",
          "component_property": "TOP_CONN_DISP"
        }
      ]
    },
    {
      "parameter_name": "rear_left_cyl_3_LENGTH",
      "value": "1650.0",
      "component_properties": [
        { "component_name": "rear_left_cyl_3", "component_property": "LENGTH" }
      ]
    },
    {
      "parameter_name": "rear_left_cyl_3_BOTTOM_CONN_DISP",
      "value": "0.0",
      "component_properties": [
        {
          "component_name": "rear_left_cyl_3",
          "component_property": "BOTTOM_CONN_DISP"
        }
      ]
    },
    {
      "parameter_name": "rear_left_cyl_3_PORT_THICKNESS",
      "value": "100.0",
      "component_properties": [
        {
          "component_name": "rear_left_cyl_3",
          "component_property": "PORT_THICKNESS"
        }
      ]
    },
    {
      "parameter_name": "rear_left_cyl_3_RIGHT_CONN_DISP",
      "value": "0.0",
      "component_properties": [
        {
          "component_name": "rear_left_cyl_3",
          "component_property": "RIGHT_CONN_DISP"
        }
      ]
    },
    {
      "parameter_name": "rear_left_cyl_3_LEFT_CONN_DISP",
      "value": "0.0",
      "component_properties": [
        {
          "component_name": "rear_left_cyl_3",
          "component_property": "LEFT_CONN_DISP"
        }
      ]
    },
    {
      "parameter_name": "rear_left_cyl_3_DIAMETER",
      "value": "200.0",
      "component_properties": [
        {
          "component_name": "rear_left_cyl_3",
          "component_property": "DIAMETER"
        }
      ]
    },
    {
      "parameter_name": "rear_left_cyl_3_FRONT_ANGLE",
      "value": "0.0",
      "component_properties": [
        {
          "component_name": "rear_left_cyl_3",
          "component_property": "FRONT_ANGLE"
        }
      ]
    },
    {
      "parameter_name": "rear_right_cyl_2_TOP_CONN_DISP",
      "value": "0.0",
      "component_properties": [
        {
          "component_name": "rear_right_cyl_2",
          "component_property": "TOP_CONN_DISP"
        }
      ]
    },
    {
      "parameter_name": "rear_right_cyl_2_LENGTH",
      "value": "1650.0",
      "component_properties": [
        { "component_name": "rear_right_cyl_2", "component_property": "LENGTH" }
      ]
    },
    {
      "parameter_name": "rear_right_cyl_2_BOTTOM_CONN_DISP",
      "value": "0.0",
      "component_properties": [
        {
          "component_name": "rear_right_cyl_2",
          "component_property": "BOTTOM_CONN_DISP"
        }
      ]
    },
    {
      "parameter_name": "rear_right_cyl_2_PORT_THICKNESS",
      "value": "100.0",
      "component_properties": [
        {
          "component_name": "rear_right_cyl_2",
          "component_property": "PORT_THICKNESS"
        }
      ]
    },
    {
      "parameter_name": "rear_right_cyl_2_RIGHT_CONN_DISP",
      "value": "0.0",
      "component_properties": [
        {
          "component_name": "rear_right_cyl_2",
          "component_property": "RIGHT_CONN_DISP"
        }
      ]
    },
    {
      "parameter_name": "rear_right_cyl_2_LEFT_CONN_DISP",
      "value": "0.0",
      "component_properties": [
        {
          "component_name": "rear_right_cyl_2",
          "component_property": "LEFT_CONN_DISP"
        }
      ]
    },
    {
      "parameter_name": "rear_right_cyl_2_DIAMETER",
      "value": "200.0",
      "component_properties": [
        {
          "component_name": "rear_right_cyl_2",
          "component_property": "DIAMETER"
        }
      ]
    },
    {
      "parameter_name": "rear_right_cyl_2_FRONT_ANGLE",
      "value": "0.0",
      "component_properties": [
        {
          "component_name": "rear_right_cyl_2",
          "component_property": "FRONT_ANGLE"
        }
      ]
    },
    {
      "parameter_name": "right_front_prop_1_vert_Prop_type",
      "value": "-1.0",
      "component_properties": [
        {
          "component_name": "right_front_prop_1_vert",
          "component_property": "Prop_type"
        }
      ]
    },
    {
      "parameter_name": "right_front_prop_1_vert_Direction",
      "value": "-1.0",
      "component_properties": [
        {
          "component_name": "right_front_prop_1_vert",
          "component_property": "Direction"
        }
      ]
    },
    {
      "parameter_name": "right_rear_motor_1_vert_CONTROL_CHANNEL",
      "value": "1.0",
      "component_properties": [
        {
          "component_name": "right_rear_motor_1_vert",
          "component_property": "CONTROL_CHANNEL"
        }
      ]
    },
    {
      "parameter_name": "left_rear_prop_1_vert_Prop_type",
      "value": "-1.0",
      "component_properties": [
        {
          "component_name": "left_rear_prop_1_vert",
          "component_property": "Prop_type"
        }
      ]
    },
    {
      "parameter_name": "left_rear_prop_1_vert_Direction",
      "value": "-1.0",
      "component_properties": [
        {
          "component_name": "left_rear_prop_1_vert",
          "component_property": "Direction"
        }
      ]
    },
    {
      "parameter_name": "left_rear_prop_2_vert_Prop_type",
      "value": "1.0",
      "component_properties": [
        {
          "component_name": "left_rear_prop_2_vert",
          "component_property": "Prop_type"
        }
      ]
    },
    {
      "parameter_name": "left_rear_prop_2_vert_Direction",
      "value": "1.0",
      "component_properties": [
        {
          "component_name": "left_rear_prop_2_vert",
          "component_property": "Direction"
        }
      ]
    },
    {
      "parameter_name": "rear_left_cyl_2_TOP_CONN_DISP",
      "value": "0.0",
      "component_properties": [
        {
          "component_name": "rear_left_cyl_2",
          "component_property": "TOP_CONN_DISP"
        }
      ]
    },
    {
      "parameter_name": "rear_left_cyl_2_LENGTH",
      "value": "1650.0",
      "component_properties": [
        { "component_name": "rear_left_cyl_2", "component_property": "LENGTH" }
      ]
    },
    {
      "parameter_name": "rear_left_cyl_2_BOTTOM_CONN_DISP",
      "value": "0.0",
      "component_properties": [
        {
          "component_name": "rear_left_cyl_2",
          "component_property": "BOTTOM_CONN_DISP"
        }
      ]
    },
    {
      "parameter_name": "rear_left_cyl_2_PORT_THICKNESS",
      "value": "100.0",
      "component_properties": [
        {
          "component_name": "rear_left_cyl_2",
          "component_property": "PORT_THICKNESS"
        }
      ]
    },
    {
      "parameter_name": "rear_left_cyl_2_RIGHT_CONN_DISP",
      "value": "0.0",
      "component_properties": [
        {
          "component_name": "rear_left_cyl_2",
          "component_property": "RIGHT_CONN_DISP"
        }
      ]
    },
    {
      "parameter_name": "rear_left_cyl_2_LEFT_CONN_DISP",
      "value": "0.0",
      "component_properties": [
        {
          "component_name": "rear_left_cyl_2",
          "component_property": "LEFT_CONN_DISP"
        }
      ]
    },
    {
      "parameter_name": "rear_left_cyl_2_DIAMETER",
      "value": "200.0",
      "component_properties": [
        {
          "component_name": "rear_left_cyl_2",
          "component_property": "DIAMETER"
        }
      ]
    },
    {
      "parameter_name": "rear_left_cyl_2_FRONT_ANGLE",
      "value": "0.0",
      "component_properties": [
        {
          "component_name": "rear_left_cyl_2",
          "component_property": "FRONT_ANGLE"
        }
      ]
    },
    {
      "parameter_name": "left_rear_motor_1_vert_CONTROL_CHANNEL",
      "value": "1.0",
      "component_properties": [
        {
          "component_name": "left_rear_motor_1_vert",
          "component_property": "CONTROL_CHANNEL"
        }
      ]
    },
    {
      "parameter_name": "right_rear_prop_2_vert_Prop_type",
      "value": "-1.0",
      "component_properties": [
        {
          "component_name": "right_rear_prop_2_vert",
          "component_property": "Prop_type"
        }
      ]
    },
    {
      "parameter_name": "right_rear_prop_2_vert_Direction",
      "value": "-1.0",
      "component_properties": [
        {
          "component_name": "right_rear_prop_2_vert",
          "component_property": "Direction"
        }
      ]
    },
    {
      "parameter_name": "center_right_cyl_TOP_CONN_DISP",
      "value": "0.0",
      "component_properties": [
        {
          "component_name": "center_right_cyl",
          "component_property": "TOP_CONN_DISP"
        }
      ]
    },
    {
      "parameter_name": "center_right_cyl_LENGTH",
      "value": "2000.0",
      "component_properties": [
        { "component_name": "center_right_cyl", "component_property": "LENGTH" }
      ]
    },
    {
      "parameter_name": "center_right_cyl_BOTTOM_CONN_DISP",
      "value": "0.0",
      "component_properties": [
        {
          "component_name": "center_right_cyl",
          "component_property": "BOTTOM_CONN_DISP"
        }
      ]
    },
    {
      "parameter_name": "center_right_cyl_PORT_THICKNESS",
      "value": "100.0",
      "component_properties": [
        {
          "component_name": "center_right_cyl",
          "component_property": "PORT_THICKNESS"
        }
      ]
    },
    {
      "parameter_name": "center_right_cyl_RIGHT_CONN_DISP",
      "value": "0.0",
      "component_properties": [
        {
          "component_name": "center_right_cyl",
          "component_property": "RIGHT_CONN_DISP"
        }
      ]
    },
    {
      "parameter_name": "center_right_cyl_LEFT_CONN_DISP",
      "value": "0.0",
      "component_properties": [
        {
          "component_name": "center_right_cyl",
          "component_property": "LEFT_CONN_DISP"
        }
      ]
    },
    {
      "parameter_name": "center_right_cyl_DIAMETER",
      "value": "200.0",
      "component_properties": [
        {
          "component_name": "center_right_cyl",
          "component_property": "DIAMETER"
        }
      ]
    },
    {
      "parameter_name": "center_right_cyl_FRONT_ANGLE",
      "value": "0.0",
      "component_properties": [
        {
          "component_name": "center_right_cyl",
          "component_property": "FRONT_ANGLE"
        }
      ]
    },
    {
      "parameter_name": "front_left_cyl_3_TOP_CONN_DISP",
      "value": "0.0",
      "component_properties": [
        {
          "component_name": "front_left_cyl_3",
          "component_property": "TOP_CONN_DISP"
        }
      ]
    },
    {
      "parameter_name": "front_left_cyl_3_LENGTH",
      "value": "1650.0",
      "component_properties": [
        { "component_name": "front_left_cyl_3", "component_property": "LENGTH" }
      ]
    },
    {
      "parameter_name": "front_left_cyl_3_BOTTOM_CONN_DISP",
      "value": "0.0",
      "component_properties": [
        {
          "component_name": "front_left_cyl_3",
          "component_property": "BOTTOM_CONN_DISP"
        }
      ]
    },
    {
      "parameter_name": "front_left_cyl_3_PORT_THICKNESS",
      "value": "100.0",
      "component_properties": [
        {
          "component_name": "front_left_cyl_3",
          "component_property": "PORT_THICKNESS"
        }
      ]
    },
    {
      "parameter_name": "front_left_cyl_3_RIGHT_CONN_DISP",
      "value": "0.0",
      "component_properties": [
        {
          "component_name": "front_left_cyl_3",
          "component_property": "RIGHT_CONN_DISP"
        }
      ]
    },
    {
      "parameter_name": "front_left_cyl_3_LEFT_CONN_DISP",
      "value": "0.0",
      "component_properties": [
        {
          "component_name": "front_left_cyl_3",
          "component_property": "LEFT_CONN_DISP"
        }
      ]
    },
    {
      "parameter_name": "front_left_cyl_3_DIAMETER",
      "value": "200.0",
      "component_properties": [
        {
          "component_name": "front_left_cyl_3",
          "component_property": "DIAMETER"
        }
      ]
    },
    {
      "parameter_name": "front_left_cyl_3_FRONT_ANGLE",
      "value": "0.0",
      "component_properties": [
        {
          "component_name": "front_left_cyl_3",
          "component_property": "FRONT_ANGLE"
        }
      ]
    },
    {
      "parameter_name": "rear_right_cyl_3_TOP_CONN_DISP",
      "value": "0.0",
      "component_properties": [
        {
          "component_name": "rear_right_cyl_3",
          "component_property": "TOP_CONN_DISP"
        }
      ]
    },
    {
      "parameter_name": "rear_right_cyl_3_LENGTH",
      "value": "1650.0",
      "component_properties": [
        { "component_name": "rear_right_cyl_3", "component_property": "LENGTH" }
      ]
    },
    {
      "parameter_name": "rear_right_cyl_3_BOTTOM_CONN_DISP",
      "value": "0.0",
      "component_properties": [
        {
          "component_name": "rear_right_cyl_3",
          "component_property": "BOTTOM_CONN_DISP"
        }
      ]
    },
    {
      "parameter_name": "rear_right_cyl_3_PORT_THICKNESS",
      "value": "100.0",
      "component_properties": [
        {
          "component_name": "rear_right_cyl_3",
          "component_property": "PORT_THICKNESS"
        }
      ]
    },
    {
      "parameter_name": "rear_right_cyl_3_RIGHT_CONN_DISP",
      "value": "0.0",
      "component_properties": [
        {
          "component_name": "rear_right_cyl_3",
          "component_property": "RIGHT_CONN_DISP"
        }
      ]
    },
    {
      "parameter_name": "rear_right_cyl_3_LEFT_CONN_DISP",
      "value": "0.0",
      "component_properties": [
        {
          "component_name": "rear_right_cyl_3",
          "component_property": "LEFT_CONN_DISP"
        }
      ]
    },
    {
      "parameter_name": "rear_right_cyl_3_DIAMETER",
      "value": "200.0",
      "component_properties": [
        {
          "component_name": "rear_right_cyl_3",
          "component_property": "DIAMETER"
        }
      ]
    },
    {
      "parameter_name": "rear_right_cyl_3_FRONT_ANGLE",
      "value": "0.0",
      "component_properties": [
        {
          "component_name": "rear_right_cyl_3",
          "component_property": "FRONT_ANGLE"
        }
      ]
    },
    {
      "parameter_name": "left_battery_MOUNT_SIDE",
      "value": "2.0",
      "component_properties": [
        { "component_name": "left_battery", "component_property": "MOUNT_SIDE" }
      ]
    },
    {
      "parameter_name": "left_battery_CHORD_1",
      "value": "1000.0",
      "component_properties": [
        { "component_name": "left_battery", "component_property": "CHORD_1" }
      ]
    },
    {
      "parameter_name": "left_battery_TAPER_OFFSET",
      "value": "0.0",
      "component_properties": [
        {
          "component_name": "left_battery",
          "component_property": "TAPER_OFFSET"
        }
      ]
    },
    {
      "parameter_name": "left_battery_SPAN",
      "value": "4500.0",
      "component_properties": [
        { "component_name": "left_battery", "component_property": "SPAN" }
      ]
    },
    {
      "parameter_name": "left_battery_THICKNESS",
      "value": "25.0",
      "component_properties": [
        { "component_name": "left_battery", "component_property": "THICKNESS" }
      ]
    },
    {
      "parameter_name": "left_battery_VOLTAGE_REQUEST",
      "value": "777.0",
      "component_properties": [
        {
          "component_name": "left_battery",
          "component_property": "VOLTAGE_REQUEST"
        }
      ]
    },
    {
      "parameter_name": "left_battery_CHORD_2",
      "value": "1000.0",
      "component_properties": [
        { "component_name": "left_battery", "component_property": "CHORD_2" }
      ]
    },
    {
      "parameter_name": "left_battery_VOLUME_PERCENT",
      "value": "100.0",
      "component_properties": [
        {
          "component_name": "left_battery",
          "component_property": "VOLUME_PERCENT"
        }
      ]
    },
    {
      "parameter_name": "rear_right_cyl_4_TOP_CONN_DISP",
      "value": "0.0",
      "component_properties": [
        {
          "component_name": "rear_right_cyl_4",
          "component_property": "TOP_CONN_DISP"
        }
      ]
    },
    {
      "parameter_name": "rear_right_cyl_4_LENGTH",
      "value": "1000.0",
      "component_properties": [
        { "component_name": "rear_right_cyl_4", "component_property": "LENGTH" }
      ]
    },
    {
      "parameter_name": "rear_right_cyl_4_BOTTOM_CONN_DISP",
      "value": "0.0",
      "component_properties": [
        {
          "component_name": "rear_right_cyl_4",
          "component_property": "BOTTOM_CONN_DISP"
        }
      ]
    },
    {
      "parameter_name": "rear_right_cyl_4_PORT_THICKNESS",
      "value": "150.0",
      "component_properties": [
        {
          "component_name": "rear_right_cyl_4",
          "component_property": "PORT_THICKNESS"
        }
      ]
    },
    {
      "parameter_name": "rear_right_cyl_4_RIGHT_CONN_DISP",
      "value": "0.0",
      "component_properties": [
        {
          "component_name": "rear_right_cyl_4",
          "component_property": "RIGHT_CONN_DISP"
        }
      ]
    },
    {
      "parameter_name": "rear_right_cyl_4_LEFT_CONN_DISP",
      "value": "0.0",
      "component_properties": [
        {
          "component_name": "rear_right_cyl_4",
          "component_property": "LEFT_CONN_DISP"
        }
      ]
    },
    {
      "parameter_name": "rear_right_cyl_4_DIAMETER",
      "value": "200.0",
      "component_properties": [
        {
          "component_name": "rear_right_cyl_4",
          "component_property": "DIAMETER"
        }
      ]
    },
    {
      "parameter_name": "rear_right_cyl_4_FRONT_ANGLE",
      "value": "315.0",
      "component_properties": [
        {
          "component_name": "rear_right_cyl_4",
          "component_property": "FRONT_ANGLE"
        }
      ]
    },
    {
      "parameter_name": "front_right_cyl_1_TOP_CONN_DISP",
      "value": "0.0",
      "component_properties": [
        {
          "component_name": "front_right_cyl_1",
          "component_property": "TOP_CONN_DISP"
        }
      ]
    },
    {
      "parameter_name": "front_right_cyl_1_LENGTH",
      "value": "1650.0",
      "component_properties": [
        {
          "component_name": "front_right_cyl_1",
          "component_property": "LENGTH"
        }
      ]
    },
    {
      "parameter_name": "front_right_cyl_1_BOTTOM_CONN_DISP",
      "value": "0.0",
      "component_properties": [
        {
          "component_name": "front_right_cyl_1",
          "component_property": "BOTTOM_CONN_DISP"
        }
      ]
    },
    {
      "parameter_name": "front_right_cyl_1_PORT_THICKNESS",
      "value": "100.0",
      "component_properties": [
        {
          "component_name": "front_right_cyl_1",
          "component_property": "PORT_THICKNESS"
        }
      ]
    },
    {
      "parameter_name": "front_right_cyl_1_RIGHT_CONN_DISP",
      "value": "0.0",
      "component_properties": [
        {
          "component_name": "front_right_cyl_1",
          "component_property": "RIGHT_CONN_DISP"
        }
      ]
    },
    {
      "parameter_name": "front_right_cyl_1_LEFT_CONN_DISP",
      "value": "0.0",
      "component_properties": [
        {
          "component_name": "front_right_cyl_1",
          "component_property": "LEFT_CONN_DISP"
        }
      ]
    },
    {
      "parameter_name": "front_right_cyl_1_DIAMETER",
      "value": "200.0",
      "component_properties": [
        {
          "component_name": "front_right_cyl_1",
          "component_property": "DIAMETER"
        }
      ]
    },
    {
      "parameter_name": "front_right_cyl_1_FRONT_ANGLE",
      "value": "0.0",
      "component_properties": [
        {
          "component_name": "front_right_cyl_1",
          "component_property": "FRONT_ANGLE"
        }
      ]
    },
    {
      "parameter_name": "right_battery_MOUNT_SIDE",
      "value": "1.0",
      "component_properties": [
        {
          "component_name": "right_battery",
          "component_property": "MOUNT_SIDE"
        }
      ]
    },
    {
      "parameter_name": "right_battery_CHORD_1",
      "value": "1000.0",
      "component_properties": [
        { "component_name": "right_battery", "component_property": "CHORD_1" }
      ]
    },
    {
      "parameter_name": "right_battery_TAPER_OFFSET",
      "value": "0.0",
      "component_properties": [
        {
          "component_name": "right_battery",
          "component_property": "TAPER_OFFSET"
        }
      ]
    },
    {
      "parameter_name": "right_battery_SPAN",
      "value": "4500.0",
      "component_properties": [
        { "component_name": "right_battery", "component_property": "SPAN" }
      ]
    },
    {
      "parameter_name": "right_battery_THICKNESS",
      "value": "25.0",
      "component_properties": [
        { "component_name": "right_battery", "component_property": "THICKNESS" }
      ]
    },
    {
      "parameter_name": "right_battery_VOLTAGE_REQUEST",
      "value": "777.0",
      "component_properties": [
        {
          "component_name": "right_battery",
          "component_property": "VOLTAGE_REQUEST"
        }
      ]
    },
    {
      "parameter_name": "right_battery_CHORD_2",
      "value": "1000.0",
      "component_properties": [
        { "component_name": "right_battery", "component_property": "CHORD_2" }
      ]
    },
    {
      "parameter_name": "right_battery_VOLUME_PERCENT",
      "value": "100.0",
      "component_properties": [
        {
          "component_name": "right_battery",
          "component_property": "VOLUME_PERCENT"
        }
      ]
    },
    {
      "parameter_name": "left_bot_wing_AILERON_BIAS",
      "value": "0.5",
      "component_properties": [
        {
          "component_name": "left_bot_wing",
          "component_property": "AILERON_BIAS"
        }
      ]
    },
    {
      "parameter_name": "left_bot_wing_THICKNESS",
      "value": "25.0",
      "component_properties": [
        { "component_name": "left_bot_wing", "component_property": "THICKNESS" }
      ]
    },
    {
      "parameter_name": "left_bot_wing_NACA_Profile",
      "value": "25.0",
      "component_properties": [
        {
          "component_name": "left_bot_wing",
          "component_property": "NACA_Profile"
        }
      ]
    },
    {
      "parameter_name": "left_bot_wing_SPAN",
      "value": "4500.0",
      "component_properties": [
        { "component_name": "left_bot_wing", "component_property": "SPAN" }
      ]
    },
    {
      "parameter_name": "left_bot_wing_LOAD",
      "value": "2000.0",
      "component_properties": [
        { "component_name": "left_bot_wing", "component_property": "LOAD" }
      ]
    },
    {
      "parameter_name": "left_bot_wing_CHORD_1",
      "value": "1000.0",
      "component_properties": [
        { "component_name": "left_bot_wing", "component_property": "CHORD_1" }
      ]
    },
    {
      "parameter_name": "left_bot_wing_CHORD_2",
      "value": "1000.0",
      "component_properties": [
        { "component_name": "left_bot_wing", "component_property": "CHORD_2" }
      ]
    },
    {
      "parameter_name": "left_bot_wing_TAPER_OFFSET",
      "value": "0.0",
      "component_properties": [
        {
          "component_name": "left_bot_wing",
          "component_property": "TAPER_OFFSET"
        }
      ]
    },
    {
      "parameter_name": "left_bot_wing_FLAP_BIAS",
      "value": "0.5",
      "component_properties": [
        { "component_name": "left_bot_wing", "component_property": "FLAP_BIAS" }
      ]
    },
    {
      "parameter_name": "left_top_wing_AILERON_BIAS",
      "value": "0.5",
      "component_properties": [
        {
          "component_name": "left_top_wing",
          "component_property": "AILERON_BIAS"
        }
      ]
    },
    {
      "parameter_name": "left_top_wing_THICKNESS",
      "value": "12.0",
      "component_properties": [
        { "component_name": "left_top_wing", "component_property": "THICKNESS" }
      ]
    },
    {
      "parameter_name": "left_top_wing_NACA_Profile",
      "value": "4512.0",
      "component_properties": [
        {
          "component_name": "left_top_wing",
          "component_property": "NACA_Profile"
        }
      ]
    },
    {
      "parameter_name": "left_top_wing_SPAN",
      "value": "10000.0",
      "component_properties": [
        { "component_name": "left_top_wing", "component_property": "SPAN" }
      ]
    },
    {
      "parameter_name": "left_top_wing_LOAD",
      "value": "7000.0",
      "component_properties": [
        { "component_name": "left_top_wing", "component_property": "LOAD" }
      ]
    },
    {
      "parameter_name": "left_top_wing_CHORD_1",
      "value": "2000.0",
      "component_properties": [
        { "component_name": "left_top_wing", "component_property": "CHORD_1" }
      ]
    },
    {
      "parameter_name": "left_top_wing_CHORD_2",
      "value": "2000.0",
      "component_properties": [
        { "component_name": "left_top_wing", "component_property": "CHORD_2" }
      ]
    },
    {
      "parameter_name": "left_top_wing_TAPER_OFFSET",
      "value": "0.0",
      "component_properties": [
        {
          "component_name": "left_top_wing",
          "component_property": "TAPER_OFFSET"
        }
      ]
    },
    {
      "parameter_name": "left_top_wing_FLAP_BIAS",
      "value": "0.5",
      "component_properties": [
        { "component_name": "left_top_wing", "component_property": "FLAP_BIAS" }
      ]
    },
    {
      "parameter_name": "front_right_cyl_flip_DIAMETER",
      "value": "200.0",
      "component_properties": [
        {
          "component_name": "front_right_cyl_flip",
          "component_property": "DIAMETER"
        }
      ]
    },
    {
      "parameter_name": "right_tail_wing_AILERON_BIAS",
      "value": "0.5",
      "component_properties": [
        {
          "component_name": "right_tail_wing",
          "component_property": "AILERON_BIAS"
        }
      ]
    },
    {
      "parameter_name": "right_tail_wing_THICKNESS",
      "value": "12.0",
      "component_properties": [
        {
          "component_name": "right_tail_wing",
          "component_property": "THICKNESS"
        }
      ]
    },
    {
      "parameter_name": "right_tail_wing_NACA_Profile",
      "value": "12.0",
      "component_properties": [
        {
          "component_name": "right_tail_wing",
          "component_property": "NACA_Profile"
        }
      ]
    },
    {
      "parameter_name": "right_tail_wing_SPAN",
      "value": "4500.0",
      "component_properties": [
        { "component_name": "right_tail_wing", "component_property": "SPAN" }
      ]
    },
    {
      "parameter_name": "right_tail_wing_LOAD",
      "value": "1000.0",
      "component_properties": [
        { "component_name": "right_tail_wing", "component_property": "LOAD" }
      ]
    },
    {
      "parameter_name": "right_tail_wing_CHORD_1",
      "value": "1000.0",
      "component_properties": [
        { "component_name": "right_tail_wing", "component_property": "CHORD_1" }
      ]
    },
    {
      "parameter_name": "right_tail_wing_CHORD_2",
      "value": "1000.0",
      "component_properties": [
        { "component_name": "right_tail_wing", "component_property": "CHORD_2" }
      ]
    },
    {
      "parameter_name": "right_tail_wing_TAPER_OFFSET",
      "value": "0.0",
      "component_properties": [
        {
          "component_name": "right_tail_wing",
          "component_property": "TAPER_OFFSET"
        }
      ]
    },
    {
      "parameter_name": "right_tail_wing_FLAP_BIAS",
      "value": "0.5",
      "component_properties": [
        {
          "component_name": "right_tail_wing",
          "component_property": "FLAP_BIAS"
        }
      ]
    },
    {
      "parameter_name": "right_front_motor_3_vert_CONTROL_CHANNEL",
      "value": "1.0",
      "component_properties": [
        {
          "component_name": "right_front_motor_3_vert",
          "component_property": "CONTROL_CHANNEL"
        }
      ]
    },
    {
      "parameter_name": "front_right_cyl_3_TOP_CONN_DISP",
      "value": "0.0",
      "component_properties": [
        {
          "component_name": "front_right_cyl_3",
          "component_property": "TOP_CONN_DISP"
        }
      ]
    },
    {
      "parameter_name": "front_right_cyl_3_LENGTH",
      "value": "1650.0",
      "component_properties": [
        {
          "component_name": "front_right_cyl_3",
          "component_property": "LENGTH"
        }
      ]
    },
    {
      "parameter_name": "front_right_cyl_3_BOTTOM_CONN_DISP",
      "value": "0.0",
      "component_properties": [
        {
          "component_name": "front_right_cyl_3",
          "component_property": "BOTTOM_CONN_DISP"
        }
      ]
    },
    {
      "parameter_name": "front_right_cyl_3_PORT_THICKNESS",
      "value": "100.0",
      "component_properties": [
        {
          "component_name": "front_right_cyl_3",
          "component_property": "PORT_THICKNESS"
        }
      ]
    },
    {
      "parameter_name": "front_right_cyl_3_RIGHT_CONN_DISP",
      "value": "0.0",
      "component_properties": [
        {
          "component_name": "front_right_cyl_3",
          "component_property": "RIGHT_CONN_DISP"
        }
      ]
    },
    {
      "parameter_name": "front_right_cyl_3_LEFT_CONN_DISP",
      "value": "0.0",
      "component_properties": [
        {
          "component_name": "front_right_cyl_3",
          "component_property": "LEFT_CONN_DISP"
        }
      ]
    },
    {
      "parameter_name": "front_right_cyl_3_DIAMETER",
      "value": "200.0",
      "component_properties": [
        {
          "component_name": "front_right_cyl_3",
          "component_property": "DIAMETER"
        }
      ]
    },
    {
      "parameter_name": "front_right_cyl_3_FRONT_ANGLE",
      "value": "0.0",
      "component_properties": [
        {
          "component_name": "front_right_cyl_3",
          "component_property": "FRONT_ANGLE"
        }
      ]
    },
    {
      "parameter_name": "right_rear_prop_3_vert_Prop_type",
      "value": "1.0",
      "component_properties": [
        {
          "component_name": "right_rear_prop_3_vert",
          "component_property": "Prop_type"
        }
      ]
    },
    {
      "parameter_name": "right_rear_prop_3_vert_Direction",
      "value": "1.0",
      "component_properties": [
        {
          "component_name": "right_rear_prop_3_vert",
          "component_property": "Direction"
        }
      ]
    },
    {
      "parameter_name": "Cyl_Flip_Out_DIAMETER",
      "value": "200.0",
      "component_properties": [
        { "component_name": "Cyl_Flip_Out", "component_property": "DIAMETER" }
      ]
    },
    {
      "parameter_name": "left_front_prop_1_vert_Prop_type",
      "value": "1.0",
      "component_properties": [
        {
          "component_name": "left_front_prop_1_vert",
          "component_property": "Prop_type"
        }
      ]
    },
    {
      "parameter_name": "left_front_prop_1_vert_Direction",
      "value": "1.0",
      "component_properties": [
        {
          "component_name": "left_front_prop_1_vert",
          "component_property": "Direction"
        }
      ]
    },
    {
      "parameter_name": "left_front_motor_2_vert_CONTROL_CHANNEL",
      "value": "1.0",
      "component_properties": [
        {
          "component_name": "left_front_motor_2_vert",
          "component_property": "CONTROL_CHANNEL"
        }
      ]
    },
    {
      "parameter_name": "front_right_cyl_2_TOP_CONN_DISP",
      "value": "0.0",
      "component_properties": [
        {
          "component_name": "front_right_cyl_2",
          "component_property": "TOP_CONN_DISP"
        }
      ]
    },
    {
      "parameter_name": "front_right_cyl_2_LENGTH",
      "value": "1650.0",
      "component_properties": [
        {
          "component_name": "front_right_cyl_2",
          "component_property": "LENGTH"
        }
      ]
    },
    {
      "parameter_name": "front_right_cyl_2_BOTTOM_CONN_DISP",
      "value": "0.0",
      "component_properties": [
        {
          "component_name": "front_right_cyl_2",
          "component_property": "BOTTOM_CONN_DISP"
        }
      ]
    },
    {
      "parameter_name": "front_right_cyl_2_PORT_THICKNESS",
      "value": "100.0",
      "component_properties": [
        {
          "component_name": "front_right_cyl_2",
          "component_property": "PORT_THICKNESS"
        }
      ]
    },
    {
      "parameter_name": "front_right_cyl_2_RIGHT_CONN_DISP",
      "value": "0.0",
      "component_properties": [
        {
          "component_name": "front_right_cyl_2",
          "component_property": "RIGHT_CONN_DISP"
        }
      ]
    },
    {
      "parameter_name": "front_right_cyl_2_LEFT_CONN_DISP",
      "value": "0.0",
      "component_properties": [
        {
          "component_name": "front_right_cyl_2",
          "component_property": "LEFT_CONN_DISP"
        }
      ]
    },
    {
      "parameter_name": "front_right_cyl_2_DIAMETER",
      "value": "200.0",
      "component_properties": [
        {
          "component_name": "front_right_cyl_2",
          "component_property": "DIAMETER"
        }
      ]
    },
    {
      "parameter_name": "front_right_cyl_2_FRONT_ANGLE",
      "value": "0.0",
      "component_properties": [
        {
          "component_name": "front_right_cyl_2",
          "component_property": "FRONT_ANGLE"
        }
      ]
    },
    {
      "parameter_name": "left_front_motor_3_vert_CONTROL_CHANNEL",
      "value": "1.0",
      "component_properties": [
        {
          "component_name": "left_front_motor_3_vert",
          "component_property": "CONTROL_CHANNEL"
        }
      ]
    },
    {
      "parameter_name": "left_tail_wing_AILERON_BIAS",
      "value": "0.5",
      "component_properties": [
        {
          "component_name": "left_tail_wing",
          "component_property": "AILERON_BIAS"
        }
      ]
    },
    {
      "parameter_name": "left_tail_wing_THICKNESS",
      "value": "12.0",
      "component_properties": [
        {
          "component_name": "left_tail_wing",
          "component_property": "THICKNESS"
        }
      ]
    },
    {
      "parameter_name": "left_tail_wing_NACA_Profile",
      "value": "12.0",
      "component_properties": [
        {
          "component_name": "left_tail_wing",
          "component_property": "NACA_Profile"
        }
      ]
    },
    {
      "parameter_name": "left_tail_wing_SPAN",
      "value": "4500.0",
      "component_properties": [
        { "component_name": "left_tail_wing", "component_property": "SPAN" }
      ]
    },
    {
      "parameter_name": "left_tail_wing_LOAD",
      "value": "1000.0",
      "component_properties": [
        { "component_name": "left_tail_wing", "component_property": "LOAD" }
      ]
    },
    {
      "parameter_name": "left_tail_wing_CHORD_1",
      "value": "1000.0",
      "component_properties": [
        { "component_name": "left_tail_wing", "component_property": "CHORD_1" }
      ]
    },
    {
      "parameter_name": "left_tail_wing_CHORD_2",
      "value": "1000.0",
      "component_properties": [
        { "component_name": "left_tail_wing", "component_property": "CHORD_2" }
      ]
    },
    {
      "parameter_name": "left_tail_wing_TAPER_OFFSET",
      "value": "0.0",
      "component_properties": [
        {
          "component_name": "left_tail_wing",
          "component_property": "TAPER_OFFSET"
        }
      ]
    },
    {
      "parameter_name": "left_tail_wing_FLAP_BIAS",
      "value": "0.5",
      "component_properties": [
        {
          "component_name": "left_tail_wing",
          "component_property": "FLAP_BIAS"
        }
      ]
    },
    {
      "parameter_name": "left_rear_motor_3_vert_CONTROL_CHANNEL",
      "value": "1.0",
      "component_properties": [
        {
          "component_name": "left_rear_motor_3_vert",
          "component_property": "CONTROL_CHANNEL"
        }
      ]
    },
    {
      "parameter_name": "rear_left_cyl_4_TOP_CONN_DISP",
      "value": "0.0",
      "component_properties": [
        {
          "component_name": "rear_left_cyl_4",
          "component_property": "TOP_CONN_DISP"
        }
      ]
    },
    {
      "parameter_name": "rear_left_cyl_4_LENGTH",
      "value": "1000.0",
      "component_properties": [
        { "component_name": "rear_left_cyl_4", "component_property": "LENGTH" }
      ]
    },
    {
      "parameter_name": "rear_left_cyl_4_BOTTOM_CONN_DISP",
      "value": "0.0",
      "component_properties": [
        {
          "component_name": "rear_left_cyl_4",
          "component_property": "BOTTOM_CONN_DISP"
        }
      ]
    },
    {
      "parameter_name": "rear_left_cyl_4_PORT_THICKNESS",
      "value": "150.0",
      "component_properties": [
        {
          "component_name": "rear_left_cyl_4",
          "component_property": "PORT_THICKNESS"
        }
      ]
    },
    {
      "parameter_name": "rear_left_cyl_4_RIGHT_CONN_DISP",
      "value": "0.0",
      "component_properties": [
        {
          "component_name": "rear_left_cyl_4",
          "component_property": "RIGHT_CONN_DISP"
        }
      ]
    },
    {
      "parameter_name": "rear_left_cyl_4_LEFT_CONN_DISP",
      "value": "0.0",
      "component_properties": [
        {
          "component_name": "rear_left_cyl_4",
          "component_property": "LEFT_CONN_DISP"
        }
      ]
    },
    {
      "parameter_name": "rear_left_cyl_4_DIAMETER",
      "value": "200.0",
      "component_properties": [
        {
          "component_name": "rear_left_cyl_4",
          "component_property": "DIAMETER"
        }
      ]
    },
    {
      "parameter_name": "rear_left_cyl_4_FRONT_ANGLE",
      "value": "45.0",
      "component_properties": [
        {
          "component_name": "rear_left_cyl_4",
          "component_property": "FRONT_ANGLE"
        }
      ]
    },
    {
      "parameter_name": "right_front_prop_3_vert_Prop_type",
      "value": "-1.0",
      "component_properties": [
        {
          "component_name": "right_front_prop_3_vert",
          "component_property": "Prop_type"
        }
      ]
    },
    {
      "parameter_name": "right_front_prop_3_vert_Direction",
      "value": "-1.0",
      "component_properties": [
        {
          "component_name": "right_front_prop_3_vert",
          "component_property": "Direction"
        }
      ]
    },
    {
      "parameter_name": "right_front_prop_fwd_Prop_type",
      "value": "1.0",
      "component_properties": [
        {
          "component_name": "right_front_prop_fwd",
          "component_property": "Prop_type"
        }
      ]
    },
    {
      "parameter_name": "right_front_prop_fwd_Direction",
      "value": "1.0",
      "component_properties": [
        {
          "component_name": "right_front_prop_fwd",
          "component_property": "Direction"
        }
      ]
    },
    {
      "parameter_name": "left_front_prop_3_vert_Prop_type",
      "value": "1.0",
      "component_properties": [
        {
          "component_name": "left_front_prop_3_vert",
          "component_property": "Prop_type"
        }
      ]
    },
    {
      "parameter_name": "left_front_prop_3_vert_Direction",
      "value": "1.0",
      "component_properties": [
        {
          "component_name": "left_front_prop_3_vert",
          "component_property": "Direction"
        }
      ]
    },
    {
      "parameter_name": "right_rear_motor_3_vert_CONTROL_CHANNEL",
      "value": "1.0",
      "component_properties": [
        {
          "component_name": "right_rear_motor_3_vert",
          "component_property": "CONTROL_CHANNEL"
        }
      ]
    },
    {
      "parameter_name": "right_top_wing_AILERON_BIAS",
      "value": "0.5",
      "component_properties": [
        {
          "component_name": "right_top_wing",
          "component_property": "AILERON_BIAS"
        }
      ]
    },
    {
      "parameter_name": "right_top_wing_THICKNESS",
      "value": "12.0",
      "component_properties": [
        {
          "component_name": "right_top_wing",
          "component_property": "THICKNESS"
        }
      ]
    },
    {
      "parameter_name": "right_top_wing_NACA_Profile",
      "value": "4512.0",
      "component_properties": [
        {
          "component_name": "right_top_wing",
          "component_property": "NACA_Profile"
        }
      ]
    },
    {
      "parameter_name": "right_top_wing_SPAN",
      "value": "10000.0",
      "component_properties": [
        { "component_name": "right_top_wing", "component_property": "SPAN" }
      ]
    },
    {
      "parameter_name": "right_top_wing_LOAD",
      "value": "7000.0",
      "component_properties": [
        { "component_name": "right_top_wing", "component_property": "LOAD" }
      ]
    },
    {
      "parameter_name": "right_top_wing_CHORD_1",
      "value": "2000.0",
      "component_properties": [
        { "component_name": "right_top_wing", "component_property": "CHORD_1" }
      ]
    },
    {
      "parameter_name": "right_top_wing_CHORD_2",
      "value": "2000.0",
      "component_properties": [
        { "component_name": "right_top_wing", "component_property": "CHORD_2" }
      ]
    },
    {
      "parameter_name": "right_top_wing_TAPER_OFFSET",
      "value": "0.0",
      "component_properties": [
        {
          "component_name": "right_top_wing",
          "component_property": "TAPER_OFFSET"
        }
      ]
    },
    {
      "parameter_name": "right_top_wing_FLAP_BIAS",
      "value": "0.5",
      "component_properties": [
        {
          "component_name": "right_top_wing",
          "component_property": "FLAP_BIAS"
        }
      ]
    },
    {
      "parameter_name": "center_left_cyl_TOP_CONN_DISP",
      "value": "0.0",
      "component_properties": [
        {
          "component_name": "center_left_cyl",
          "component_property": "TOP_CONN_DISP"
        }
      ]
    },
    {
      "parameter_name": "center_left_cyl_LENGTH",
      "value": "2000.0",
      "component_properties": [
        { "component_name": "center_left_cyl", "component_property": "LENGTH" }
      ]
    },
    {
      "parameter_name": "center_left_cyl_BOTTOM_CONN_DISP",
      "value": "0.0",
      "component_properties": [
        {
          "component_name": "center_left_cyl",
          "component_property": "BOTTOM_CONN_DISP"
        }
      ]
    },
    {
      "parameter_name": "center_left_cyl_PORT_THICKNESS",
      "value": "100.0",
      "component_properties": [
        {
          "component_name": "center_left_cyl",
          "component_property": "PORT_THICKNESS"
        }
      ]
    },
    {
      "parameter_name": "center_left_cyl_RIGHT_CONN_DISP",
      "value": "0.0",
      "component_properties": [
        {
          "component_name": "center_left_cyl",
          "component_property": "RIGHT_CONN_DISP"
        }
      ]
    },
    {
      "parameter_name": "center_left_cyl_LEFT_CONN_DISP",
      "value": "0.0",
      "component_properties": [
        {
          "component_name": "center_left_cyl",
          "component_property": "LEFT_CONN_DISP"
        }
      ]
    },
    {
      "parameter_name": "center_left_cyl_DIAMETER",
      "value": "200.0",
      "component_properties": [
        {
          "component_name": "center_left_cyl",
          "component_property": "DIAMETER"
        }
      ]
    },
    {
      "parameter_name": "center_left_cyl_FRONT_ANGLE",
      "value": "0.0",
      "component_properties": [
        {
          "component_name": "center_left_cyl",
          "component_property": "FRONT_ANGLE"
        }
      ]
    }
  ],
  "components": [
    {
      "component_instance": "left_front_motor_1_vert",
      "component_type": "Motor",
      "component_choice": "MAGiDRIVE150"
    },
    {
      "component_instance": "front_left_cyl_1",
      "component_type": "Cylinder",
      "component_choice": "PORTED_CYL"
    },
    {
      "component_instance": "Passenger1",
      "component_type": "Passenger",
      "component_choice": "Passenger"
    },
    {
      "component_instance": "top_naca_connector",
      "component_type": "NACA_Port_Connector",
      "component_choice": "naca_connector"
    },
    {
      "component_instance": "left_rear_motor_2_vert",
      "component_type": "Motor",
      "component_choice": "MAGiDRIVE150"
    },
    {
      "component_instance": "left_rear_prop_3_vert",
      "component_type": "Propeller",
      "component_choice": "62x6_2_3200_51_1390"
    },
    {
      "component_instance": "right_front_motor_2_vert",
      "component_type": "Motor",
      "component_choice": "MAGiDRIVE150"
    },
    {
      "component_instance": "front_left_cyl_flip",
      "component_type": "Cylinder_Flip",
      "component_choice": "Cyl_Flip"
    },
    {
      "component_instance": "right_front_prop_2_vert",
      "component_type": "Propeller",
      "component_choice": "62x6_2_3200_51_1390"
    },
    {
      "component_instance": "rear_right_cyl_1",
      "component_type": "Cylinder",
      "component_choice": "PORTED_CYL"
    },
    {
      "component_instance": "left_front_motor_fwd",
      "component_type": "Motor",
      "component_choice": "MAGiDRIVE150"
    },
    {
      "component_instance": "right_front_motor_1_vert",
      "component_type": "Motor",
      "component_choice": "MAGiDRIVE150"
    },
    {
      "component_instance": "left_front_prop_fwd",
      "component_type": "Propeller",
      "component_choice": "62x6_2_3200_51_1390"
    },
    {
      "component_instance": "Passenger2",
      "component_type": "Passenger",
      "component_choice": "Passenger"
    },
    {
      "component_instance": "right_rear_motor_2_vert",
      "component_type": "Motor",
      "component_choice": "MAGiDRIVE150"
    },
    {
      "component_instance": "front_left_cyl_2",
      "component_type": "Cylinder",
      "component_choice": "PORTED_CYL"
    },
    {
      "component_instance": "fuselage",
      "component_type": "Fuselage",
      "component_choice": "FUSE_SPHERE_CYL_CONE"
    },
    {
      "component_instance": "right_bot_wing",
      "component_type": "Wing",
      "component_choice": "naca_wing"
    },
    {
      "component_instance": "bot_naca_connector",
      "component_type": "NACA_Port_Connector",
      "component_choice": "naca_connector"
    },
    {
      "component_instance": "right_rear_prop_1_vert",
      "component_type": "Propeller",
      "component_choice": "62x6_2_3200_51_1390"
    },
    {
      "component_instance": "right_front_motor_fwd",
      "component_type": "Motor",
      "component_choice": "MAGiDRIVE150"
    },
    {
      "component_instance": "left_front_prop_2_vert",
      "component_type": "Propeller",
      "component_choice": "62x6_2_3200_51_1390"
    },
    {
      "component_instance": "777V_Bat_System",
      "component_type": "BatteryController",
      "component_choice": "BatteryController"
    },
    {
      "component_instance": "rear_left_cyl_1",
      "component_type": "Cylinder",
      "component_choice": "PORTED_CYL"
    },
    {
      "component_instance": "left_center_cyl_flip",
      "component_type": "Cylinder_Flip_Out",
      "component_choice": "Cyl_Flip_Out"
    },
    {
      "component_instance": "Orient",
      "component_type": "Orient",
      "component_choice": "Orient"
    },
    {
      "component_instance": "rear_left_cyl_3",
      "component_type": "Cylinder",
      "component_choice": "PORTED_CYL"
    },
    {
      "component_instance": "rear_right_cyl_2",
      "component_type": "Cylinder",
      "component_choice": "PORTED_CYL"
    },
    {
      "component_instance": "right_front_prop_1_vert",
      "component_type": "Propeller",
      "component_choice": "62x6_2_3200_51_1390"
    },
    {
      "component_instance": "right_rear_motor_1_vert",
      "component_type": "Motor",
      "component_choice": "MAGiDRIVE150"
    },
    {
      "component_instance": "left_rear_prop_1_vert",
      "component_type": "Propeller",
      "component_choice": "62x6_2_3200_51_1390"
    },
    {
      "component_instance": "left_rear_prop_2_vert",
      "component_type": "Propeller",
      "component_choice": "62x6_2_3200_51_1390"
    },
    {
      "component_instance": "rear_left_cyl_2",
      "component_type": "Cylinder",
      "component_choice": "PORTED_CYL"
    },
    {
      "component_instance": "left_rear_motor_1_vert",
      "component_type": "Motor",
      "component_choice": "MAGiDRIVE150"
    },
    {
      "component_instance": "right_rear_prop_2_vert",
      "component_type": "Propeller",
      "component_choice": "62x6_2_3200_51_1390"
    },
    {
      "component_instance": "center_right_cyl",
      "component_type": "Cylinder",
      "component_choice": "PORTED_CYL"
    },
    {
      "component_instance": "front_left_cyl_3",
      "component_type": "Cylinder",
      "component_choice": "PORTED_CYL"
    },
    {
      "component_instance": "rear_right_cyl_3",
      "component_type": "Cylinder",
      "component_choice": "PORTED_CYL"
    },
    {
      "component_instance": "left_battery",
      "component_type": "Battery",
      "component_choice": "Tattu25AhLi"
    },
    {
      "component_instance": "rear_right_cyl_4",
      "component_type": "Cylinder",
      "component_choice": "PORTED_CYL"
    },
    {
      "component_instance": "front_right_cyl_1",
      "component_type": "Cylinder",
      "component_choice": "PORTED_CYL"
    },
    {
      "component_instance": "right_battery",
      "component_type": "Battery",
      "component_choice": "Tattu25AhLi"
    },
    {
      "component_instance": "left_bot_wing",
      "component_type": "Wing",
      "component_choice": "naca_wing"
    },
    {
      "component_instance": "left_top_wing",
      "component_type": "Wing",
      "component_choice": "naca_wing"
    },
    {
      "component_instance": "front_right_cyl_flip",
      "component_type": "Cylinder_Flip",
      "component_choice": "Cyl_Flip"
    },
    {
      "component_instance": "right_tail_wing",
      "component_type": "Wing",
      "component_choice": "naca_wing"
    },
    {
      "component_instance": "right_front_motor_3_vert",
      "component_type": "Motor",
      "component_choice": "MAGiDRIVE150"
    },
    {
      "component_instance": "front_right_cyl_3",
      "component_type": "Cylinder",
      "component_choice": "PORTED_CYL"
    },
    {
      "component_instance": "right_rear_prop_3_vert",
      "component_type": "Propeller",
      "component_choice": "62x6_2_3200_51_1390"
    },
    {
      "component_instance": "Cyl_Flip_Out",
      "component_type": "Cylinder_Flip_Out",
      "component_choice": "Cyl_Flip_Out"
    },
    {
      "component_instance": "left_front_prop_1_vert",
      "component_type": "Propeller",
      "component_choice": "62x6_2_3200_51_1390"
    },
    {
      "component_instance": "left_front_motor_2_vert",
      "component_type": "Motor",
      "component_choice": "MAGiDRIVE150"
    },
    {
      "component_instance": "front_right_cyl_2",
      "component_type": "Cylinder",
      "component_choice": "PORTED_CYL"
    },
    {
      "component_instance": "left_front_motor_3_vert",
      "component_type": "Motor",
      "component_choice": "MAGiDRIVE150"
    },
    {
      "component_instance": "left_tail_wing",
      "component_type": "Wing",
      "component_choice": "naca_wing"
    },
    {
      "component_instance": "left_rear_motor_3_vert",
      "component_type": "Motor",
      "component_choice": "MAGiDRIVE150"
    },
    {
      "component_instance": "rear_left_cyl_4",
      "component_type": "Cylinder",
      "component_choice": "PORTED_CYL"
    },
    {
      "component_instance": "right_front_prop_3_vert",
      "component_type": "Propeller",
      "component_choice": "62x6_2_3200_51_1390"
    },
    {
      "component_instance": "right_front_prop_fwd",
      "component_type": "Propeller",
      "component_choice": "62x6_2_3200_51_1390"
    },
    {
      "component_instance": "left_front_prop_3_vert",
      "component_type": "Propeller",
      "component_choice": "62x6_2_3200_51_1390"
    },
    {
      "component_instance": "right_rear_motor_3_vert",
      "component_type": "Motor",
      "component_choice": "MAGiDRIVE150"
    },
    {
      "component_instance": "right_top_wing",
      "component_type": "Wing",
      "component_choice": "naca_wing"
    },
    {
      "component_instance": "center_left_cyl",
      "component_type": "Cylinder",
      "component_choice": "PORTED_CYL"
    }
  ],
  "connections": [
    {
      "from_ci": "right_battery",
      "from_conn": "Battery_Connector_1_out",
      "to_ci": "right_bot_wing",
      "to_conn": "Battery_Connector_1"
    },
    {
      "from_ci": "front_right_cyl_1",
      "from_conn": "TOP_CONNECTOR",
      "to_ci": "right_front_motor_1_vert",
      "to_conn": "Base_Connector"
    },
    {
      "from_ci": "left_rear_motor_2_vert",
      "from_conn": "MotorPower",
      "to_ci": "777V_Bat_System",
      "to_conn": "MotorPower"
    },
    {
      "from_ci": "right_rear_motor_3_vert",
      "from_conn": "MotorPower",
      "to_ci": "777V_Bat_System",
      "to_conn": "MotorPower"
    },
    {
      "from_ci": "center_left_cyl",
      "from_conn": "RIGHT_CONNECTOR",
      "to_ci": "left_center_cyl_flip",
      "to_conn": "Flip_Connector_2"
    },
    {
      "from_ci": "bot_naca_connector",
      "from_conn": "End_Connector_1",
      "to_ci": "left_bot_wing",
      "to_conn": "Connector_2"
    },
    {
      "from_ci": "right_front_motor_1_vert",
      "from_conn": "MotorPower",
      "to_ci": "777V_Bat_System",
      "to_conn": "MotorPower"
    },
    {
      "from_ci": "right_front_motor_2_vert",
      "from_conn": "Base_Connector",
      "to_ci": "front_right_cyl_2",
      "to_conn": "TOP_CONNECTOR"
    },
    {
      "from_ci": "left_front_prop_fwd",
      "from_conn": "MOTOR_CONNECTOR_CS_IN",
      "to_ci": "left_front_motor_fwd",
      "to_conn": "Prop_Connector"
    },
    {
      "from_ci": "Passenger1",
      "from_conn": "Connector",
      "to_ci": "fuselage",
      "to_conn": "SEAT_1_CONNECTOR"
    },
    {
      "from_ci": "right_rear_prop_3_vert",
      "from_conn": "MOTOR_CONNECTOR_CS_IN",
      "to_ci": "right_rear_motor_3_vert",
      "to_conn": "Prop_Connector"
    },
    {
      "from_ci": "left_rear_motor_2_vert",
      "from_conn": "Prop_Connector",
      "to_ci": "left_rear_prop_2_vert",
      "to_conn": "MOTOR_CONNECTOR_CS_IN"
    },
    {
      "from_ci": "right_front_motor_3_vert",
      "from_conn": "MotorPower",
      "to_ci": "777V_Bat_System",
      "to_conn": "MotorPower"
    },
    {
      "from_ci": "left_tail_wing",
      "from_conn": "Connector_1",
      "to_ci": "rear_left_cyl_4",
      "to_conn": "LEFT_CONNECTOR"
    },
    {
      "from_ci": "left_top_wing",
      "from_conn": "Connector_2",
      "to_ci": "top_naca_connector",
      "to_conn": "End_Connector_2"
    },
    {
      "from_ci": "right_front_motor_2_vert",
      "from_conn": "Prop_Connector",
      "to_ci": "right_front_prop_2_vert",
      "to_conn": "MOTOR_CONNECTOR_CS_IN"
    },
    {
      "from_ci": "left_front_motor_3_vert",
      "from_conn": "MotorPower",
      "to_ci": "777V_Bat_System",
      "to_conn": "MotorPower"
    },
    {
      "from_ci": "front_left_cyl_2",
      "from_conn": "REAR_CONNECTOR",
      "to_ci": "front_left_cyl_3",
      "to_conn": "FRONT_CONNECTOR"
    },
    {
      "from_ci": "right_rear_motor_2_vert",
      "from_conn": "Prop_Connector",
      "to_ci": "right_rear_prop_2_vert",
      "to_conn": "MOTOR_CONNECTOR_CS_IN"
    },
    {
      "from_ci": "rear_right_cyl_4",
      "from_conn": "FRONT_CONNECTOR",
      "to_ci": "rear_right_cyl_3",
      "to_conn": "REAR_CONNECTOR"
    },
    {
      "from_ci": "right_front_prop_3_vert",
      "from_conn": "MOTOR_CONNECTOR_CS_IN",
      "to_ci": "right_front_motor_3_vert",
      "to_conn": "Prop_Connector"
    },
    {
      "from_ci": "right_tail_wing",
      "from_conn": "Connector_2",
      "to_ci": "rear_right_cyl_4",
      "to_conn": "RIGHT_CONNECTOR"
    },
    {
      "from_ci": "left_bot_wing",
      "from_conn": "Battery_Connector_2",
      "to_ci": "left_battery",
      "to_conn": "Battery_Connector_2_out"
    },
    {
      "from_ci": "right_front_motor_fwd",
      "from_conn": "MotorPower",
      "to_ci": "777V_Bat_System",
      "to_conn": "MotorPower"
    },
    {
      "from_ci": "left_rear_motor_1_vert",
      "from_conn": "MotorPower",
      "to_ci": "777V_Bat_System",
      "to_conn": "MotorPower"
    },
    {
      "from_ci": "rear_left_cyl_3",
      "from_conn": "FRONT_CONNECTOR",
      "to_ci": "rear_left_cyl_2",
      "to_conn": "REAR_CONNECTOR"
    },
    {
      "from_ci": "right_front_prop_1_vert",
      "from_conn": "MOTOR_CONNECTOR_CS_IN",
      "to_ci": "right_front_motor_1_vert",
      "to_conn": "Prop_Connector"
    },
    {
      "from_ci": "front_right_cyl_flip",
      "from_conn": "FRONT_CONNECTOR",
      "to_ci": "right_front_motor_fwd",
      "to_conn": "Base_Connector"
    },
    {
      "from_ci": "left_front_motor_1_vert",
      "from_conn": "Base_Connector",
      "to_ci": "front_left_cyl_1",
      "to_conn": "TOP_CONNECTOR"
    },
    {
      "from_ci": "center_left_cyl",
      "from_conn": "REAR_CONNECTOR",
      "to_ci": "rear_left_cyl_1",
      "to_conn": "FRONT_CONNECTOR"
    },
    {
      "from_ci": "Orient",
      "from_conn": "ORIENTCONN",
      "to_ci": "fuselage",
      "to_conn": "ORIENT"
    },
    {
      "from_ci": "left_rear_motor_1_vert",
      "from_conn": "Prop_Connector",
      "to_ci": "left_rear_prop_1_vert",
      "to_conn": "MOTOR_CONNECTOR_CS_IN"
    },
    {
      "from_ci": "front_left_cyl_flip",
      "from_conn": "FRONT_CONNECTOR",
      "to_ci": "left_front_motor_fwd",
      "to_conn": "Base_Connector"
    },
    {
      "from_ci": "right_rear_motor_3_vert",
      "from_conn": "Base_Connector",
      "to_ci": "rear_right_cyl_3",
      "to_conn": "TOP_CONNECTOR"
    },
    {
      "from_ci": "left_rear_motor_2_vert",
      "from_conn": "Base_Connector",
      "to_ci": "rear_left_cyl_2",
      "to_conn": "TOP_CONNECTOR"
    },
    {
      "from_ci": "right_rear_motor_1_vert",
      "from_conn": "Base_Connector",
      "to_ci": "rear_right_cyl_1",
      "to_conn": "TOP_CONNECTOR"
    },
    {
      "from_ci": "left_rear_motor_1_vert",
      "from_conn": "Base_Connector",
      "to_ci": "rear_left_cyl_1",
      "to_conn": "TOP_CONNECTOR"
    },
    {
      "from_ci": "Cyl_Flip_Out",
      "from_conn": "Flip_Connector_1",
      "to_ci": "fuselage",
      "to_conn": "RIGHT_CONNECTOR"
    },
    {
      "from_ci": "left_front_motor_1_vert",
      "from_conn": "Prop_Connector",
      "to_ci": "left_front_prop_1_vert",
      "to_conn": "MOTOR_CONNECTOR_CS_IN"
    },
    {
      "from_ci": "rear_left_cyl_3",
      "from_conn": "REAR_CONNECTOR",
      "to_ci": "rear_left_cyl_4",
      "to_conn": "FRONT_CONNECTOR"
    },
    {
      "from_ci": "right_rear_prop_1_vert",
      "from_conn": "MOTOR_CONNECTOR_CS_IN",
      "to_ci": "right_rear_motor_1_vert",
      "to_conn": "Prop_Connector"
    },
    {
      "from_ci": "777V_Bat_System",
      "from_conn": "BatteryPower",
      "to_ci": "left_battery",
      "to_conn": "PowerBus"
    },
    {
      "from_ci": "left_front_motor_1_vert",
      "from_conn": "MotorPower",
      "to_ci": "777V_Bat_System",
      "to_conn": "MotorPower"
    },
    {
      "from_ci": "rear_right_cyl_2",
      "from_conn": "FRONT_CONNECTOR",
      "to_ci": "rear_right_cyl_1",
      "to_conn": "REAR_CONNECTOR"
    },
    {
      "from_ci": "fuselage",
      "from_conn": "LEFT_CONNECTOR",
      "to_ci": "left_center_cyl_flip",
      "to_conn": "Flip_Connector_1"
    },
    {
      "from_ci": "left_rear_motor_3_vert",
      "from_conn": "MotorPower",
      "to_ci": "777V_Bat_System",
      "to_conn": "MotorPower"
    },
    {
      "from_ci": "left_front_motor_fwd",
      "from_conn": "MotorPower",
      "to_ci": "777V_Bat_System",
      "to_conn": "MotorPower"
    },
    {
      "from_ci": "bot_naca_connector",
      "from_conn": "End_Connector_2",
      "to_ci": "right_bot_wing",
      "to_conn": "Connector_1"
    },
    {
      "from_ci": "front_right_cyl_1",
      "from_conn": "REAR_CONNECTOR",
      "to_ci": "front_right_cyl_2",
      "to_conn": "FRONT_CONNECTOR"
    },
    {
      "from_ci": "front_left_cyl_flip",
      "from_conn": "REAR_CONNECTOR",
      "to_ci": "front_left_cyl_1",
      "to_conn": "FRONT_CONNECTOR"
    },
    {
      "from_ci": "right_top_wing",
      "from_conn": "Connector_1",
      "to_ci": "top_naca_connector",
      "to_conn": "End_Connector_1"
    },
    {
      "from_ci": "left_rear_prop_3_vert",
      "from_conn": "MOTOR_CONNECTOR_CS_IN",
      "to_ci": "left_rear_motor_3_vert",
      "to_conn": "Prop_Connector"
    },
    {
      "from_ci": "right_front_motor_3_vert",
      "from_conn": "Base_Connector",
      "to_ci": "front_right_cyl_3",
      "to_conn": "TOP_CONNECTOR"
    },
    {
      "from_ci": "left_front_motor_3_vert",
      "from_conn": "Base_Connector",
      "to_ci": "front_left_cyl_3",
      "to_conn": "TOP_CONNECTOR"
    },
    {
      "from_ci": "right_rear_motor_2_vert",
      "from_conn": "MotorPower",
      "to_ci": "777V_Bat_System",
      "to_conn": "MotorPower"
    },
    {
      "from_ci": "right_front_prop_fwd",
      "from_conn": "MOTOR_CONNECTOR_CS_IN",
      "to_ci": "right_front_motor_fwd",
      "to_conn": "Prop_Connector"
    },
    {
      "from_ci": "right_battery",
      "from_conn": "PowerBus",
      "to_ci": "777V_Bat_System",
      "to_conn": "BatteryPower"
    },
    {
      "from_ci": "left_front_prop_2_vert",
      "from_conn": "MOTOR_CONNECTOR_CS_IN",
      "to_ci": "left_front_motor_2_vert",
      "to_conn": "Prop_Connector"
    },
    {
      "from_ci": "left_front_motor_2_vert",
      "from_conn": "MotorPower",
      "to_ci": "777V_Bat_System",
      "to_conn": "MotorPower"
    },
    {
      "from_ci": "front_right_cyl_1",
      "from_conn": "FRONT_CONNECTOR",
      "to_ci": "front_right_cyl_flip",
      "to_conn": "REAR_CONNECTOR"
    },
    {
      "from_ci": "bot_naca_connector",
      "from_conn": "Bottom_Connector",
      "to_ci": "fuselage",
      "to_conn": "BOTTOM_CONNECTOR"
    },
    {
      "from_ci": "rear_right_cyl_2",
      "from_conn": "REAR_CONNECTOR",
      "to_ci": "rear_right_cyl_3",
      "to_conn": "FRONT_CONNECTOR"
    },
    {
      "from_ci": "front_right_cyl_2",
      "from_conn": "REAR_CONNECTOR",
      "to_ci": "front_right_cyl_3",
      "to_conn": "FRONT_CONNECTOR"
    },
    {
      "from_ci": "right_rear_motor_1_vert",
      "from_conn": "MotorPower",
      "to_ci": "777V_Bat_System",
      "to_conn": "MotorPower"
    },
    {
      "from_ci": "rear_right_cyl_1",
      "from_conn": "FRONT_CONNECTOR",
      "to_ci": "center_right_cyl",
      "to_conn": "REAR_CONNECTOR"
    },
    {
      "from_ci": "front_right_cyl_3",
      "from_conn": "REAR_CONNECTOR",
      "to_ci": "center_right_cyl",
      "to_conn": "FRONT_CONNECTOR"
    },
    {
      "from_ci": "Cyl_Flip_Out",
      "from_conn": "Flip_Connector_2",
      "to_ci": "center_right_cyl",
      "to_conn": "LEFT_CONNECTOR"
    },
    {
      "from_ci": "rear_left_cyl_3",
      "from_conn": "TOP_CONNECTOR",
      "to_ci": "left_rear_motor_3_vert",
      "to_conn": "Base_Connector"
    },
    {
      "from_ci": "left_front_motor_2_vert",
      "from_conn": "Base_Connector",
      "to_ci": "front_left_cyl_2",
      "to_conn": "TOP_CONNECTOR"
    },
    {
      "from_ci": "fuselage",
      "from_conn": "TOP_CONNECTOR",
      "to_ci": "top_naca_connector",
      "to_conn": "Bottom_Connector"
    },
    {
      "from_ci": "Passenger2",
      "from_conn": "Connector",
      "to_ci": "fuselage",
      "to_conn": "SEAT_2_CONNECTOR"
    },
    {
      "from_ci": "center_left_cyl",
      "from_conn": "FRONT_CONNECTOR",
      "to_ci": "front_left_cyl_3",
      "to_conn": "REAR_CONNECTOR"
    },
    {
      "from_ci": "front_left_cyl_2",
      "from_conn": "FRONT_CONNECTOR",
      "to_ci": "front_left_cyl_1",
      "to_conn": "REAR_CONNECTOR"
    },
    {
      "from_ci": "right_front_motor_2_vert",
      "from_conn": "MotorPower",
      "to_ci": "777V_Bat_System",
      "to_conn": "MotorPower"
    },
    {
      "from_ci": "rear_left_cyl_1",
      "from_conn": "REAR_CONNECTOR",
      "to_ci": "rear_left_cyl_2",
      "to_conn": "FRONT_CONNECTOR"
    },
    {
      "from_ci": "left_front_motor_3_vert",
      "from_conn": "Prop_Connector",
      "to_ci": "left_front_prop_3_vert",
      "to_conn": "MOTOR_CONNECTOR_CS_IN"
    },
    {
      "from_ci": "right_rear_motor_2_vert",
      "from_conn": "Base_Connector",
      "to_ci": "rear_right_cyl_2",
      "to_conn": "TOP_CONNECTOR"
    }
  ]
}
