FROM_COMP,LIB_COMPONENT
rear_left_cyl_3,PORTED_CYL
right_battery,Tattu25AhLi
right_rear_prop_1_vert,62x6_2_3200_51_1390
right_front_prop_1_vert,62x6_2_3200_51_1390
center_left_cyl,PORTED_CYL
left_rear_motor_1_vert,MAGiDRIVE150
left_front_prop_fwd,62x6_2_3200_51_1390
right_rear_prop_3_vert,62x6_2_3200_51_1390
right_front_motor_2_vert,MAGiDRIVE150
left_front_motor_3_vert,MAGiDRIVE150
right_rear_motor_2_vert,MAGiDRIVE150
Orient,Orient
left_rear_prop_3_vert,62x6_2_3200_51_1390
rear_right_cyl_2,PORTED_CYL
Cyl_Flip_Out,Cyl_Flip_Out
front_right_cyl_1,PORTED_CYL
left_tail_wing,naca_wing
Passenger1,Passenger
right_rear_motor_1_vert,MAGiDRIVE150
right_tail_wing,naca_wing
left_front_motor_1_vert,MAGiDRIVE150
rear_left_cyl_1,PORTED_CYL
left_rear_motor_2_vert,MAGiDRIVE150
bot_naca_connector,naca_connector
Passenger2,Passenger
right_front_prop_3_vert,62x6_2_3200_51_1390
left_top_wing,naca_wing
rear_right_cyl_4,PORTED_CYL
front_right_cyl_flip,Cyl_Flip
front_left_cyl_flip,Cyl_Flip
right_top_wing,naca_wing
left_front_prop_3_vert,62x6_2_3200_51_1390
left_rear_prop_1_vert,62x6_2_3200_51_1390
right_front_prop_fwd,62x6_2_3200_51_1390
rear_right_cyl_1,PORTED_CYL
left_bot_wing,naca_wing
right_rear_prop_2_vert,62x6_2_3200_51_1390
left_rear_prop_2_vert,62x6_2_3200_51_1390
fuselage,FUSE_SPHERE_CYL_CONE
right_front_motor_3_vert,MAGiDRIVE150
front_right_cyl_2,PORTED_CYL
left_front_motor_fwd,MAGiDRIVE150
left_center_cyl_flip,Cyl_Flip_Out
right_front_motor_fwd,MAGiDRIVE150
right_bot_wing,naca_wing
left_rear_motor_3_vert,MAGiDRIVE150
right_front_prop_2_vert,62x6_2_3200_51_1390
front_right_cyl_3,PORTED_CYL
right_front_motor_1_vert,MAGiDRIVE150
center_right_cyl,PORTED_CYL
rear_left_cyl_4,PORTED_CYL
top_naca_connector,naca_connector
left_front_prop_2_vert,62x6_2_3200_51_1390
left_front_prop_1_vert,62x6_2_3200_51_1390
right_rear_motor_3_vert,MAGiDRIVE150
left_front_motor_2_vert,MAGiDRIVE150
front_left_cyl_2,PORTED_CYL
front_left_cyl_3,PORTED_CYL
rear_left_cyl_2,PORTED_CYL
777V_Bat_System,BatteryController
left_battery,Tattu25AhLi
rear_right_cyl_3,PORTED_CYL
front_left_cyl_1,PORTED_CYL
