FROM_COMP,FROM_CONN,TO_COMP,TO_CONN
rear_left_cyl_3,FRONT_CONNECTOR,rear_left_cyl_2,REAR_CONNECTOR
rear_left_cyl_3,REAR_CONNECTOR,rear_left_cyl_4,FRONT_CONNECTOR
rear_left_cyl_3,TOP_CONNECTOR,left_rear_motor_3_vert,Base_Connector
right_battery,Battery_Connector_1_out,right_bot_wing,Battery_Connector_1
right_battery,PowerBus,777V_Bat_System,BatteryPower
right_rear_prop_1_vert,MOTOR_CONNECTOR_CS_IN,right_rear_motor_1_vert,Prop_Connector
right_front_prop_1_vert,MOTOR_CONNECTOR_CS_IN,right_front_motor_1_vert,Prop_Connector
center_left_cyl,FRONT_CONNECTOR,front_left_cyl_3,REAR_CONNECTOR
center_left_cyl,REAR_CONNECTOR,rear_left_cyl_1,FRONT_CONNECTOR
center_left_cyl,RIGHT_CONNECTOR,left_center_cyl_flip,Flip_Connector_2
left_rear_motor_1_vert,MotorPower,777V_Bat_System,MotorPower
left_rear_motor_1_vert,Prop_Connector,left_rear_prop_1_vert,MOTOR_CONNECTOR_CS_IN
left_rear_motor_1_vert,Base_Connector,rear_left_cyl_1,TOP_CONNECTOR
left_front_prop_fwd,MOTOR_CONNECTOR_CS_IN,left_front_motor_fwd,Prop_Connector
right_rear_prop_3_vert,MOTOR_CONNECTOR_CS_IN,right_rear_motor_3_vert,Prop_Connector
right_front_motor_2_vert,Base_Connector,front_right_cyl_2,TOP_CONNECTOR
right_front_motor_2_vert,Prop_Connector,right_front_prop_2_vert,MOTOR_CONNECTOR_CS_IN
right_front_motor_2_vert,MotorPower,777V_Bat_System,MotorPower
left_front_motor_3_vert,Prop_Connector,left_front_prop_3_vert,MOTOR_CONNECTOR_CS_IN
left_front_motor_3_vert,Base_Connector,front_left_cyl_3,TOP_CONNECTOR
left_front_motor_3_vert,MotorPower,777V_Bat_System,MotorPower
right_rear_motor_2_vert,Base_Connector,rear_right_cyl_2,TOP_CONNECTOR
right_rear_motor_2_vert,MotorPower,777V_Bat_System,MotorPower
right_rear_motor_2_vert,Prop_Connector,right_rear_prop_2_vert,MOTOR_CONNECTOR_CS_IN
Orient,ORIENTCONN,fuselage,ORIENT
left_rear_prop_3_vert,MOTOR_CONNECTOR_CS_IN,left_rear_motor_3_vert,Prop_Connector
rear_right_cyl_2,TOP_CONNECTOR,right_rear_motor_2_vert,Base_Connector
rear_right_cyl_2,REAR_CONNECTOR,rear_right_cyl_3,FRONT_CONNECTOR
rear_right_cyl_2,FRONT_CONNECTOR,rear_right_cyl_1,REAR_CONNECTOR
Cyl_Flip_Out,Flip_Connector_2,center_right_cyl,LEFT_CONNECTOR
Cyl_Flip_Out,Flip_Connector_1,fuselage,RIGHT_CONNECTOR
front_right_cyl_1,TOP_CONNECTOR,right_front_motor_1_vert,Base_Connector
front_right_cyl_1,REAR_CONNECTOR,front_right_cyl_2,FRONT_CONNECTOR
front_right_cyl_1,FRONT_CONNECTOR,front_right_cyl_flip,REAR_CONNECTOR
left_tail_wing,Connector_1,rear_left_cyl_4,LEFT_CONNECTOR
Passenger1,Connector,fuselage,SEAT_1_CONNECTOR
right_rear_motor_1_vert,MotorPower,777V_Bat_System,MotorPower
right_rear_motor_1_vert,Base_Connector,rear_right_cyl_1,TOP_CONNECTOR
right_rear_motor_1_vert,Prop_Connector,right_rear_prop_1_vert,MOTOR_CONNECTOR_CS_IN
right_tail_wing,Connector_2,rear_right_cyl_4,RIGHT_CONNECTOR
left_front_motor_1_vert,Base_Connector,front_left_cyl_1,TOP_CONNECTOR
left_front_motor_1_vert,MotorPower,777V_Bat_System,MotorPower
left_front_motor_1_vert,Prop_Connector,left_front_prop_1_vert,MOTOR_CONNECTOR_CS_IN
rear_left_cyl_1,REAR_CONNECTOR,rear_left_cyl_2,FRONT_CONNECTOR
rear_left_cyl_1,FRONT_CONNECTOR,center_left_cyl,REAR_CONNECTOR
rear_left_cyl_1,TOP_CONNECTOR,left_rear_motor_1_vert,Base_Connector
left_rear_motor_2_vert,Base_Connector,rear_left_cyl_2,TOP_CONNECTOR
left_rear_motor_2_vert,Prop_Connector,left_rear_prop_2_vert,MOTOR_CONNECTOR_CS_IN
left_rear_motor_2_vert,MotorPower,777V_Bat_System,MotorPower
bot_naca_connector,Bottom_Connector,fuselage,BOTTOM_CONNECTOR
bot_naca_connector,End_Connector_1,left_bot_wing,Connector_2
bot_naca_connector,End_Connector_2,right_bot_wing,Connector_1
Passenger2,Connector,fuselage,SEAT_2_CONNECTOR
right_front_prop_3_vert,MOTOR_CONNECTOR_CS_IN,right_front_motor_3_vert,Prop_Connector
left_top_wing,Connector_2,top_naca_connector,End_Connector_2
rear_right_cyl_4,FRONT_CONNECTOR,rear_right_cyl_3,REAR_CONNECTOR
rear_right_cyl_4,RIGHT_CONNECTOR,right_tail_wing,Connector_2
front_right_cyl_flip,FRONT_CONNECTOR,right_front_motor_fwd,Base_Connector
front_right_cyl_flip,REAR_CONNECTOR,front_right_cyl_1,FRONT_CONNECTOR
front_left_cyl_flip,FRONT_CONNECTOR,left_front_motor_fwd,Base_Connector
front_left_cyl_flip,REAR_CONNECTOR,front_left_cyl_1,FRONT_CONNECTOR
right_top_wing,Connector_1,top_naca_connector,End_Connector_1
left_front_prop_3_vert,MOTOR_CONNECTOR_CS_IN,left_front_motor_3_vert,Prop_Connector
left_rear_prop_1_vert,MOTOR_CONNECTOR_CS_IN,left_rear_motor_1_vert,Prop_Connector
right_front_prop_fwd,MOTOR_CONNECTOR_CS_IN,right_front_motor_fwd,Prop_Connector
rear_right_cyl_1,REAR_CONNECTOR,rear_right_cyl_2,FRONT_CONNECTOR
rear_right_cyl_1,FRONT_CONNECTOR,center_right_cyl,REAR_CONNECTOR
rear_right_cyl_1,TOP_CONNECTOR,right_rear_motor_1_vert,Base_Connector
left_bot_wing,Battery_Connector_2,left_battery,Battery_Connector_2_out
left_bot_wing,Connector_2,bot_naca_connector,End_Connector_1
right_rear_prop_2_vert,MOTOR_CONNECTOR_CS_IN,right_rear_motor_2_vert,Prop_Connector
left_rear_prop_2_vert,MOTOR_CONNECTOR_CS_IN,left_rear_motor_2_vert,Prop_Connector
fuselage,SEAT_1_CONNECTOR,Passenger1,Connector
fuselage,RIGHT_CONNECTOR,Cyl_Flip_Out,Flip_Connector_1
fuselage,LEFT_CONNECTOR,left_center_cyl_flip,Flip_Connector_1
fuselage,SEAT_2_CONNECTOR,Passenger2,Connector
fuselage,ORIENT,Orient,ORIENTCONN
fuselage,BOTTOM_CONNECTOR,bot_naca_connector,Bottom_Connector
fuselage,TOP_CONNECTOR,top_naca_connector,Bottom_Connector
right_front_motor_3_vert,Base_Connector,front_right_cyl_3,TOP_CONNECTOR
right_front_motor_3_vert,Prop_Connector,right_front_prop_3_vert,MOTOR_CONNECTOR_CS_IN
right_front_motor_3_vert,MotorPower,777V_Bat_System,MotorPower
front_right_cyl_2,TOP_CONNECTOR,right_front_motor_2_vert,Base_Connector
front_right_cyl_2,FRONT_CONNECTOR,front_right_cyl_1,REAR_CONNECTOR
front_right_cyl_2,REAR_CONNECTOR,front_right_cyl_3,FRONT_CONNECTOR
left_front_motor_fwd,MotorPower,777V_Bat_System,MotorPower
left_front_motor_fwd,Base_Connector,front_left_cyl_flip,FRONT_CONNECTOR
left_front_motor_fwd,Prop_Connector,left_front_prop_fwd,MOTOR_CONNECTOR_CS_IN
left_center_cyl_flip,Flip_Connector_1,fuselage,LEFT_CONNECTOR
left_center_cyl_flip,Flip_Connector_2,center_left_cyl,RIGHT_CONNECTOR
right_front_motor_fwd,Base_Connector,front_right_cyl_flip,FRONT_CONNECTOR
right_front_motor_fwd,Prop_Connector,right_front_prop_fwd,MOTOR_CONNECTOR_CS_IN
right_front_motor_fwd,MotorPower,777V_Bat_System,MotorPower
right_bot_wing,Connector_1,bot_naca_connector,End_Connector_2
right_bot_wing,Battery_Connector_1,right_battery,Battery_Connector_1_out
left_rear_motor_3_vert,MotorPower,777V_Bat_System,MotorPower
left_rear_motor_3_vert,Base_Connector,rear_left_cyl_3,TOP_CONNECTOR
left_rear_motor_3_vert,Prop_Connector,left_rear_prop_3_vert,MOTOR_CONNECTOR_CS_IN
right_front_prop_2_vert,MOTOR_CONNECTOR_CS_IN,right_front_motor_2_vert,Prop_Connector
front_right_cyl_3,TOP_CONNECTOR,right_front_motor_3_vert,Base_Connector
front_right_cyl_3,FRONT_CONNECTOR,front_right_cyl_2,REAR_CONNECTOR
front_right_cyl_3,REAR_CONNECTOR,center_right_cyl,FRONT_CONNECTOR
right_front_motor_1_vert,Base_Connector,front_right_cyl_1,TOP_CONNECTOR
right_front_motor_1_vert,Prop_Connector,right_front_prop_1_vert,MOTOR_CONNECTOR_CS_IN
right_front_motor_1_vert,MotorPower,777V_Bat_System,MotorPower
center_right_cyl,REAR_CONNECTOR,rear_right_cyl_1,FRONT_CONNECTOR
center_right_cyl,LEFT_CONNECTOR,Cyl_Flip_Out,Flip_Connector_2
center_right_cyl,FRONT_CONNECTOR,front_right_cyl_3,REAR_CONNECTOR
rear_left_cyl_4,FRONT_CONNECTOR,rear_left_cyl_3,REAR_CONNECTOR
rear_left_cyl_4,LEFT_CONNECTOR,left_tail_wing,Connector_1
top_naca_connector,End_Connector_1,right_top_wing,Connector_1
top_naca_connector,End_Connector_2,left_top_wing,Connector_2
top_naca_connector,Bottom_Connector,fuselage,TOP_CONNECTOR
left_front_prop_2_vert,MOTOR_CONNECTOR_CS_IN,left_front_motor_2_vert,Prop_Connector
left_front_prop_1_vert,MOTOR_CONNECTOR_CS_IN,left_front_motor_1_vert,Prop_Connector
right_rear_motor_3_vert,MotorPower,777V_Bat_System,MotorPower
right_rear_motor_3_vert,Prop_Connector,right_rear_prop_3_vert,MOTOR_CONNECTOR_CS_IN
right_rear_motor_3_vert,Base_Connector,rear_right_cyl_3,TOP_CONNECTOR
left_front_motor_2_vert,Prop_Connector,left_front_prop_2_vert,MOTOR_CONNECTOR_CS_IN
left_front_motor_2_vert,MotorPower,777V_Bat_System,MotorPower
left_front_motor_2_vert,Base_Connector,front_left_cyl_2,TOP_CONNECTOR
front_left_cyl_2,REAR_CONNECTOR,front_left_cyl_3,FRONT_CONNECTOR
front_left_cyl_2,TOP_CONNECTOR,left_front_motor_2_vert,Base_Connector
front_left_cyl_2,FRONT_CONNECTOR,front_left_cyl_1,REAR_CONNECTOR
front_left_cyl_3,FRONT_CONNECTOR,front_left_cyl_2,REAR_CONNECTOR
front_left_cyl_3,TOP_CONNECTOR,left_front_motor_3_vert,Base_Connector
front_left_cyl_3,REAR_CONNECTOR,center_left_cyl,FRONT_CONNECTOR
rear_left_cyl_2,TOP_CONNECTOR,left_rear_motor_2_vert,Base_Connector
rear_left_cyl_2,REAR_CONNECTOR,rear_left_cyl_3,FRONT_CONNECTOR
rear_left_cyl_2,FRONT_CONNECTOR,rear_left_cyl_1,REAR_CONNECTOR
777V_Bat_System,BatteryPower,left_battery,PowerBus
777V_Bat_System,BatteryPower,right_battery,PowerBus
777V_Bat_System,MotorPower,right_rear_motor_3_vert,MotorPower
777V_Bat_System,MotorPower,left_rear_motor_3_vert,MotorPower
777V_Bat_System,MotorPower,left_rear_motor_1_vert,MotorPower
777V_Bat_System,MotorPower,left_front_motor_fwd,MotorPower
777V_Bat_System,MotorPower,right_rear_motor_1_vert,MotorPower
777V_Bat_System,MotorPower,right_rear_motor_2_vert,MotorPower
777V_Bat_System,MotorPower,left_front_motor_1_vert,MotorPower
777V_Bat_System,MotorPower,left_rear_motor_2_vert,MotorPower
777V_Bat_System,MotorPower,right_front_motor_2_vert,MotorPower
777V_Bat_System,MotorPower,left_front_motor_2_vert,MotorPower
777V_Bat_System,MotorPower,left_front_motor_3_vert,MotorPower
777V_Bat_System,MotorPower,right_front_motor_3_vert,MotorPower
777V_Bat_System,MotorPower,right_front_motor_fwd,MotorPower
777V_Bat_System,MotorPower,right_front_motor_1_vert,MotorPower
left_battery,PowerBus,777V_Bat_System,BatteryPower
left_battery,Battery_Connector_2_out,left_bot_wing,Battery_Connector_2
rear_right_cyl_3,FRONT_CONNECTOR,rear_right_cyl_2,REAR_CONNECTOR
rear_right_cyl_3,TOP_CONNECTOR,right_rear_motor_3_vert,Base_Connector
rear_right_cyl_3,REAR_CONNECTOR,rear_right_cyl_4,FRONT_CONNECTOR
front_left_cyl_1,FRONT_CONNECTOR,front_left_cyl_flip,REAR_CONNECTOR
front_left_cyl_1,REAR_CONNECTOR,front_left_cyl_2,FRONT_CONNECTOR
front_left_cyl_1,TOP_CONNECTOR,left_front_motor_1_vert,Base_Connector
