[
  {
    "DESIGN_PARAM": "Param_5",
    "DESIGN_PARAM_VAL": "2000",
    "COMPONENT_NAME": "fuselage",
    "COMPONENT_PARAM": "LENGTH"
  },
  {
    "DESIGN_PARAM": "MainWingLoad",
    "DESIGN_PARAM_VAL": "7000",
    "COMPONENT_NAME": "right_top_wing",
    "COMPONENT_PARAM": "LOAD"
  },
  {
    "DESIGN_PARAM": "MainWingLoad",
    "DESIGN_PARAM_VAL": "7000",
    "COMPONENT_NAME": "left_top_wing",
    "COMPONENT_PARAM": "LOAD"
  },
  {
    "DESIGN_PARAM": "FwdFacingCCW_Spin",
    "DESIGN_PARAM_VAL": "-1",
    "COMPONENT_NAME": "left_front_prop_fwd",
    "COMPONENT_PARAM": "Direction"
  },
  {
    "DESIGN_PARAM": "Param_10",
    "DESIGN_PARAM_VAL": "45",
    "COMPONENT_NAME": "rear_left_cyl_4",
    "COMPONENT_PARAM": "FRONT_ANGLE"
  },
  {
    "DESIGN_PARAM": "battery_percent",
    "DESIGN_PARAM_VAL": "100",
    "COMPONENT_NAME": "right_battery",
    "COMPONENT_PARAM": "VOLUME_PERCENT"
  },
  {
    "DESIGN_PARAM": "battery_percent",
    "DESIGN_PARAM_VAL": "100",
    "COMPONENT_NAME": "left_battery",
    "COMPONENT_PARAM": "VOLUME_PERCENT"
  },
  {
    "DESIGN_PARAM": "Param_3",
    "DESIGN_PARAM_VAL": "1000",
    "COMPONENT_NAME": "rear_left_cyl_4",
    "COMPONENT_PARAM": "LENGTH"
  },
  {
    "DESIGN_PARAM": "Param_3",
    "DESIGN_PARAM_VAL": "1000",
    "COMPONENT_NAME": "rear_right_cyl_4",
    "COMPONENT_PARAM": "LENGTH"
  },
  {
    "DESIGN_PARAM": "UpFacingCW_PropType",
    "DESIGN_PARAM_VAL": "1",
    "COMPONENT_NAME": "right_front_prop_2_vert",
    "COMPONENT_PARAM": "Prop_type"
  },
  {
    "DESIGN_PARAM": "UpFacingCW_PropType",
    "DESIGN_PARAM_VAL": "1",
    "COMPONENT_NAME": "left_front_prop_1_vert",
    "COMPONENT_PARAM": "Prop_type"
  },
  {
    "DESIGN_PARAM": "UpFacingCW_PropType",
    "DESIGN_PARAM_VAL": "1",
    "COMPONENT_NAME": "right_rear_prop_1_vert",
    "COMPONENT_PARAM": "Prop_type"
  },
  {
    "DESIGN_PARAM": "UpFacingCW_PropType",
    "DESIGN_PARAM_VAL": "1",
    "COMPONENT_NAME": "left_front_prop_3_vert",
    "COMPONENT_PARAM": "Prop_type"
  },
  {
    "DESIGN_PARAM": "UpFacingCW_PropType",
    "DESIGN_PARAM_VAL": "1",
    "COMPONENT_NAME": "left_rear_prop_2_vert",
    "COMPONENT_PARAM": "Prop_type"
  },
  {
    "DESIGN_PARAM": "UpFacingCW_PropType",
    "DESIGN_PARAM_VAL": "1",
    "COMPONENT_NAME": "right_rear_prop_3_vert",
    "COMPONENT_PARAM": "Prop_type"
  },
  {
    "DESIGN_PARAM": "Param_19",
    "DESIGN_PARAM_VAL": "315",
    "COMPONENT_NAME": "rear_right_cyl_4",
    "COMPONENT_PARAM": "FRONT_ANGLE"
  },
  {
    "DESIGN_PARAM": "voltage_request",
    "DESIGN_PARAM_VAL": "777",
    "COMPONENT_NAME": "left_battery",
    "COMPONENT_PARAM": "VOLTAGE_REQUEST"
  },
  {
    "DESIGN_PARAM": "voltage_request",
    "DESIGN_PARAM_VAL": "777",
    "COMPONENT_NAME": "right_battery",
    "COMPONENT_PARAM": "VOLTAGE_REQUEST"
  },
  {
    "DESIGN_PARAM": "Param_16",
    "DESIGN_PARAM_VAL": "790",
    "COMPONENT_NAME": "fuselage",
    "COMPONENT_PARAM": "SEAT_2_FB"
  },
  {
    "DESIGN_PARAM": "Param_16",
    "DESIGN_PARAM_VAL": "790",
    "COMPONENT_NAME": "fuselage",
    "COMPONENT_PARAM": "SEAT_1_FB"
  },
  {
    "DESIGN_PARAM": "FwdFacingCW_PropType",
    "DESIGN_PARAM_VAL": "1",
    "COMPONENT_NAME": "right_front_prop_fwd",
    "COMPONENT_PARAM": "Prop_type"
  },
  {
    "DESIGN_PARAM": "UpFacingCCW_Spin",
    "DESIGN_PARAM_VAL": "-1",
    "COMPONENT_NAME": "left_rear_prop_3_vert",
    "COMPONENT_PARAM": "Direction"
  },
  {
    "DESIGN_PARAM": "UpFacingCCW_Spin",
    "DESIGN_PARAM_VAL": "-1",
    "COMPONENT_NAME": "right_rear_prop_2_vert",
    "COMPONENT_PARAM": "Direction"
  },
  {
    "DESIGN_PARAM": "UpFacingCCW_Spin",
    "DESIGN_PARAM_VAL": "-1",
    "COMPONENT_NAME": "left_front_prop_2_vert",
    "COMPONENT_PARAM": "Direction"
  },
  {
    "DESIGN_PARAM": "UpFacingCCW_Spin",
    "DESIGN_PARAM_VAL": "-1",
    "COMPONENT_NAME": "left_rear_prop_1_vert",
    "COMPONENT_PARAM": "Direction"
  },
  {
    "DESIGN_PARAM": "UpFacingCCW_Spin",
    "DESIGN_PARAM_VAL": "-1",
    "COMPONENT_NAME": "right_front_prop_1_vert",
    "COMPONENT_PARAM": "Direction"
  },
  {
    "DESIGN_PARAM": "UpFacingCCW_Spin",
    "DESIGN_PARAM_VAL": "-1",
    "COMPONENT_NAME": "right_front_prop_3_vert",
    "COMPONENT_PARAM": "Direction"
  },
  {
    "DESIGN_PARAM": "NACA_1",
    "DESIGN_PARAM_VAL": "4512",
    "COMPONENT_NAME": "right_top_wing",
    "COMPONENT_PARAM": "NACA_Profile"
  },
  {
    "DESIGN_PARAM": "NACA_1",
    "DESIGN_PARAM_VAL": "4512",
    "COMPONENT_NAME": "left_top_wing",
    "COMPONENT_PARAM": "NACA_Profile"
  },
  {
    "DESIGN_PARAM": "UpFacingCW_Spin",
    "DESIGN_PARAM_VAL": "1",
    "COMPONENT_NAME": "right_rear_prop_3_vert",
    "COMPONENT_PARAM": "Direction"
  },
  {
    "DESIGN_PARAM": "UpFacingCW_Spin",
    "DESIGN_PARAM_VAL": "1",
    "COMPONENT_NAME": "right_rear_prop_1_vert",
    "COMPONENT_PARAM": "Direction"
  },
  {
    "DESIGN_PARAM": "UpFacingCW_Spin",
    "DESIGN_PARAM_VAL": "1",
    "COMPONENT_NAME": "right_front_prop_2_vert",
    "COMPONENT_PARAM": "Direction"
  },
  {
    "DESIGN_PARAM": "UpFacingCW_Spin",
    "DESIGN_PARAM_VAL": "1",
    "COMPONENT_NAME": "left_front_prop_1_vert",
    "COMPONENT_PARAM": "Direction"
  },
  {
    "DESIGN_PARAM": "UpFacingCW_Spin",
    "DESIGN_PARAM_VAL": "1",
    "COMPONENT_NAME": "left_rear_prop_2_vert",
    "COMPONENT_PARAM": "Direction"
  },
  {
    "DESIGN_PARAM": "UpFacingCW_Spin",
    "DESIGN_PARAM_VAL": "1",
    "COMPONENT_NAME": "left_front_prop_3_vert",
    "COMPONENT_PARAM": "Direction"
  },
  {
    "DESIGN_PARAM": "RearWingLoad",
    "DESIGN_PARAM_VAL": "1000",
    "COMPONENT_NAME": "left_tail_wing",
    "COMPONENT_PARAM": "LOAD"
  },
  {
    "DESIGN_PARAM": "RearWingLoad",
    "DESIGN_PARAM_VAL": "1000",
    "COMPONENT_NAME": "right_tail_wing",
    "COMPONENT_PARAM": "LOAD"
  },
  {
    "DESIGN_PARAM": "FwdFacingCCW_PropType",
    "DESIGN_PARAM_VAL": "-1",
    "COMPONENT_NAME": "left_front_prop_fwd",
    "COMPONENT_PARAM": "Prop_type"
  },
  {
    "DESIGN_PARAM": "Param_4",
    "DESIGN_PARAM_VAL": "150",
    "COMPONENT_NAME": "fuselage",
    "COMPONENT_PARAM": "PORT_THICKNESS"
  },
  {
    "DESIGN_PARAM": "Param_4",
    "DESIGN_PARAM_VAL": "150",
    "COMPONENT_NAME": "bot_naca_connector",
    "COMPONENT_PARAM": "PORT_THICKNESS"
  },
  {
    "DESIGN_PARAM": "Param_4",
    "DESIGN_PARAM_VAL": "150",
    "COMPONENT_NAME": "top_naca_connector",
    "COMPONENT_PARAM": "PORT_THICKNESS"
  },
  {
    "DESIGN_PARAM": "Param_11",
    "DESIGN_PARAM_VAL": "10000",
    "COMPONENT_NAME": "left_top_wing",
    "COMPONENT_PARAM": "SPAN"
  },
  {
    "DESIGN_PARAM": "Param_11",
    "DESIGN_PARAM_VAL": "10000",
    "COMPONENT_NAME": "right_top_wing",
    "COMPONENT_PARAM": "SPAN"
  },
  {
    "DESIGN_PARAM": "Param_6",
    "DESIGN_PARAM_VAL": "1520",
    "COMPONENT_NAME": "fuselage",
    "COMPONENT_PARAM": "SPHERE_DIAMETER"
  },
  {
    "DESIGN_PARAM": "NACA_2",
    "DESIGN_PARAM_VAL": "0025",
    "COMPONENT_NAME": "left_bot_wing",
    "COMPONENT_PARAM": "NACA_Profile"
  },
  {
    "DESIGN_PARAM": "NACA_2",
    "DESIGN_PARAM_VAL": "0025",
    "COMPONENT_NAME": "right_bot_wing",
    "COMPONENT_PARAM": "NACA_Profile"
  },
  {
    "DESIGN_PARAM": "Param_15",
    "DESIGN_PARAM_VAL": "25",
    "COMPONENT_NAME": "bot_naca_connector",
    "COMPONENT_PARAM": "THICKNESS"
  },
  {
    "DESIGN_PARAM": "Param_15",
    "DESIGN_PARAM_VAL": "25",
    "COMPONENT_NAME": "right_bot_wing",
    "COMPONENT_PARAM": "THICKNESS"
  },
  {
    "DESIGN_PARAM": "Param_15",
    "DESIGN_PARAM_VAL": "25",
    "COMPONENT_NAME": "right_battery",
    "COMPONENT_PARAM": "THICKNESS"
  },
  {
    "DESIGN_PARAM": "Param_15",
    "DESIGN_PARAM_VAL": "25",
    "COMPONENT_NAME": "left_bot_wing",
    "COMPONENT_PARAM": "THICKNESS"
  },
  {
    "DESIGN_PARAM": "Param_15",
    "DESIGN_PARAM_VAL": "25",
    "COMPONENT_NAME": "left_battery",
    "COMPONENT_PARAM": "THICKNESS"
  },
  {
    "DESIGN_PARAM": "BottomWingLoad",
    "DESIGN_PARAM_VAL": "2000",
    "COMPONENT_NAME": "left_bot_wing",
    "COMPONENT_PARAM": "LOAD"
  },
  {
    "DESIGN_PARAM": "BottomWingLoad",
    "DESIGN_PARAM_VAL": "2000",
    "COMPONENT_NAME": "right_bot_wing",
    "COMPONENT_PARAM": "LOAD"
  },
  {
    "DESIGN_PARAM": "Param_1",
    "DESIGN_PARAM_VAL": "2000",
    "COMPONENT_NAME": "right_top_wing",
    "COMPONENT_PARAM": "CHORD_2"
  },
  {
    "DESIGN_PARAM": "Param_1",
    "DESIGN_PARAM_VAL": "2000",
    "COMPONENT_NAME": "top_naca_connector",
    "COMPONENT_PARAM": "CHORD"
  },
  {
    "DESIGN_PARAM": "Param_1",
    "DESIGN_PARAM_VAL": "2000",
    "COMPONENT_NAME": "right_top_wing",
    "COMPONENT_PARAM": "CHORD_1"
  },
  {
    "DESIGN_PARAM": "Param_1",
    "DESIGN_PARAM_VAL": "2000",
    "COMPONENT_NAME": "center_left_cyl",
    "COMPONENT_PARAM": "LENGTH"
  },
  {
    "DESIGN_PARAM": "Param_1",
    "DESIGN_PARAM_VAL": "2000",
    "COMPONENT_NAME": "left_top_wing",
    "COMPONENT_PARAM": "CHORD_2"
  },
  {
    "DESIGN_PARAM": "Param_1",
    "DESIGN_PARAM_VAL": "2000",
    "COMPONENT_NAME": "left_top_wing",
    "COMPONENT_PARAM": "CHORD_1"
  },
  {
    "DESIGN_PARAM": "Param_1",
    "DESIGN_PARAM_VAL": "2000",
    "COMPONENT_NAME": "center_right_cyl",
    "COMPONENT_PARAM": "LENGTH"
  },
  {
    "DESIGN_PARAM": "NACA_3",
    "DESIGN_PARAM_VAL": "0012",
    "COMPONENT_NAME": "right_tail_wing",
    "COMPONENT_PARAM": "NACA_Profile"
  },
  {
    "DESIGN_PARAM": "NACA_3",
    "DESIGN_PARAM_VAL": "0012",
    "COMPONENT_NAME": "left_tail_wing",
    "COMPONENT_PARAM": "NACA_Profile"
  },
  {
    "DESIGN_PARAM": "Param_8",
    "DESIGN_PARAM_VAL": "300",
    "COMPONENT_NAME": "fuselage",
    "COMPONENT_PARAM": "MIDDLE_LENGTH"
  },
  {
    "DESIGN_PARAM": "Param_18",
    "DESIGN_PARAM_VAL": "-210",
    "COMPONENT_NAME": "fuselage",
    "COMPONENT_PARAM": "SEAT_2_LR"
  },
  {
    "DESIGN_PARAM": "Param_0",
    "DESIGN_PARAM_VAL": "1650",
    "COMPONENT_NAME": "front_left_cyl_1",
    "COMPONENT_PARAM": "LENGTH"
  },
  {
    "DESIGN_PARAM": "Param_0",
    "DESIGN_PARAM_VAL": "1650",
    "COMPONENT_NAME": "rear_left_cyl_3",
    "COMPONENT_PARAM": "LENGTH"
  },
  {
    "DESIGN_PARAM": "Param_0",
    "DESIGN_PARAM_VAL": "1650",
    "COMPONENT_NAME": "front_left_cyl_2",
    "COMPONENT_PARAM": "LENGTH"
  },
  {
    "DESIGN_PARAM": "Param_0",
    "DESIGN_PARAM_VAL": "1650",
    "COMPONENT_NAME": "front_right_cyl_2",
    "COMPONENT_PARAM": "LENGTH"
  },
  {
    "DESIGN_PARAM": "Param_0",
    "DESIGN_PARAM_VAL": "1650",
    "COMPONENT_NAME": "rear_right_cyl_2",
    "COMPONENT_PARAM": "LENGTH"
  },
  {
    "DESIGN_PARAM": "Param_0",
    "DESIGN_PARAM_VAL": "1650",
    "COMPONENT_NAME": "rear_left_cyl_2",
    "COMPONENT_PARAM": "LENGTH"
  },
  {
    "DESIGN_PARAM": "Param_0",
    "DESIGN_PARAM_VAL": "1650",
    "COMPONENT_NAME": "rear_left_cyl_1",
    "COMPONENT_PARAM": "LENGTH"
  },
  {
    "DESIGN_PARAM": "Param_0",
    "DESIGN_PARAM_VAL": "1650",
    "COMPONENT_NAME": "rear_right_cyl_1",
    "COMPONENT_PARAM": "LENGTH"
  },
  {
    "DESIGN_PARAM": "Param_0",
    "DESIGN_PARAM_VAL": "1650",
    "COMPONENT_NAME": "front_right_cyl_1",
    "COMPONENT_PARAM": "LENGTH"
  },
  {
    "DESIGN_PARAM": "Param_0",
    "DESIGN_PARAM_VAL": "1650",
    "COMPONENT_NAME": "rear_right_cyl_3",
    "COMPONENT_PARAM": "LENGTH"
  },
  {
    "DESIGN_PARAM": "Param_0",
    "DESIGN_PARAM_VAL": "1650",
    "COMPONENT_NAME": "front_left_cyl_3",
    "COMPONENT_PARAM": "LENGTH"
  },
  {
    "DESIGN_PARAM": "Param_0",
    "DESIGN_PARAM_VAL": "1650",
    "COMPONENT_NAME": "front_right_cyl_3",
    "COMPONENT_PARAM": "LENGTH"
  },
  {
    "DESIGN_PARAM": "Param_17",
    "DESIGN_PARAM_VAL": "210",
    "COMPONENT_NAME": "fuselage",
    "COMPONENT_PARAM": "SEAT_1_LR"
  },
  {
    "DESIGN_PARAM": "FwdFacingCW_Spin",
    "DESIGN_PARAM_VAL": "1",
    "COMPONENT_NAME": "right_front_prop_fwd",
    "COMPONENT_PARAM": "Direction"
  },
  {
    "DESIGN_PARAM": "Param_14",
    "DESIGN_PARAM_VAL": "4500",
    "COMPONENT_NAME": "right_tail_wing",
    "COMPONENT_PARAM": "SPAN"
  },
  {
    "DESIGN_PARAM": "Param_14",
    "DESIGN_PARAM_VAL": "4500",
    "COMPONENT_NAME": "left_tail_wing",
    "COMPONENT_PARAM": "SPAN"
  },
  {
    "DESIGN_PARAM": "Param_14",
    "DESIGN_PARAM_VAL": "4500",
    "COMPONENT_NAME": "left_battery",
    "COMPONENT_PARAM": "SPAN"
  },
  {
    "DESIGN_PARAM": "Param_14",
    "DESIGN_PARAM_VAL": "4500",
    "COMPONENT_NAME": "right_battery",
    "COMPONENT_PARAM": "SPAN"
  },
  {
    "DESIGN_PARAM": "Param_14",
    "DESIGN_PARAM_VAL": "4500",
    "COMPONENT_NAME": "right_bot_wing",
    "COMPONENT_PARAM": "SPAN"
  },
  {
    "DESIGN_PARAM": "Param_14",
    "DESIGN_PARAM_VAL": "4500",
    "COMPONENT_NAME": "left_bot_wing",
    "COMPONENT_PARAM": "SPAN"
  },
  {
    "DESIGN_PARAM": "UpFacingCCW_PropType",
    "DESIGN_PARAM_VAL": "-1",
    "COMPONENT_NAME": "right_front_prop_1_vert",
    "COMPONENT_PARAM": "Prop_type"
  },
  {
    "DESIGN_PARAM": "UpFacingCCW_PropType",
    "DESIGN_PARAM_VAL": "-1",
    "COMPONENT_NAME": "left_front_prop_2_vert",
    "COMPONENT_PARAM": "Prop_type"
  },
  {
    "DESIGN_PARAM": "UpFacingCCW_PropType",
    "DESIGN_PARAM_VAL": "-1",
    "COMPONENT_NAME": "left_rear_prop_3_vert",
    "COMPONENT_PARAM": "Prop_type"
  },
  {
    "DESIGN_PARAM": "UpFacingCCW_PropType",
    "DESIGN_PARAM_VAL": "-1",
    "COMPONENT_NAME": "left_rear_prop_1_vert",
    "COMPONENT_PARAM": "Prop_type"
  },
  {
    "DESIGN_PARAM": "UpFacingCCW_PropType",
    "DESIGN_PARAM_VAL": "-1",
    "COMPONENT_NAME": "right_rear_prop_2_vert",
    "COMPONENT_PARAM": "Prop_type"
  },
  {
    "DESIGN_PARAM": "UpFacingCCW_PropType",
    "DESIGN_PARAM_VAL": "-1",
    "COMPONENT_NAME": "right_front_prop_3_vert",
    "COMPONENT_PARAM": "Prop_type"
  },
  {
    "DESIGN_PARAM": "Param_9",
    "DESIGN_PARAM_VAL": "150",
    "COMPONENT_NAME": "rear_left_cyl_4",
    "COMPONENT_PARAM": "PORT_THICKNESS"
  },
  {
    "DESIGN_PARAM": "Param_9",
    "DESIGN_PARAM_VAL": "150",
    "COMPONENT_NAME": "rear_right_cyl_4",
    "COMPONENT_PARAM": "PORT_THICKNESS"
  },
  {
    "DESIGN_PARAM": "Param_9",
    "DESIGN_PARAM_VAL": "150",
    "COMPONENT_NAME": "fuselage",
    "COMPONENT_PARAM": "FLOOR_HEIGHT"
  },
  {
    "DESIGN_PARAM": "Param_7",
    "DESIGN_PARAM_VAL": "200",
    "COMPONENT_NAME": "rear_right_cyl_3",
    "COMPONENT_PARAM": "DIAMETER"
  },
  {
    "DESIGN_PARAM": "Param_7",
    "DESIGN_PARAM_VAL": "200",
    "COMPONENT_NAME": "rear_left_cyl_3",
    "COMPONENT_PARAM": "DIAMETER"
  },
  {
    "DESIGN_PARAM": "Param_7",
    "DESIGN_PARAM_VAL": "200",
    "COMPONENT_NAME": "front_right_cyl_3",
    "COMPONENT_PARAM": "DIAMETER"
  },
  {
    "DESIGN_PARAM": "Param_7",
    "DESIGN_PARAM_VAL": "200",
    "COMPONENT_NAME": "rear_right_cyl_4",
    "COMPONENT_PARAM": "DIAMETER"
  },
  {
    "DESIGN_PARAM": "Param_7",
    "DESIGN_PARAM_VAL": "200",
    "COMPONENT_NAME": "rear_left_cyl_2",
    "COMPONENT_PARAM": "DIAMETER"
  },
  {
    "DESIGN_PARAM": "Param_7",
    "DESIGN_PARAM_VAL": "200",
    "COMPONENT_NAME": "front_left_cyl_3",
    "COMPONENT_PARAM": "DIAMETER"
  },
  {
    "DESIGN_PARAM": "Param_7",
    "DESIGN_PARAM_VAL": "200",
    "COMPONENT_NAME": "fuselage",
    "COMPONENT_PARAM": "TAIL_DIAMETER"
  },
  {
    "DESIGN_PARAM": "Param_7",
    "DESIGN_PARAM_VAL": "200",
    "COMPONENT_NAME": "rear_left_cyl_1",
    "COMPONENT_PARAM": "DIAMETER"
  },
  {
    "DESIGN_PARAM": "Param_7",
    "DESIGN_PARAM_VAL": "200",
    "COMPONENT_NAME": "center_left_cyl",
    "COMPONENT_PARAM": "DIAMETER"
  },
  {
    "DESIGN_PARAM": "Param_7",
    "DESIGN_PARAM_VAL": "200",
    "COMPONENT_NAME": "front_left_cyl_2",
    "COMPONENT_PARAM": "DIAMETER"
  },
  {
    "DESIGN_PARAM": "Param_7",
    "DESIGN_PARAM_VAL": "200",
    "COMPONENT_NAME": "front_right_cyl_2",
    "COMPONENT_PARAM": "DIAMETER"
  },
  {
    "DESIGN_PARAM": "Param_7",
    "DESIGN_PARAM_VAL": "200",
    "COMPONENT_NAME": "rear_left_cyl_4",
    "COMPONENT_PARAM": "DIAMETER"
  },
  {
    "DESIGN_PARAM": "Param_7",
    "DESIGN_PARAM_VAL": "200",
    "COMPONENT_NAME": "rear_right_cyl_1",
    "COMPONENT_PARAM": "DIAMETER"
  },
  {
    "DESIGN_PARAM": "Param_7",
    "DESIGN_PARAM_VAL": "200",
    "COMPONENT_NAME": "front_left_cyl_1",
    "COMPONENT_PARAM": "DIAMETER"
  },
  {
    "DESIGN_PARAM": "Param_7",
    "DESIGN_PARAM_VAL": "200",
    "COMPONENT_NAME": "rear_right_cyl_2",
    "COMPONENT_PARAM": "DIAMETER"
  },
  {
    "DESIGN_PARAM": "Param_7",
    "DESIGN_PARAM_VAL": "200",
    "COMPONENT_NAME": "front_right_cyl_1",
    "COMPONENT_PARAM": "DIAMETER"
  },
  {
    "DESIGN_PARAM": "Param_7",
    "DESIGN_PARAM_VAL": "200",
    "COMPONENT_NAME": "center_right_cyl",
    "COMPONENT_PARAM": "DIAMETER"
  },
  {
    "DESIGN_PARAM": "Param_12",
    "DESIGN_PARAM_VAL": "1000",
    "COMPONENT_NAME": "right_bot_wing",
    "COMPONENT_PARAM": "CHORD_1"
  },
  {
    "DESIGN_PARAM": "Param_12",
    "DESIGN_PARAM_VAL": "1000",
    "COMPONENT_NAME": "left_bot_wing",
    "COMPONENT_PARAM": "CHORD_1"
  },
  {
    "DESIGN_PARAM": "Param_12",
    "DESIGN_PARAM_VAL": "1000",
    "COMPONENT_NAME": "right_battery",
    "COMPONENT_PARAM": "CHORD_2"
  },
  {
    "DESIGN_PARAM": "Param_12",
    "DESIGN_PARAM_VAL": "1000",
    "COMPONENT_NAME": "left_tail_wing",
    "COMPONENT_PARAM": "CHORD_2"
  },
  {
    "DESIGN_PARAM": "Param_12",
    "DESIGN_PARAM_VAL": "1000",
    "COMPONENT_NAME": "left_tail_wing",
    "COMPONENT_PARAM": "CHORD_1"
  },
  {
    "DESIGN_PARAM": "Param_12",
    "DESIGN_PARAM_VAL": "1000",
    "COMPONENT_NAME": "right_battery",
    "COMPONENT_PARAM": "CHORD_1"
  },
  {
    "DESIGN_PARAM": "Param_12",
    "DESIGN_PARAM_VAL": "1000",
    "COMPONENT_NAME": "bot_naca_connector",
    "COMPONENT_PARAM": "CHORD"
  },
  {
    "DESIGN_PARAM": "Param_12",
    "DESIGN_PARAM_VAL": "1000",
    "COMPONENT_NAME": "left_battery",
    "COMPONENT_PARAM": "CHORD_2"
  },
  {
    "DESIGN_PARAM": "Param_12",
    "DESIGN_PARAM_VAL": "1000",
    "COMPONENT_NAME": "right_bot_wing",
    "COMPONENT_PARAM": "CHORD_2"
  },
  {
    "DESIGN_PARAM": "Param_12",
    "DESIGN_PARAM_VAL": "1000",
    "COMPONENT_NAME": "right_tail_wing",
    "COMPONENT_PARAM": "CHORD_2"
  },
  {
    "DESIGN_PARAM": "Param_12",
    "DESIGN_PARAM_VAL": "1000",
    "COMPONENT_NAME": "left_bot_wing",
    "COMPONENT_PARAM": "CHORD_2"
  },
  {
    "DESIGN_PARAM": "Param_12",
    "DESIGN_PARAM_VAL": "1000",
    "COMPONENT_NAME": "right_tail_wing",
    "COMPONENT_PARAM": "CHORD_1"
  },
  {
    "DESIGN_PARAM": "Param_12",
    "DESIGN_PARAM_VAL": "1000",
    "COMPONENT_NAME": "left_battery",
    "COMPONENT_PARAM": "CHORD_1"
  },
  {
    "DESIGN_PARAM": "Mount_Side",
    "DESIGN_PARAM_VAL": "2",
    "COMPONENT_NAME": "left_battery",
    "COMPONENT_PARAM": "MOUNT_SIDE"
  },
  {
    "DESIGN_PARAM": "Param_2",
    "DESIGN_PARAM_VAL": "12",
    "COMPONENT_NAME": "top_naca_connector",
    "COMPONENT_PARAM": "THICKNESS"
  },
  {
    "DESIGN_PARAM": "Param_2",
    "DESIGN_PARAM_VAL": "12",
    "COMPONENT_NAME": "right_top_wing",
    "COMPONENT_PARAM": "THICKNESS"
  },
  {
    "DESIGN_PARAM": "Param_2",
    "DESIGN_PARAM_VAL": "12",
    "COMPONENT_NAME": "left_tail_wing",
    "COMPONENT_PARAM": "THICKNESS"
  },
  {
    "DESIGN_PARAM": "Param_2",
    "DESIGN_PARAM_VAL": "12",
    "COMPONENT_NAME": "right_tail_wing",
    "COMPONENT_PARAM": "THICKNESS"
  },
  {
    "DESIGN_PARAM": "Param_2",
    "DESIGN_PARAM_VAL": "12",
    "COMPONENT_NAME": "left_top_wing",
    "COMPONENT_PARAM": "THICKNESS"
  }
]
