DESIGN_PARAM,DESIGN_PARAM_VAL,COMPONENT_NAME,COMPONENT_PARAM
Param_5,2000,fuselage,LENGTH
MainWingLoad,7000,right_top_wing,LOAD
MainWingLoad,7000,left_top_wing,LOAD
FwdFacingCCW_Spin,-1,left_front_prop_fwd,Direction
Param_10,45,rear_left_cyl_4,FRONT_ANGLE
battery_percent,100,right_battery,VOLUME_PERCENT
battery_percent,100,left_battery,VOLUME_PERCENT
Param_3,1000,rear_left_cyl_4,LENGTH
Param_3,1000,rear_right_cyl_4,LENGTH
UpFacingCW_PropType,1,right_front_prop_2_vert,Prop_type
UpFacingCW_PropType,1,left_front_prop_1_vert,Prop_type
UpFacingCW_PropType,1,right_rear_prop_1_vert,Prop_type
UpFacingCW_PropType,1,left_front_prop_3_vert,Prop_type
UpFacingCW_PropType,1,left_rear_prop_2_vert,Prop_type
UpFacingCW_PropType,1,right_rear_prop_3_vert,Prop_type
Param_19,315,rear_right_cyl_4,FRONT_ANGLE
voltage_request,777,left_battery,VOLTAGE_REQUEST
voltage_request,777,right_battery,VOLTAGE_REQUEST
Param_16,790,fuselage,SEAT_2_FB
Param_16,790,fuselage,SEAT_1_FB
FwdFacingCW_PropType,1,right_front_prop_fwd,Prop_type
UpFacingCCW_Spin,-1,left_rear_prop_3_vert,Direction
UpFacingCCW_Spin,-1,right_rear_prop_2_vert,Direction
UpFacingCCW_Spin,-1,left_front_prop_2_vert,Direction
UpFacingCCW_Spin,-1,left_rear_prop_1_vert,Direction
UpFacingCCW_Spin,-1,right_front_prop_1_vert,Direction
UpFacingCCW_Spin,-1,right_front_prop_3_vert,Direction
NACA_1,4512,right_top_wing,NACA_Profile
NACA_1,4512,left_top_wing,NACA_Profile
UpFacingCW_Spin,1,right_rear_prop_3_vert,Direction
UpFacingCW_Spin,1,right_rear_prop_1_vert,Direction
UpFacingCW_Spin,1,right_front_prop_2_vert,Direction
UpFacingCW_Spin,1,left_front_prop_1_vert,Direction
UpFacingCW_Spin,1,left_rear_prop_2_vert,Direction
UpFacingCW_Spin,1,left_front_prop_3_vert,Direction
RearWingLoad,1000,left_tail_wing,LOAD
RearWingLoad,1000,right_tail_wing,LOAD
FwdFacingCCW_PropType,-1,left_front_prop_fwd,Prop_type
Param_4,150,fuselage,PORT_THICKNESS
Param_4,150,bot_naca_connector,PORT_THICKNESS
Param_4,150,top_naca_connector,PORT_THICKNESS
Param_11,10000,left_top_wing,SPAN
Param_11,10000,right_top_wing,SPAN
Param_6,1520,fuselage,SPHERE_DIAMETER
NACA_2,0025,left_bot_wing,NACA_Profile
NACA_2,0025,right_bot_wing,NACA_Profile
Param_15,25,bot_naca_connector,THICKNESS
Param_15,25,right_bot_wing,THICKNESS
Param_15,25,right_battery,THICKNESS
Param_15,25,left_bot_wing,THICKNESS
Param_15,25,left_battery,THICKNESS
BottomWingLoad,2000,left_bot_wing,LOAD
BottomWingLoad,2000,right_bot_wing,LOAD
Param_1,2000,right_top_wing,CHORD_2
Param_1,2000,top_naca_connector,CHORD
Param_1,2000,right_top_wing,CHORD_1
Param_1,2000,center_left_cyl,LENGTH
Param_1,2000,left_top_wing,CHORD_2
Param_1,2000,left_top_wing,CHORD_1
Param_1,2000,center_right_cyl,LENGTH
NACA_3,0012,right_tail_wing,NACA_Profile
NACA_3,0012,left_tail_wing,NACA_Profile
Param_8,300,fuselage,MIDDLE_LENGTH
Param_18,-210,fuselage,SEAT_2_LR
Param_0,1650,front_left_cyl_1,LENGTH
Param_0,1650,rear_left_cyl_3,LENGTH
Param_0,1650,front_left_cyl_2,LENGTH
Param_0,1650,front_right_cyl_2,LENGTH
Param_0,1650,rear_right_cyl_2,LENGTH
Param_0,1650,rear_left_cyl_2,LENGTH
Param_0,1650,rear_left_cyl_1,LENGTH
Param_0,1650,rear_right_cyl_1,LENGTH
Param_0,1650,front_right_cyl_1,LENGTH
Param_0,1650,rear_right_cyl_3,LENGTH
Param_0,1650,front_left_cyl_3,LENGTH
Param_0,1650,front_right_cyl_3,LENGTH
Param_17,210,fuselage,SEAT_1_LR
FwdFacingCW_Spin,1,right_front_prop_fwd,Direction
Param_14,4500,right_tail_wing,SPAN
Param_14,4500,left_tail_wing,SPAN
Param_14,4500,left_battery,SPAN
Param_14,4500,right_battery,SPAN
Param_14,4500,right_bot_wing,SPAN
Param_14,4500,left_bot_wing,SPAN
UpFacingCCW_PropType,-1,right_front_prop_1_vert,Prop_type
UpFacingCCW_PropType,-1,left_front_prop_2_vert,Prop_type
UpFacingCCW_PropType,-1,left_rear_prop_3_vert,Prop_type
UpFacingCCW_PropType,-1,left_rear_prop_1_vert,Prop_type
UpFacingCCW_PropType,-1,right_rear_prop_2_vert,Prop_type
UpFacingCCW_PropType,-1,right_front_prop_3_vert,Prop_type
Param_9,150,rear_left_cyl_4,PORT_THICKNESS
Param_9,150,rear_right_cyl_4,PORT_THICKNESS
Param_9,150,fuselage,FLOOR_HEIGHT
Param_7,200,rear_right_cyl_3,DIAMETER
Param_7,200,rear_left_cyl_3,DIAMETER
Param_7,200,front_right_cyl_3,DIAMETER
Param_7,200,rear_right_cyl_4,DIAMETER
Param_7,200,rear_left_cyl_2,DIAMETER
Param_7,200,front_left_cyl_3,DIAMETER
Param_7,200,fuselage,TAIL_DIAMETER
Param_7,200,rear_left_cyl_1,DIAMETER
Param_7,200,center_left_cyl,DIAMETER
Param_7,200,front_left_cyl_2,DIAMETER
Param_7,200,front_right_cyl_2,DIAMETER
Param_7,200,rear_left_cyl_4,DIAMETER
Param_7,200,rear_right_cyl_1,DIAMETER
Param_7,200,front_left_cyl_1,DIAMETER
Param_7,200,rear_right_cyl_2,DIAMETER
Param_7,200,front_right_cyl_1,DIAMETER
Param_7,200,center_right_cyl,DIAMETER
Param_12,1000,right_bot_wing,CHORD_1
Param_12,1000,left_bot_wing,CHORD_1
Param_12,1000,right_battery,CHORD_2
Param_12,1000,left_tail_wing,CHORD_2
Param_12,1000,left_tail_wing,CHORD_1
Param_12,1000,right_battery,CHORD_1
Param_12,1000,bot_naca_connector,CHORD
Param_12,1000,left_battery,CHORD_2
Param_12,1000,right_bot_wing,CHORD_2
Param_12,1000,right_tail_wing,CHORD_2
Param_12,1000,left_bot_wing,CHORD_2
Param_12,1000,right_tail_wing,CHORD_1
Param_12,1000,left_battery,CHORD_1
Mount_Side,2,left_battery,MOUNT_SIDE
Param_2,12,top_naca_connector,THICKNESS
Param_2,12,right_top_wing,THICKNESS
Param_2,12,left_tail_wing,THICKNESS
Param_2,12,right_tail_wing,THICKNESS
Param_2,12,left_top_wing,THICKNESS
