{
    "ABSTRACTION_LEVEL": 2,
    "DESCRIPTION": "",
    "NAME": "PickAxe",
    "TOPOLOGY": {
        "BatteryController_instance_1": {
            "CONNECTIONS": {
                "Battery_instance_1": "ANY",
                "Battery_instance_2": "ANY",
                "Motor_instance_1": "ANY",
                "Motor_instance_2": "ANY",
                "Motor_instance_3": "ANY",
                "Motor_instance_4": "ANY"
            },
            "PARAMETERS": {}
        },
        "Battery_instance_1": {
            "CONNECTIONS": {
                "BatteryController_instance_1": "ANY",
                "Fuselage_instance_1": "BOTTOM-1"
            },
            "PARAMETERS": {}
        },
        "Battery_instance_2": {
            "CONNECTIONS": {
                "BatteryController_instance_1": "ANY",
                "Fuselage_instance_1": "BOTTOM-2"
            },
            "PARAMETERS": {}
        },
        "CargoCase_instance_1": {
            "CONNECTIONS": {
                "Cargo_instance_1": "ANY",
                "Hub3_instance_4": "ANY"
            },
            "PARAMETERS": {}
        },
        "Cargo_instance_1": {
            "CONNECTIONS": {
                "CargoCase_instance_1": "ANY"
            },
            "PARAMETERS": {}
        },
        "Flange_instance_1": {
            "CONNECTIONS": {
                "Motor_instance_1": "ANY",
                "Tube_instance_16": "BOTTOM-BOTTOM",
                "Tube_instance_4": "SIDE-TOP"
            },
            "PARAMETERS": {
                "Flange__BOTTOM_ANGLE": 0.0
            }
        },
        "Flange_instance_2": {
            "CONNECTIONS": {
                "Motor_instance_4": "ANY",
                "Tube_instance_15": "BOTTOM-TOP",
                "Tube_instance_18": "SIDE-BOTTOM"
            },
            "PARAMETERS": {
                "Flange__BOTTOM_ANGLE": 90.0
            }
        },
        "Flange_instance_3": {
            "CONNECTIONS": {
                "Motor_instance_2": "ANY",
                "Tube_instance_2": "BOTTOM-BOTTOM",
                "Tube_instance_5": "SIDE-TOP"
            },
            "PARAMETERS": {
                "Flange__BOTTOM_ANGLE": 0.0
            }
        },
        "Flange_instance_4": {
            "CONNECTIONS": {
                "Motor_instance_3": "ANY",
                "Tube_instance_1": "SIDE-BOTTOM",
                "Tube_instance_19": "BOTTOM-TOP"
            },
            "PARAMETERS": {
                "Flange__BOTTOM_ANGLE": 0.0
            }
        },
        "Fuselage_instance_1": {
            "CONNECTIONS": {
                "Battery_instance_1": "INSIDE-1",
                "Battery_instance_2": "INSIDE-2",
                "Hub3_instance_4": "BOTTOM",
                "SensorAutopilot_instance_1": "ANY",
                "SensorCurrent_instance_1": "ANY",
                "SensorGPS_instance_1": "ANY",
                "SensorRpmTemp_instance_1": "ANY",
                "SensorVariometer_instance_1": "ANY",
                "SensorVoltage_instance_1": "ANY"
            },
            "PARAMETERS": {
                "Fuselage__BOTTOM_CONNECTOR_ROTATION": 90.0,
                "Fuselage__FLOOR_CONNECTOR_1_DISP_WIDTH": 70.0,
                "Fuselage__FLOOR_CONNECTOR_2_DISP_WIDTH": -70.0,
                "Fuselage__FLOOR_CONNECTOR_3_DISP_LENGTH": -20.0,
                "Fuselage__FLOOR_CONNECTOR_3_DISP_WIDTH": 33.0,
                "Fuselage__FLOOR_CONNECTOR_4_DISP_LENGTH": -20.0,
                "Fuselage__FLOOR_CONNECTOR_4_DISP_WIDTH": -30.0,
                "Fuselage__FLOOR_CONNECTOR_5_DISP_LENGTH": 50.0,
                "Fuselage__FLOOR_CONNECTOR_6_DISP_LENGTH": -20.0,
                "Fuselage__FLOOR_CONNECTOR_6_DISP_WIDTH": 11.0,
                "Fuselage__FLOOR_CONNECTOR_7_DISP_LENGTH": -80.0,
                "Fuselage__FLOOR_CONNECTOR_8_DISP_LENGTH": -20.0,
                "Fuselage__FLOOR_CONNECTOR_8_DISP_WIDTH": -11.0,
                "Fuselage__FUSE_CYL_LENGTH": 140.0,
                "Fuselage__HORZ_DIAMETER": 300.0,
                "Fuselage__VERT_DIAMETER": 105.0
            }
        },
        "Hub2_instance_1": {
            "CONNECTIONS": {
                "Tube_instance_15": "BOTTOM-SIDE2",
                "Tube_instance_3": "TOP-SIDE1"
            },
            "PARAMETERS": {}
        },
        "Hub2_instance_2": {
            "CONNECTIONS": {
                "Tube_instance_13": "TOP-SIDE1",
                "Tube_instance_19": "BOTTOM-SIDE2"
            },
            "PARAMETERS": {}
        },
        "Hub3_instance_1": {
            "CONNECTIONS": {
                "Tube_instance_11": "BOTTOM-SIDE1",
                "Tube_instance_12": "TOP-SIDE2",
                "Tube_instance_14": "BOTTOM-SIDE3"
            },
            "PARAMETERS": {}
        },
        "Hub3_instance_2": {
            "CONNECTIONS": {
                "Tube_instance_11": "TOP-SIDE3",
                "Tube_instance_17": "BOTTOM-SIDE1",
                "Tube_instance_20": "TOP-CENTER",
                "Tube_instance_5": "BOTTOM-SIDE2"
            },
            "PARAMETERS": {}
        },
        "Hub3_instance_3": {
            "CONNECTIONS": {
                "Tube_instance_10": "TOP-SIDE2",
                "Tube_instance_6": "BOTTOM-SIDE1",
                "Tube_instance_8": "BOTTOM-SIDE3"
            },
            "PARAMETERS": {}
        },
        "Hub3_instance_4": {
            "CONNECTIONS": {
                "CargoCase_instance_1": "ANY",
                "Fuselage_instance_1": "TOP",
                "Orient": "ANY",
                "Tube_instance_10": "BOTTOM-SIDE3",
                "Tube_instance_12": "BOTTOM-SIDE1"
            },
            "PARAMETERS": {}
        },
        "Hub3_instance_5": {
            "CONNECTIONS": {
                "Tube_instance_4": "BOTTOM-SIDE2",
                "Tube_instance_6": "TOP-SIDE1",
                "Tube_instance_7": "BOTTOM-SIDE3",
                "Tube_instance_9": "TOP-CENTER"
            },
            "PARAMETERS": {}
        },
        "Hub4_instance_1": {
            "CONNECTIONS": {
                "Tube_instance_13": "BOTTOM-SIDE2",
                "Tube_instance_8": "TOP-SIDE1"
            },
            "PARAMETERS": {}
        },
        "Hub4_instance_2": {
            "CONNECTIONS": {
                "Tube_instance_14": "TOP-SIDE1",
                "Tube_instance_3": "BOTTOM-SIDE2"
            },
            "PARAMETERS": {}
        },
        "Motor_instance_1": {
            "CONNECTIONS": {
                "BatteryController_instance_1": "ANY",
                "Flange_instance_1": "ANY",
                "Propeller_instance_1": "ANY"
            },
            "PARAMETERS": {
                "Motor__CONTROL_CHANNEL": 3.0
            }
        },
        "Motor_instance_2": {
            "CONNECTIONS": {
                "BatteryController_instance_1": "ANY",
                "Flange_instance_3": "ANY",
                "Propeller_instance_2": "ANY"
            },
            "PARAMETERS": {
                "Motor__CONTROL_CHANNEL": 4.0
            }
        },
        "Motor_instance_3": {
            "CONNECTIONS": {
                "BatteryController_instance_1": "ANY",
                "Flange_instance_4": "ANY",
                "Propeller_instance_3": "ANY"
            },
            "PARAMETERS": {
                "Motor__CONTROL_CHANNEL": 1.0
            }
        },
        "Motor_instance_4": {
            "CONNECTIONS": {
                "BatteryController_instance_1": "ANY",
                "Flange_instance_2": "ANY",
                "Propeller_instance_4": "ANY"
            },
            "PARAMETERS": {
                "Motor__CONTROL_CHANNEL": 2.0
            }
        },
        "Orient": {
            "CONNECTIONS": {
                "Hub3_instance_4": "ANY"
            },
            "PARAMETERS": {
                "Orient__Z_ANGLE": 90.0
            }
        },
        "Propeller_instance_1": {
            "CONNECTIONS": {
                "Motor_instance_1": "ANY"
            },
            "PARAMETERS": {
                "Propeller__Direction": -1.0,
                "Propeller__Prop_type": -1.0
            }
        },
        "Propeller_instance_2": {
            "CONNECTIONS": {
                "Motor_instance_2": "ANY"
            },
            "PARAMETERS": {
                "Propeller__Direction": 1.0,
                "Propeller__Prop_type": 1.0
            }
        },
        "Propeller_instance_3": {
            "CONNECTIONS": {
                "Motor_instance_3": "ANY"
            },
            "PARAMETERS": {
                "Propeller__Direction": -1.0,
                "Propeller__Prop_type": -1.0
            }
        },
        "Propeller_instance_4": {
            "CONNECTIONS": {
                "Motor_instance_4": "ANY"
            },
            "PARAMETERS": {
                "Propeller__Direction": 1.0,
                "Propeller__Prop_type": 1.0
            }
        },
        "SensorAutopilot_instance_1": {
            "CONNECTIONS": {
                "Fuselage_instance_1": "ANY"
            },
            "PARAMETERS": {
                "SensorAutopilot__ROTATION": 0.0
            }
        },
        "SensorCurrent_instance_1": {
            "CONNECTIONS": {
                "Fuselage_instance_1": "ANY"
            },
            "PARAMETERS": {
                "SensorCurrent__ROTATION": 0.0
            }
        },
        "SensorGPS_instance_1": {
            "CONNECTIONS": {
                "Fuselage_instance_1": "ANY"
            },
            "PARAMETERS": {}
        },
        "SensorRpmTemp_instance_1": {
            "CONNECTIONS": {
                "Fuselage_instance_1": "ANY"
            },
            "PARAMETERS": {
                "SensorRpmTemp__ROTATION": 0.0
            }
        },
        "SensorVariometer_instance_1": {
            "CONNECTIONS": {
                "Fuselage_instance_1": "ANY"
            },
            "PARAMETERS": {
                "SensorVariometer__ROTATION": 0.0
            }
        },
        "SensorVoltage_instance_1": {
            "CONNECTIONS": {
                "Fuselage_instance_1": "ANY"
            },
            "PARAMETERS": {
                "SensorVoltage__ROTATION": 0.0
            }
        },
        "Tube_instance_1": {
            "CONNECTIONS": {
                "Flange_instance_4": "BOTTOM-SIDE",
                "Wing_instance_1": "BOTTOM"
            },
            "PARAMETERS": {
                "Tube__END_ROT": 0.0,
                "Tube__Length": 52.0,
                "Tube__Offset1": 0.0
            }
        },
        "Tube_instance_10": {
            "CONNECTIONS": {
                "Hub3_instance_3": "SIDE2-TOP",
                "Hub3_instance_4": "SIDE3-BOTTOM"
            },
            "PARAMETERS": {
                "Tube__END_ROT": 180.0,
                "Tube__Length": 140.0,
                "Tube__Offset1": 0.0
            }
        },
        "Tube_instance_11": {
            "CONNECTIONS": {
                "Hub3_instance_1": "SIDE1-BOTTOM",
                "Hub3_instance_2": "SIDE3-TOP"
            },
            "PARAMETERS": {
                "Tube__END_ROT": 90.0,
                "Tube__Length": 220.0,
                "Tube__Offset1": 0.0
            }
        },
        "Tube_instance_12": {
            "CONNECTIONS": {
                "Hub3_instance_1": "SIDE2-TOP",
                "Hub3_instance_4": "SIDE1-BOTTOM"
            },
            "PARAMETERS": {
                "Tube__END_ROT": 0.0,
                "Tube__Length": 140.0,
                "Tube__Offset1": 0.0
            }
        },
        "Tube_instance_13": {
            "CONNECTIONS": {
                "Hub2_instance_2": "SIDE1-TOP",
                "Hub4_instance_1": "SIDE2-BOTTOM"
            },
            "PARAMETERS": {
                "Tube__END_ROT": 0.0,
                "Tube__Length": 90.0,
                "Tube__Offset1": 0.0
            }
        },
        "Tube_instance_14": {
            "CONNECTIONS": {
                "Hub3_instance_1": "SIDE3-BOTTOM",
                "Hub4_instance_2": "SIDE1-TOP"
            },
            "PARAMETERS": {
                "Tube__END_ROT": 90.0,
                "Tube__Length": 135.0,
                "Tube__Offset1": 0.0
            }
        },
        "Tube_instance_15": {
            "CONNECTIONS": {
                "Flange_instance_2": "TOP-BOTTOM",
                "Hub2_instance_1": "SIDE2-BOTTOM"
            },
            "PARAMETERS": {
                "Tube__END_ROT": 0.0,
                "Tube__Length": 90.0,
                "Tube__Offset1": 0.0
            }
        },
        "Tube_instance_16": {
            "CONNECTIONS": {
                "Flange_instance_1": "BOTTOM-BOTTOM"
            },
            "PARAMETERS": {
                "Tube__END_ROT": 0.0,
                "Tube__Length": 150.1524,
                "Tube__Offset1": 0.0
            }
        },
        "Tube_instance_17": {
            "CONNECTIONS": {
                "Hub3_instance_2": "SIDE1-BOTTOM"
            },
            "PARAMETERS": {
                "Tube__END_ROT": 0.0,
                "Tube__Length": 150.0,
                "Tube__Offset1": 0.0
            }
        },
        "Tube_instance_18": {
            "CONNECTIONS": {
                "Flange_instance_2": "BOTTOM-SIDE",
                "Wing_instance_6": "BOTTOM"
            },
            "PARAMETERS": {
                "Tube__END_ROT": 0.0,
                "Tube__Length": 52.0,
                "Tube__Offset1": 0.0
            }
        },
        "Tube_instance_19": {
            "CONNECTIONS": {
                "Flange_instance_4": "TOP-BOTTOM",
                "Hub2_instance_2": "SIDE2-BOTTOM"
            },
            "PARAMETERS": {
                "Tube__END_ROT": 0.0,
                "Tube__Length": 90.0,
                "Tube__Offset1": 0.0
            }
        },
        "Tube_instance_2": {
            "CONNECTIONS": {
                "Flange_instance_3": "BOTTOM-BOTTOM"
            },
            "PARAMETERS": {
                "Tube__END_ROT": 0.0,
                "Tube__Length": 150.1524,
                "Tube__Offset1": 0.0
            }
        },
        "Tube_instance_20": {
            "CONNECTIONS": {
                "Hub3_instance_2": "CENTER-TOP",
                "Wing_instance_2": "BOTTOM"
            },
            "PARAMETERS": {
                "Tube__END_ROT": 0.0,
                "Tube__Length": 41.0,
                "Tube__Offset1": 0.0
            }
        },
        "Tube_instance_3": {
            "CONNECTIONS": {
                "Hub2_instance_1": "SIDE1-TOP",
                "Hub4_instance_2": "SIDE2-BOTTOM"
            },
            "PARAMETERS": {
                "Tube__END_ROT": 0.0,
                "Tube__Length": 90.0,
                "Tube__Offset1": 0.0
            }
        },
        "Tube_instance_4": {
            "CONNECTIONS": {
                "Flange_instance_1": "TOP-SIDE",
                "Hub3_instance_5": "SIDE2-BOTTOM",
                "Wing_instance_3": "MID-TOP"
            },
            "PARAMETERS": {
                "Tube__END_ROT": 90.0,
                "Tube__Length": 150.0,
                "Tube__Offset1": 90.0
            }
        },
        "Tube_instance_5": {
            "CONNECTIONS": {
                "Flange_instance_3": "TOP-SIDE",
                "Hub3_instance_2": "SIDE2-BOTTOM",
                "Wing_instance_4": "MID-TOP"
            },
            "PARAMETERS": {
                "Tube__END_ROT": 270.0,
                "Tube__Length": 150.0,
                "Tube__Offset1": 90.0
            }
        },
        "Tube_instance_6": {
            "CONNECTIONS": {
                "Hub3_instance_3": "SIDE1-BOTTOM",
                "Hub3_instance_5": "SIDE1-TOP"
            },
            "PARAMETERS": {
                "Tube__END_ROT": 90.0,
                "Tube__Length": 220.0,
                "Tube__Offset1": 0.0
            }
        },
        "Tube_instance_7": {
            "CONNECTIONS": {
                "Hub3_instance_5": "SIDE3-BOTTOM"
            },
            "PARAMETERS": {
                "Tube__END_ROT": 0.0,
                "Tube__Length": 150.0,
                "Tube__Offset1": 0.0
            }
        },
        "Tube_instance_8": {
            "CONNECTIONS": {
                "Hub3_instance_3": "SIDE3-BOTTOM",
                "Hub4_instance_1": "SIDE1-TOP"
            },
            "PARAMETERS": {
                "Tube__END_ROT": 270.0,
                "Tube__Length": 135.0,
                "Tube__Offset1": 0.0
            }
        },
        "Tube_instance_9": {
            "CONNECTIONS": {
                "Hub3_instance_5": "CENTER-TOP",
                "Wing_instance_5": "BOTTOM"
            },
            "PARAMETERS": {
                "Tube__END_ROT": 0.0,
                "Tube__Length": 41.0,
                "Tube__Offset1": 0.0
            }
        },
        "Wing_instance_1": {
            "CONNECTIONS": {
                "Tube_instance_1": "TOP"
            },
            "PARAMETERS": {
                "Wing__CHORD_1": 150.0,
                "Wing__CHORD_2": 150.0,
                "Wing__CONTROL_CHANNEL": 5.0,
                "Wing__LOAD": 30.0,
                "Wing__SPAN": 450.0,
                "Wing__TUBE_OFFSET": 289.68,
                "Wing__TUBE_ROTATION": 180.0
            }
        },
        "Wing_instance_2": {
            "CONNECTIONS": {
                "Tube_instance_20": "TOP"
            },
            "PARAMETERS": {
                "Wing__CHORD_1": 100.0,
                "Wing__CHORD_2": 100.0,
                "Wing__CONTROL_CHANNEL": 9.0,
                "Wing__LOAD": 20.0,
                "Wing__SPAN": 140.0,
                "Wing__TUBE_OFFSET": 50.0,
                "Wing__TUBE_ROTATION": 0.0
            }
        },
        "Wing_instance_3": {
            "CONNECTIONS": {
                "Tube_instance_4": "MID-BOTTOM"
            },
            "PARAMETERS": {
                "Wing__CHORD_1": 180.0,
                "Wing__CHORD_2": 180.0,
                "Wing__CONTROL_CHANNEL": 8.0,
                "Wing__LOAD": 30.0,
                "Wing__SPAN": 609.0,
                "Wing__TUBE_OFFSET": 448.68,
                "Wing__TUBE_ROTATION": 270.0
            }
        },
        "Wing_instance_4": {
            "CONNECTIONS": {
                "Tube_instance_5": "MID-BOTTOM"
            },
            "PARAMETERS": {
                "Wing__CHORD_1": 180.0,
                "Wing__CHORD_2": 180.0,
                "Wing__CONTROL_CHANNEL": 7.0,
                "Wing__LOAD": 30.0,
                "Wing__SPAN": 609.0,
                "Wing__TUBE_OFFSET": 160.32,
                "Wing__TUBE_ROTATION": 90.0
            }
        },
        "Wing_instance_5": {
            "CONNECTIONS": {
                "Tube_instance_9": "TOP"
            },
            "PARAMETERS": {
                "Wing__CHORD_1": 100.0,
                "Wing__CHORD_2": 100.0,
                "Wing__CONTROL_CHANNEL": 10.0,
                "Wing__LOAD": 20.0,
                "Wing__SPAN": 140.0,
                "Wing__TUBE_OFFSET": 90.0,
                "Wing__TUBE_ROTATION": 180.0
            }
        },
        "Wing_instance_6": {
            "CONNECTIONS": {
                "Tube_instance_18": "TOP"
            },
            "PARAMETERS": {
                "Wing__CHORD_1": 150.0,
                "Wing__CHORD_2": 150.0,
                "Wing__CONTROL_CHANNEL": 6.0,
                "Wing__LOAD": 30.0,
                "Wing__SPAN": 450.0,
                "Wing__TUBE_OFFSET": 160.32,
                "Wing__TUBE_ROTATION": 180.0
            }
        }
    }
}