[
  { "FROM_COMP": "Propeller", "LIB_COMPONENT": "62x5_2_3200_46_1150" },
  { "FROM_COMP": "Cylinder", "LIB_COMPONENT": "PORTED_CYL" },
  { "FROM_COMP": "Beam_Cap", "LIB_COMPONENT": "Beam_Cap" },
  { "FROM_COMP": "Beam", "LIB_COMPONENT": "Beam" },
  { "FROM_COMP": "Motor", "LIB_COMPONENT": "Emrax228HV" },
  { "FROM_COMP": "Fuselage", "LIB_COMPONENT": "FUSE_SPHERE_CYL_CONE" },
  { "FROM_COMP": "Battery", "LIB_COMPONENT": "Avionic20AhLi" },
  { "FROM_COMP": "BatteryController", "LIB_COMPONENT": "BatteryController" },
  { "FROM_COMP": "NACA_Port_Connector", "LIB_COMPONENT": "naca_connector" },
  { "FROM_COMP": "Cylinder_Flip_Out", "LIB_COMPONENT": "Cyl_Flip_Out" },
  { "FROM_COMP": "Wing", "LIB_COMPONENT": "naca_wing" },
  { "FROM_COMP": "Orient", "LIB_COMPONENT": "Orient" },
  { "FROM_COMP": "Cylinder_Flip", "LIB_COMPONENT": "Cyl_Flip" },
  { "FROM_COMP": "Passenger", "LIB_COMPONENT": "Passenger" }
]
