[{"DESIGN_PARAM": "Channel_2", "DESIGN_PARAM_VAL": "2", "COMPONENT_NAME": "motor_2", "COMPONENT_PARAM": "CONTROL_CHANNEL"}, {"DESIGN_PARAM": "angle_2", "DESIGN_PARAM_VAL": "90", "COMPONENT_NAME": "Autopilot", "COMPONENT_PARAM": "ROTATION"}, {"DESIGN_PARAM": "angle_2", "DESIGN_PARAM_VAL": "90", "COMPONENT_NAME": "Current", "COMPONENT_PARAM": "ROTATION"}, {"DESIGN_PARAM": "angle_2", "DESIGN_PARAM_VAL": "90", "COMPONENT_NAME": "Voltage", "COMPONENT_PARAM": "ROTATION"}, {"DESIGN_PARAM": "angle_2", "DESIGN_PARAM_VAL": "90", "COMPONENT_NAME": "Variometer", "COMPONENT_PARAM": "ROTATION"}, {"DESIGN_PARAM": "angle_2", "DESIGN_PARAM_VAL": "90", "COMPONENT_NAME": "RpmTemp", "COMPONENT_PARAM": "ROTATION"}, {"DESIGN_PARAM": "UpFacingCCW_Spin", "DESIGN_PARAM_VAL": "-1", "COMPONENT_NAME": "prop_1", "COMPONENT_PARAM": "Direction"}, {"DESIGN_PARAM": "UpFacingCCW_Spin", "DESIGN_PARAM_VAL": "-1", "COMPONENT_NAME": "prop_3", "COMPONENT_PARAM": "Direction"}, {"DESIGN_PARAM": "Offset_9", "DESIGN_PARAM_VAL": "-120", "COMPONENT_NAME": "capsule_fuselage", "COMPONENT_PARAM": "FLOOR_CONNECTOR_7_DISP_LENGTH"}, {"DESIGN_PARAM": "UpFacingCW_PropType", "DESIGN_PARAM_VAL": "1", "COMPONENT_NAME": "prop_4", "COMPONENT_PARAM": "Prop_type"}, {"DESIGN_PARAM": "UpFacingCW_PropType", "DESIGN_PARAM_VAL": "1", "COMPONENT_NAME": "prop_2", "COMPONENT_PARAM": "Prop_type"}, {"DESIGN_PARAM": "Offset_8", "DESIGN_PARAM_VAL": "18", "COMPONENT_NAME": "capsule_fuselage", "COMPONENT_PARAM": "FLOOR_CONNECTOR_6_DISP_WIDTH"}, {"DESIGN_PARAM": "Channel_3", "DESIGN_PARAM_VAL": "3", "COMPONENT_NAME": "motor_3", "COMPONENT_PARAM": "CONTROL_CHANNEL"}, {"DESIGN_PARAM": "fuse_width", "DESIGN_PARAM_VAL": "190", "COMPONENT_NAME": "capsule_fuselage", "COMPONENT_PARAM": "HORZ_DIAMETER"}, {"DESIGN_PARAM": "Offset_4", "DESIGN_PARAM_VAL": "13", "COMPONENT_NAME": "capsule_fuselage", "COMPONENT_PARAM": "FLOOR_CONNECTOR_3_DISP_WIDTH"}, {"DESIGN_PARAM": "Offset_2", "DESIGN_PARAM_VAL": "-30", "COMPONENT_NAME": "capsule_fuselage", "COMPONENT_PARAM": "FLOOR_CONNECTOR_2_DISP_WIDTH"}, {"DESIGN_PARAM": "angle_1", "DESIGN_PARAM_VAL": "45", "COMPONENT_NAME": "capsule_fuselage", "COMPONENT_PARAM": "BOTTOM_CONNECTOR_ROTATION"}, {"DESIGN_PARAM": "angle_1", "DESIGN_PARAM_VAL": "45", "COMPONENT_NAME": "Orient", "COMPONENT_PARAM": "Z_ANGLE"}, {"DESIGN_PARAM": "Arm_Length", "DESIGN_PARAM_VAL": "400", "COMPONENT_NAME": "arm_1", "COMPONENT_PARAM": "Length"}, {"DESIGN_PARAM": "Arm_Length", "DESIGN_PARAM_VAL": "400", "COMPONENT_NAME": "arm_3", "COMPONENT_PARAM": "Length"}, {"DESIGN_PARAM": "Arm_Length", "DESIGN_PARAM_VAL": "400", "COMPONENT_NAME": "arm_4", "COMPONENT_PARAM": "Length"}, {"DESIGN_PARAM": "Arm_Length", "DESIGN_PARAM_VAL": "400", "COMPONENT_NAME": "arm_2", "COMPONENT_PARAM": "Length"}, {"DESIGN_PARAM": "Offset_6", "DESIGN_PARAM_VAL": "115", "COMPONENT_NAME": "capsule_fuselage", "COMPONENT_PARAM": "FLOOR_CONNECTOR_5_DISP_LENGTH"}, {"DESIGN_PARAM": "Channel_4", "DESIGN_PARAM_VAL": "4", "COMPONENT_NAME": "motor_4", "COMPONENT_PARAM": "CONTROL_CHANNEL"}, {"DESIGN_PARAM": "CargoMass", "DESIGN_PARAM_VAL": "0.5", "COMPONENT_NAME": "Cargo", "COMPONENT_PARAM": "WEIGHT"}, {"DESIGN_PARAM": "Offset_1", "DESIGN_PARAM_VAL": "30", "COMPONENT_NAME": "capsule_fuselage", "COMPONENT_PARAM": "FLOOR_CONNECTOR_1_DISP_WIDTH"}, {"DESIGN_PARAM": "UpFacingCW_Spin", "DESIGN_PARAM_VAL": "1", "COMPONENT_NAME": "prop_4", "COMPONENT_PARAM": "Direction"}, {"DESIGN_PARAM": "UpFacingCW_Spin", "DESIGN_PARAM_VAL": "1", "COMPONENT_NAME": "prop_2", "COMPONENT_PARAM": "Direction"}, {"DESIGN_PARAM": "fuse_floor", "DESIGN_PARAM_VAL": "20", "COMPONENT_NAME": "capsule_fuselage", "COMPONENT_PARAM": "FLOOR_HEIGHT"}, {"DESIGN_PARAM": "fuse_length", "DESIGN_PARAM_VAL": "270", "COMPONENT_NAME": "capsule_fuselage", "COMPONENT_PARAM": "FUSE_CYL_LENGTH"}, {"DESIGN_PARAM": "UpFacingCCW_PropType", "DESIGN_PARAM_VAL": "-1", "COMPONENT_NAME": "prop_1", "COMPONENT_PARAM": "Prop_type"}, {"DESIGN_PARAM": "UpFacingCCW_PropType", "DESIGN_PARAM_VAL": "-1", "COMPONENT_NAME": "prop_3", "COMPONENT_PARAM": "Prop_type"}, {"DESIGN_PARAM": "fuse_height", "DESIGN_PARAM_VAL": "125", "COMPONENT_NAME": "capsule_fuselage", "COMPONENT_PARAM": "VERT_DIAMETER"}, {"DESIGN_PARAM": "Offset_3", "DESIGN_PARAM_VAL": "-160", "COMPONENT_NAME": "capsule_fuselage", "COMPONENT_PARAM": "FLOOR_CONNECTOR_3_DISP_LENGTH"}, {"DESIGN_PARAM": "Offset_3", "DESIGN_PARAM_VAL": "-160", "COMPONENT_NAME": "capsule_fuselage", "COMPONENT_PARAM": "FLOOR_CONNECTOR_4_DISP_LENGTH"}, {"DESIGN_PARAM": "Offset_7", "DESIGN_PARAM_VAL": "155", "COMPONENT_NAME": "capsule_fuselage", "COMPONENT_PARAM": "FLOOR_CONNECTOR_8_DISP_LENGTH"}, {"DESIGN_PARAM": "Offset_7", "DESIGN_PARAM_VAL": "155", "COMPONENT_NAME": "capsule_fuselage", "COMPONENT_PARAM": "FLOOR_CONNECTOR_6_DISP_LENGTH"}, {"DESIGN_PARAM": "Offset_5", "DESIGN_PARAM_VAL": "-18", "COMPONENT_NAME": "capsule_fuselage", "COMPONENT_PARAM": "FLOOR_CONNECTOR_8_DISP_WIDTH"}, {"DESIGN_PARAM": "Offset_5", "DESIGN_PARAM_VAL": "-18", "COMPONENT_NAME": "capsule_fuselage", "COMPONENT_PARAM": "FLOOR_CONNECTOR_4_DISP_WIDTH"}, {"DESIGN_PARAM": "Channel_1", "DESIGN_PARAM_VAL": "1", "COMPONENT_NAME": "motor_1", "COMPONENT_PARAM": "CONTROL_CHANNEL"}, {"DESIGN_PARAM": "Leg_Length", "DESIGN_PARAM_VAL": "170", "COMPONENT_NAME": "leg_2", "COMPONENT_PARAM": "Length"}, {"DESIGN_PARAM": "Leg_Length", "DESIGN_PARAM_VAL": "170", "COMPONENT_NAME": "leg_1", "COMPONENT_PARAM": "Length"}, {"DESIGN_PARAM": "Leg_Length", "DESIGN_PARAM_VAL": "170", "COMPONENT_NAME": "leg_4", "COMPONENT_PARAM": "Length"}, {"DESIGN_PARAM": "Leg_Length", "DESIGN_PARAM_VAL": "170", "COMPONENT_NAME": "leg_3", "COMPONENT_PARAM": "Length"}]