[{"FROM_COMP": "Cargo", "LIB_COMPONENT": "Cargo"}, {"FROM_COMP": "Battery_2", "LIB_COMPONENT": "TurnigyGraphene6000mAh6S75C"}, {"FROM_COMP": "Current", "LIB_COMPONENT": "Current"}, {"FROM_COMP": "capsule_fuselage", "LIB_COMPONENT": "capsule_fuselage"}, {"FROM_COMP": "motor_4", "LIB_COMPONENT": "t_motor_AT4130KV300"}, {"FROM_COMP": "BatteryController", "LIB_COMPONENT": "BatteryController"}, {"FROM_COMP": "flange_2", "LIB_COMPONENT": "0394_para_flange"}, {"FROM_COMP": "Autopilot", "LIB_COMPONENT": "Autopilot"}, {"FROM_COMP": "arm_3", "LIB_COMPONENT": "0394OD_para_tube"}, {"FROM_COMP": "MainCargoCase", "LIB_COMPONENT": "CargoCase"}, {"FROM_COMP": "prop_4", "LIB_COMPONENT": "apc_propellers_17x6"}, {"FROM_COMP": "0394od_para_hub_4", "LIB_COMPONENT": "0394od_para_hub_4"}, {"FROM_COMP": "motor_3", "LIB_COMPONENT": "t_motor_AT4130KV300"}, {"FROM_COMP": "arm_1", "LIB_COMPONENT": "0394OD_para_tube"}, {"FROM_COMP": "motor_2", "LIB_COMPONENT": "t_motor_AT4130KV300"}, {"FROM_COMP": "prop_3", "LIB_COMPONENT": "apc_propellers_17x6"}, {"FROM_COMP": "flange_4", "LIB_COMPONENT": "0394_para_flange"}, {"FROM_COMP": "leg_3", "LIB_COMPONENT": "0394OD_para_tube"}, {"FROM_COMP": "prop_1", "LIB_COMPONENT": "apc_propellers_17x6"}, {"FROM_COMP": "flange_1", "LIB_COMPONENT": "0394_para_flange"}, {"FROM_COMP": "prop_2", "LIB_COMPONENT": "apc_propellers_17x6"}, {"FROM_COMP": "Battery_1", "LIB_COMPONENT": "TurnigyGraphene6000mAh6S75C"}, {"FROM_COMP": "Variometer", "LIB_COMPONENT": "Variometer"}, {"FROM_COMP": "Orient", "LIB_COMPONENT": "Orient"}, {"FROM_COMP": "leg_1", "LIB_COMPONENT": "0394OD_para_tube"}, {"FROM_COMP": "leg_2", "LIB_COMPONENT": "0394OD_para_tube"}, {"FROM_COMP": "arm_4", "LIB_COMPONENT": "0394OD_para_tube"}, {"FROM_COMP": "leg_4", "LIB_COMPONENT": "0394OD_para_tube"}, {"FROM_COMP": "flange_3", "LIB_COMPONENT": "0394_para_flange"}, {"FROM_COMP": "arm_2", "LIB_COMPONENT": "0394OD_para_tube"}, {"FROM_COMP": "Voltage", "LIB_COMPONENT": "Voltage"}, {"FROM_COMP": "motor_1", "LIB_COMPONENT": "t_motor_AT4130KV300"}, {"FROM_COMP": "GPS", "LIB_COMPONENT": "GPS"}, {"FROM_COMP": "RpmTemp", "LIB_COMPONENT": "RpmTemp"}]