[{"FROM_COMP": "Cargo", "FROM_CONN": "CargoConnector", "TO_COMP": "MainCargoCase", "TO_CONN": "CargoConnector"}, {"FROM_COMP": "Battery_2", "FROM_CONN": "PowerBus", "TO_COMP": "BatteryController", "TO_CONN": "BatteryPower"}, {"FROM_COMP": "Battery_2", "FROM_CONN": "Bottom_Connector", "TO_COMP": "capsule_fuselage", "TO_CONN": "FloorConnector2"}, {"FROM_COMP": "Current", "FROM_CONN": "SensorConnector", "TO_COMP": "capsule_fuselage", "TO_CONN": "FloorConnector4"}, {"FROM_COMP": "capsule_fuselage", "FROM_CONN": "FloorConnector4", "TO_COMP": "Current", "TO_CONN": "SensorConnector"}, {"FROM_COMP": "capsule_fuselage", "FROM_CONN": "FloorConnector8", "TO_COMP": "Variometer", "TO_CONN": "SensorConnector"}, {"FROM_COMP": "capsule_fuselage", "FROM_CONN": "FloorConnector3", "TO_COMP": "RpmTemp", "TO_CONN": "SensorConnector"}, {"FROM_COMP": "capsule_fuselage", "FROM_CONN": "FloorConnector7", "TO_COMP": "GPS", "TO_CONN": "SensorConnector"}, {"FROM_COMP": "capsule_fuselage", "FROM_CONN": "BottomConnector", "TO_COMP": "0394od_para_hub_4", "TO_CONN": "Top_Connector"}, {"FROM_COMP": "capsule_fuselage", "FROM_CONN": "FloorConnector1", "TO_COMP": "Battery_1", "TO_CONN": "Bottom_Connector"}, {"FROM_COMP": "capsule_fuselage", "FROM_CONN": "FloorConnector6", "TO_COMP": "Voltage", "TO_CONN": "SensorConnector"}, {"FROM_COMP": "capsule_fuselage", "FROM_CONN": "FloorConnector2", "TO_COMP": "Battery_2", "TO_CONN": "Bottom_Connector"}, {"FROM_COMP": "capsule_fuselage", "FROM_CONN": "FloorConnector5", "TO_COMP": "Autopilot", "TO_CONN": "SensorConnector"}, {"FROM_COMP": "motor_4", "FROM_CONN": "Base_Connector", "TO_COMP": "flange_4", "TO_CONN": "TopConnector"}, {"FROM_COMP": "motor_4", "FROM_CONN": "MotorPower", "TO_COMP": "BatteryController", "TO_CONN": "MotorPower"}, {"FROM_COMP": "motor_4", "FROM_CONN": "Prop_Connector", "TO_COMP": "prop_4", "TO_CONN": "MOTOR_CONNECTOR_CS_IN"}, {"FROM_COMP": "BatteryController", "FROM_CONN": "MotorPower", "TO_COMP": "motor_4", "TO_CONN": "MotorPower"}, {"FROM_COMP": "BatteryController", "FROM_CONN": "MotorPower", "TO_COMP": "motor_2", "TO_CONN": "MotorPower"}, {"FROM_COMP": "BatteryController", "FROM_CONN": "MotorPower", "TO_COMP": "motor_3", "TO_CONN": "MotorPower"}, {"FROM_COMP": "BatteryController", "FROM_CONN": "MotorPower", "TO_COMP": "motor_1", "TO_CONN": "MotorPower"}, {"FROM_COMP": "BatteryController", "FROM_CONN": "BatteryPower", "TO_COMP": "Battery_2", "TO_CONN": "PowerBus"}, {"FROM_COMP": "BatteryController", "FROM_CONN": "BatteryPower", "TO_COMP": "Battery_1", "TO_CONN": "PowerBus"}, {"FROM_COMP": "flange_2", "FROM_CONN": "TopConnector", "TO_COMP": "motor_2", "TO_CONN": "Base_Connector"}, {"FROM_COMP": "flange_2", "FROM_CONN": "SideConnector", "TO_COMP": "arm_2", "TO_CONN": "EndConnection"}, {"FROM_COMP": "flange_2", "FROM_CONN": "BottomConnector", "TO_COMP": "leg_2", "TO_CONN": "BaseConnection"}, {"FROM_COMP": "Autopilot", "FROM_CONN": "SensorConnector", "TO_COMP": "capsule_fuselage", "TO_CONN": "FloorConnector5"}, {"FROM_COMP": "arm_3", "FROM_CONN": "EndConnection", "TO_COMP": "flange_3", "TO_CONN": "SideConnector"}, {"FROM_COMP": "arm_3", "FROM_CONN": "BaseConnection", "TO_COMP": "0394od_para_hub_4", "TO_CONN": "Side_Connector_4"}, {"FROM_COMP": "MainCargoCase", "FROM_CONN": "Case2HubConnector", "TO_COMP": "0394od_para_hub_4", "TO_CONN": "Bottom_Connector"}, {"FROM_COMP": "MainCargoCase", "FROM_CONN": "CargoConnector", "TO_COMP": "Cargo", "TO_CONN": "CargoConnector"}, {"FROM_COMP": "prop_4", "FROM_CONN": "MOTOR_CONNECTOR_CS_IN", "TO_COMP": "motor_4", "TO_CONN": "Prop_Connector"}, {"FROM_COMP": "0394od_para_hub_4", "FROM_CONN": "Orient_Connector", "TO_COMP": "Orient", "TO_CONN": "ORIENTCONN"}, {"FROM_COMP": "0394od_para_hub_4", "FROM_CONN": "Top_Connector", "TO_COMP": "capsule_fuselage", "TO_CONN": "BottomConnector"}, {"FROM_COMP": "0394od_para_hub_4", "FROM_CONN": "Side_Connector_2", "TO_COMP": "arm_2", "TO_CONN": "BaseConnection"}, {"FROM_COMP": "0394od_para_hub_4", "FROM_CONN": "Side_Connector_1", "TO_COMP": "arm_1", "TO_CONN": "BaseConnection"}, {"FROM_COMP": "0394od_para_hub_4", "FROM_CONN": "Bottom_Connector", "TO_COMP": "MainCargoCase", "TO_CONN": "Case2HubConnector"}, {"FROM_COMP": "0394od_para_hub_4", "FROM_CONN": "Side_Connector_4", "TO_COMP": "arm_3", "TO_CONN": "BaseConnection"}, {"FROM_COMP": "0394od_para_hub_4", "FROM_CONN": "Side_Connector_3", "TO_COMP": "arm_4", "TO_CONN": "BaseConnection"}, {"FROM_COMP": "motor_3", "FROM_CONN": "Prop_Connector", "TO_COMP": "prop_3", "TO_CONN": "MOTOR_CONNECTOR_CS_IN"}, {"FROM_COMP": "motor_3", "FROM_CONN": "Base_Connector", "TO_COMP": "flange_3", "TO_CONN": "TopConnector"}, {"FROM_COMP": "motor_3", "FROM_CONN": "MotorPower", "TO_COMP": "BatteryController", "TO_CONN": "MotorPower"}, {"FROM_COMP": "arm_1", "FROM_CONN": "EndConnection", "TO_COMP": "flange_1", "TO_CONN": "SideConnector"}, {"FROM_COMP": "arm_1", "FROM_CONN": "BaseConnection", "TO_COMP": "0394od_para_hub_4", "TO_CONN": "Side_Connector_1"}, {"FROM_COMP": "motor_2", "FROM_CONN": "Prop_Connector", "TO_COMP": "prop_2", "TO_CONN": "MOTOR_CONNECTOR_CS_IN"}, {"FROM_COMP": "motor_2", "FROM_CONN": "Base_Connector", "TO_COMP": "flange_2", "TO_CONN": "TopConnector"}, {"FROM_COMP": "motor_2", "FROM_CONN": "MotorPower", "TO_COMP": "BatteryController", "TO_CONN": "MotorPower"}, {"FROM_COMP": "prop_3", "FROM_CONN": "MOTOR_CONNECTOR_CS_IN", "TO_COMP": "motor_3", "TO_CONN": "Prop_Connector"}, {"FROM_COMP": "flange_4", "FROM_CONN": "TopConnector", "TO_COMP": "motor_4", "TO_CONN": "Base_Connector"}, {"FROM_COMP": "flange_4", "FROM_CONN": "SideConnector", "TO_COMP": "arm_4", "TO_CONN": "EndConnection"}, {"FROM_COMP": "flange_4", "FROM_CONN": "BottomConnector", "TO_COMP": "leg_4", "TO_CONN": "BaseConnection"}, {"FROM_COMP": "leg_3", "FROM_CONN": "BaseConnection", "TO_COMP": "flange_3", "TO_CONN": "BottomConnector"}, {"FROM_COMP": "prop_1", "FROM_CONN": "MOTOR_CONNECTOR_CS_IN", "TO_COMP": "motor_1", "TO_CONN": "Prop_Connector"}, {"FROM_COMP": "flange_1", "FROM_CONN": "TopConnector", "TO_COMP": "motor_1", "TO_CONN": "Base_Connector"}, {"FROM_COMP": "flange_1", "FROM_CONN": "SideConnector", "TO_COMP": "arm_1", "TO_CONN": "EndConnection"}, {"FROM_COMP": "flange_1", "FROM_CONN": "BottomConnector", "TO_COMP": "leg_1", "TO_CONN": "BaseConnection"}, {"FROM_COMP": "prop_2", "FROM_CONN": "MOTOR_CONNECTOR_CS_IN", "TO_COMP": "motor_2", "TO_CONN": "Prop_Connector"}, {"FROM_COMP": "Battery_1", "FROM_CONN": "PowerBus", "TO_COMP": "BatteryController", "TO_CONN": "BatteryPower"}, {"FROM_COMP": "Battery_1", "FROM_CONN": "Bottom_Connector", "TO_COMP": "capsule_fuselage", "TO_CONN": "FloorConnector1"}, {"FROM_COMP": "Variometer", "FROM_CONN": "SensorConnector", "TO_COMP": "capsule_fuselage", "TO_CONN": "FloorConnector8"}, {"FROM_COMP": "Orient", "FROM_CONN": "ORIENTCONN", "TO_COMP": "0394od_para_hub_4", "TO_CONN": "Orient_Connector"}, {"FROM_COMP": "leg_1", "FROM_CONN": "BaseConnection", "TO_COMP": "flange_1", "TO_CONN": "BottomConnector"}, {"FROM_COMP": "leg_2", "FROM_CONN": "BaseConnection", "TO_COMP": "flange_2", "TO_CONN": "BottomConnector"}, {"FROM_COMP": "arm_4", "FROM_CONN": "BaseConnection", "TO_COMP": "0394od_para_hub_4", "TO_CONN": "Side_Connector_3"}, {"FROM_COMP": "arm_4", "FROM_CONN": "EndConnection", "TO_COMP": "flange_4", "TO_CONN": "SideConnector"}, {"FROM_COMP": "leg_4", "FROM_CONN": "BaseConnection", "TO_COMP": "flange_4", "TO_CONN": "BottomConnector"}, {"FROM_COMP": "flange_3", "FROM_CONN": "BottomConnector", "TO_COMP": "leg_3", "TO_CONN": "BaseConnection"}, {"FROM_COMP": "flange_3", "FROM_CONN": "TopConnector", "TO_COMP": "motor_3", "TO_CONN": "Base_Connector"}, {"FROM_COMP": "flange_3", "FROM_CONN": "SideConnector", "TO_COMP": "arm_3", "TO_CONN": "EndConnection"}, {"FROM_COMP": "arm_2", "FROM_CONN": "EndConnection", "TO_COMP": "flange_2", "TO_CONN": "SideConnector"}, {"FROM_COMP": "arm_2", "FROM_CONN": "BaseConnection", "TO_COMP": "0394od_para_hub_4", "TO_CONN": "Side_Connector_2"}, {"FROM_COMP": "Voltage", "FROM_CONN": "SensorConnector", "TO_COMP": "capsule_fuselage", "TO_CONN": "FloorConnector6"}, {"FROM_COMP": "motor_1", "FROM_CONN": "Base_Connector", "TO_COMP": "flange_1", "TO_CONN": "TopConnector"}, {"FROM_COMP": "motor_1", "FROM_CONN": "Prop_Connector", "TO_COMP": "prop_1", "TO_CONN": "MOTOR_CONNECTOR_CS_IN"}, {"FROM_COMP": "motor_1", "FROM_CONN": "MotorPower", "TO_COMP": "BatteryController", "TO_CONN": "MotorPower"}, {"FROM_COMP": "GPS", "FROM_CONN": "SensorConnector", "TO_COMP": "capsule_fuselage", "TO_CONN": "FloorConnector7"}, {"FROM_COMP": "RpmTemp", "FROM_CONN": "SensorConnector", "TO_COMP": "capsule_fuselage", "TO_CONN": "FloorConnector3"}]