FROM_COMP,LIB_COMPONENT
capsule_fuselage,capsule_fuselage
motor_4,kde_direct_KDE2315XF885
leg_3,0394OD_para_tube
flange_3,0394_para_flange
central_hub,0394od_para_hub_4
motor_2,kde_direct_KDE2315XF885
BatteryController,BatteryController
leg_2,0394OD_para_tube
prop_3,apc_propellers_7x5E
Orient,Orient
arm_1,0394OD_para_tube
Battery_1,TurnigyGraphene3000mAh6S75C
flange_4,0394_para_flange
arm_4,0394OD_para_tube
arm_3,0394OD_para_tube
leg_4,0394OD_para_tube
flange_2,0394_para_flange
motor_1,kde_direct_KDE2315XF885
flange_1,0394_para_flange
arm_2,0394OD_para_tube
leg_1,0394OD_para_tube
prop_1,apc_propellers_7x5E
prop_2,apc_propellers_7x5E
ControlBox,ControlBox
prop_4,apc_propellers_7x5E
Battery_2,TurnigyGraphene3000mAh6S75C
motor_3,kde_direct_KDE2315XF885
