[
  { "FROM_COMP": "capsule_fuselage", "LIB_COMPONENT": "capsule_fuselage" },
  { "FROM_COMP": "motor_4", "LIB_COMPONENT": "kde_direct_KDE2315XF885" },
  { "FROM_COMP": "leg_3", "LIB_COMPONENT": "0394OD_para_tube" },
  { "FROM_COMP": "flange_3", "LIB_COMPONENT": "0394_para_flange" },
  { "FROM_COMP": "central_hub", "LIB_COMPONENT": "0394od_para_hub_4" },
  { "FROM_COMP": "motor_2", "LIB_COMPONENT": "kde_direct_KDE2315XF885" },
  { "FROM_COMP": "BatteryController", "LIB_COMPONENT": "BatteryController" },
  { "FROM_COMP": "leg_2", "LIB_COMPONENT": "0394OD_para_tube" },
  { "FROM_COMP": "prop_3", "LIB_COMPONENT": "apc_propellers_7x5E" },
  { "FROM_COMP": "Orient", "LIB_COMPONENT": "Orient" },
  { "FROM_COMP": "arm_1", "LIB_COMPONENT": "0394OD_para_tube" },
  { "FROM_COMP": "Battery_1", "LIB_COMPONENT": "TurnigyGraphene3000mAh6S75C" },
  { "FROM_COMP": "flange_4", "LIB_COMPONENT": "0394_para_flange" },
  { "FROM_COMP": "arm_4", "LIB_COMPONENT": "0394OD_para_tube" },
  { "FROM_COMP": "arm_3", "LIB_COMPONENT": "0394OD_para_tube" },
  { "FROM_COMP": "leg_4", "LIB_COMPONENT": "0394OD_para_tube" },
  { "FROM_COMP": "flange_2", "LIB_COMPONENT": "0394_para_flange" },
  { "FROM_COMP": "motor_1", "LIB_COMPONENT": "kde_direct_KDE2315XF885" },
  { "FROM_COMP": "flange_1", "LIB_COMPONENT": "0394_para_flange" },
  { "FROM_COMP": "arm_2", "LIB_COMPONENT": "0394OD_para_tube" },
  { "FROM_COMP": "leg_1", "LIB_COMPONENT": "0394OD_para_tube" },
  { "FROM_COMP": "prop_1", "LIB_COMPONENT": "apc_propellers_7x5E" },
  { "FROM_COMP": "prop_2", "LIB_COMPONENT": "apc_propellers_7x5E" },
  { "FROM_COMP": "ControlBox", "LIB_COMPONENT": "ControlBox" },
  { "FROM_COMP": "prop_4", "LIB_COMPONENT": "apc_propellers_7x5E" },
  { "FROM_COMP": "Battery_2", "LIB_COMPONENT": "TurnigyGraphene3000mAh6S75C" },
  { "FROM_COMP": "motor_3", "LIB_COMPONENT": "kde_direct_KDE2315XF885" }
]
