DESIGN_PARAM,DESIGN_PARAM_VAL,COMPONENT_NAME,COMPONENT_PARAM
UpFacingCCW_Spin,-1,prop_3,Direction
UpFacingCCW_Spin,-1,prop_1,Direction
Battery_2_Offset,-24,capsule_fuselage,FLOOR_CONNECTOR_2_DISP_WIDTH
Arm_Length,220,arm_4,Length
Arm_Length,220,arm_3,Length
Arm_Length,220,arm_1,Length
Arm_Length,220,arm_2,Length
flight_angle,45,Orient,Z_ANGLE
flight_angle,45,capsule_fuselage,BOTTOM_CONNECTOR_ROTATION
fuse_height,90,capsule_fuselage,VERT_DIAMETER
Leg_Length,95,leg_2,Length
Leg_Length,95,leg_4,Length
Leg_Length,95,leg_3,Length
Leg_Length,95,leg_1,Length
UpFacingCW_PropType,1,prop_2,Prop_type
UpFacingCW_PropType,1,prop_4,Prop_type
Battery_1_Offset,24,capsule_fuselage,FLOOR_CONNECTOR_1_DISP_WIDTH
UpFacingCCW_PropType,-1,prop_1,Prop_type
UpFacingCCW_PropType,-1,prop_3,Prop_type
fuse_width,145,capsule_fuselage,HORZ_DIAMETER
fuse_floor,20,capsule_fuselage,FLOOR_HEIGHT
fuse_length,100,capsule_fuselage,TUBE_LENGTH
UpFacingCW_Spin,1,prop_4,Direction
UpFacingCW_Spin,1,prop_2,Direction
